fingerprint,total_rows,benign_count,attack_count,file_count,raw_label_count,raw_labels,source_files
cic_ids2017:raw:c2f91d1f87c32b50eb0d402c9d173ca77ba2dc43eb8b6721e2b473ab35502d9a,3362,2,3360,3,2,"BENIGN,DoS Hulk","Friday-WorkingHours-Afternoon-PortScan.pcap_ISCX.csv,Tuesday-WorkingHours.pcap_ISCX.csv,Wednesday-workingHours.pcap_ISCX.csv"
cic_ids2017:raw:e9520a7ec0f3529a91f71f874173849df123ae1ed0ac8768e6cc95da272f16ec,354,3,351,3,2,"BENIGN,DoS Hulk","Friday-WorkingHours-Afternoon-DDos.pcap_ISCX.csv,Monday-WorkingHours.pcap_ISCX.csv,Wednesday-workingHours.pcap_ISCX.csv"
cic_ids2017:raw:d5f9dd256100b0be0a2d69aa5be7d0c269d3bf458154ce2379f6a22c8b3ef298,164,1,163,2,2,"BENIGN,DoS Hulk","Friday-WorkingHours-Morning.pcap_ISCX.csv,Wednesday-workingHours.pcap_ISCX.csv"
cic_ids2017:raw:131f9d8b898ec7c45cf830d2fe1c2f927584e99971f6223ff4cc5274c49b324c,133,2,131,2,2,"BENIGN,DoS Hulk","Thursday-WorkingHours-Afternoon-Infilteration.pcap_ISCX.csv,Wednesday-workingHours.pcap_ISCX.csv"
cic_ids2017:raw:f2cda82f0374d2fbda607923724442fa7a8389120f7ac54b1c548c16492cbac7,81,1,80,1,2,"BENIGN,DoS Hulk",Wednesday-workingHours.pcap_ISCX.csv
cic_ids2017:raw:542d5535ddca672324ad9cbf7c32a37f5c7d76b593c82318bf9302cda2c05863,61,1,60,1,2,"BENIGN,DoS Hulk",Wednesday-workingHours.pcap_ISCX.csv
cic_ids2017:raw:9be9bd5f409e86c8962aefae951ee13d53bad6da12e01abe43406747ca4a78a6,54,1,53,2,2,"BENIGN,DoS Hulk","Tuesday-WorkingHours.pcap_ISCX.csv,Wednesday-workingHours.pcap_ISCX.csv"
cic_ids2017:raw:752aecf1d606ad040f50f6ad3106b9e8fc1e19f914b9f049489ce1651db0e18b,48,1,47,2,2,"BENIGN,DoS Hulk","Thursday-WorkingHours-Afternoon-Infilteration.pcap_ISCX.csv,Wednesday-workingHours.pcap_ISCX.csv"
cic_ids2017:raw:e69d342cd21bcc67b47688ee9aa796e166c4242de1ac6448ea03f3557160343f,47,2,45,2,2,"BENIGN,DoS Hulk","Tuesday-WorkingHours.pcap_ISCX.csv,Wednesday-workingHours.pcap_ISCX.csv"
cic_ids2017:raw:2c130f372784bf97908ead08a51bdf7330a9d0238e7cd9ac717f5132241073b7,46,1,45,2,2,"BENIGN,DoS Hulk","Tuesday-WorkingHours.pcap_ISCX.csv,Wednesday-workingHours.pcap_ISCX.csv"
cic_ids2017:raw:9c853271841061edf9a8fcd391b68357c2aca9e1d6f5f2d5df09d0d43e9c47eb,36,1,35,1,2,"BENIGN,DoS Hulk",Wednesday-workingHours.pcap_ISCX.csv
cic_ids2017:raw:b11fab3b84d53cabfc2686a1db6694988d0304c6d55290690df09684392b876d,34,1,33,2,2,"BENIGN,DoS Hulk","Tuesday-WorkingHours.pcap_ISCX.csv,Wednesday-workingHours.pcap_ISCX.csv"
cic_ids2017:raw:29beb7347b719fd230cf57b6c2d465ca6c8efcd6d64623c2708f178237384b74,32,1,31,2,2,"BENIGN,DoS Hulk","Thursday-WorkingHours-Morning-WebAttacks.pcap_ISCX.csv,Wednesday-workingHours.pcap_ISCX.csv"
cic_ids2017:raw:5d9d4e123bff14eed4aa7f2f77370360284c47fafa09a9d151aff98096548eb3,30,1,29,2,2,"BENIGN,DoS Hulk","Tuesday-WorkingHours.pcap_ISCX.csv,Wednesday-workingHours.pcap_ISCX.csv"
cic_ids2017:raw:b7d8c7ae928ae32905d5f19a683bfdb0d5b22fccfc4a55a0feaa81c134421ab0,29,1,28,2,2,"BENIGN,DoS Hulk","Tuesday-WorkingHours.pcap_ISCX.csv,Wednesday-workingHours.pcap_ISCX.csv"
cic_ids2017:raw:4f6ab41dcd7f4beae3fb7e76b6688e4bc48f9583c9801508a7a88fc20ac6f913,28,1,27,1,2,"BENIGN,DoS Hulk",Wednesday-workingHours.pcap_ISCX.csv
cic_ids2017:raw:6dbc770f8478ecdd73022d97ff5d175cf1b421ac396b9c4d1afcc09294a7b5c4,25,1,24,2,2,"BENIGN,DoS Hulk","Tuesday-WorkingHours.pcap_ISCX.csv,Wednesday-workingHours.pcap_ISCX.csv"
cic_ids2017:raw:952c398e8d84adadc9b30620693e3e8f56d6db95270de45d9a7bdff9c3acce3b,24,2,22,2,2,"BENIGN,DoS Hulk","Tuesday-WorkingHours.pcap_ISCX.csv,Wednesday-workingHours.pcap_ISCX.csv"
cic_ids2017:raw:ee92a210285c6717252503ab487bb2e22f2e42ac5093500351d9fe36d9b57317,24,1,23,1,2,"BENIGN,DoS Hulk",Wednesday-workingHours.pcap_ISCX.csv
cic_ids2017:raw:77e08a40902b233e24f63b1562bb63cda16780bf5d81884db8b163900794cc88,23,2,21,2,2,"BENIGN,DoS Hulk","Tuesday-WorkingHours.pcap_ISCX.csv,Wednesday-workingHours.pcap_ISCX.csv"
cic_ids2017:raw:ab0c8c85a02425fe79af73c35a0b83474e313ed9080232be5c81aac25cee879a,23,2,21,2,2,"BENIGN,DoS Hulk","Tuesday-WorkingHours.pcap_ISCX.csv,Wednesday-workingHours.pcap_ISCX.csv"
cic_ids2017:raw:05bcadf4e813c1a68454b94fe9f381ae25cd9f94fb669aed37e3b70648ed37d5,21,1,20,1,2,"BENIGN,DoS Hulk",Wednesday-workingHours.pcap_ISCX.csv
cic_ids2017:raw:326bf6d237b771f6cf4c21f84a590513bb12da74801d043c5db328fc3eb20890,21,1,20,1,2,"BENIGN,DoS Hulk",Wednesday-workingHours.pcap_ISCX.csv
cic_ids2017:raw:66f04c730565ea7ee06a7a1be9a78ff70c109b9478905e63e79ea9fc8cc24f77,20,1,19,1,2,"BENIGN,DoS Hulk",Wednesday-workingHours.pcap_ISCX.csv
cic_ids2017:raw:68ffdc9b5763d495247d0b1c60553eed0535b4b4137f3a730c683899e544e2b2,20,3,17,2,2,"BENIGN,DoS Hulk","Thursday-WorkingHours-Afternoon-Infilteration.pcap_ISCX.csv,Wednesday-workingHours.pcap_ISCX.csv"
cic_ids2017:raw:c876151ff49d03da6c8461eb1512b72358f0f0fb0555e06a0852e2ad09a62ae3,19,2,17,2,2,"BENIGN,DoS Hulk","Thursday-WorkingHours-Afternoon-Infilteration.pcap_ISCX.csv,Wednesday-workingHours.pcap_ISCX.csv"
cic_ids2017:raw:1bfd936fced7d3518edec673aa7590b443a4c96fe56a46d06de970bb93cef96a,18,1,17,2,2,"BENIGN,DoS Hulk","Thursday-WorkingHours-Afternoon-Infilteration.pcap_ISCX.csv,Wednesday-workingHours.pcap_ISCX.csv"
cic_ids2017:raw:4d7e9baa5944d48cd13c4147e9c36ed86ab1dccd5769c75c9ff4adfd421e29ab,18,1,17,2,2,"BENIGN,DoS Hulk","Friday-WorkingHours-Morning.pcap_ISCX.csv,Wednesday-workingHours.pcap_ISCX.csv"
cic_ids2017:raw:883ed09d6a0358938fa92637a9a46a1e859e7d0f0c6def7a9dd386cc469d7a69,18,1,17,2,2,"BENIGN,DoS Hulk","Tuesday-WorkingHours.pcap_ISCX.csv,Wednesday-workingHours.pcap_ISCX.csv"
cic_ids2017:raw:28829e9e0b0e70c19efba8478e12090c459233c1ab866094ea3400d798d4a447,16,1,15,1,2,"BENIGN,DoS Hulk",Wednesday-workingHours.pcap_ISCX.csv
cic_ids2017:raw:d3c3c049d4dd3646466537ca056b22cd883810f0e774814bce3184ae7603d450,16,1,15,1,2,"BENIGN,DoS Hulk",Wednesday-workingHours.pcap_ISCX.csv
cic_ids2017:raw:e5091af6fa325f95adf0cec227085560af45d10cea7358eb485223347ef54d4b,15,1,14,2,2,"BENIGN,DoS Hulk","Tuesday-WorkingHours.pcap_ISCX.csv,Wednesday-workingHours.pcap_ISCX.csv"
cic_ids2017:raw:3ca8847ec39c1008d63f4adf9a8a6b7d173fd5f56ae80638dd617d245ccc0ed2,14,1,13,1,2,"BENIGN,DoS Hulk",Wednesday-workingHours.pcap_ISCX.csv
cic_ids2017:raw:8a5c47dd847595842f714068096b519e05c8b8dccd8bee556c1b3480310b9372,14,1,13,2,2,"BENIGN,PortScan","Thursday-WorkingHours-Afternoon-Infilteration.pcap_ISCX.csv,Friday-WorkingHours-Afternoon-PortScan.pcap_ISCX.csv"
cic_ids2017:raw:8cd05ef618656d09f7e788fcffda0217221c295e377d407cf32852f707d15ddf,14,1,13,2,2,"BENIGN,DoS Hulk","Thursday-WorkingHours-Afternoon-Infilteration.pcap_ISCX.csv,Wednesday-workingHours.pcap_ISCX.csv"
cic_ids2017:raw:e103fe52247a2cf6a2798b6662bd10e8da2383a930c22d31ca7ff3faede470d0,13,1,12,2,2,"BENIGN,DoS Hulk","Tuesday-WorkingHours.pcap_ISCX.csv,Wednesday-workingHours.pcap_ISCX.csv"
cic_ids2017:raw:10f9978816f3186fc4f30f06095f86e37fb184adfddc4b2ee530167110f40f0b,12,1,11,2,2,"BENIGN,PortScan","Thursday-WorkingHours-Afternoon-Infilteration.pcap_ISCX.csv,Friday-WorkingHours-Afternoon-PortScan.pcap_ISCX.csv"
cic_ids2017:raw:1997a2bba94f255353d6672c0cae2dd8ab9c527c1a57dd48e706460cdbab1be3,12,1,11,2,2,"BENIGN,DoS Hulk","Friday-WorkingHours-Morning.pcap_ISCX.csv,Wednesday-workingHours.pcap_ISCX.csv"
cic_ids2017:raw:7eaa008cb1c5402d6b35780cfe9103ebc66791e3cf5dbe1583d53da144c2198c,12,1,11,1,2,"BENIGN,DoS Hulk",Wednesday-workingHours.pcap_ISCX.csv
cic_ids2017:raw:9ac11c71af11c96c9bae17e414885d70061802f061d0e16d355d0a890b46f2e3,12,2,10,2,2,"BENIGN,DoS Hulk","Tuesday-WorkingHours.pcap_ISCX.csv,Wednesday-workingHours.pcap_ISCX.csv"
cic_ids2017:raw:ac179ebd6ffb40edc80c6b6ffe10ad6740ef2ec23d58ee51c5c6c5804a930ce2,12,1,11,2,2,"BENIGN,DoS Hulk","Thursday-WorkingHours-Afternoon-Infilteration.pcap_ISCX.csv,Wednesday-workingHours.pcap_ISCX.csv"
cic_ids2017:raw:d689f796011c70899f5c663a287f46e3ed9c6e5dc835b5375c6ff24defca6538,12,1,11,2,2,"BENIGN,PortScan","Thursday-WorkingHours-Afternoon-Infilteration.pcap_ISCX.csv,Friday-WorkingHours-Afternoon-PortScan.pcap_ISCX.csv"
cic_ids2017:raw:49184bac1f528502367e1ff2e97c862bff524f7eaa7e52491310e2479a101622,11,1,10,2,2,"BENIGN,DoS Hulk","Friday-WorkingHours-Morning.pcap_ISCX.csv,Wednesday-workingHours.pcap_ISCX.csv"
cic_ids2017:raw:5ab425ba1afb89b4fc849935fe431166fbf24301896c31328f91140cf9839271,11,2,9,2,2,"BENIGN,DoS Hulk","Tuesday-WorkingHours.pcap_ISCX.csv,Wednesday-workingHours.pcap_ISCX.csv"
cic_ids2017:raw:31d5f335ee4bbca03df413ea1043da88e32532ef9508c3f9ae9177d734b0b39f,10,1,9,2,2,"BENIGN,PortScan","Thursday-WorkingHours-Afternoon-Infilteration.pcap_ISCX.csv,Friday-WorkingHours-Afternoon-PortScan.pcap_ISCX.csv"
cic_ids2017:raw:5acd24e37964d2cc376b2b13082ed5d3f5c273fe57fb8cf3406ec660fc596b47,10,1,9,2,2,"BENIGN,DoS Hulk","Tuesday-WorkingHours.pcap_ISCX.csv,Wednesday-workingHours.pcap_ISCX.csv"
cic_ids2017:raw:67e025073b0c168da805967bda906f2aef1d9d01b3d459bb2e91471599dfcc5f,10,1,9,2,2,"BENIGN,DoS Hulk","Friday-WorkingHours-Afternoon-DDos.pcap_ISCX.csv,Wednesday-workingHours.pcap_ISCX.csv"
cic_ids2017:raw:7c72dae034d49d5234f8e73ef68b51bd7aa36ceeab9842639ddc155130e62946,10,1,9,1,2,"BENIGN,DoS Hulk",Wednesday-workingHours.pcap_ISCX.csv
cic_ids2017:raw:f43381918ac197b2571b3aa57e3c01a6f98494f9353b12546580ad6317a3e4fa,10,1,9,2,2,"BENIGN,DoS Hulk","Friday-WorkingHours-Afternoon-PortScan.pcap_ISCX.csv,Wednesday-workingHours.pcap_ISCX.csv"
cic_ids2017:raw:00c92e07a6d6c3652fffcdcb3e1d14f451467345b806a60a21edd5f4afc0ad17,9,2,7,2,2,"BENIGN,DoS Hulk","Tuesday-WorkingHours.pcap_ISCX.csv,Wednesday-workingHours.pcap_ISCX.csv"
cic_ids2017:raw:1d02c0ab66c8478e9987f69db11fda8449d8d2e640fb8e65c33579a46f9b5b30,9,1,8,2,2,"BENIGN,DoS Hulk","Tuesday-WorkingHours.pcap_ISCX.csv,Wednesday-workingHours.pcap_ISCX.csv"
cic_ids2017:raw:6531c10ad7eccbe5b84102f063d714ac9b9bba254dc43ef7e84356c2ad1978a3,9,1,8,1,2,"BENIGN,DoS Hulk",Wednesday-workingHours.pcap_ISCX.csv
cic_ids2017:raw:8363a0426a55d7d35f8d6e261991fc4aa590f9fad083c1bed27aa51148d34a42,9,1,8,1,2,"BENIGN,DoS Hulk",Wednesday-workingHours.pcap_ISCX.csv
cic_ids2017:raw:8f537af03430de3ca1427542dc8e8453a66b296d32fd14dbdc9c2923c47e7db2,9,1,8,2,2,"BENIGN,DoS Hulk","Tuesday-WorkingHours.pcap_ISCX.csv,Wednesday-workingHours.pcap_ISCX.csv"
cic_ids2017:raw:03d4bdf5b2eb3ec67f1f6c31f643d2bffa61a6267c644a64256a65d159752799,8,1,7,2,2,"BENIGN,PortScan","Thursday-WorkingHours-Afternoon-Infilteration.pcap_ISCX.csv,Friday-WorkingHours-Afternoon-PortScan.pcap_ISCX.csv"
cic_ids2017:raw:1d5abb9e951d622dcfb952c1a8207cf8140ce06215428b7c913218320780c53b,8,1,7,1,2,"BENIGN,DoS Hulk",Wednesday-workingHours.pcap_ISCX.csv
cic_ids2017:raw:49e444a525f05e707c0c635349afdc36cf415f36248f2e542dbdaa870d6b8c68,8,1,7,2,2,"BENIGN,PortScan","Thursday-WorkingHours-Afternoon-Infilteration.pcap_ISCX.csv,Friday-WorkingHours-Afternoon-PortScan.pcap_ISCX.csv"
cic_ids2017:raw:5b44df83589b7473aaf50733cb29b34ea5c9529b88bc5356ee532c8ed364834c,8,1,7,1,2,"BENIGN,DoS Hulk",Wednesday-workingHours.pcap_ISCX.csv
cic_ids2017:raw:6073284846e28675a132fd4920e13f331d3eea7949de05c746364337eb938488,8,1,7,2,2,"BENIGN,PortScan","Thursday-WorkingHours-Afternoon-Infilteration.pcap_ISCX.csv,Friday-WorkingHours-Afternoon-PortScan.pcap_ISCX.csv"
cic_ids2017:raw:70a09a715bb1261f12232b662dcb146180c0366ac290f658c440b96f7c3b39e0,8,1,7,2,2,"BENIGN,PortScan","Thursday-WorkingHours-Afternoon-Infilteration.pcap_ISCX.csv,Friday-WorkingHours-Afternoon-PortScan.pcap_ISCX.csv"
cic_ids2017:raw:7c20f656bc91dd0ee9dae1e572172e063b0a8629aeb7d6f7bd84a7805ebee225,8,1,7,2,2,"BENIGN,DoS Hulk","Tuesday-WorkingHours.pcap_ISCX.csv,Wednesday-workingHours.pcap_ISCX.csv"
cic_ids2017:raw:7f912c12169800e901b6748d3b27bfe459c4050e03d2bcd6f208d1dc81167d52,8,1,7,2,2,"BENIGN,PortScan","Thursday-WorkingHours-Afternoon-Infilteration.pcap_ISCX.csv,Friday-WorkingHours-Afternoon-PortScan.pcap_ISCX.csv"
cic_ids2017:raw:8788225df5d46527a6d7247a847ad24025dd3cbfc0f84f76ff0e3a0f329bcb91,8,1,7,2,2,"BENIGN,DoS Hulk","Monday-WorkingHours.pcap_ISCX.csv,Wednesday-workingHours.pcap_ISCX.csv"
cic_ids2017:raw:97dd812ac1a00e43a0ea500c217b5a7c15871225eaa1c78b540b0779a362ef69,8,1,7,2,2,"BENIGN,DoS Hulk","Tuesday-WorkingHours.pcap_ISCX.csv,Wednesday-workingHours.pcap_ISCX.csv"
cic_ids2017:raw:9f6da42d0153b51d79048aaf158eb3b3b2ba9a76c4da6780009f7af9f3378297,8,1,7,2,2,"BENIGN,DoS Hulk","Friday-WorkingHours-Morning.pcap_ISCX.csv,Wednesday-workingHours.pcap_ISCX.csv"
cic_ids2017:raw:e0eff1b36474e202e044c55cec51f69dc828af42cf5d20bfd9880b2e6033801d,8,1,7,2,2,"BENIGN,DoS Hulk","Tuesday-WorkingHours.pcap_ISCX.csv,Wednesday-workingHours.pcap_ISCX.csv"
cic_ids2017:raw:13c2ac80ed0d28798ac38e8126af35ea4cd8a94e72c9ce32b52e9dd3484e77de,7,1,6,2,2,"BENIGN,PortScan","Thursday-WorkingHours-Afternoon-Infilteration.pcap_ISCX.csv,Friday-WorkingHours-Afternoon-PortScan.pcap_ISCX.csv"
cic_ids2017:raw:18a13979720b023c79badf091c669404b686de8ffdff4d0423440e23f40b1a7f,7,1,6,2,2,"BENIGN,DoS Hulk","Tuesday-WorkingHours.pcap_ISCX.csv,Wednesday-workingHours.pcap_ISCX.csv"
cic_ids2017:raw:30e083e957a969908e7fe57bd748f35818eb83f416fc9cca7cd2c1c3499d6837,7,1,6,2,2,"BENIGN,DoS Hulk","Thursday-WorkingHours-Afternoon-Infilteration.pcap_ISCX.csv,Wednesday-workingHours.pcap_ISCX.csv"
cic_ids2017:raw:3d844685e7275e9433b82d9558eacb637ecabac232fd418415aa48ffe8459220,7,2,5,2,2,"BENIGN,DoS Hulk","Thursday-WorkingHours-Afternoon-Infilteration.pcap_ISCX.csv,Wednesday-workingHours.pcap_ISCX.csv"
cic_ids2017:raw:3de8d80f62a2551121520fd30bdfa1611cefe88b3de07da709ab9c234b9f7473,7,4,3,2,2,"BENIGN,DoS Hulk","Thursday-WorkingHours-Afternoon-Infilteration.pcap_ISCX.csv,Wednesday-workingHours.pcap_ISCX.csv"
cic_ids2017:raw:4b458d5de7570fc3678b1df43858ee217690bd7c825f7c1121c1aa7ac528bb73,7,1,6,2,2,"BENIGN,PortScan","Thursday-WorkingHours-Afternoon-Infilteration.pcap_ISCX.csv,Friday-WorkingHours-Afternoon-PortScan.pcap_ISCX.csv"
cic_ids2017:raw:6113460610b00b3a07bb2220c3061b562818f20fb76cc67e1f3a574c7e79c2ea,7,1,6,1,2,"BENIGN,DoS Hulk",Wednesday-workingHours.pcap_ISCX.csv
cic_ids2017:raw:6ef9ded79f421b4d20a68c601db5bee5d448a04806e849600777c21af53f9cc9,7,1,6,2,2,"BENIGN,PortScan","Thursday-WorkingHours-Afternoon-Infilteration.pcap_ISCX.csv,Friday-WorkingHours-Afternoon-PortScan.pcap_ISCX.csv"
cic_ids2017:raw:a4c1517f8217f359322ae8d1cd1e057e6211322847c5319ef8f078f9f3cb0801,7,1,6,2,2,"BENIGN,PortScan","Thursday-WorkingHours-Afternoon-Infilteration.pcap_ISCX.csv,Friday-WorkingHours-Afternoon-PortScan.pcap_ISCX.csv"
cic_ids2017:raw:b10fc3e9fd29dc3d7997141660bb44e24b094d32b3f28dbf4b0be16a5d495eb8,7,1,6,2,2,"BENIGN,DoS Hulk","Thursday-WorkingHours-Afternoon-Infilteration.pcap_ISCX.csv,Wednesday-workingHours.pcap_ISCX.csv"
cic_ids2017:raw:b5ea70136563ec7d721e63fb3795d88aab0d261d66f0903e587455f56e369c28,7,1,6,2,2,"BENIGN,PortScan","Thursday-WorkingHours-Afternoon-Infilteration.pcap_ISCX.csv,Friday-WorkingHours-Afternoon-PortScan.pcap_ISCX.csv"
cic_ids2017:raw:d564881816dd99ac5c0cd76367f573c252380222af9667c91af1f6c7c438ae2a,7,1,6,2,2,"BENIGN,PortScan","Thursday-WorkingHours-Afternoon-Infilteration.pcap_ISCX.csv,Friday-WorkingHours-Afternoon-PortScan.pcap_ISCX.csv"
cic_ids2017:raw:edcc0574214a87c5121f5bb74d5f58111e7630e025a3564e40ba51b2447627fa,7,1,6,2,2,"BENIGN,DoS Hulk","Friday-WorkingHours-Afternoon-DDos.pcap_ISCX.csv,Wednesday-workingHours.pcap_ISCX.csv"
cic_ids2017:raw:f5b7a19c016a787482e7258460744686c7d1ebea6a6cda1a661cd572c1ad5dfa,7,1,6,2,2,"BENIGN,PortScan","Thursday-WorkingHours-Afternoon-Infilteration.pcap_ISCX.csv,Friday-WorkingHours-Afternoon-PortScan.pcap_ISCX.csv"
cic_ids2017:raw:0fc0513811e5ab9a3f9a2d1065b359f09355f45edaf0e2559106bdad9a9de3b9,6,1,5,2,2,"BENIGN,DoS Hulk","Friday-WorkingHours-Afternoon-PortScan.pcap_ISCX.csv,Wednesday-workingHours.pcap_ISCX.csv"
cic_ids2017:raw:17badb69e68d1a23a488ff6982eb06bda5b10491007605b1c86ca312755c17c8,6,1,5,2,2,"BENIGN,PortScan","Thursday-WorkingHours-Afternoon-Infilteration.pcap_ISCX.csv,Friday-WorkingHours-Afternoon-PortScan.pcap_ISCX.csv"
cic_ids2017:raw:1e062ed4e98594015fdf1df6ddaeb780326cf82559e743d47e59059fd58c77d3,6,1,5,2,2,"BENIGN,DoS Hulk","Tuesday-WorkingHours.pcap_ISCX.csv,Wednesday-workingHours.pcap_ISCX.csv"
cic_ids2017:raw:21111eba5528ebbc7e2ab9ded224216f6905e914f26487ab428e969c767976db,6,1,5,2,2,"BENIGN,DoS Hulk","Thursday-WorkingHours-Morning-WebAttacks.pcap_ISCX.csv,Wednesday-workingHours.pcap_ISCX.csv"
cic_ids2017:raw:244eedd757da708e02654ab3b0e445c5d35856fb6110ce7940bfb02fa465e60d,6,1,5,2,2,"BENIGN,PortScan","Thursday-WorkingHours-Afternoon-Infilteration.pcap_ISCX.csv,Friday-WorkingHours-Afternoon-PortScan.pcap_ISCX.csv"
cic_ids2017:raw:31103a0f35cd2723e0b15a2f2d87604dedf12489c8ca1113b1f93e4452ba08cb,6,1,5,1,2,"BENIGN,DoS Hulk",Wednesday-workingHours.pcap_ISCX.csv
cic_ids2017:raw:316171d386dbe9d568132bd435afa363f6eccb6861b37fba5889bdf0cbdaba12,6,1,5,2,2,"BENIGN,PortScan","Thursday-WorkingHours-Afternoon-Infilteration.pcap_ISCX.csv,Friday-WorkingHours-Afternoon-PortScan.pcap_ISCX.csv"
cic_ids2017:raw:3a857b344852ca302b80e0c7695638561579c82b3dfdab00ecff3d605774b007,6,1,5,2,2,"BENIGN,PortScan","Thursday-WorkingHours-Afternoon-Infilteration.pcap_ISCX.csv,Friday-WorkingHours-Afternoon-PortScan.pcap_ISCX.csv"
cic_ids2017:raw:4dbbf0705b8536a5e625ebd76d7e2fcc9a7c04e5d1cbab0f7fe536ae2b61d1fb,6,1,5,2,2,"BENIGN,PortScan","Thursday-WorkingHours-Afternoon-Infilteration.pcap_ISCX.csv,Friday-WorkingHours-Afternoon-PortScan.pcap_ISCX.csv"
cic_ids2017:raw:656982d87c0b9811270d01357c42af4bf0ce234e9f24407da0986de7fcd7dcb7,6,2,4,2,2,"BENIGN,DoS Hulk","Thursday-WorkingHours-Afternoon-Infilteration.pcap_ISCX.csv,Wednesday-workingHours.pcap_ISCX.csv"
cic_ids2017:raw:785ee9f5081aeb131f5e55d2deec1a6062aecaf1f98c79a0e418bc4cd36f8f2e,6,1,5,2,2,"BENIGN,PortScan","Thursday-WorkingHours-Afternoon-Infilteration.pcap_ISCX.csv,Friday-WorkingHours-Afternoon-PortScan.pcap_ISCX.csv"
cic_ids2017:raw:7b5defb5fca51ac069f0c3e8843c6275ccb73150534a0859ab71290dfc2d4245,6,1,5,2,2,"BENIGN,PortScan","Thursday-WorkingHours-Afternoon-Infilteration.pcap_ISCX.csv,Friday-WorkingHours-Afternoon-PortScan.pcap_ISCX.csv"
cic_ids2017:raw:917a21c4e0d7a5d1a2fa91edb43ae5c12a9b76ca107c7dcbefd8340877701c92,6,1,5,2,2,"BENIGN,DoS Hulk","Thursday-WorkingHours-Afternoon-Infilteration.pcap_ISCX.csv,Wednesday-workingHours.pcap_ISCX.csv"
cic_ids2017:raw:990ed16465d7b5bde3bae3ace9fa27cf79d668266573a46ee324b0197ed05d71,6,1,5,2,2,"BENIGN,PortScan","Thursday-WorkingHours-Afternoon-Infilteration.pcap_ISCX.csv,Friday-WorkingHours-Afternoon-PortScan.pcap_ISCX.csv"
cic_ids2017:raw:99b930ef0eb66cd669ade75ea47f4c6c1e323f0f9c435ac622a0ba6cc75a16ed,6,1,5,2,2,"BENIGN,PortScan","Thursday-WorkingHours-Afternoon-Infilteration.pcap_ISCX.csv,Friday-WorkingHours-Afternoon-PortScan.pcap_ISCX.csv"
cic_ids2017:raw:a0ff23d4dc9cfc3b06cd2aad7448a137176c3fe70fef84c800298b97e8ed71d4,6,1,5,2,2,"BENIGN,PortScan","Thursday-WorkingHours-Afternoon-Infilteration.pcap_ISCX.csv,Friday-WorkingHours-Afternoon-PortScan.pcap_ISCX.csv"
cic_ids2017:raw:a19525661a6a04958832cbb475a81cfc5cd464f57f6868c6cf5736cd0493b848,6,1,5,2,2,"BENIGN,PortScan","Thursday-WorkingHours-Afternoon-Infilteration.pcap_ISCX.csv,Friday-WorkingHours-Afternoon-PortScan.pcap_ISCX.csv"
cic_ids2017:raw:ad39e9a5bf43581ba9e968d436705a03eebf32b8db03719bfab8cb50f0195072,6,1,5,2,2,"BENIGN,PortScan","Thursday-WorkingHours-Afternoon-Infilteration.pcap_ISCX.csv,Friday-WorkingHours-Afternoon-PortScan.pcap_ISCX.csv"
cic_ids2017:raw:b35cdbd49fd69563568b8cc3a657bc0a1b625b9d895b4a51f96c51988f9fa809,6,1,5,2,2,"BENIGN,DoS Hulk","Thursday-WorkingHours-Afternoon-Infilteration.pcap_ISCX.csv,Wednesday-workingHours.pcap_ISCX.csv"
cic_ids2017:raw:b771062ef9fbec5f805b411799b0bb612ebf954a9981b150a91edfc47fc31050,6,1,5,2,2,"BENIGN,DoS Hulk","Thursday-WorkingHours-Afternoon-Infilteration.pcap_ISCX.csv,Wednesday-workingHours.pcap_ISCX.csv"
cic_ids2017:raw:d610147fc3be4bdaec327fc0ca60d9daf0c2023e1f685ca900ae8a33e7f46b0f,6,1,5,2,2,"BENIGN,PortScan","Thursday-WorkingHours-Afternoon-Infilteration.pcap_ISCX.csv,Friday-WorkingHours-Afternoon-PortScan.pcap_ISCX.csv"
cic_ids2017:raw:058b9dec87da1b1bfaee6bb19c90a91b90c4c65d0ea30966df22ba633dc11c04,5,1,4,2,2,"BENIGN,PortScan","Thursday-WorkingHours-Afternoon-Infilteration.pcap_ISCX.csv,Friday-WorkingHours-Afternoon-PortScan.pcap_ISCX.csv"
cic_ids2017:raw:08291fdb1e3f8e3fe7fb18a2cae0c713a56d0f249eeb7a4c5b047ca5eeaf86a2,5,4,1,2,2,"BENIGN,DoS slowloris","Thursday-WorkingHours-Afternoon-Infilteration.pcap_ISCX.csv,Wednesday-workingHours.pcap_ISCX.csv"
cic_ids2017:raw:09cfa3fd3438abb2921c654f8bfff1e9078652fe2ef2e20d66ad6b3d11a40435,5,1,4,2,2,"BENIGN,PortScan","Thursday-WorkingHours-Afternoon-Infilteration.pcap_ISCX.csv,Friday-WorkingHours-Afternoon-PortScan.pcap_ISCX.csv"
cic_ids2017:raw:19a70112d617343abacb72ee6c813a798ef6ebe4a1794cdacb007c72fef0295c,5,1,4,2,2,"BENIGN,PortScan","Thursday-WorkingHours-Afternoon-Infilteration.pcap_ISCX.csv,Friday-WorkingHours-Afternoon-PortScan.pcap_ISCX.csv"
cic_ids2017:raw:223a07cdea9d1c811638572a942098727c46bafcad884860da01758380516933,5,1,4,2,2,"BENIGN,PortScan","Thursday-WorkingHours-Afternoon-Infilteration.pcap_ISCX.csv,Friday-WorkingHours-Afternoon-PortScan.pcap_ISCX.csv"
cic_ids2017:raw:272e7d27fcfd7e01bb9354913c6cf175ce6dbc373e5080d3f9618deb9dc7e897,5,1,4,2,2,"BENIGN,PortScan","Thursday-WorkingHours-Afternoon-Infilteration.pcap_ISCX.csv,Friday-WorkingHours-Afternoon-PortScan.pcap_ISCX.csv"
cic_ids2017:raw:2afd5cc0e8685fa09cb8eb750c8da32adc6886df55365f927d7f448b6918804e,5,1,4,2,2,"BENIGN,PortScan","Thursday-WorkingHours-Afternoon-Infilteration.pcap_ISCX.csv,Friday-WorkingHours-Afternoon-PortScan.pcap_ISCX.csv"
cic_ids2017:raw:3379f93486931dd608cb491b2f9f1c875c0f235a28852512817c3bc1670bed35,5,1,4,2,2,"BENIGN,PortScan","Thursday-WorkingHours-Afternoon-Infilteration.pcap_ISCX.csv,Friday-WorkingHours-Afternoon-PortScan.pcap_ISCX.csv"
cic_ids2017:raw:372a2629b5c08a62a07000b6f990ab2892bd3c6f414b53906841d7172df0f50a,5,1,4,2,2,"BENIGN,PortScan","Thursday-WorkingHours-Afternoon-Infilteration.pcap_ISCX.csv,Friday-WorkingHours-Afternoon-PortScan.pcap_ISCX.csv"
cic_ids2017:raw:40140a636c723e44e1e86ecda41965b4a6de931fe91c5f7bb0dd153a2ec7294a,5,1,4,2,2,"BENIGN,PortScan","Thursday-WorkingHours-Afternoon-Infilteration.pcap_ISCX.csv,Friday-WorkingHours-Afternoon-PortScan.pcap_ISCX.csv"
cic_ids2017:raw:54ba4976a3cfb71e58381d9af4de00621d16edaf910ee13100e38dcdbcf7205f,5,1,4,2,2,"BENIGN,PortScan","Thursday-WorkingHours-Afternoon-Infilteration.pcap_ISCX.csv,Friday-WorkingHours-Afternoon-PortScan.pcap_ISCX.csv"
cic_ids2017:raw:641f7b5e0d51f90bb707b5b52b10538a0b108f600fe2fda3e0678c908cc7cfec,5,2,3,2,2,"BENIGN,DoS Hulk","Thursday-WorkingHours-Afternoon-Infilteration.pcap_ISCX.csv,Wednesday-workingHours.pcap_ISCX.csv"
cic_ids2017:raw:649126122e66cdd4a9f2a426559e4929e26409fe0cc5052a7e7a7325122fdb59,5,1,4,2,2,"BENIGN,PortScan","Thursday-WorkingHours-Afternoon-Infilteration.pcap_ISCX.csv,Friday-WorkingHours-Afternoon-PortScan.pcap_ISCX.csv"
cic_ids2017:raw:6710e5420cbda237ad53af1745369cbba7c30b2c018c0312a5392944fbd55bfa,5,1,4,2,2,"BENIGN,PortScan","Thursday-WorkingHours-Afternoon-Infilteration.pcap_ISCX.csv,Friday-WorkingHours-Afternoon-PortScan.pcap_ISCX.csv"
cic_ids2017:raw:91ce79408c9f013659e6a80b4f136d6b952f0b39986a140b04fa631d7938fe51,5,1,4,2,2,"BENIGN,PortScan","Thursday-WorkingHours-Afternoon-Infilteration.pcap_ISCX.csv,Friday-WorkingHours-Afternoon-PortScan.pcap_ISCX.csv"
cic_ids2017:raw:967489936a4db4d70a1e88f3daabbec80a9fe0647f78326395761d29c51457ee,5,3,2,2,2,"BENIGN,DoS Hulk","Thursday-WorkingHours-Afternoon-Infilteration.pcap_ISCX.csv,Wednesday-workingHours.pcap_ISCX.csv"
cic_ids2017:raw:a02a0887dfa67075e9f3d6e781b3111a25685ba03b2ecf3be4e00d7a8301f394,5,1,4,2,2,"BENIGN,PortScan","Thursday-WorkingHours-Afternoon-Infilteration.pcap_ISCX.csv,Friday-WorkingHours-Afternoon-PortScan.pcap_ISCX.csv"
cic_ids2017:raw:aa067d98b6d6957592dccffc0cbc5480067890a7ddc111e066f905e09a5ac1e4,5,1,4,1,2,"BENIGN,DoS Hulk",Wednesday-workingHours.pcap_ISCX.csv
cic_ids2017:raw:b19d4d61b4222af77dda54f3c7a30e8b1227e875c923466b4bde26fa70ad42c3,5,1,4,2,2,"BENIGN,DoS Hulk","Thursday-WorkingHours-Afternoon-Infilteration.pcap_ISCX.csv,Wednesday-workingHours.pcap_ISCX.csv"
cic_ids2017:raw:b71fcde70e7ad752922f27445428ab96b3b12ccfdd7fe5b986c22f96d54b427b,5,1,4,2,2,"BENIGN,PortScan","Thursday-WorkingHours-Afternoon-Infilteration.pcap_ISCX.csv,Friday-WorkingHours-Afternoon-PortScan.pcap_ISCX.csv"
cic_ids2017:raw:bc0ae3c94f519097b33cec106150413b06ffdcd69322f5d615d1c714893cf7d6,5,1,4,2,2,"BENIGN,PortScan","Thursday-WorkingHours-Afternoon-Infilteration.pcap_ISCX.csv,Friday-WorkingHours-Afternoon-PortScan.pcap_ISCX.csv"
cic_ids2017:raw:c1425b6c8c5534066058c34579932415b5be55c270cbd24dd5b6f29b57182684,5,1,4,2,2,"BENIGN,PortScan","Thursday-WorkingHours-Afternoon-Infilteration.pcap_ISCX.csv,Friday-WorkingHours-Afternoon-PortScan.pcap_ISCX.csv"
cic_ids2017:raw:cc6ba6146017f73d35bffafa9ae50018a000ca63d311328a2e52f3bfbd8310e6,5,1,4,2,2,"BENIGN,PortScan","Thursday-WorkingHours-Afternoon-Infilteration.pcap_ISCX.csv,Friday-WorkingHours-Afternoon-PortScan.pcap_ISCX.csv"
cic_ids2017:raw:ccd4523034e370e470c4ff17a238093176e3c34296fc1f84664c12f6778c28d8,5,2,3,3,2,"BENIGN,DoS Hulk","Thursday-WorkingHours-Afternoon-Infilteration.pcap_ISCX.csv,Tuesday-WorkingHours.pcap_ISCX.csv,Wednesday-workingHours.pcap_ISCX.csv"
cic_ids2017:raw:d230d96dd81cebedaabfa537ca0429442649322cdcff1d442b1eebd783df8499,5,1,4,2,2,"BENIGN,PortScan","Thursday-WorkingHours-Afternoon-Infilteration.pcap_ISCX.csv,Friday-WorkingHours-Afternoon-PortScan.pcap_ISCX.csv"
cic_ids2017:raw:d3bb3538dd2762ddf7352323993a3799954ce40c5548bb64087fdcbc1f0fdcb5,5,1,4,1,2,"BENIGN,DoS Hulk",Wednesday-workingHours.pcap_ISCX.csv
cic_ids2017:raw:d9042ec9fafc1f00b21b63daa6a7e4ae437602d2f26c3a9a9d902c09311f8025,5,1,4,2,2,"BENIGN,PortScan","Thursday-WorkingHours-Afternoon-Infilteration.pcap_ISCX.csv,Friday-WorkingHours-Afternoon-PortScan.pcap_ISCX.csv"
cic_ids2017:raw:df19d27c1180186432951ad4be4187c24b55d47c7e5c17d28a23bb17d55e876c,5,1,4,2,2,"BENIGN,PortScan","Thursday-WorkingHours-Afternoon-Infilteration.pcap_ISCX.csv,Friday-WorkingHours-Afternoon-PortScan.pcap_ISCX.csv"
cic_ids2017:raw:e3b60d3c3b0ee4f72271b0af177486e9ca932dec920a444829d264c7be7c8b4a,5,1,4,2,2,"BENIGN,PortScan","Thursday-WorkingHours-Afternoon-Infilteration.pcap_ISCX.csv,Friday-WorkingHours-Afternoon-PortScan.pcap_ISCX.csv"
cic_ids2017:raw:e5ce99bdd66579a5273154036ecea6d0b76f358e9cc0fc41f898b2a7c9ab8fda,5,1,4,2,2,"BENIGN,PortScan","Thursday-WorkingHours-Afternoon-Infilteration.pcap_ISCX.csv,Friday-WorkingHours-Afternoon-PortScan.pcap_ISCX.csv"
cic_ids2017:raw:eb31eb5f38af52ae934b7459b04a6ac97d3901e88a77ffca849b297ed459046d,5,1,4,2,2,"BENIGN,PortScan","Thursday-WorkingHours-Afternoon-Infilteration.pcap_ISCX.csv,Friday-WorkingHours-Afternoon-PortScan.pcap_ISCX.csv"
cic_ids2017:raw:ebfefb35340570e358b56e8457f2c8f9c9dc2ccec3810d0661141f68d08043e9,5,3,2,3,2,"BENIGN,DoS Hulk","Friday-WorkingHours-Afternoon-DDos.pcap_ISCX.csv,Thursday-WorkingHours-Afternoon-Infilteration.pcap_ISCX.csv,Wednesday-workingHours.pcap_ISCX.csv"
cic_ids2017:raw:f9967df405dd9a9dbe02a366f9075ef4c98659c2d683a3c70c63e85bd43ea91b,5,1,4,2,2,"BENIGN,DDoS","Thursday-WorkingHours-Afternoon-Infilteration.pcap_ISCX.csv,Friday-WorkingHours-Afternoon-DDos.pcap_ISCX.csv"
cic_ids2017:raw:fceb78eacfd32073f1fc97a004c6d445fd074d302a8ff4ce13ffdea143ee89f6,5,3,2,3,2,"BENIGN,DoS Hulk","Friday-WorkingHours-Afternoon-PortScan.pcap_ISCX.csv,Thursday-WorkingHours-Morning-WebAttacks.pcap_ISCX.csv,Wednesday-workingHours.pcap_ISCX.csv"
cic_ids2017:raw:fd76cddac1221c5f132c5d56bbab35ae696db40ecd4238339ba03eebb8e13a16,5,1,4,2,2,"BENIGN,PortScan","Thursday-WorkingHours-Afternoon-Infilteration.pcap_ISCX.csv,Friday-WorkingHours-Afternoon-PortScan.pcap_ISCX.csv"
cic_ids2017:raw:fe7d237ccdf869e3b203562db6dea352b6998b66b6fe2e7da7415fda06341bb7,5,1,4,2,2,"BENIGN,PortScan","Thursday-WorkingHours-Afternoon-Infilteration.pcap_ISCX.csv,Friday-WorkingHours-Afternoon-PortScan.pcap_ISCX.csv"
cic_ids2017:raw:02a4ab0814b83466e51844d78071fd88deffebf1615edaf64a23740548460266,4,1,3,2,2,"BENIGN,PortScan","Thursday-WorkingHours-Afternoon-Infilteration.pcap_ISCX.csv,Friday-WorkingHours-Afternoon-PortScan.pcap_ISCX.csv"
cic_ids2017:raw:0409f90856bc9b222b8e182cfbd2932e94b5d1ffde9d0bcb694b9fb0948b826f,4,1,3,2,2,"BENIGN,DoS Hulk","Thursday-WorkingHours-Afternoon-Infilteration.pcap_ISCX.csv,Wednesday-workingHours.pcap_ISCX.csv"
cic_ids2017:raw:05146a66589ef3bc77000ad2a36ac3ca026514b20606e1ed33e2def87dfbdafe,4,1,3,2,2,"BENIGN,DoS Hulk","Tuesday-WorkingHours.pcap_ISCX.csv,Wednesday-workingHours.pcap_ISCX.csv"
cic_ids2017:raw:0ee5c229c35e9fae0566dbd5c4a8862b363462f14303fc84c5391249dafd261d,4,1,3,2,2,"BENIGN,PortScan","Thursday-WorkingHours-Afternoon-Infilteration.pcap_ISCX.csv,Friday-WorkingHours-Afternoon-PortScan.pcap_ISCX.csv"
cic_ids2017:raw:116f030a9cbc2183da07787055a5b715ae439bd39a3aa8adff5c72319697bce2,4,1,3,2,2,"BENIGN,PortScan","Thursday-WorkingHours-Afternoon-Infilteration.pcap_ISCX.csv,Friday-WorkingHours-Afternoon-PortScan.pcap_ISCX.csv"
cic_ids2017:raw:13b467bb25907d47af2ff933d367ef041b10af7afac766c89becea0e6ec0f6cb,4,1,3,2,2,"BENIGN,PortScan","Thursday-WorkingHours-Afternoon-Infilteration.pcap_ISCX.csv,Friday-WorkingHours-Afternoon-PortScan.pcap_ISCX.csv"
cic_ids2017:raw:146e3deb49f6cac35aa614932fd2643955e7c53d605d9141a603836d80d91c83,4,1,3,2,2,"BENIGN,PortScan","Thursday-WorkingHours-Afternoon-Infilteration.pcap_ISCX.csv,Friday-WorkingHours-Afternoon-PortScan.pcap_ISCX.csv"
cic_ids2017:raw:1bb2d11af396e50320eddd65c47be12668f5358f03376ce7fb7f6bb00ae8a1de,4,1,3,2,2,"BENIGN,PortScan","Thursday-WorkingHours-Afternoon-Infilteration.pcap_ISCX.csv,Friday-WorkingHours-Afternoon-PortScan.pcap_ISCX.csv"
cic_ids2017:raw:2361b0642d55e0c3d9133c23ce26321084a75fe9c79c4d07d7f51fefa19f8e14,4,1,3,2,2,"BENIGN,DoS Hulk","Friday-WorkingHours-Afternoon-PortScan.pcap_ISCX.csv,Wednesday-workingHours.pcap_ISCX.csv"
cic_ids2017:raw:2491e492ae3cf00a74656a159e0acb5ace4bf2297311bad83dd024e510fe3332,4,1,3,2,2,"BENIGN,PortScan","Thursday-WorkingHours-Afternoon-Infilteration.pcap_ISCX.csv,Friday-WorkingHours-Afternoon-PortScan.pcap_ISCX.csv"
cic_ids2017:raw:2e2693973f8ffc9c7c0fc35ea472d79e3600b07869144b2a7fd85c7eb62f43e3,4,1,3,2,2,"BENIGN,PortScan","Thursday-WorkingHours-Afternoon-Infilteration.pcap_ISCX.csv,Friday-WorkingHours-Afternoon-PortScan.pcap_ISCX.csv"
cic_ids2017:raw:2ea6d6ebbfe4a5116fd04df91bc666f65c28163f5b73b9316a9d26300656c54d,4,1,3,1,2,"BENIGN,DoS Hulk",Wednesday-workingHours.pcap_ISCX.csv
cic_ids2017:raw:33aa6179dec1b262df08f7c5878d1ee1079e0f10bd13a7af065975ffb865a5d7,4,1,3,2,2,"BENIGN,PortScan","Thursday-WorkingHours-Afternoon-Infilteration.pcap_ISCX.csv,Friday-WorkingHours-Afternoon-PortScan.pcap_ISCX.csv"
cic_ids2017:raw:33e2fb76619a864e144065f8b9908f8eeef5f6ff2699f7a42482bbc5dc474165,4,1,3,2,2,"BENIGN,PortScan","Thursday-WorkingHours-Afternoon-Infilteration.pcap_ISCX.csv,Friday-WorkingHours-Afternoon-PortScan.pcap_ISCX.csv"
cic_ids2017:raw:34336c0aab4a723f5dadca5cbbc94fc7d795039b4dcca01c64bda9c57f6975d6,4,1,3,2,2,"BENIGN,PortScan","Thursday-WorkingHours-Afternoon-Infilteration.pcap_ISCX.csv,Friday-WorkingHours-Afternoon-PortScan.pcap_ISCX.csv"
cic_ids2017:raw:46c6d5715945ce907f293eaa55678f67200198e7e3d596dfd9de64a6c1571d85,4,1,3,2,2,"BENIGN,PortScan","Thursday-WorkingHours-Afternoon-Infilteration.pcap_ISCX.csv,Friday-WorkingHours-Afternoon-PortScan.pcap_ISCX.csv"
cic_ids2017:raw:4a0530de31423a1b7db03f22217c52ef7cfce70870063bc122be2be7d2161f69,4,1,3,2,2,"BENIGN,PortScan","Thursday-WorkingHours-Afternoon-Infilteration.pcap_ISCX.csv,Friday-WorkingHours-Afternoon-PortScan.pcap_ISCX.csv"
cic_ids2017:raw:4dbaf12e82b7f325aac3d7077f23fb8eec59b19875d741a64093f82f384ad2ff,4,1,3,2,2,"BENIGN,PortScan","Thursday-WorkingHours-Afternoon-Infilteration.pcap_ISCX.csv,Friday-WorkingHours-Afternoon-PortScan.pcap_ISCX.csv"
cic_ids2017:raw:51441ff94b19e4b79af6cdf7c63d076e35065d1276ecc8a432f3fe057722c2a2,4,1,3,2,2,"BENIGN,PortScan","Thursday-WorkingHours-Afternoon-Infilteration.pcap_ISCX.csv,Friday-WorkingHours-Afternoon-PortScan.pcap_ISCX.csv"
cic_ids2017:raw:51faa9f54ee2f90b1f2a25965fad11d26c88e1692953915bfc8a39dc6e5e49be,4,1,3,2,2,"BENIGN,PortScan","Thursday-WorkingHours-Afternoon-Infilteration.pcap_ISCX.csv,Friday-WorkingHours-Afternoon-PortScan.pcap_ISCX.csv"
cic_ids2017:raw:5824ee7ff6c3acc10afa32cdd15d1a987c3e8a277b379996ed46e2394cb55f7b,4,1,3,2,2,"BENIGN,PortScan","Thursday-WorkingHours-Afternoon-Infilteration.pcap_ISCX.csv,Friday-WorkingHours-Afternoon-PortScan.pcap_ISCX.csv"
cic_ids2017:raw:5a547cae109b1a9d28f755b12603138772d3d4db3e43899021bf349a7a39fe3a,4,1,3,2,2,"BENIGN,PortScan","Thursday-WorkingHours-Afternoon-Infilteration.pcap_ISCX.csv,Friday-WorkingHours-Afternoon-PortScan.pcap_ISCX.csv"
cic_ids2017:raw:6634611ae0df7a54bf55df56bea5c1e9c7ac997e7b3de4d5ec1dda6d3a9ea144,4,1,3,2,2,"BENIGN,PortScan","Thursday-WorkingHours-Afternoon-Infilteration.pcap_ISCX.csv,Friday-WorkingHours-Afternoon-PortScan.pcap_ISCX.csv"
cic_ids2017:raw:6a0c7b9d9a9a6ecfd242d19b95c06f966bb5f4c87d2c901276ad3cd8a9216051,4,1,3,2,2,"BENIGN,PortScan","Thursday-WorkingHours-Afternoon-Infilteration.pcap_ISCX.csv,Friday-WorkingHours-Afternoon-PortScan.pcap_ISCX.csv"
cic_ids2017:raw:6ce7d54553f3ebff7f24297c1efe14e22b28252d4da98aeaeb74385bc5d73487,4,1,3,2,2,"BENIGN,PortScan","Thursday-WorkingHours-Afternoon-Infilteration.pcap_ISCX.csv,Friday-WorkingHours-Afternoon-PortScan.pcap_ISCX.csv"
cic_ids2017:raw:6d812579ee78f9ed4a55650aba669aad456ad1851ff8b5a8fe5ee0daa24ccf7d,4,1,3,2,2,"BENIGN,DoS Hulk","Thursday-WorkingHours-Afternoon-Infilteration.pcap_ISCX.csv,Wednesday-workingHours.pcap_ISCX.csv"
cic_ids2017:raw:6e9adcb50afb4f023d93f83c28add19c80e8dec5eaa94008e910e2231605ddd1,4,3,1,2,2,"BENIGN,DoS Hulk","Thursday-WorkingHours-Afternoon-Infilteration.pcap_ISCX.csv,Wednesday-workingHours.pcap_ISCX.csv"
cic_ids2017:raw:7335565b6575ef274086daa0401760aa735a8fffaff81ad48db40c2e7eb4064e,4,1,3,2,2,"BENIGN,PortScan","Thursday-WorkingHours-Afternoon-Infilteration.pcap_ISCX.csv,Friday-WorkingHours-Afternoon-PortScan.pcap_ISCX.csv"
cic_ids2017:raw:77088ce7e08d94dcb717ad8cfe29c28d46a1b5ddac6ef2f2ae7da183d5cc7316,4,1,3,2,2,"BENIGN,PortScan","Thursday-WorkingHours-Afternoon-Infilteration.pcap_ISCX.csv,Friday-WorkingHours-Afternoon-PortScan.pcap_ISCX.csv"
cic_ids2017:raw:772dad20b668245d330161c6cc6766c30e0ac1b1792cb7c7c4d3e1576ef3bf40,4,1,3,2,2,"BENIGN,PortScan","Thursday-WorkingHours-Afternoon-Infilteration.pcap_ISCX.csv,Friday-WorkingHours-Afternoon-PortScan.pcap_ISCX.csv"
cic_ids2017:raw:7760d0c96e387ec845109582eedcf5e9655bd11d61ca4e00d1d9561b3c2afe52,4,1,3,2,2,"BENIGN,DoS Hulk","Thursday-WorkingHours-Afternoon-Infilteration.pcap_ISCX.csv,Wednesday-workingHours.pcap_ISCX.csv"
cic_ids2017:raw:7c9e1e4b4e6c6bdcf6d84de6aafac6972f2372888b8d1674cbdd638f6b96554d,4,1,3,2,2,"BENIGN,PortScan","Thursday-WorkingHours-Afternoon-Infilteration.pcap_ISCX.csv,Friday-WorkingHours-Afternoon-PortScan.pcap_ISCX.csv"
cic_ids2017:raw:876383a0dd6be4676ba35ee331ede7a695720c21530c456c84cc5cac06703307,4,1,3,2,2,"BENIGN,PortScan","Thursday-WorkingHours-Afternoon-Infilteration.pcap_ISCX.csv,Friday-WorkingHours-Afternoon-PortScan.pcap_ISCX.csv"
cic_ids2017:raw:8ef6bda478bef2bb961aa13a72c4b3aad8a3ec6c488af77ea530fb902570bb45,4,1,3,2,2,"BENIGN,PortScan","Thursday-WorkingHours-Afternoon-Infilteration.pcap_ISCX.csv,Friday-WorkingHours-Afternoon-PortScan.pcap_ISCX.csv"
cic_ids2017:raw:8f0ac3cff3cb73216211f9157ede61a2a3106df02b9821d31fe7b0f89acb693f,4,1,3,2,2,"BENIGN,DoS Hulk","Friday-WorkingHours-Morning.pcap_ISCX.csv,Wednesday-workingHours.pcap_ISCX.csv"
cic_ids2017:raw:9330af40d1581f24ef112879318b25b4bb3875058881555259eefa821d63d18c,4,1,3,1,2,"BENIGN,DoS Hulk",Wednesday-workingHours.pcap_ISCX.csv
cic_ids2017:raw:9d18f3c818d79122e802948c285ac4dc43738258a62e87bd16641bf618dcac3a,4,1,3,2,2,"BENIGN,PortScan","Thursday-WorkingHours-Afternoon-Infilteration.pcap_ISCX.csv,Friday-WorkingHours-Afternoon-PortScan.pcap_ISCX.csv"
cic_ids2017:raw:9d8c823e56caa1db5de5421261197dc3f355fe504ffc77bef4eac13baf878826,4,1,3,2,2,"BENIGN,PortScan","Thursday-WorkingHours-Afternoon-Infilteration.pcap_ISCX.csv,Friday-WorkingHours-Afternoon-PortScan.pcap_ISCX.csv"
cic_ids2017:raw:a08c22128e485a96b672f7cfabedf1c6ffe60bbcb6828a0aceca01b24474aada,4,1,3,2,2,"BENIGN,PortScan","Thursday-WorkingHours-Afternoon-Infilteration.pcap_ISCX.csv,Friday-WorkingHours-Afternoon-PortScan.pcap_ISCX.csv"
cic_ids2017:raw:a72956db615665378bd90af519b05eb8a46e4a09fb77671bff4f01aadad83eb2,4,1,3,2,2,"BENIGN,PortScan","Thursday-WorkingHours-Afternoon-Infilteration.pcap_ISCX.csv,Friday-WorkingHours-Afternoon-PortScan.pcap_ISCX.csv"
cic_ids2017:raw:a8798e8318aa351f33c37ddfc0b13ffce4a615c331228ff7a2da86f88f5c0b78,4,1,3,2,2,"BENIGN,PortScan","Thursday-WorkingHours-Afternoon-Infilteration.pcap_ISCX.csv,Friday-WorkingHours-Afternoon-PortScan.pcap_ISCX.csv"
cic_ids2017:raw:ab16a618e4d867032dee396774ecb5fe187eb79e088a9c6aa4514a42b0be6fc3,4,1,3,1,2,"BENIGN,DoS Hulk",Wednesday-workingHours.pcap_ISCX.csv
cic_ids2017:raw:ac460dbb9972e44538e5b4e4a0648e8ef72d631dc3dbc84724a1c4390d1b1bf1,4,1,3,2,2,"BENIGN,PortScan","Thursday-WorkingHours-Afternoon-Infilteration.pcap_ISCX.csv,Friday-WorkingHours-Afternoon-PortScan.pcap_ISCX.csv"
cic_ids2017:raw:b04462947e14bdeeba29f356debceff6a6fcbb7c04c1a541c58cb3082e2daa74,4,1,3,2,2,"BENIGN,PortScan","Thursday-WorkingHours-Afternoon-Infilteration.pcap_ISCX.csv,Friday-WorkingHours-Afternoon-PortScan.pcap_ISCX.csv"
cic_ids2017:raw:b0a70eefb840bf497305d1194b81f7b0b62898d5b982ef19597392a3d9b19ddd,4,1,3,2,2,"BENIGN,PortScan","Thursday-WorkingHours-Afternoon-Infilteration.pcap_ISCX.csv,Friday-WorkingHours-Afternoon-PortScan.pcap_ISCX.csv"
cic_ids2017:raw:b0aefe23a82038f0f4ef4a0e1582804575be4b7d939190b13121260f330839c0,4,1,3,2,2,"BENIGN,PortScan","Thursday-WorkingHours-Afternoon-Infilteration.pcap_ISCX.csv,Friday-WorkingHours-Afternoon-PortScan.pcap_ISCX.csv"
cic_ids2017:raw:b142ee60483bfd1fa172598593d3c3a1be79fe5f6f3bd3ad3dd5cf0cf685a173,4,1,3,2,2,"BENIGN,PortScan","Thursday-WorkingHours-Afternoon-Infilteration.pcap_ISCX.csv,Friday-WorkingHours-Afternoon-PortScan.pcap_ISCX.csv"
cic_ids2017:raw:b74fc755f8cc36a93955a1362f1b2a38cac2dd9a6d6cd88978a2706ee2e16076,4,1,3,2,2,"BENIGN,PortScan","Thursday-WorkingHours-Afternoon-Infilteration.pcap_ISCX.csv,Friday-WorkingHours-Afternoon-PortScan.pcap_ISCX.csv"
cic_ids2017:raw:bf61c9aabb4e8374728573dbd025e2ec646fc58ee85c68f62fbc88212fe2c800,4,1,3,2,2,"BENIGN,PortScan","Thursday-WorkingHours-Afternoon-Infilteration.pcap_ISCX.csv,Friday-WorkingHours-Afternoon-PortScan.pcap_ISCX.csv"
cic_ids2017:raw:c2e8cb9e041b74ce28dfe34afe4cf083458bd8199f11de39be06b4d32a32b2b9,4,1,3,2,2,"BENIGN,PortScan","Thursday-WorkingHours-Afternoon-Infilteration.pcap_ISCX.csv,Friday-WorkingHours-Afternoon-PortScan.pcap_ISCX.csv"
cic_ids2017:raw:c6e48bd7e3038689d90486cf9335020970a37c485bd2fcdaf5c94be942cbf2e5,4,1,3,2,2,"BENIGN,PortScan","Thursday-WorkingHours-Afternoon-Infilteration.pcap_ISCX.csv,Friday-WorkingHours-Afternoon-PortScan.pcap_ISCX.csv"
cic_ids2017:raw:cc345dfcbcb9d68a2782fe0c73be511e65a10930c21b1f35f5d6ca01dcb9e8bd,4,2,2,3,2,"BENIGN,DoS Hulk","Friday-WorkingHours-Afternoon-PortScan.pcap_ISCX.csv,Tuesday-WorkingHours.pcap_ISCX.csv,Wednesday-workingHours.pcap_ISCX.csv"
cic_ids2017:raw:d293ebb10a45ecce0dcf8c0ffa3cf8b6a6d48f9ea9e2ae289cc95cf3939b9d67,4,1,3,2,2,"BENIGN,PortScan","Thursday-WorkingHours-Afternoon-Infilteration.pcap_ISCX.csv,Friday-WorkingHours-Afternoon-PortScan.pcap_ISCX.csv"
cic_ids2017:raw:d9f828c49385fc6a4193daae4a7f6a082a953c396f0894a7603c22c3f6c11860,4,1,3,2,2,"BENIGN,PortScan","Thursday-WorkingHours-Afternoon-Infilteration.pcap_ISCX.csv,Friday-WorkingHours-Afternoon-PortScan.pcap_ISCX.csv"
cic_ids2017:raw:e09ff6b05ab2ce5a35cc55de794308a7b17b4a8106f5d1baa4309862016959b1,4,1,3,2,2,"BENIGN,PortScan","Thursday-WorkingHours-Afternoon-Infilteration.pcap_ISCX.csv,Friday-WorkingHours-Afternoon-PortScan.pcap_ISCX.csv"
cic_ids2017:raw:e6925f5ef11b766711d2794ff483855c0d7c989578a4b76a2bc6a250c53c0972,4,1,3,2,2,"BENIGN,PortScan","Thursday-WorkingHours-Afternoon-Infilteration.pcap_ISCX.csv,Friday-WorkingHours-Afternoon-PortScan.pcap_ISCX.csv"
cic_ids2017:raw:e7afc52ffc30d2294733a1ce1f2722cb6a13f19c9e5f3af76eadb79cf3737f33,4,1,3,1,2,"BENIGN,DoS Hulk",Wednesday-workingHours.pcap_ISCX.csv
cic_ids2017:raw:ee6c7f83d8acb3ac6ed001119811b92ed7cffef446af07856a5c633518343dc4,4,1,3,2,2,"BENIGN,PortScan","Thursday-WorkingHours-Afternoon-Infilteration.pcap_ISCX.csv,Friday-WorkingHours-Afternoon-PortScan.pcap_ISCX.csv"
cic_ids2017:raw:f10b554a5775c12565a8096e21c5c81e3e34778f8b2a9c33bec53208edde31e6,4,1,3,2,2,"BENIGN,PortScan","Thursday-WorkingHours-Afternoon-Infilteration.pcap_ISCX.csv,Friday-WorkingHours-Afternoon-PortScan.pcap_ISCX.csv"
cic_ids2017:raw:f22dcacf160f4c806e65c06e6c9fcff7b97abf0f63878ba6b9929d1ad1ba336b,4,1,3,2,2,"BENIGN,PortScan","Thursday-WorkingHours-Afternoon-Infilteration.pcap_ISCX.csv,Friday-WorkingHours-Afternoon-PortScan.pcap_ISCX.csv"
cic_ids2017:raw:f34c522c616f9b3af9ad344f5e7c2bd7b5825f7d7110c136a0ecfa5a525c3626,4,1,3,2,2,"BENIGN,PortScan","Thursday-WorkingHours-Afternoon-Infilteration.pcap_ISCX.csv,Friday-WorkingHours-Afternoon-PortScan.pcap_ISCX.csv"
cic_ids2017:raw:f8a0ad7a629fe4472bc9036f56041c8c81eb2ae2d7b5d7c2aba8201d2e3f1e35,4,1,3,2,2,"BENIGN,PortScan","Thursday-WorkingHours-Afternoon-Infilteration.pcap_ISCX.csv,Friday-WorkingHours-Afternoon-PortScan.pcap_ISCX.csv"
cic_ids2017:raw:fce503098a8599d539acb0662a48908cc209113fd60dbdbb33fe601b993aff4e,4,1,3,2,2,"BENIGN,PortScan","Thursday-WorkingHours-Afternoon-Infilteration.pcap_ISCX.csv,Friday-WorkingHours-Afternoon-PortScan.pcap_ISCX.csv"
cic_ids2017:raw:fdca53f93cb4d58e1df92f6bac821d11e45287b0b7498e71fb5e712c928d09a6,4,1,3,1,2,"BENIGN,DoS Hulk",Wednesday-workingHours.pcap_ISCX.csv
cic_ids2017:raw:00534d0688aef88153b6bc09152a986d1c5ae22b50eb6fba5579c600cd61df13,3,1,2,2,2,"BENIGN,PortScan","Thursday-WorkingHours-Afternoon-Infilteration.pcap_ISCX.csv,Friday-WorkingHours-Afternoon-PortScan.pcap_ISCX.csv"
cic_ids2017:raw:03101907270cc01786faab4973dfefa82758afc9f0d72510961fa3df4f4eeecd,3,1,2,2,2,"BENIGN,PortScan","Thursday-WorkingHours-Afternoon-Infilteration.pcap_ISCX.csv,Friday-WorkingHours-Afternoon-PortScan.pcap_ISCX.csv"
cic_ids2017:raw:04730ffa6893d6b7913bc863816bef47aa63a0511f1cfe9f542cf6a3fb5a98c7,3,1,2,2,2,"BENIGN,PortScan","Thursday-WorkingHours-Afternoon-Infilteration.pcap_ISCX.csv,Friday-WorkingHours-Afternoon-PortScan.pcap_ISCX.csv"
cic_ids2017:raw:052f846fcff85348aed50181ed8345561ad54d65df89277a05ba0c77df3d1a6b,3,1,2,2,2,"BENIGN,PortScan","Thursday-WorkingHours-Afternoon-Infilteration.pcap_ISCX.csv,Friday-WorkingHours-Afternoon-PortScan.pcap_ISCX.csv"
cic_ids2017:raw:05c02f6c2b9a26558f554ae0b95ec066a2994a261ddbefa2405fd3bd5674a954,3,1,2,2,2,"BENIGN,PortScan","Thursday-WorkingHours-Afternoon-Infilteration.pcap_ISCX.csv,Friday-WorkingHours-Afternoon-PortScan.pcap_ISCX.csv"
cic_ids2017:raw:098f9fb69fe5cbbb6019e46da40ec160f9dee99addca76d4f8565c4d234eae5e,3,1,2,2,2,"BENIGN,PortScan","Thursday-WorkingHours-Afternoon-Infilteration.pcap_ISCX.csv,Friday-WorkingHours-Afternoon-PortScan.pcap_ISCX.csv"
cic_ids2017:raw:0aa000a8a964a66db50cddd4b87022cc82c5a390b084780e9e2a046828b88e2c,3,1,2,2,2,"BENIGN,PortScan","Thursday-WorkingHours-Afternoon-Infilteration.pcap_ISCX.csv,Friday-WorkingHours-Afternoon-PortScan.pcap_ISCX.csv"
cic_ids2017:raw:0dabe2a04c937c47c4619814fd50b6df0b756db0f4d4747371de5039cebbfe2b,3,1,2,2,2,"BENIGN,PortScan","Thursday-WorkingHours-Afternoon-Infilteration.pcap_ISCX.csv,Friday-WorkingHours-Afternoon-PortScan.pcap_ISCX.csv"
cic_ids2017:raw:0e1d419dafd9e3f28728cdb2ab20ca0d702f94c3028d6cd5ae600ad3ce7091df,3,1,2,2,2,"BENIGN,PortScan","Thursday-WorkingHours-Afternoon-Infilteration.pcap_ISCX.csv,Friday-WorkingHours-Afternoon-PortScan.pcap_ISCX.csv"
cic_ids2017:raw:0fd923512ac779fca2b0ac6d0bd6cd09f04233dc348631843ea96d8eb4b57c7f,3,1,2,2,2,"BENIGN,PortScan","Thursday-WorkingHours-Afternoon-Infilteration.pcap_ISCX.csv,Friday-WorkingHours-Afternoon-PortScan.pcap_ISCX.csv"
cic_ids2017:raw:11887a8b94e2eea6c1bd8bca8d92245e50fc2b3f4d919a11b1766a2c8428f247,3,1,2,2,2,"BENIGN,PortScan","Thursday-WorkingHours-Afternoon-Infilteration.pcap_ISCX.csv,Friday-WorkingHours-Afternoon-PortScan.pcap_ISCX.csv"
cic_ids2017:raw:13179e82b98ec288a2be166c3d24818562b099a363d3f4f7d02217e551790bd8,3,1,2,2,2,"BENIGN,PortScan","Thursday-WorkingHours-Afternoon-Infilteration.pcap_ISCX.csv,Friday-WorkingHours-Afternoon-PortScan.pcap_ISCX.csv"
cic_ids2017:raw:14046b44f5c701aa4e3cf5889fb30ebacd2f2efc3c03a85db59e7212eedc1fe9,3,1,2,2,2,"BENIGN,DoS Hulk","Thursday-WorkingHours-Afternoon-Infilteration.pcap_ISCX.csv,Wednesday-workingHours.pcap_ISCX.csv"
cic_ids2017:raw:144a9ac6f9b44d052686f75aac9fca975ca9d5a149ea119ffba1063c3fc8219a,3,1,2,2,2,"BENIGN,PortScan","Thursday-WorkingHours-Afternoon-Infilteration.pcap_ISCX.csv,Friday-WorkingHours-Afternoon-PortScan.pcap_ISCX.csv"
cic_ids2017:raw:14b504557a8686e440d50ad2d3636ebd24436e1404bf49abc22608cb716a11f6,3,1,2,2,2,"BENIGN,PortScan","Thursday-WorkingHours-Afternoon-Infilteration.pcap_ISCX.csv,Friday-WorkingHours-Afternoon-PortScan.pcap_ISCX.csv"
cic_ids2017:raw:17f48978c47aa1498b1fe418b0096d4a6a34b34626408b59322b38accea3ee3a,3,1,2,2,2,"BENIGN,DoS Hulk","Thursday-WorkingHours-Afternoon-Infilteration.pcap_ISCX.csv,Wednesday-workingHours.pcap_ISCX.csv"
cic_ids2017:raw:1842306662bd10c89af1b9adc7dad4f90f901af91d9da84d731fbe80196f9180,3,1,2,2,2,"BENIGN,PortScan","Thursday-WorkingHours-Afternoon-Infilteration.pcap_ISCX.csv,Friday-WorkingHours-Afternoon-PortScan.pcap_ISCX.csv"
cic_ids2017:raw:1dce9bd34a23927774fbf5445946c1bc4c3185e05c62a2d30c14fe6f93d5939d,3,1,2,2,2,"BENIGN,PortScan","Thursday-WorkingHours-Afternoon-Infilteration.pcap_ISCX.csv,Friday-WorkingHours-Afternoon-PortScan.pcap_ISCX.csv"
cic_ids2017:raw:1faf300d7c1029facbb82f9ec1e85f8c5fbb1b80396598a77f36480216240f1c,3,1,2,2,2,"BENIGN,PortScan","Thursday-WorkingHours-Afternoon-Infilteration.pcap_ISCX.csv,Friday-WorkingHours-Afternoon-PortScan.pcap_ISCX.csv"
cic_ids2017:raw:234a96d41dead1310842de0c213b12d973e83ca8654a838a131c3e486341afd2,3,1,2,2,2,"BENIGN,PortScan","Thursday-WorkingHours-Afternoon-Infilteration.pcap_ISCX.csv,Friday-WorkingHours-Afternoon-PortScan.pcap_ISCX.csv"
cic_ids2017:raw:23c1d4286616f27672162ee9ae1cbfbf78d9c49c253b10a88e27cb8ff7698f58,3,1,2,2,2,"BENIGN,DoS Hulk","Friday-WorkingHours-Morning.pcap_ISCX.csv,Wednesday-workingHours.pcap_ISCX.csv"
cic_ids2017:raw:23ea067c5fd7c7ba93657634ccf94e45ff1483fc5d79168f61984a27a870f167,3,1,2,2,2,"BENIGN,PortScan","Thursday-WorkingHours-Afternoon-Infilteration.pcap_ISCX.csv,Friday-WorkingHours-Afternoon-PortScan.pcap_ISCX.csv"
cic_ids2017:raw:26a2797551c07ebd10ec471c0f43f5e44e36ac6bc1d95fcc88eee785ed2f88e0,3,1,2,2,2,"BENIGN,PortScan","Thursday-WorkingHours-Afternoon-Infilteration.pcap_ISCX.csv,Friday-WorkingHours-Afternoon-PortScan.pcap_ISCX.csv"
cic_ids2017:raw:282bf155fe038ebaddea9eca38de15516cec8ea8ee235bbe48bcf09aa9525bdf,3,1,2,2,2,"BENIGN,PortScan","Thursday-WorkingHours-Afternoon-Infilteration.pcap_ISCX.csv,Friday-WorkingHours-Afternoon-PortScan.pcap_ISCX.csv"
cic_ids2017:raw:284ba96494f8297f8af55e920e34fe11b44190136519d731a65076da866aa856,3,1,2,2,2,"BENIGN,DoS Hulk","Thursday-WorkingHours-Afternoon-Infilteration.pcap_ISCX.csv,Wednesday-workingHours.pcap_ISCX.csv"
cic_ids2017:raw:2931c232729527fb3eb8bbe39326339ee3b2c4f246c5a4084e8df8ae7c350491,3,1,2,2,2,"BENIGN,PortScan","Thursday-WorkingHours-Afternoon-Infilteration.pcap_ISCX.csv,Friday-WorkingHours-Afternoon-PortScan.pcap_ISCX.csv"
cic_ids2017:raw:29396ecfb6ea5ccd874f84344265f87173c10e0f34d68e2fba106a8981e55102,3,1,2,2,2,"BENIGN,PortScan","Thursday-WorkingHours-Afternoon-Infilteration.pcap_ISCX.csv,Friday-WorkingHours-Afternoon-PortScan.pcap_ISCX.csv"
cic_ids2017:raw:2996d3f3878717769b5325de86bec94e75321bd88d98e492561a30ad446a0e46,3,1,2,2,2,"BENIGN,PortScan","Thursday-WorkingHours-Afternoon-Infilteration.pcap_ISCX.csv,Friday-WorkingHours-Afternoon-PortScan.pcap_ISCX.csv"
cic_ids2017:raw:2a9d80dfb301a473a6e0611e611519df3cbb9866c71fc4d1437312d66b64b156,3,1,2,2,2,"BENIGN,PortScan","Thursday-WorkingHours-Afternoon-Infilteration.pcap_ISCX.csv,Friday-WorkingHours-Afternoon-PortScan.pcap_ISCX.csv"
cic_ids2017:raw:2ad9f6b9d53ed1170b2870484b84338c8711e6e55eb407854897882614753354,3,1,2,2,2,"BENIGN,PortScan","Thursday-WorkingHours-Afternoon-Infilteration.pcap_ISCX.csv,Friday-WorkingHours-Afternoon-PortScan.pcap_ISCX.csv"
cic_ids2017:raw:2b993819b9faeefeee548da1b6c8b2333038c5870d226171e70405f95d666524,3,1,2,2,2,"BENIGN,PortScan","Thursday-WorkingHours-Afternoon-Infilteration.pcap_ISCX.csv,Friday-WorkingHours-Afternoon-PortScan.pcap_ISCX.csv"
cic_ids2017:raw:2c9ee4e76f7945fdca9590e4c26e4cc9a746ba4a098651dd49d5e92945ccab81,3,1,2,2,2,"BENIGN,PortScan","Thursday-WorkingHours-Afternoon-Infilteration.pcap_ISCX.csv,Friday-WorkingHours-Afternoon-PortScan.pcap_ISCX.csv"
cic_ids2017:raw:2ce80af37e2746af04cf8c7c69323dbe676eab389ec480c03d05a8251418df72,3,1,2,2,2,"BENIGN,PortScan","Thursday-WorkingHours-Afternoon-Infilteration.pcap_ISCX.csv,Friday-WorkingHours-Afternoon-PortScan.pcap_ISCX.csv"
cic_ids2017:raw:2d24b639ecd82b850a71340f10b822c4b780971a7a0bb579f15d4f57ed19efca,3,1,2,2,2,"BENIGN,PortScan","Thursday-WorkingHours-Afternoon-Infilteration.pcap_ISCX.csv,Friday-WorkingHours-Afternoon-PortScan.pcap_ISCX.csv"
cic_ids2017:raw:2d2e7f4390bc8e1fdc347a900242744022605bce5127854f41419b3e92bfed52,3,1,2,2,2,"BENIGN,PortScan","Thursday-WorkingHours-Afternoon-Infilteration.pcap_ISCX.csv,Friday-WorkingHours-Afternoon-PortScan.pcap_ISCX.csv"
cic_ids2017:raw:2f115d3d6185d5a88642bc5ef9696745d6d294293ff4b8ec8a86b69332cbeb06,3,1,2,2,2,"BENIGN,PortScan","Thursday-WorkingHours-Afternoon-Infilteration.pcap_ISCX.csv,Friday-WorkingHours-Afternoon-PortScan.pcap_ISCX.csv"
cic_ids2017:raw:2f97fa1fb21b1ce24b7ac021de4a33e5be2f34ef83f63d91e4cc56043ae2275b,3,1,2,2,2,"BENIGN,PortScan","Thursday-WorkingHours-Afternoon-Infilteration.pcap_ISCX.csv,Friday-WorkingHours-Afternoon-PortScan.pcap_ISCX.csv"
cic_ids2017:raw:3194f7a0a7c33891af430e12bf465a229001bb4f0dbf5552af78c5904587dc74,3,1,2,2,2,"BENIGN,PortScan","Thursday-WorkingHours-Afternoon-Infilteration.pcap_ISCX.csv,Friday-WorkingHours-Afternoon-PortScan.pcap_ISCX.csv"
cic_ids2017:raw:320a42eb679bf1f6945bf093991e15b2ef2d83f56f6c83639cc39f4b9d87744a,3,1,2,2,2,"BENIGN,PortScan","Thursday-WorkingHours-Afternoon-Infilteration.pcap_ISCX.csv,Friday-WorkingHours-Afternoon-PortScan.pcap_ISCX.csv"
cic_ids2017:raw:3416146799554a175a9e3163e9965182e66875e9cd6f79e48c5181418e7f1d30,3,1,2,2,2,"BENIGN,PortScan","Thursday-WorkingHours-Afternoon-Infilteration.pcap_ISCX.csv,Friday-WorkingHours-Afternoon-PortScan.pcap_ISCX.csv"
cic_ids2017:raw:370bb0dc0f92adf92733269d5124779be8f8e964a2893efeb5eec1e83e5a00f6,3,1,2,2,2,"BENIGN,PortScan","Thursday-WorkingHours-Afternoon-Infilteration.pcap_ISCX.csv,Friday-WorkingHours-Afternoon-PortScan.pcap_ISCX.csv"
cic_ids2017:raw:387bd1e3411d7f29dd0626a9446f1c3e63d18dde77653ce5e2fd1c6bb70dd62e,3,1,2,2,2,"BENIGN,PortScan","Thursday-WorkingHours-Afternoon-Infilteration.pcap_ISCX.csv,Friday-WorkingHours-Afternoon-PortScan.pcap_ISCX.csv"
cic_ids2017:raw:38c1f9eeadb8df33ac24c9355afeb5bbc1c81f2901f4af9dfd249e290dcc8c62,3,1,2,2,2,"BENIGN,PortScan","Thursday-WorkingHours-Afternoon-Infilteration.pcap_ISCX.csv,Friday-WorkingHours-Afternoon-PortScan.pcap_ISCX.csv"
cic_ids2017:raw:3b5bd1700e1b22bdc0abad68f8a69240a6dd992ccb87853a0c957e47f36c9815,3,1,2,2,2,"BENIGN,PortScan","Thursday-WorkingHours-Afternoon-Infilteration.pcap_ISCX.csv,Friday-WorkingHours-Afternoon-PortScan.pcap_ISCX.csv"
cic_ids2017:raw:3bd27bd0d2a656d16a05b2919cfa30602b628f1c839201d6568ad74abf2bb26b,3,1,2,2,2,"BENIGN,PortScan","Thursday-WorkingHours-Afternoon-Infilteration.pcap_ISCX.csv,Friday-WorkingHours-Afternoon-PortScan.pcap_ISCX.csv"
cic_ids2017:raw:3c21f7c87f54b6b5fe3f086e48f342c884590f1ffa3ae75d654e79ae2e1397fd,3,1,2,2,2,"BENIGN,PortScan","Thursday-WorkingHours-Afternoon-Infilteration.pcap_ISCX.csv,Friday-WorkingHours-Afternoon-PortScan.pcap_ISCX.csv"
cic_ids2017:raw:3ef8bfe66bedf8d217f65504794b2165168adf544a7b842b4144f459b1d9c4d6,3,1,2,2,2,"BENIGN,DoS Hulk","Thursday-WorkingHours-Morning-WebAttacks.pcap_ISCX.csv,Wednesday-workingHours.pcap_ISCX.csv"
cic_ids2017:raw:4032d6e9484aa13c2305f15d08b325f7b4fcdb2768ec203023a97d44295971df,3,1,2,2,2,"BENIGN,PortScan","Thursday-WorkingHours-Afternoon-Infilteration.pcap_ISCX.csv,Friday-WorkingHours-Afternoon-PortScan.pcap_ISCX.csv"
cic_ids2017:raw:418022b0bbde19dc430e25a97b400ab12729201165082d1a436ac7394dd5ffb1,3,1,2,2,2,"BENIGN,PortScan","Thursday-WorkingHours-Afternoon-Infilteration.pcap_ISCX.csv,Friday-WorkingHours-Afternoon-PortScan.pcap_ISCX.csv"
cic_ids2017:raw:41b46a1c570af5dd7fa5fcd932edcffd2c789b5fd247433b97bf1ec0a858a74b,3,1,2,2,2,"BENIGN,PortScan","Thursday-WorkingHours-Afternoon-Infilteration.pcap_ISCX.csv,Friday-WorkingHours-Afternoon-PortScan.pcap_ISCX.csv"
cic_ids2017:raw:4266af12a68d86d0dcefde2aa315359e618cd523e6e63c9698f8d4145288949a,3,1,2,2,2,"BENIGN,PortScan","Thursday-WorkingHours-Afternoon-Infilteration.pcap_ISCX.csv,Friday-WorkingHours-Afternoon-PortScan.pcap_ISCX.csv"
cic_ids2017:raw:43c76b9f60c0bdf441fcf8fc4f2f32f14731de2772492f1223c5f6c7ec3875f1,3,1,2,2,2,"BENIGN,PortScan","Thursday-WorkingHours-Afternoon-Infilteration.pcap_ISCX.csv,Friday-WorkingHours-Afternoon-PortScan.pcap_ISCX.csv"
cic_ids2017:raw:44a00fffbe810cb2b1ec244b0ae6aec45a038c36bab400b60dad3aa4016acad1,3,1,2,2,2,"BENIGN,PortScan","Thursday-WorkingHours-Afternoon-Infilteration.pcap_ISCX.csv,Friday-WorkingHours-Afternoon-PortScan.pcap_ISCX.csv"
cic_ids2017:raw:493d6034c7a706a21f81136774f2000c2391da0ce78368ad5473997c1281d279,3,1,2,2,2,"BENIGN,DoS Hulk","Thursday-WorkingHours-Morning-WebAttacks.pcap_ISCX.csv,Wednesday-workingHours.pcap_ISCX.csv"
cic_ids2017:raw:49f83a6b775d1c3139eba3e96f123c8674c3c6400163f94ea3f1e4820283d985,3,1,2,2,2,"BENIGN,PortScan","Thursday-WorkingHours-Afternoon-Infilteration.pcap_ISCX.csv,Friday-WorkingHours-Afternoon-PortScan.pcap_ISCX.csv"
cic_ids2017:raw:4b247f8ac4cd26c9a10e19c445ede4dced948637d8f476ee34f33f06f8ca8432,3,2,1,2,2,"BENIGN,DoS Hulk","Thursday-WorkingHours-Afternoon-Infilteration.pcap_ISCX.csv,Wednesday-workingHours.pcap_ISCX.csv"
cic_ids2017:raw:4b83182e549b01605adfde0b7a768fe946947b60518bd507b39f30b5a8deab21,3,1,2,2,2,"BENIGN,PortScan","Thursday-WorkingHours-Afternoon-Infilteration.pcap_ISCX.csv,Friday-WorkingHours-Afternoon-PortScan.pcap_ISCX.csv"
cic_ids2017:raw:4ceb9203f77b759fb72bd88c8ba183cd44ed30aee02194fcf2cfb366110d6911,3,1,2,2,2,"BENIGN,PortScan","Thursday-WorkingHours-Afternoon-Infilteration.pcap_ISCX.csv,Friday-WorkingHours-Afternoon-PortScan.pcap_ISCX.csv"
cic_ids2017:raw:53e3acf3a1cdad34ab6575a828a7c9e37a8ee0967a5a97118afe8c1eed3d432e,3,1,2,2,2,"BENIGN,PortScan","Thursday-WorkingHours-Afternoon-Infilteration.pcap_ISCX.csv,Friday-WorkingHours-Afternoon-PortScan.pcap_ISCX.csv"
cic_ids2017:raw:56347f19fa4a2f664f24c40926daa2f59e570e0b8a65651617c51b4363ff0837,3,1,2,2,2,"BENIGN,PortScan","Thursday-WorkingHours-Afternoon-Infilteration.pcap_ISCX.csv,Friday-WorkingHours-Afternoon-PortScan.pcap_ISCX.csv"
cic_ids2017:raw:5668a029114ce500c854feb42557623e2d1ab6f71e90344b1e561fcdf8e51a24,3,1,2,2,2,"BENIGN,PortScan","Thursday-WorkingHours-Afternoon-Infilteration.pcap_ISCX.csv,Friday-WorkingHours-Afternoon-PortScan.pcap_ISCX.csv"
cic_ids2017:raw:58bb50a3c6ba265225e2dd38b76bc6e7b9a844e6ca6fa0d8ebb7d9c1379c6a58,3,1,2,2,2,"BENIGN,PortScan","Thursday-WorkingHours-Afternoon-Infilteration.pcap_ISCX.csv,Friday-WorkingHours-Afternoon-PortScan.pcap_ISCX.csv"
cic_ids2017:raw:59070755a079e2d9e025e22c918096d6828100f5a05da97702c7f225e7ee1506,3,1,2,2,2,"BENIGN,PortScan","Thursday-WorkingHours-Afternoon-Infilteration.pcap_ISCX.csv,Friday-WorkingHours-Afternoon-PortScan.pcap_ISCX.csv"
cic_ids2017:raw:5a05f1fc0e33cd748cbaeda95b4c82d5619c3cf7b31107be39e0344486f641c8,3,1,2,2,2,"BENIGN,PortScan","Thursday-WorkingHours-Afternoon-Infilteration.pcap_ISCX.csv,Friday-WorkingHours-Afternoon-PortScan.pcap_ISCX.csv"
cic_ids2017:raw:5c55f64caf0580b8967f73932b25286cff178e5110c9368c6ac0e662c30f8264,3,1,2,2,2,"BENIGN,PortScan","Thursday-WorkingHours-Afternoon-Infilteration.pcap_ISCX.csv,Friday-WorkingHours-Afternoon-PortScan.pcap_ISCX.csv"
cic_ids2017:raw:5ecb0a93b31936f4db647aa081dea71e816da40a94c3aec64a96f3892ddc522c,3,1,2,2,2,"BENIGN,PortScan","Thursday-WorkingHours-Afternoon-Infilteration.pcap_ISCX.csv,Friday-WorkingHours-Afternoon-PortScan.pcap_ISCX.csv"
cic_ids2017:raw:5f722fba82b2c1b465c10dbe9fe598066dc6fd6eab6e4e26fe8413d34f4a973f,3,1,2,2,2,"BENIGN,PortScan","Thursday-WorkingHours-Afternoon-Infilteration.pcap_ISCX.csv,Friday-WorkingHours-Afternoon-PortScan.pcap_ISCX.csv"
cic_ids2017:raw:5f9ed2894c803cc3869ceae35a8ddd33dea11ac0d8e6342228438da50c66a2f4,3,2,1,2,2,"BENIGN,DoS Hulk","Thursday-WorkingHours-Morning-WebAttacks.pcap_ISCX.csv,Wednesday-workingHours.pcap_ISCX.csv"
cic_ids2017:raw:5fcd84762ad946ebc58071ad70be9f1f318b07319ca1261c9ea3482a172a16d7,3,2,1,2,2,"BENIGN,PortScan","Thursday-WorkingHours-Afternoon-Infilteration.pcap_ISCX.csv,Friday-WorkingHours-Afternoon-PortScan.pcap_ISCX.csv"
cic_ids2017:raw:613889c338432e05ae92b22b6f1b197d03342189ae545d937925a47fad4f45bc,3,1,2,2,2,"BENIGN,PortScan","Thursday-WorkingHours-Afternoon-Infilteration.pcap_ISCX.csv,Friday-WorkingHours-Afternoon-PortScan.pcap_ISCX.csv"
cic_ids2017:raw:64acdc8c572b157111aae3100ff06b90cc72d4b7f2a241d9c64ede76b09bd359,3,1,2,2,2,"BENIGN,PortScan","Thursday-WorkingHours-Afternoon-Infilteration.pcap_ISCX.csv,Friday-WorkingHours-Afternoon-PortScan.pcap_ISCX.csv"
cic_ids2017:raw:6700d8acb6cfd398e04f663f76e0b9ac55091fd6f3bad77da7c95ebea2dd454b,3,1,2,2,2,"BENIGN,PortScan","Thursday-WorkingHours-Afternoon-Infilteration.pcap_ISCX.csv,Friday-WorkingHours-Afternoon-PortScan.pcap_ISCX.csv"
cic_ids2017:raw:6774efaac2d30aba7a1a556abb8473c8f5f1307ffed3b44fc8c9e4d146bbd414,3,1,2,2,2,"BENIGN,PortScan","Thursday-WorkingHours-Afternoon-Infilteration.pcap_ISCX.csv,Friday-WorkingHours-Afternoon-PortScan.pcap_ISCX.csv"
cic_ids2017:raw:687242251fd04560d5183b4a9f8203ed9f35fc898ed6083cf317e3878a63726c,3,1,2,2,2,"BENIGN,PortScan","Thursday-WorkingHours-Afternoon-Infilteration.pcap_ISCX.csv,Friday-WorkingHours-Afternoon-PortScan.pcap_ISCX.csv"
cic_ids2017:raw:6b56701818feffc2710b1d03858cf8b02c40b67f0717f2a79b1596602fb23cc3,3,1,2,2,2,"BENIGN,PortScan","Thursday-WorkingHours-Afternoon-Infilteration.pcap_ISCX.csv,Friday-WorkingHours-Afternoon-PortScan.pcap_ISCX.csv"
cic_ids2017:raw:6bedf6c78e2b0d1d32c4da29dde9acb43f127eeabdc12404c4f05aa17a57f993,3,1,2,2,2,"BENIGN,PortScan","Thursday-WorkingHours-Afternoon-Infilteration.pcap_ISCX.csv,Friday-WorkingHours-Afternoon-PortScan.pcap_ISCX.csv"
cic_ids2017:raw:6d0a2e6370ced6cfef1a5f983efc103c00b76d09b47ec361b24be5440d0032e4,3,1,2,2,2,"BENIGN,PortScan","Thursday-WorkingHours-Afternoon-Infilteration.pcap_ISCX.csv,Friday-WorkingHours-Afternoon-PortScan.pcap_ISCX.csv"
cic_ids2017:raw:6e100d6ba40e9cd2e2be74936b4ac57c0302630e64df778d4ae37b1dc5caa114,3,1,2,2,2,"BENIGN,PortScan","Thursday-WorkingHours-Afternoon-Infilteration.pcap_ISCX.csv,Friday-WorkingHours-Afternoon-PortScan.pcap_ISCX.csv"
cic_ids2017:raw:6e68f359a17b13f095d46ea6d377c32630510b32e3a706b865ae563137b40fca,3,1,2,2,2,"BENIGN,PortScan","Thursday-WorkingHours-Afternoon-Infilteration.pcap_ISCX.csv,Friday-WorkingHours-Afternoon-PortScan.pcap_ISCX.csv"
cic_ids2017:raw:713b90587430db88fa4b93495866133fb9c10d858ea016ce70a93352f90151f4,3,1,2,2,2,"BENIGN,PortScan","Thursday-WorkingHours-Afternoon-Infilteration.pcap_ISCX.csv,Friday-WorkingHours-Afternoon-PortScan.pcap_ISCX.csv"
cic_ids2017:raw:7226feb96ce10e229d240ecb7f2e24259a81520ebe520aea4851a1f1819445ee,3,1,2,2,2,"BENIGN,PortScan","Thursday-WorkingHours-Afternoon-Infilteration.pcap_ISCX.csv,Friday-WorkingHours-Afternoon-PortScan.pcap_ISCX.csv"
cic_ids2017:raw:798701aaa23574e9af5607e29c5ff4f00093f9e62963a5777ac2605d66b8b8cf,3,1,2,2,2,"BENIGN,PortScan","Thursday-WorkingHours-Afternoon-Infilteration.pcap_ISCX.csv,Friday-WorkingHours-Afternoon-PortScan.pcap_ISCX.csv"
cic_ids2017:raw:7b0096a7ab308dc89c21ea7463738cf73410ae0a6320ab0f67a36738f1eab38e,3,1,2,2,2,"BENIGN,PortScan","Thursday-WorkingHours-Afternoon-Infilteration.pcap_ISCX.csv,Friday-WorkingHours-Afternoon-PortScan.pcap_ISCX.csv"
cic_ids2017:raw:7ce3b290c00dc452bcafd443dfe45ab492ac60b01702ff1245f40ef76237f1dc,3,1,2,2,2,"BENIGN,PortScan","Thursday-WorkingHours-Afternoon-Infilteration.pcap_ISCX.csv,Friday-WorkingHours-Afternoon-PortScan.pcap_ISCX.csv"
cic_ids2017:raw:7d893a8aa385a0b08d3cf2c5cf8efeb617516e8edf7208253aaa759b0d838f28,3,1,2,2,2,"BENIGN,PortScan","Thursday-WorkingHours-Afternoon-Infilteration.pcap_ISCX.csv,Friday-WorkingHours-Afternoon-PortScan.pcap_ISCX.csv"
cic_ids2017:raw:7fe602afbcbb04a9b5be2be6e054a21cc8aaa624d464b218c2d1f008921d3e64,3,1,2,2,2,"BENIGN,PortScan","Thursday-WorkingHours-Afternoon-Infilteration.pcap_ISCX.csv,Friday-WorkingHours-Afternoon-PortScan.pcap_ISCX.csv"
cic_ids2017:raw:815484089eb79d5d827b0a9004650f81807510f35b4a50344ec4e6fb95fe7aa0,3,1,2,2,2,"BENIGN,PortScan","Thursday-WorkingHours-Afternoon-Infilteration.pcap_ISCX.csv,Friday-WorkingHours-Afternoon-PortScan.pcap_ISCX.csv"
cic_ids2017:raw:81b66061d37bd837eaa1b509697b22d3e5d4d0e0969e44ba201f33265997fe10,3,1,2,2,2,"BENIGN,PortScan","Thursday-WorkingHours-Afternoon-Infilteration.pcap_ISCX.csv,Friday-WorkingHours-Afternoon-PortScan.pcap_ISCX.csv"
cic_ids2017:raw:854a99ee1a0da233e918a3a8610bc4608c11ff9804d8bcf6e92cb6e08d9b3e91,3,2,1,2,2,"BENIGN,DoS Hulk","Thursday-WorkingHours-Afternoon-Infilteration.pcap_ISCX.csv,Wednesday-workingHours.pcap_ISCX.csv"
cic_ids2017:raw:86fd9bb75375f9b6af1b5067050deaff927746eca3b9f67439e1209fd3f9b499,3,1,2,2,2,"BENIGN,PortScan","Thursday-WorkingHours-Afternoon-Infilteration.pcap_ISCX.csv,Friday-WorkingHours-Afternoon-PortScan.pcap_ISCX.csv"
cic_ids2017:raw:875f4ff8048469c4f9a89e8c2be8f5a06a3d3d5cf6cb03dd3e07cd52b98b7627,3,1,2,2,2,"BENIGN,PortScan","Thursday-WorkingHours-Afternoon-Infilteration.pcap_ISCX.csv,Friday-WorkingHours-Afternoon-PortScan.pcap_ISCX.csv"
cic_ids2017:raw:88bb9409f14668088128b6ca7fd47f6be0aa9d20ee62062ea1191489ed11f7d7,3,1,2,2,2,"BENIGN,PortScan","Thursday-WorkingHours-Afternoon-Infilteration.pcap_ISCX.csv,Friday-WorkingHours-Afternoon-PortScan.pcap_ISCX.csv"
cic_ids2017:raw:8ae6c55e667dda32050583dd82f081a987c132610032c0ecf6aa648bfa6cfdba,3,1,2,2,2,"BENIGN,PortScan","Thursday-WorkingHours-Afternoon-Infilteration.pcap_ISCX.csv,Friday-WorkingHours-Afternoon-PortScan.pcap_ISCX.csv"
cic_ids2017:raw:8bc88c0a5cc16a1e2c4d9c3d78b70327cdea0e100b97a1db45038cfcf7278a6c,3,1,2,2,2,"BENIGN,PortScan","Thursday-WorkingHours-Afternoon-Infilteration.pcap_ISCX.csv,Friday-WorkingHours-Afternoon-PortScan.pcap_ISCX.csv"
cic_ids2017:raw:8e1c7e3bb447b767233c52a2c1dde3af44a3bf459767e9e1eda44631c39aa840,3,1,2,2,2,"BENIGN,PortScan","Thursday-WorkingHours-Afternoon-Infilteration.pcap_ISCX.csv,Friday-WorkingHours-Afternoon-PortScan.pcap_ISCX.csv"
cic_ids2017:raw:8eaab86c7c52cbf8a2bf2fe42e2b34dd74586eca8dde6038fe345d9d0d4bfc71,3,1,2,2,2,"BENIGN,PortScan","Thursday-WorkingHours-Afternoon-Infilteration.pcap_ISCX.csv,Friday-WorkingHours-Afternoon-PortScan.pcap_ISCX.csv"
cic_ids2017:raw:8fd8012f03edca8b17a451bc5f6eb5cc6705d512ac981fc07b82452ff23f8454,3,1,2,2,2,"BENIGN,PortScan","Thursday-WorkingHours-Afternoon-Infilteration.pcap_ISCX.csv,Friday-WorkingHours-Afternoon-PortScan.pcap_ISCX.csv"
cic_ids2017:raw:9268039dcb277cae3acf226f4ed5a50e05abd5df1366e21adb4a8c408fd68296,3,1,2,2,2,"BENIGN,PortScan","Thursday-WorkingHours-Afternoon-Infilteration.pcap_ISCX.csv,Friday-WorkingHours-Afternoon-PortScan.pcap_ISCX.csv"
cic_ids2017:raw:95c6186ee2d9df7b2dafd30cc3916fd7558d50577469d58d40bdb6ba403fef39,3,1,2,2,2,"BENIGN,PortScan","Thursday-WorkingHours-Afternoon-Infilteration.pcap_ISCX.csv,Friday-WorkingHours-Afternoon-PortScan.pcap_ISCX.csv"
cic_ids2017:raw:96a6c5b86c4cca7284cc11666f43c36347a049718fb8d0d3d662b0d8c9f5603e,3,1,2,2,2,"BENIGN,PortScan","Thursday-WorkingHours-Afternoon-Infilteration.pcap_ISCX.csv,Friday-WorkingHours-Afternoon-PortScan.pcap_ISCX.csv"
cic_ids2017:raw:9f03e7e708e380aab9b14dcb7df5948a225809944b01a451f55ae4289b711a88,3,1,2,2,2,"BENIGN,PortScan","Thursday-WorkingHours-Afternoon-Infilteration.pcap_ISCX.csv,Friday-WorkingHours-Afternoon-PortScan.pcap_ISCX.csv"
cic_ids2017:raw:a0c662a3c02635d6b7a0b531a668018db0757cd6ebcedcdbdeba41e6c207aef0,3,1,2,2,2,"BENIGN,PortScan","Thursday-WorkingHours-Afternoon-Infilteration.pcap_ISCX.csv,Friday-WorkingHours-Afternoon-PortScan.pcap_ISCX.csv"
cic_ids2017:raw:a1777498a62579e5ce4884f670531c137f60aed84c94500a1f36de52617edf53,3,1,2,2,2,"BENIGN,PortScan","Thursday-WorkingHours-Afternoon-Infilteration.pcap_ISCX.csv,Friday-WorkingHours-Afternoon-PortScan.pcap_ISCX.csv"
cic_ids2017:raw:a35dce7caa2a24de867f3ab81e4ffec7301cac2fd26592d6291e3399834cbb68,3,1,2,2,2,"BENIGN,PortScan","Thursday-WorkingHours-Afternoon-Infilteration.pcap_ISCX.csv,Friday-WorkingHours-Afternoon-PortScan.pcap_ISCX.csv"
cic_ids2017:raw:a4a8e851ded75980f4e78ed9c855c19c2671a6ee960cacbcd275709a8c6d5feb,3,1,2,2,2,"BENIGN,PortScan","Thursday-WorkingHours-Afternoon-Infilteration.pcap_ISCX.csv,Friday-WorkingHours-Afternoon-PortScan.pcap_ISCX.csv"
cic_ids2017:raw:a5ae0ecf2e3fc26eb319034c1821884abd25a75bc7d32c06a49538438d54bd98,3,1,2,2,2,"BENIGN,DoS Hulk","Thursday-WorkingHours-Afternoon-Infilteration.pcap_ISCX.csv,Wednesday-workingHours.pcap_ISCX.csv"
cic_ids2017:raw:a72841b64612cc524407a0afe1ffd06106e79d56afb82c2ee4b39f079532b688,3,2,1,2,2,"BENIGN,DoS Hulk","Tuesday-WorkingHours.pcap_ISCX.csv,Wednesday-workingHours.pcap_ISCX.csv"
cic_ids2017:raw:a8280f8865cf8b82ba3e75687f2386ea3ad154bf131f8ffe9ae25457cc454a7d,3,1,2,2,2,"BENIGN,PortScan","Thursday-WorkingHours-Afternoon-Infilteration.pcap_ISCX.csv,Friday-WorkingHours-Afternoon-PortScan.pcap_ISCX.csv"
cic_ids2017:raw:abfde85c467d96a97fb6b60e6f403d15ab5e4e69309c4d1502419f2f9fb0a9c2,3,1,2,2,2,"BENIGN,PortScan","Thursday-WorkingHours-Afternoon-Infilteration.pcap_ISCX.csv,Friday-WorkingHours-Afternoon-PortScan.pcap_ISCX.csv"
cic_ids2017:raw:aee4fc73d4983b7664881f264ea60ac4db1f1136f294fdee223c094c3305e76b,3,1,2,2,2,"BENIGN,PortScan","Thursday-WorkingHours-Afternoon-Infilteration.pcap_ISCX.csv,Friday-WorkingHours-Afternoon-PortScan.pcap_ISCX.csv"
cic_ids2017:raw:b051fb6897c8339859a9e102c286adf6ba7b127fd87dcd099a235e8884630e06,3,1,2,2,2,"BENIGN,PortScan","Thursday-WorkingHours-Afternoon-Infilteration.pcap_ISCX.csv,Friday-WorkingHours-Afternoon-PortScan.pcap_ISCX.csv"
cic_ids2017:raw:b194bf7efabd1f7963894b13105a2228dc10e38c4e5ce301baea2a8b630a54a6,3,1,2,2,2,"BENIGN,PortScan","Thursday-WorkingHours-Afternoon-Infilteration.pcap_ISCX.csv,Friday-WorkingHours-Afternoon-PortScan.pcap_ISCX.csv"
cic_ids2017:raw:b411b24086aa1d758762bcd615ca27e5b90072c45aeb9bbe2c144b2620b5b7f8,3,1,2,2,2,"BENIGN,PortScan","Thursday-WorkingHours-Afternoon-Infilteration.pcap_ISCX.csv,Friday-WorkingHours-Afternoon-PortScan.pcap_ISCX.csv"
cic_ids2017:raw:b4ae413ecef2e8a0809b74adc5f00a73a1f4f66dc298d772f9820a7ab0618776,3,1,2,2,2,"BENIGN,PortScan","Thursday-WorkingHours-Afternoon-Infilteration.pcap_ISCX.csv,Friday-WorkingHours-Afternoon-PortScan.pcap_ISCX.csv"
cic_ids2017:raw:b542db47c1d8a09286b97de32ba95de35984e0dc7fc49878656a04220215f6b0,3,1,2,2,2,"BENIGN,PortScan","Thursday-WorkingHours-Afternoon-Infilteration.pcap_ISCX.csv,Friday-WorkingHours-Afternoon-PortScan.pcap_ISCX.csv"
cic_ids2017:raw:b67e0ad9c5514a95974b5736c1ccb729241b8e0c0e827facf1bd45c5ffae37e3,3,1,2,2,2,"BENIGN,PortScan","Thursday-WorkingHours-Afternoon-Infilteration.pcap_ISCX.csv,Friday-WorkingHours-Afternoon-PortScan.pcap_ISCX.csv"
cic_ids2017:raw:b6d24b7f7926e3c48fcb85550ebe06ce4351c5f209467909e1243ba07aa6e497,3,1,2,2,2,"BENIGN,PortScan","Thursday-WorkingHours-Afternoon-Infilteration.pcap_ISCX.csv,Friday-WorkingHours-Afternoon-PortScan.pcap_ISCX.csv"
cic_ids2017:raw:b73827181b8b3d92bdc9450ec345d7ac5fdbb4be4e5acea46f77706d32835b5c,3,1,2,2,2,"BENIGN,PortScan","Thursday-WorkingHours-Afternoon-Infilteration.pcap_ISCX.csv,Friday-WorkingHours-Afternoon-PortScan.pcap_ISCX.csv"
cic_ids2017:raw:b82e6672dcb1b1150ac6fb6368976330b060fb8cc5a2f160620f97fb7bdd921e,3,1,2,1,2,"BENIGN,DoS Hulk",Wednesday-workingHours.pcap_ISCX.csv
cic_ids2017:raw:ba40f17944e38a425c1eaa40c557eb76f87c2c7c7e104fd9eee15b24ca0e5a93,3,1,2,2,2,"BENIGN,PortScan","Thursday-WorkingHours-Afternoon-Infilteration.pcap_ISCX.csv,Friday-WorkingHours-Afternoon-PortScan.pcap_ISCX.csv"
cic_ids2017:raw:beec62eaa77fc61130cd46087ec4469e4fcaf0630afc62a4b5aef4986e396998,3,1,2,2,2,"BENIGN,PortScan","Thursday-WorkingHours-Afternoon-Infilteration.pcap_ISCX.csv,Friday-WorkingHours-Afternoon-PortScan.pcap_ISCX.csv"
cic_ids2017:raw:bfff709dbdb178ab7d2650590b8d876f96b2ed19a247377f41f7f0af9b47e9c8,3,1,2,2,2,"BENIGN,PortScan","Thursday-WorkingHours-Afternoon-Infilteration.pcap_ISCX.csv,Friday-WorkingHours-Afternoon-PortScan.pcap_ISCX.csv"
cic_ids2017:raw:c003609edd5903bf33ba5a0f96c619401f65aa6c73f9f72c6f0d4ca09751cae2,3,1,2,2,2,"BENIGN,PortScan","Thursday-WorkingHours-Afternoon-Infilteration.pcap_ISCX.csv,Friday-WorkingHours-Afternoon-PortScan.pcap_ISCX.csv"
cic_ids2017:raw:c278482bdee64a5c16caa3c06c185d0121aebbc60e8bf0c3f2389e3cab520fb3,3,1,2,2,2,"BENIGN,PortScan","Thursday-WorkingHours-Afternoon-Infilteration.pcap_ISCX.csv,Friday-WorkingHours-Afternoon-PortScan.pcap_ISCX.csv"
cic_ids2017:raw:c365a5e8ec688805a10007f7d6374e053d82775fb6c8267d8218e4803e4b8f50,3,1,2,2,2,"BENIGN,PortScan","Thursday-WorkingHours-Afternoon-Infilteration.pcap_ISCX.csv,Friday-WorkingHours-Afternoon-PortScan.pcap_ISCX.csv"
cic_ids2017:raw:c4ba18c31a95e5ab8f8c0112ae0be68bf5dc9000afcf61f4816a630cc16cdddf,3,1,2,2,2,"BENIGN,PortScan","Thursday-WorkingHours-Afternoon-Infilteration.pcap_ISCX.csv,Friday-WorkingHours-Afternoon-PortScan.pcap_ISCX.csv"
cic_ids2017:raw:d02e91725fbbe355142da32c39115e7520a9ba2f5fb4d3f49c3e90b0b793cc2e,3,1,2,2,2,"BENIGN,PortScan","Thursday-WorkingHours-Afternoon-Infilteration.pcap_ISCX.csv,Friday-WorkingHours-Afternoon-PortScan.pcap_ISCX.csv"
cic_ids2017:raw:d28c715c3a8e1e730f2c5490fcf5a20778112f5982f79acffa3f770f21796f22,3,1,2,2,2,"BENIGN,PortScan","Thursday-WorkingHours-Afternoon-Infilteration.pcap_ISCX.csv,Friday-WorkingHours-Afternoon-PortScan.pcap_ISCX.csv"
cic_ids2017:raw:d350f26b7c40ea123332d1a995352399385df4b6ae8f61771d3da0e3c9e9ee05,3,1,2,2,2,"BENIGN,PortScan","Thursday-WorkingHours-Afternoon-Infilteration.pcap_ISCX.csv,Friday-WorkingHours-Afternoon-PortScan.pcap_ISCX.csv"
cic_ids2017:raw:d56933a598c1b41410882c5a4194772c9aad11ce2f4a526d56b7c625dbbde059,3,1,2,2,2,"BENIGN,PortScan","Thursday-WorkingHours-Afternoon-Infilteration.pcap_ISCX.csv,Friday-WorkingHours-Afternoon-PortScan.pcap_ISCX.csv"
cic_ids2017:raw:d91094a2fd69532711604a6d01bead69b114ffdf83f13e833c13a4b8e4071cc9,3,1,2,2,2,"BENIGN,PortScan","Thursday-WorkingHours-Afternoon-Infilteration.pcap_ISCX.csv,Friday-WorkingHours-Afternoon-PortScan.pcap_ISCX.csv"
cic_ids2017:raw:dea1e6e573e49cf21c4ef874b4073eaef2ede2bfaa6b057ba8aebcb80f67b936,3,1,2,2,2,"BENIGN,PortScan","Thursday-WorkingHours-Afternoon-Infilteration.pcap_ISCX.csv,Friday-WorkingHours-Afternoon-PortScan.pcap_ISCX.csv"
cic_ids2017:raw:e0724071589cfce448dda4fa75150859a5d8d7d35c74435202ccc7523df345ec,3,1,2,2,2,"BENIGN,PortScan","Thursday-WorkingHours-Afternoon-Infilteration.pcap_ISCX.csv,Friday-WorkingHours-Afternoon-PortScan.pcap_ISCX.csv"
cic_ids2017:raw:e1376a99bf1eacf424ac16f12e27803d053e3c2cfc361f5881e6a550e6868e84,3,1,2,2,2,"BENIGN,PortScan","Thursday-WorkingHours-Afternoon-Infilteration.pcap_ISCX.csv,Friday-WorkingHours-Afternoon-PortScan.pcap_ISCX.csv"
cic_ids2017:raw:e421adf69f08684d55a9dfd6d63c573d91982b8c84add48bb6d0cdcf07a3db65,3,1,2,2,2,"BENIGN,PortScan","Thursday-WorkingHours-Afternoon-Infilteration.pcap_ISCX.csv,Friday-WorkingHours-Afternoon-PortScan.pcap_ISCX.csv"
cic_ids2017:raw:e46673c1f29859c37ba0b176f8c2e8f658923e8b321ca992de6f3fadb192b112,3,1,2,2,2,"BENIGN,PortScan","Thursday-WorkingHours-Afternoon-Infilteration.pcap_ISCX.csv,Friday-WorkingHours-Afternoon-PortScan.pcap_ISCX.csv"
cic_ids2017:raw:e58f51880c1f708d8d76a5d105a7458f26ae5f28553abe0e9315676a0f130644,3,1,2,2,2,"BENIGN,PortScan","Thursday-WorkingHours-Afternoon-Infilteration.pcap_ISCX.csv,Friday-WorkingHours-Afternoon-PortScan.pcap_ISCX.csv"
cic_ids2017:raw:e5c0e73b192a44708a57b930ac7c1bdb19a2296407e76f53ff619d9a2a755fea,3,1,2,2,2,"BENIGN,PortScan","Thursday-WorkingHours-Afternoon-Infilteration.pcap_ISCX.csv,Friday-WorkingHours-Afternoon-PortScan.pcap_ISCX.csv"
cic_ids2017:raw:e759554436e78969bc55d699797066b1ee57bb9ca96ea7b48c15d5345d40f978,3,1,2,2,2,"BENIGN,PortScan","Thursday-WorkingHours-Afternoon-Infilteration.pcap_ISCX.csv,Friday-WorkingHours-Afternoon-PortScan.pcap_ISCX.csv"
cic_ids2017:raw:eb19adb914e8c7435d570c1bd5d360ab02701e040b660628fd4d790275b391af,3,1,2,2,2,"BENIGN,PortScan","Thursday-WorkingHours-Afternoon-Infilteration.pcap_ISCX.csv,Friday-WorkingHours-Afternoon-PortScan.pcap_ISCX.csv"
cic_ids2017:raw:eb77a87030b53985e82b2abb75b60014c60a27bd9bbec7a14d3eb886840cbeea,3,1,2,2,2,"BENIGN,PortScan","Thursday-WorkingHours-Afternoon-Infilteration.pcap_ISCX.csv,Friday-WorkingHours-Afternoon-PortScan.pcap_ISCX.csv"
cic_ids2017:raw:ec04d6ffdc314b958620b6ad333d7128b5d7980af8750d3ef24f05d63aa9a268,3,1,2,2,2,"BENIGN,PortScan","Thursday-WorkingHours-Afternoon-Infilteration.pcap_ISCX.csv,Friday-WorkingHours-Afternoon-PortScan.pcap_ISCX.csv"
cic_ids2017:raw:ec2a0041bd60a25e6f2b3d099bf299bcd42e4403773aeb76705631895c22c942,3,1,2,2,2,"BENIGN,PortScan","Thursday-WorkingHours-Afternoon-Infilteration.pcap_ISCX.csv,Friday-WorkingHours-Afternoon-PortScan.pcap_ISCX.csv"
cic_ids2017:raw:ecfb7c83df81624a770d13c61a087638ca92d0ffda99007e7565f0881749d8d8,3,1,2,2,2,"BENIGN,PortScan","Thursday-WorkingHours-Afternoon-Infilteration.pcap_ISCX.csv,Friday-WorkingHours-Afternoon-PortScan.pcap_ISCX.csv"
cic_ids2017:raw:edc842b7f4a16dbc96dd8ab9781cef2d73ba6ce186ba53f0046b6a027666cb70,3,1,2,2,2,"BENIGN,PortScan","Thursday-WorkingHours-Afternoon-Infilteration.pcap_ISCX.csv,Friday-WorkingHours-Afternoon-PortScan.pcap_ISCX.csv"
cic_ids2017:raw:f029ac82d3af9025d8923cdee97fb48f28b543009f98c8c9ba4fdc43b77ee773,3,1,2,2,2,"BENIGN,PortScan","Thursday-WorkingHours-Afternoon-Infilteration.pcap_ISCX.csv,Friday-WorkingHours-Afternoon-PortScan.pcap_ISCX.csv"
cic_ids2017:raw:f0dd85cb47826ae2c4411b7cb965bd12a284e3fd076c146045019b66db1848ea,3,1,2,2,2,"BENIGN,PortScan","Thursday-WorkingHours-Afternoon-Infilteration.pcap_ISCX.csv,Friday-WorkingHours-Afternoon-PortScan.pcap_ISCX.csv"
cic_ids2017:raw:f3198e1689f43e8b56e8cba0497829f638eed40821c16fd0b82e594d9814e23b,3,1,2,2,2,"BENIGN,PortScan","Thursday-WorkingHours-Afternoon-Infilteration.pcap_ISCX.csv,Friday-WorkingHours-Afternoon-PortScan.pcap_ISCX.csv"
cic_ids2017:raw:f3579c6660eeaf0b70d4d3de2070c3c3bb593f0ec0510b2376fef356f179fd83,3,1,2,2,2,"BENIGN,PortScan","Thursday-WorkingHours-Afternoon-Infilteration.pcap_ISCX.csv,Friday-WorkingHours-Afternoon-PortScan.pcap_ISCX.csv"
cic_ids2017:raw:f3f24ead7abd42c617b21f009c47739a8a542085125061169c2a99a31c56b54e,3,1,2,2,2,"BENIGN,PortScan","Thursday-WorkingHours-Afternoon-Infilteration.pcap_ISCX.csv,Friday-WorkingHours-Afternoon-PortScan.pcap_ISCX.csv"
cic_ids2017:raw:f3f2d3355fa2fbf4f2ed284e66479259dc09b0214fd94491bb14f4fe02d766df,3,1,2,2,2,"BENIGN,PortScan","Thursday-WorkingHours-Afternoon-Infilteration.pcap_ISCX.csv,Friday-WorkingHours-Afternoon-PortScan.pcap_ISCX.csv"
cic_ids2017:raw:f43935ed515c6546bbd3f90301eb992961d88b382b9e5616e95d9e5da3a4e371,3,1,2,2,2,"BENIGN,PortScan","Thursday-WorkingHours-Afternoon-Infilteration.pcap_ISCX.csv,Friday-WorkingHours-Afternoon-PortScan.pcap_ISCX.csv"
cic_ids2017:raw:f472840251eae917e582c951abfbe7b5b9b1e8c782f118bc0a7a1b9d514eec2e,3,1,2,2,2,"BENIGN,PortScan","Thursday-WorkingHours-Afternoon-Infilteration.pcap_ISCX.csv,Friday-WorkingHours-Afternoon-PortScan.pcap_ISCX.csv"
cic_ids2017:raw:f4e5a0c31075daaa2c5fc933ca9c05c98dbc7edef000d787c60602e186875d9c,3,1,2,2,2,"BENIGN,PortScan","Thursday-WorkingHours-Afternoon-Infilteration.pcap_ISCX.csv,Friday-WorkingHours-Afternoon-PortScan.pcap_ISCX.csv"
cic_ids2017:raw:f541a51096ffa7326518c00afd90e0310c1a1921f1194c601ec356b9e3b1238b,3,1,2,2,2,"BENIGN,PortScan","Thursday-WorkingHours-Afternoon-Infilteration.pcap_ISCX.csv,Friday-WorkingHours-Afternoon-PortScan.pcap_ISCX.csv"
cic_ids2017:raw:f58fd9ebb4224a118424ea263596d7767f7b24df9bef3e56b5ee7d091cf60b3a,3,1,2,2,2,"BENIGN,DoS Hulk","Thursday-WorkingHours-Afternoon-Infilteration.pcap_ISCX.csv,Wednesday-workingHours.pcap_ISCX.csv"
cic_ids2017:raw:f77fe870c1a2e164033474ed0e689c92ea7536ffcb236b8f13db0eba0ab8ed03,3,1,2,2,2,"BENIGN,PortScan","Thursday-WorkingHours-Afternoon-Infilteration.pcap_ISCX.csv,Friday-WorkingHours-Afternoon-PortScan.pcap_ISCX.csv"
cic_ids2017:raw:f7d301ff2d9042a7b3d7d9c9b68b7ff1aa96fcc1b242694b2449c7ce266762fd,3,1,2,2,2,"BENIGN,PortScan","Thursday-WorkingHours-Afternoon-Infilteration.pcap_ISCX.csv,Friday-WorkingHours-Afternoon-PortScan.pcap_ISCX.csv"
cic_ids2017:raw:f7f829cda4ffd255ffde0f4c78a3088b9c322040fbb7e88d33c9da59a17b7bd4,3,1,2,2,2,"BENIGN,PortScan","Thursday-WorkingHours-Afternoon-Infilteration.pcap_ISCX.csv,Friday-WorkingHours-Afternoon-PortScan.pcap_ISCX.csv"
cic_ids2017:raw:f98ee72145b01b8c032883dd3199246811a8e12b419c2bc796157619e60909cd,3,1,2,2,2,"BENIGN,PortScan","Thursday-WorkingHours-Afternoon-Infilteration.pcap_ISCX.csv,Friday-WorkingHours-Afternoon-PortScan.pcap_ISCX.csv"
cic_ids2017:raw:f9c817e02a273324e5d9d890558f6b68499768393a49fd1a08d413ab6531625a,3,1,2,2,2,"BENIGN,PortScan","Thursday-WorkingHours-Afternoon-Infilteration.pcap_ISCX.csv,Friday-WorkingHours-Afternoon-PortScan.pcap_ISCX.csv"
cic_ids2017:raw:fa8a5715c8ea1267d2250fbbe46f86d2da5a3ff86b177b1b165dca1c2d3ae3c7,3,1,2,2,2,"BENIGN,PortScan","Thursday-WorkingHours-Afternoon-Infilteration.pcap_ISCX.csv,Friday-WorkingHours-Afternoon-PortScan.pcap_ISCX.csv"
cic_ids2017:raw:fae5690ddbfe7f91a4f7c6fbf5deef7730300a7060ea6a5721485937a749c91c,3,1,2,2,2,"BENIGN,PortScan","Thursday-WorkingHours-Afternoon-Infilteration.pcap_ISCX.csv,Friday-WorkingHours-Afternoon-PortScan.pcap_ISCX.csv"
cic_ids2017:raw:fbe83b48ced363f4bb3fb25abe7ae94d95cdb23d6ed14095dc3d050f0a008b46,3,1,2,2,2,"BENIGN,PortScan","Thursday-WorkingHours-Afternoon-Infilteration.pcap_ISCX.csv,Friday-WorkingHours-Afternoon-PortScan.pcap_ISCX.csv"
cic_ids2017:raw:fd211f14419e73ced2cbf61503eab286edb936ed9a3dfbd0223ea6d81eab7f83,3,1,2,2,2,"BENIGN,PortScan","Thursday-WorkingHours-Afternoon-Infilteration.pcap_ISCX.csv,Friday-WorkingHours-Afternoon-PortScan.pcap_ISCX.csv"
cic_ids2017:raw:febeb0e1b58169d65defeffc4e47093c7a6733e32116dc73d5190772d8fb5c79,3,1,2,2,2,"BENIGN,PortScan","Thursday-WorkingHours-Afternoon-Infilteration.pcap_ISCX.csv,Friday-WorkingHours-Afternoon-PortScan.pcap_ISCX.csv"
cic_ids2017:raw:034b7c906ec89d2aa7570fb719c9459d60f72f7ec1240774776fa4d13ba265ab,2,1,1,2,2,"BENIGN,PortScan","Thursday-WorkingHours-Afternoon-Infilteration.pcap_ISCX.csv,Friday-WorkingHours-Afternoon-PortScan.pcap_ISCX.csv"
cic_ids2017:raw:040a71dfc423fd2399ba3a43aa05c155d1dd1899406f8096d18e9cc274246a73,2,1,1,2,2,"BENIGN,PortScan","Thursday-WorkingHours-Afternoon-Infilteration.pcap_ISCX.csv,Friday-WorkingHours-Afternoon-PortScan.pcap_ISCX.csv"
cic_ids2017:raw:055be71dd2f41ebdd2dd6e2ca6cd973eb470eb03bfab32f3313256de956ddd17,2,1,1,2,2,"BENIGN,PortScan","Thursday-WorkingHours-Afternoon-Infilteration.pcap_ISCX.csv,Friday-WorkingHours-Afternoon-PortScan.pcap_ISCX.csv"
cic_ids2017:raw:06d3ba4bdb806d4234ac0de7d85d15cee04012f2fecfc3bf508651801c394ff7,2,1,1,2,2,"BENIGN,PortScan","Thursday-WorkingHours-Afternoon-Infilteration.pcap_ISCX.csv,Friday-WorkingHours-Afternoon-PortScan.pcap_ISCX.csv"
cic_ids2017:raw:08029d6ca3e275258b1ce5e819a9aa767cf0e9b686b9bb691aa6085c14cc9912,2,1,1,2,2,"BENIGN,PortScan","Thursday-WorkingHours-Afternoon-Infilteration.pcap_ISCX.csv,Friday-WorkingHours-Afternoon-PortScan.pcap_ISCX.csv"
cic_ids2017:raw:086bf6c6398646d9226104e5aa263f94409a36b9cedde76defd9b476b8de309a,2,1,1,2,2,"BENIGN,PortScan","Thursday-WorkingHours-Afternoon-Infilteration.pcap_ISCX.csv,Friday-WorkingHours-Afternoon-PortScan.pcap_ISCX.csv"
cic_ids2017:raw:09284e96500ed1b464e41898f78253f8cada49aac8c5a9fb43ff56271f7c6e64,2,1,1,2,2,"BENIGN,PortScan","Thursday-WorkingHours-Afternoon-Infilteration.pcap_ISCX.csv,Friday-WorkingHours-Afternoon-PortScan.pcap_ISCX.csv"
cic_ids2017:raw:096713624d4c5f90e5304a5c1c3ef87c94200925b92207152874a67283f60c87,2,1,1,2,2,"BENIGN,PortScan","Thursday-WorkingHours-Afternoon-Infilteration.pcap_ISCX.csv,Friday-WorkingHours-Afternoon-PortScan.pcap_ISCX.csv"
cic_ids2017:raw:0981d0f64aed849044939fcdc6eb33541d7d703b24398a7c43abce1e9fc938cb,2,1,1,2,2,"BENIGN,PortScan","Thursday-WorkingHours-Afternoon-Infilteration.pcap_ISCX.csv,Friday-WorkingHours-Afternoon-PortScan.pcap_ISCX.csv"
cic_ids2017:raw:0a78ef58508a015fda04b3dc3ca9dc1986b600d615e28047d0d883b5b26aa8dc,2,1,1,2,2,"BENIGN,PortScan","Thursday-WorkingHours-Afternoon-Infilteration.pcap_ISCX.csv,Friday-WorkingHours-Afternoon-PortScan.pcap_ISCX.csv"
cic_ids2017:raw:0b48b09777e0b00b80787bd984806a4789f4314e3787b73284061ccab3ce4d37,2,1,1,2,2,"BENIGN,PortScan","Thursday-WorkingHours-Afternoon-Infilteration.pcap_ISCX.csv,Friday-WorkingHours-Afternoon-PortScan.pcap_ISCX.csv"
cic_ids2017:raw:0b54f680d9826b3d112b60ec4ad9eb6cf1930b728a667d335276045d1811e0c4,2,1,1,2,2,"BENIGN,PortScan","Thursday-WorkingHours-Afternoon-Infilteration.pcap_ISCX.csv,Friday-WorkingHours-Afternoon-PortScan.pcap_ISCX.csv"
cic_ids2017:raw:0b6213f826fddb5d74788518ca96576b29798dbc9fe726555683570c5912b307,2,1,1,2,2,"BENIGN,PortScan","Thursday-WorkingHours-Afternoon-Infilteration.pcap_ISCX.csv,Friday-WorkingHours-Afternoon-PortScan.pcap_ISCX.csv"
cic_ids2017:raw:0c677eaf8e95b17a5965806411323437b042e90aa2f60fd3da3b48aeed744b9c,2,1,1,2,2,"BENIGN,PortScan","Thursday-WorkingHours-Afternoon-Infilteration.pcap_ISCX.csv,Friday-WorkingHours-Afternoon-PortScan.pcap_ISCX.csv"
cic_ids2017:raw:0e31709089616b0ced0eddf3f785f15e710df05c228377b7890df110a9d07f0d,2,1,1,2,2,"BENIGN,PortScan","Thursday-WorkingHours-Afternoon-Infilteration.pcap_ISCX.csv,Friday-WorkingHours-Afternoon-PortScan.pcap_ISCX.csv"
cic_ids2017:raw:0f67929d54015448329c758d23755ed7a994ef688887e86380c64f96563e9d73,2,1,1,2,2,"BENIGN,PortScan","Thursday-WorkingHours-Afternoon-Infilteration.pcap_ISCX.csv,Friday-WorkingHours-Afternoon-PortScan.pcap_ISCX.csv"
cic_ids2017:raw:117474fa1bd6e85a69cf8183cc4c3e6f4065a9f2c344305faa791e66e18a817b,2,1,1,2,2,"BENIGN,PortScan","Thursday-WorkingHours-Afternoon-Infilteration.pcap_ISCX.csv,Friday-WorkingHours-Afternoon-PortScan.pcap_ISCX.csv"
cic_ids2017:raw:11bbb4fa0d3dad4663931fb123dd0c7977f266e4c361a5e054eb02b84d40fcfc,2,1,1,2,2,"BENIGN,PortScan","Thursday-WorkingHours-Afternoon-Infilteration.pcap_ISCX.csv,Friday-WorkingHours-Afternoon-PortScan.pcap_ISCX.csv"
cic_ids2017:raw:120084fcafb916a611678cf9360cb2ae46a553c6ad13f9a78aef7d79a6129735,2,1,1,2,2,"BENIGN,PortScan","Thursday-WorkingHours-Afternoon-Infilteration.pcap_ISCX.csv,Friday-WorkingHours-Afternoon-PortScan.pcap_ISCX.csv"
cic_ids2017:raw:126bf18856efd7415dbb4d94a9b291aa86997e094397aca0fb7507e3d5f9a990,2,1,1,2,2,"BENIGN,PortScan","Thursday-WorkingHours-Afternoon-Infilteration.pcap_ISCX.csv,Friday-WorkingHours-Afternoon-PortScan.pcap_ISCX.csv"
cic_ids2017:raw:13510b7571f5aff975f4ae12714bdef67fd1cb47ca9812740898e974caec3314,2,1,1,2,2,"BENIGN,PortScan","Thursday-WorkingHours-Afternoon-Infilteration.pcap_ISCX.csv,Friday-WorkingHours-Afternoon-PortScan.pcap_ISCX.csv"
cic_ids2017:raw:1368263e0959ecb236c98fa77214762f9d04e468f39640d1f16b998f407f71f6,2,1,1,2,2,"BENIGN,PortScan","Thursday-WorkingHours-Afternoon-Infilteration.pcap_ISCX.csv,Friday-WorkingHours-Afternoon-PortScan.pcap_ISCX.csv"
cic_ids2017:raw:141acfd01794c61b07f829f7a60eeae8f02a18387c0e38199342e4b916ce7773,2,1,1,2,2,"BENIGN,PortScan","Thursday-WorkingHours-Afternoon-Infilteration.pcap_ISCX.csv,Friday-WorkingHours-Afternoon-PortScan.pcap_ISCX.csv"
cic_ids2017:raw:15c01fffbb2fefef2df540f1f3ace53e15c1bbedf8b682e0a63363e36597fd38,2,1,1,2,2,"BENIGN,PortScan","Thursday-WorkingHours-Afternoon-Infilteration.pcap_ISCX.csv,Friday-WorkingHours-Afternoon-PortScan.pcap_ISCX.csv"
cic_ids2017:raw:15f9c841dfdddc69df130dbeca346159f50c71bc380286e6ef60ebd4efa71da8,2,1,1,2,2,"BENIGN,PortScan","Thursday-WorkingHours-Afternoon-Infilteration.pcap_ISCX.csv,Friday-WorkingHours-Afternoon-PortScan.pcap_ISCX.csv"
cic_ids2017:raw:1624abff8ec955de6adc8d2db35e87fbbf2037dc1be0626b1d9758652ecf2a24,2,1,1,2,2,"BENIGN,PortScan","Thursday-WorkingHours-Afternoon-Infilteration.pcap_ISCX.csv,Friday-WorkingHours-Afternoon-PortScan.pcap_ISCX.csv"
cic_ids2017:raw:16d45b7ed2f6530044ff5172a0b963acbab646b0d49c5fe16d5f474f504acf67,2,1,1,2,2,"BENIGN,PortScan","Thursday-WorkingHours-Afternoon-Infilteration.pcap_ISCX.csv,Friday-WorkingHours-Afternoon-PortScan.pcap_ISCX.csv"
cic_ids2017:raw:1737b537d98d52bb8727a73e747dd6d01ac112ac645ad09b46d1968b06c07d9e,2,1,1,2,2,"BENIGN,PortScan","Thursday-WorkingHours-Afternoon-Infilteration.pcap_ISCX.csv,Friday-WorkingHours-Afternoon-PortScan.pcap_ISCX.csv"
cic_ids2017:raw:175e7f98e98780cd2423931f9e8dd9f31075e45952d77af44910bdf9c0571d4a,2,1,1,2,2,"BENIGN,PortScan","Thursday-WorkingHours-Afternoon-Infilteration.pcap_ISCX.csv,Friday-WorkingHours-Afternoon-PortScan.pcap_ISCX.csv"
cic_ids2017:raw:176bf430b63940d56eb4797420c69389cdef0b5e0944d110f1a6cb5027f3abb5,2,1,1,2,2,"BENIGN,DoS Hulk","Tuesday-WorkingHours.pcap_ISCX.csv,Wednesday-workingHours.pcap_ISCX.csv"
cic_ids2017:raw:17a87b990246431a9000ed91ebbeb67c33c31db4e12cf41249a8a99a19593eac,2,1,1,2,2,"BENIGN,PortScan","Thursday-WorkingHours-Afternoon-Infilteration.pcap_ISCX.csv,Friday-WorkingHours-Afternoon-PortScan.pcap_ISCX.csv"
cic_ids2017:raw:17e77c77cdfe53edc454ac7aef6c49333adf8016adf9fef673c3a93038485d48,2,1,1,2,2,"BENIGN,PortScan","Thursday-WorkingHours-Afternoon-Infilteration.pcap_ISCX.csv,Friday-WorkingHours-Afternoon-PortScan.pcap_ISCX.csv"
cic_ids2017:raw:186349085e33f85d7ed429cf5d23b46b1490c4a8661329abd5db8b228d21a4b2,2,1,1,2,2,"BENIGN,PortScan","Thursday-WorkingHours-Afternoon-Infilteration.pcap_ISCX.csv,Friday-WorkingHours-Afternoon-PortScan.pcap_ISCX.csv"
cic_ids2017:raw:196b7f6833bc869c08b3b31d7294c0f567e0611e3e83688b53daaf6e1e941291,2,1,1,2,2,"BENIGN,PortScan","Thursday-WorkingHours-Afternoon-Infilteration.pcap_ISCX.csv,Friday-WorkingHours-Afternoon-PortScan.pcap_ISCX.csv"
cic_ids2017:raw:19eaa76f78013dc95d7f51a25e82dc31f58472c212b5438faf0bd0a2bc02b16e,2,1,1,2,2,"BENIGN,PortScan","Thursday-WorkingHours-Afternoon-Infilteration.pcap_ISCX.csv,Friday-WorkingHours-Afternoon-PortScan.pcap_ISCX.csv"
cic_ids2017:raw:1d939df8058691c1051b71a0829964bbba703598de83fa3c9aa6e2a61ceabbd4,2,1,1,2,2,"BENIGN,PortScan","Thursday-WorkingHours-Afternoon-Infilteration.pcap_ISCX.csv,Friday-WorkingHours-Afternoon-PortScan.pcap_ISCX.csv"
cic_ids2017:raw:1db0958d3eff9dc50fe04a79b465e58d89efb38fe2faa42272af04b2a6da1011,2,1,1,2,2,"BENIGN,PortScan","Thursday-WorkingHours-Afternoon-Infilteration.pcap_ISCX.csv,Friday-WorkingHours-Afternoon-PortScan.pcap_ISCX.csv"
cic_ids2017:raw:1f4181a9ba057ced7442f46d36b9f49a2d9fc451a29fe2b6a0723743675a648b,2,1,1,2,2,"BENIGN,PortScan","Thursday-WorkingHours-Afternoon-Infilteration.pcap_ISCX.csv,Friday-WorkingHours-Afternoon-PortScan.pcap_ISCX.csv"
cic_ids2017:raw:209909d517327a4377be3de1a7cda45cb2d957cf0faf56b18e7a01c77366b77a,2,1,1,2,2,"BENIGN,PortScan","Thursday-WorkingHours-Afternoon-Infilteration.pcap_ISCX.csv,Friday-WorkingHours-Afternoon-PortScan.pcap_ISCX.csv"
cic_ids2017:raw:215e994cd620ad7fdc023044cf927451d2f470500e8b199002e6224fc79ce1c2,2,1,1,2,2,"BENIGN,DoS Hulk","Tuesday-WorkingHours.pcap_ISCX.csv,Wednesday-workingHours.pcap_ISCX.csv"
cic_ids2017:raw:2167bb4db188a3baf22a5806fc39172ff5354449288360dbad8d6a00585fe595,2,1,1,2,2,"BENIGN,PortScan","Thursday-WorkingHours-Afternoon-Infilteration.pcap_ISCX.csv,Friday-WorkingHours-Afternoon-PortScan.pcap_ISCX.csv"
cic_ids2017:raw:21e452bc929abd09ae64b94c042e174f11549a949d8c357024fa59ce3fa44003,2,1,1,2,2,"BENIGN,PortScan","Thursday-WorkingHours-Afternoon-Infilteration.pcap_ISCX.csv,Friday-WorkingHours-Afternoon-PortScan.pcap_ISCX.csv"
cic_ids2017:raw:22f8ff99b2d05e661f3c13792b34dfdf32124cd024ad8f72cb6779864712003c,2,1,1,2,2,"BENIGN,PortScan","Thursday-WorkingHours-Afternoon-Infilteration.pcap_ISCX.csv,Friday-WorkingHours-Afternoon-PortScan.pcap_ISCX.csv"
cic_ids2017:raw:22fe92cc5e169457679fc8c81ebe0608454ba21250e518b979a9b129a7493086,2,1,1,2,2,"BENIGN,PortScan","Thursday-WorkingHours-Afternoon-Infilteration.pcap_ISCX.csv,Friday-WorkingHours-Afternoon-PortScan.pcap_ISCX.csv"
cic_ids2017:raw:231663767ac2d3f9038213441bc0130057de9a255d6cb6a48099f3523366552b,2,1,1,2,2,"BENIGN,PortScan","Thursday-WorkingHours-Afternoon-Infilteration.pcap_ISCX.csv,Friday-WorkingHours-Afternoon-PortScan.pcap_ISCX.csv"
cic_ids2017:raw:26689dae2a5bd4fd49f0ae42ec99fcdfa2a18bda360ed3c2d0e8898f00be9d8f,2,1,1,2,2,"BENIGN,DDoS","Friday-WorkingHours-Morning.pcap_ISCX.csv,Friday-WorkingHours-Afternoon-DDos.pcap_ISCX.csv"
cic_ids2017:raw:27ed3f0b05a52ac601505dce601066ea28e1e78ac9891557c8f19d6d97780625,2,1,1,2,2,"BENIGN,PortScan","Thursday-WorkingHours-Afternoon-Infilteration.pcap_ISCX.csv,Friday-WorkingHours-Afternoon-PortScan.pcap_ISCX.csv"
cic_ids2017:raw:2859ac7174a31fb95c0fb0938306a34725dbe1dc1cd7fbdcfb37fb9aa5550ff6,2,1,1,2,2,"BENIGN,PortScan","Thursday-WorkingHours-Afternoon-Infilteration.pcap_ISCX.csv,Friday-WorkingHours-Afternoon-PortScan.pcap_ISCX.csv"
cic_ids2017:raw:2862c329472f66164b3d13f53bc9d1a6770e04da101f366aed30b113047a7bdb,2,1,1,2,2,"BENIGN,PortScan","Thursday-WorkingHours-Afternoon-Infilteration.pcap_ISCX.csv,Friday-WorkingHours-Afternoon-PortScan.pcap_ISCX.csv"
cic_ids2017:raw:28f325e3886f4ac7c56569feb2a559dc97ea22e4fc63a69fc6bb3c595c8606ab,2,1,1,2,2,"BENIGN,PortScan","Thursday-WorkingHours-Afternoon-Infilteration.pcap_ISCX.csv,Friday-WorkingHours-Afternoon-PortScan.pcap_ISCX.csv"
cic_ids2017:raw:2a30816e4769458a220d853e79ef3cb522a789724cfc7e695fbe706886e06c87,2,1,1,2,2,"BENIGN,PortScan","Thursday-WorkingHours-Afternoon-Infilteration.pcap_ISCX.csv,Friday-WorkingHours-Afternoon-PortScan.pcap_ISCX.csv"
cic_ids2017:raw:2a36726f6743f25099bcd111d11df1259541bbc6efff2917e196b2623e656d42,2,1,1,2,2,"BENIGN,DoS Hulk","Thursday-WorkingHours-Afternoon-Infilteration.pcap_ISCX.csv,Wednesday-workingHours.pcap_ISCX.csv"
cic_ids2017:raw:2b7a912dc292dbfa2231c9e5f9122df8cfd00229e7871f511d9a3b0280bf9445,2,1,1,2,2,"BENIGN,PortScan","Thursday-WorkingHours-Afternoon-Infilteration.pcap_ISCX.csv,Friday-WorkingHours-Afternoon-PortScan.pcap_ISCX.csv"
cic_ids2017:raw:2c0ed9136486b4276c3ae6ce5d9978971453a44c03e366592ccf4efb5f9e60a9,2,1,1,2,2,"BENIGN,PortScan","Thursday-WorkingHours-Afternoon-Infilteration.pcap_ISCX.csv,Friday-WorkingHours-Afternoon-PortScan.pcap_ISCX.csv"
cic_ids2017:raw:2c80d0253d2aa11351940a85b5e9049a3504199d7e833adaea918c155bbd4c67,2,1,1,2,2,"BENIGN,PortScan","Thursday-WorkingHours-Afternoon-Infilteration.pcap_ISCX.csv,Friday-WorkingHours-Afternoon-PortScan.pcap_ISCX.csv"
cic_ids2017:raw:2de69edb6146549ff79e0dc583f4993778f23a6fb8cbc75388dfa8275a01d339,2,1,1,2,2,"BENIGN,PortScan","Thursday-WorkingHours-Afternoon-Infilteration.pcap_ISCX.csv,Friday-WorkingHours-Afternoon-PortScan.pcap_ISCX.csv"
cic_ids2017:raw:2e2df0ac3b92d84a412fa01b31a502f0d175a08800766cfead260968758c1520,2,1,1,2,2,"BENIGN,PortScan","Thursday-WorkingHours-Afternoon-Infilteration.pcap_ISCX.csv,Friday-WorkingHours-Afternoon-PortScan.pcap_ISCX.csv"
cic_ids2017:raw:2e4be07355219ef9bbb1371b1e4d1b987eec0ee890d5068549418ae6fee49924,2,1,1,2,2,"BENIGN,PortScan","Thursday-WorkingHours-Afternoon-Infilteration.pcap_ISCX.csv,Friday-WorkingHours-Afternoon-PortScan.pcap_ISCX.csv"
cic_ids2017:raw:2e7468948b9ec86c8d499f9aa5141f2fadc31145242010bffc054de1ce4a12d5,2,1,1,2,2,"BENIGN,PortScan","Thursday-WorkingHours-Afternoon-Infilteration.pcap_ISCX.csv,Friday-WorkingHours-Afternoon-PortScan.pcap_ISCX.csv"
cic_ids2017:raw:2ea4b51bcb10d10c1cabbbdf8e566d9ca6b3b1dd8d03f1e8ceecd1d6348d36ae,2,1,1,2,2,"BENIGN,PortScan","Thursday-WorkingHours-Afternoon-Infilteration.pcap_ISCX.csv,Friday-WorkingHours-Afternoon-PortScan.pcap_ISCX.csv"
cic_ids2017:raw:2eca6222d476f7132a32a91ba59a31c0e27d8bc25444dc41bc1d79dd4e41a925,2,1,1,2,2,"BENIGN,PortScan","Thursday-WorkingHours-Afternoon-Infilteration.pcap_ISCX.csv,Friday-WorkingHours-Afternoon-PortScan.pcap_ISCX.csv"
cic_ids2017:raw:2eee843764774e4ae3da7838d4ff906c429817ea796d22ee700d6c5ac03a1719,2,1,1,2,2,"BENIGN,PortScan","Thursday-WorkingHours-Afternoon-Infilteration.pcap_ISCX.csv,Friday-WorkingHours-Afternoon-PortScan.pcap_ISCX.csv"
cic_ids2017:raw:2f445c43df4e787458bb55b162d31d4747da65e2aa2e542a89dd073106dfb0f4,2,1,1,2,2,"BENIGN,PortScan","Thursday-WorkingHours-Afternoon-Infilteration.pcap_ISCX.csv,Friday-WorkingHours-Afternoon-PortScan.pcap_ISCX.csv"
cic_ids2017:raw:2f5f4c75986be05e4a78f95fa91ffa39f8b57a2646c56215a56bae4e1d1cb80a,2,1,1,2,2,"BENIGN,PortScan","Thursday-WorkingHours-Afternoon-Infilteration.pcap_ISCX.csv,Friday-WorkingHours-Afternoon-PortScan.pcap_ISCX.csv"
cic_ids2017:raw:2fe8e97d1da4c233cbcfe067f1c898777fcea66ece008ec464bb3620a930bb31,2,1,1,2,2,"BENIGN,PortScan","Thursday-WorkingHours-Afternoon-Infilteration.pcap_ISCX.csv,Friday-WorkingHours-Afternoon-PortScan.pcap_ISCX.csv"
cic_ids2017:raw:30daa74e8bc62971971bf327aa304dc05e944c62b3bdab2cae9bd086c0556589,2,1,1,2,2,"BENIGN,PortScan","Thursday-WorkingHours-Afternoon-Infilteration.pcap_ISCX.csv,Friday-WorkingHours-Afternoon-PortScan.pcap_ISCX.csv"
cic_ids2017:raw:31cdbd75f6784edd78bebc13da97f0958265e213334ec2fbd47679cd7aff78b4,2,1,1,2,2,"BENIGN,PortScan","Thursday-WorkingHours-Afternoon-Infilteration.pcap_ISCX.csv,Friday-WorkingHours-Afternoon-PortScan.pcap_ISCX.csv"
cic_ids2017:raw:31fb5a8596d7293db999d81c4bd4fe988740d70999f7eae3a4d5c9854a8c359b,2,1,1,2,2,"BENIGN,PortScan","Thursday-WorkingHours-Afternoon-Infilteration.pcap_ISCX.csv,Friday-WorkingHours-Afternoon-PortScan.pcap_ISCX.csv"
cic_ids2017:raw:32f37e42825edeb57284754ec04329e095b5a724ba8f3959a36e31b8ba21914f,2,1,1,2,2,"BENIGN,PortScan","Thursday-WorkingHours-Afternoon-Infilteration.pcap_ISCX.csv,Friday-WorkingHours-Afternoon-PortScan.pcap_ISCX.csv"
cic_ids2017:raw:3360cd3a54016de20f0808082b3c16809f1be401538395042f27eac77eb32619,2,1,1,2,2,"BENIGN,PortScan","Thursday-WorkingHours-Afternoon-Infilteration.pcap_ISCX.csv,Friday-WorkingHours-Afternoon-PortScan.pcap_ISCX.csv"
cic_ids2017:raw:341740c29e9d0be8cf45bef7cf3a40f7f9e82fe19f44fb967e5bcf8b4489bf2f,2,1,1,2,2,"BENIGN,PortScan","Thursday-WorkingHours-Afternoon-Infilteration.pcap_ISCX.csv,Friday-WorkingHours-Afternoon-PortScan.pcap_ISCX.csv"
cic_ids2017:raw:346a8566b5e184a44084743f9a05a813f9d3f106835f9f0d32eee62e30332438,2,1,1,2,2,"BENIGN,PortScan","Thursday-WorkingHours-Afternoon-Infilteration.pcap_ISCX.csv,Friday-WorkingHours-Afternoon-PortScan.pcap_ISCX.csv"
cic_ids2017:raw:34902585e47d14a59ac86ce84da3ba58fe38bc53952b375b7df359f50bbd73c0,2,1,1,2,2,"BENIGN,PortScan","Thursday-WorkingHours-Afternoon-Infilteration.pcap_ISCX.csv,Friday-WorkingHours-Afternoon-PortScan.pcap_ISCX.csv"
cic_ids2017:raw:34f25f89abb442ac67e9a9c4cac9527c57935348e83023767d3d9af4fe037d8c,2,1,1,2,2,"BENIGN,DoS Hulk","Friday-WorkingHours-Morning.pcap_ISCX.csv,Wednesday-workingHours.pcap_ISCX.csv"
cic_ids2017:raw:3553f229dd6bfa7005ee4114ddadde3a6bdc58a0e5b1f0956b657f08524f7120,2,1,1,2,2,"BENIGN,PortScan","Thursday-WorkingHours-Afternoon-Infilteration.pcap_ISCX.csv,Friday-WorkingHours-Afternoon-PortScan.pcap_ISCX.csv"
cic_ids2017:raw:355eb412ea8eda2271607a67eff8e93e8c0235e1251f7cc9f0cdde473d7df4a4,2,1,1,2,2,"BENIGN,PortScan","Thursday-WorkingHours-Afternoon-Infilteration.pcap_ISCX.csv,Friday-WorkingHours-Afternoon-PortScan.pcap_ISCX.csv"
cic_ids2017:raw:35fc1eae1929daae63811774b91c20a3c1d3341e2a31c00c341c2174e1cc8a50,2,1,1,2,2,"BENIGN,PortScan","Thursday-WorkingHours-Afternoon-Infilteration.pcap_ISCX.csv,Friday-WorkingHours-Afternoon-PortScan.pcap_ISCX.csv"
cic_ids2017:raw:366ecef74056289eea4d0bd677ff774aa2af5ef0df5e20a5f571b349fe9e89b0,2,1,1,1,2,"BENIGN,DoS Hulk",Wednesday-workingHours.pcap_ISCX.csv
cic_ids2017:raw:3800695c69cb6262a202a56f41bc81db647df12af16121f7f057131a69d4e517,2,1,1,2,2,"BENIGN,PortScan","Thursday-WorkingHours-Afternoon-Infilteration.pcap_ISCX.csv,Friday-WorkingHours-Afternoon-PortScan.pcap_ISCX.csv"
cic_ids2017:raw:3989d5a7fe1ff2bc59aeae1878ca974ec67108f4616cd7902ad2f480c27bbbb3,2,1,1,2,2,"BENIGN,PortScan","Thursday-WorkingHours-Afternoon-Infilteration.pcap_ISCX.csv,Friday-WorkingHours-Afternoon-PortScan.pcap_ISCX.csv"
cic_ids2017:raw:3a8143dd60d47dfbefe9906124382a2b33f44b798a78dadb896f4dab740e8936,2,1,1,2,2,"BENIGN,PortScan","Thursday-WorkingHours-Afternoon-Infilteration.pcap_ISCX.csv,Friday-WorkingHours-Afternoon-PortScan.pcap_ISCX.csv"
cic_ids2017:raw:3b3392d7613f00be8aa7fc20f6347b10a9bb1ebbc5be04ef266e737f7fcbe293,2,1,1,2,2,"BENIGN,PortScan","Thursday-WorkingHours-Afternoon-Infilteration.pcap_ISCX.csv,Friday-WorkingHours-Afternoon-PortScan.pcap_ISCX.csv"
cic_ids2017:raw:3b47e9e4154d4037f0f36c937c3938d6d484282479bbd8bce81b0ce7c62f6dd3,2,1,1,2,2,"BENIGN,PortScan","Thursday-WorkingHours-Afternoon-Infilteration.pcap_ISCX.csv,Friday-WorkingHours-Afternoon-PortScan.pcap_ISCX.csv"
cic_ids2017:raw:3bfc38cd3462d4e3a3d982d2781bb3d4a450a79029cda9cb9ce6d0c29ec2022c,2,1,1,2,2,"BENIGN,PortScan","Thursday-WorkingHours-Afternoon-Infilteration.pcap_ISCX.csv,Friday-WorkingHours-Afternoon-PortScan.pcap_ISCX.csv"
cic_ids2017:raw:3cc393740381bc7b488017e8c37352372e966f125e35e0d3185ebf171cc0c4c0,2,1,1,2,2,"BENIGN,PortScan","Thursday-WorkingHours-Afternoon-Infilteration.pcap_ISCX.csv,Friday-WorkingHours-Afternoon-PortScan.pcap_ISCX.csv"
cic_ids2017:raw:3d032e77c424a70a95e165bc2f737ef85f3ee985cb525a8f77bb82f698e9c785,2,1,1,2,2,"BENIGN,PortScan","Thursday-WorkingHours-Afternoon-Infilteration.pcap_ISCX.csv,Friday-WorkingHours-Afternoon-PortScan.pcap_ISCX.csv"
cic_ids2017:raw:3d55b3a29f28bdfd86c23cddd3d1aea7e9c820c654a672d6dc484fb1316e1ba7,2,1,1,2,2,"BENIGN,PortScan","Thursday-WorkingHours-Afternoon-Infilteration.pcap_ISCX.csv,Friday-WorkingHours-Afternoon-PortScan.pcap_ISCX.csv"
cic_ids2017:raw:3e44491158971d9a1ff6734634202b6299ad550897fe04cbcc1d0b05e3c81df4,2,1,1,2,2,"BENIGN,PortScan","Thursday-WorkingHours-Afternoon-Infilteration.pcap_ISCX.csv,Friday-WorkingHours-Afternoon-PortScan.pcap_ISCX.csv"
cic_ids2017:raw:3e6643507819eb0190084a333c9ef72ce851337b5d8583d75455291c5a56fb69,2,1,1,2,2,"BENIGN,PortScan","Thursday-WorkingHours-Afternoon-Infilteration.pcap_ISCX.csv,Friday-WorkingHours-Afternoon-PortScan.pcap_ISCX.csv"
cic_ids2017:raw:4101bdc90d07b41690e7af973549dc97c8a2fd5f35e287465f1451b691bcf0c8,2,1,1,2,2,"BENIGN,PortScan","Thursday-WorkingHours-Afternoon-Infilteration.pcap_ISCX.csv,Friday-WorkingHours-Afternoon-PortScan.pcap_ISCX.csv"
cic_ids2017:raw:41cce13264bc1d36e56af78045fbdb3253aefc5d99f55601251be8a5b24390d6,2,1,1,2,2,"BENIGN,DoS Hulk","Thursday-WorkingHours-Afternoon-Infilteration.pcap_ISCX.csv,Wednesday-workingHours.pcap_ISCX.csv"
cic_ids2017:raw:42411972aed928e85061e298b2117e97a7092b005a4703827617a04978ec83ed,2,1,1,2,2,"BENIGN,PortScan","Thursday-WorkingHours-Afternoon-Infilteration.pcap_ISCX.csv,Friday-WorkingHours-Afternoon-PortScan.pcap_ISCX.csv"
cic_ids2017:raw:428482cc3b1232a2a39e5ec4a7fb73b17ff7f93d296cf7eb6475a15f75df8065,2,1,1,2,2,"BENIGN,PortScan","Thursday-WorkingHours-Afternoon-Infilteration.pcap_ISCX.csv,Friday-WorkingHours-Afternoon-PortScan.pcap_ISCX.csv"
cic_ids2017:raw:4347ca11b5f4d232992709cbf47ab7a8e4de812b8f7708b1d30770608ebc48cc,2,1,1,2,2,"BENIGN,PortScan","Thursday-WorkingHours-Afternoon-Infilteration.pcap_ISCX.csv,Friday-WorkingHours-Afternoon-PortScan.pcap_ISCX.csv"
cic_ids2017:raw:436949d9412cc66a20573cbf7b454a8b433219363304d5d5be4c93f5078f9dd5,2,1,1,2,2,"BENIGN,PortScan","Thursday-WorkingHours-Afternoon-Infilteration.pcap_ISCX.csv,Friday-WorkingHours-Afternoon-PortScan.pcap_ISCX.csv"
cic_ids2017:raw:446174a890ba80a20461f412af4f3c98adb8ef2a4e9ed6eb6ccdf483a90c434b,2,1,1,2,2,"BENIGN,PortScan","Thursday-WorkingHours-Afternoon-Infilteration.pcap_ISCX.csv,Friday-WorkingHours-Afternoon-PortScan.pcap_ISCX.csv"
cic_ids2017:raw:448b81561063e779ac178ce5622144a646572c7d6f9f3182f20604695551de36,2,1,1,2,2,"BENIGN,PortScan","Thursday-WorkingHours-Afternoon-Infilteration.pcap_ISCX.csv,Friday-WorkingHours-Afternoon-PortScan.pcap_ISCX.csv"
cic_ids2017:raw:44befc4b19b7b278a5606c108ce890f0705a9c9038d2c1675503b64b71ea0b67,2,1,1,1,2,"BENIGN,DoS Hulk",Wednesday-workingHours.pcap_ISCX.csv
cic_ids2017:raw:44cbd4bc41874381fe3d1674fa0aec8a802ecc64dc566102e7d8797d45f67ff5,2,1,1,2,2,"BENIGN,PortScan","Thursday-WorkingHours-Afternoon-Infilteration.pcap_ISCX.csv,Friday-WorkingHours-Afternoon-PortScan.pcap_ISCX.csv"
cic_ids2017:raw:45463270e45713301a62dd3982ec1358d85bd3049463dccc67fd3a5937fa6cd0,2,1,1,2,2,"BENIGN,PortScan","Thursday-WorkingHours-Afternoon-Infilteration.pcap_ISCX.csv,Friday-WorkingHours-Afternoon-PortScan.pcap_ISCX.csv"
cic_ids2017:raw:46c3f9d3fe18a527eb506460426c29d8bb2b62bcf872e36c09621ea6a08a8367,2,1,1,2,2,"BENIGN,PortScan","Thursday-WorkingHours-Afternoon-Infilteration.pcap_ISCX.csv,Friday-WorkingHours-Afternoon-PortScan.pcap_ISCX.csv"
cic_ids2017:raw:4739292557452d9fe9ae622ed9b18c61875ee13fee4d7ea4e6e365e96b6a9c6c,2,1,1,2,2,"BENIGN,PortScan","Thursday-WorkingHours-Afternoon-Infilteration.pcap_ISCX.csv,Friday-WorkingHours-Afternoon-PortScan.pcap_ISCX.csv"
cic_ids2017:raw:479079859172c99155da409750d6fc799ccbd0b903df4711af92cd8e8201e624,2,1,1,2,2,"BENIGN,PortScan","Thursday-WorkingHours-Afternoon-Infilteration.pcap_ISCX.csv,Friday-WorkingHours-Afternoon-PortScan.pcap_ISCX.csv"
cic_ids2017:raw:4901b223c793092000c7ce6a5893393fcaee61e5f4a194a11b730838ca0e75d5,2,1,1,2,2,"BENIGN,PortScan","Thursday-WorkingHours-Afternoon-Infilteration.pcap_ISCX.csv,Friday-WorkingHours-Afternoon-PortScan.pcap_ISCX.csv"
cic_ids2017:raw:4a732dce98ab2079667e21ae1ec75de22c817ceadeea66575743b84eb9d75c58,2,1,1,2,2,"BENIGN,PortScan","Thursday-WorkingHours-Afternoon-Infilteration.pcap_ISCX.csv,Friday-WorkingHours-Afternoon-PortScan.pcap_ISCX.csv"
cic_ids2017:raw:4be6b237634d83fd7acbbd7255b9827ac0a7edcc6b42504e9edc5c029b8fb53e,2,1,1,2,2,"BENIGN,PortScan","Thursday-WorkingHours-Afternoon-Infilteration.pcap_ISCX.csv,Friday-WorkingHours-Afternoon-PortScan.pcap_ISCX.csv"
cic_ids2017:raw:4beed74a36f65e47573a932eabd9f2a089a608f38496d8a6ea81d38c2c898789,2,1,1,2,2,"BENIGN,PortScan","Thursday-WorkingHours-Afternoon-Infilteration.pcap_ISCX.csv,Friday-WorkingHours-Afternoon-PortScan.pcap_ISCX.csv"
cic_ids2017:raw:4e295e2fe11553ee3e99b4fb77cdc71345cbd1fa1bfea147e4f91011adade5a7,2,1,1,2,2,"BENIGN,PortScan","Thursday-WorkingHours-Afternoon-Infilteration.pcap_ISCX.csv,Friday-WorkingHours-Afternoon-PortScan.pcap_ISCX.csv"
cic_ids2017:raw:50048777b31463cb97b89177d77bbde96c0f950008759f602252d815e726e69f,2,1,1,2,2,"BENIGN,PortScan","Thursday-WorkingHours-Afternoon-Infilteration.pcap_ISCX.csv,Friday-WorkingHours-Afternoon-PortScan.pcap_ISCX.csv"
cic_ids2017:raw:5060659ebf0f7eb6e9debe4d4651131711154c76e3fed50e8642bb4ca960a17f,2,1,1,2,2,"BENIGN,PortScan","Thursday-WorkingHours-Afternoon-Infilteration.pcap_ISCX.csv,Friday-WorkingHours-Afternoon-PortScan.pcap_ISCX.csv"
cic_ids2017:raw:509b98d03c56639ef63d6be85ae8f09087f94fb5b1d95f46ff5bed4eab8c2faf,2,1,1,2,2,"BENIGN,PortScan","Thursday-WorkingHours-Afternoon-Infilteration.pcap_ISCX.csv,Friday-WorkingHours-Afternoon-PortScan.pcap_ISCX.csv"
cic_ids2017:raw:521f23d322a87b44bb1403648d7e6a2ca635d8683e7329411877254d29da23c5,2,1,1,2,2,"BENIGN,PortScan","Thursday-WorkingHours-Afternoon-Infilteration.pcap_ISCX.csv,Friday-WorkingHours-Afternoon-PortScan.pcap_ISCX.csv"
cic_ids2017:raw:526785ed7e32055b4ac3ecd4a5bcd8379c64736a272e483479b0604f9b85542e,2,1,1,2,2,"BENIGN,PortScan","Thursday-WorkingHours-Afternoon-Infilteration.pcap_ISCX.csv,Friday-WorkingHours-Afternoon-PortScan.pcap_ISCX.csv"
cic_ids2017:raw:54e238ff3653c652d63fa48436bb1da3b14302660470d3625a59e0dc0cf92fe3,2,1,1,2,2,"BENIGN,PortScan","Thursday-WorkingHours-Afternoon-Infilteration.pcap_ISCX.csv,Friday-WorkingHours-Afternoon-PortScan.pcap_ISCX.csv"
cic_ids2017:raw:568221a978cb7694ea893528f543dc9bb587f78e17fe6b4b9181e0b762503ea3,2,1,1,2,2,"BENIGN,PortScan","Thursday-WorkingHours-Afternoon-Infilteration.pcap_ISCX.csv,Friday-WorkingHours-Afternoon-PortScan.pcap_ISCX.csv"
cic_ids2017:raw:568bc8f4ec8dcba4bd852dc704785aa04f31af71aa727fcf599e0f4d9fc1c231,2,1,1,2,2,"BENIGN,PortScan","Thursday-WorkingHours-Afternoon-Infilteration.pcap_ISCX.csv,Friday-WorkingHours-Afternoon-PortScan.pcap_ISCX.csv"
cic_ids2017:raw:57b36e72c189c0cb176851061296649c5cd03e399219ba947e27a275a346218c,2,1,1,2,2,"BENIGN,PortScan","Thursday-WorkingHours-Afternoon-Infilteration.pcap_ISCX.csv,Friday-WorkingHours-Afternoon-PortScan.pcap_ISCX.csv"
cic_ids2017:raw:57cdb0902de9fd4623d19a8354ea134980e53ee90fba77f369bb1cd69fe43dc7,2,1,1,2,2,"BENIGN,DoS Hulk","Thursday-WorkingHours-Morning-WebAttacks.pcap_ISCX.csv,Wednesday-workingHours.pcap_ISCX.csv"
cic_ids2017:raw:58e349ddb39887abe303c42914961d69c1e91b1c5790945ef09494e0d919b63f,2,1,1,2,2,"BENIGN,PortScan","Thursday-WorkingHours-Afternoon-Infilteration.pcap_ISCX.csv,Friday-WorkingHours-Afternoon-PortScan.pcap_ISCX.csv"
cic_ids2017:raw:5907da5b606535acd206afd775d19a704e93eac417c7b6f8e6feca2a8491d160,2,1,1,2,2,"BENIGN,PortScan","Thursday-WorkingHours-Afternoon-Infilteration.pcap_ISCX.csv,Friday-WorkingHours-Afternoon-PortScan.pcap_ISCX.csv"
cic_ids2017:raw:59a1aa9b1a0d5c242fb6dc3f41f21fcd64d88282df75c2a25e6b4fe7cde312a4,2,1,1,2,2,"BENIGN,PortScan","Thursday-WorkingHours-Afternoon-Infilteration.pcap_ISCX.csv,Friday-WorkingHours-Afternoon-PortScan.pcap_ISCX.csv"
cic_ids2017:raw:5c8fa60dff455f9767ef446e8686dc72db18027836b06e43b553324126301390,2,1,1,2,2,"BENIGN,PortScan","Thursday-WorkingHours-Afternoon-Infilteration.pcap_ISCX.csv,Friday-WorkingHours-Afternoon-PortScan.pcap_ISCX.csv"
cic_ids2017:raw:5d114ff5755f46c5a395a6035c1265b7e0f5b967df0fb11a4deab4644dc43622,2,1,1,2,2,"BENIGN,PortScan","Thursday-WorkingHours-Afternoon-Infilteration.pcap_ISCX.csv,Friday-WorkingHours-Afternoon-PortScan.pcap_ISCX.csv"
cic_ids2017:raw:5db546fc57c48fb4795db722bdf1f3cbc4e0c3d8078978b11885dafd3b245221,2,1,1,2,2,"BENIGN,PortScan","Thursday-WorkingHours-Afternoon-Infilteration.pcap_ISCX.csv,Friday-WorkingHours-Afternoon-PortScan.pcap_ISCX.csv"
cic_ids2017:raw:5e52bd1eae6429b2445df6ff353f50d4cb95856963321a5e3aa99e4ee249b16f,2,1,1,2,2,"BENIGN,PortScan","Thursday-WorkingHours-Afternoon-Infilteration.pcap_ISCX.csv,Friday-WorkingHours-Afternoon-PortScan.pcap_ISCX.csv"
cic_ids2017:raw:600ecb90851e1c3837f7ffefcb4a90f8f64a91b41fedb21feaa3ca70c1c5247b,2,1,1,2,2,"BENIGN,PortScan","Thursday-WorkingHours-Afternoon-Infilteration.pcap_ISCX.csv,Friday-WorkingHours-Afternoon-PortScan.pcap_ISCX.csv"
cic_ids2017:raw:60369f07c738e3d4bc9ec471af57397366c3300a3f6c8b693606475e9c58427a,2,1,1,2,2,"BENIGN,PortScan","Thursday-WorkingHours-Afternoon-Infilteration.pcap_ISCX.csv,Friday-WorkingHours-Afternoon-PortScan.pcap_ISCX.csv"
cic_ids2017:raw:603af4e1f0c8b2ab66b2eab41c9fd707d83d8bfd12154e4736a594df4e292d5e,2,1,1,2,2,"BENIGN,PortScan","Thursday-WorkingHours-Afternoon-Infilteration.pcap_ISCX.csv,Friday-WorkingHours-Afternoon-PortScan.pcap_ISCX.csv"
cic_ids2017:raw:60c1da6ba82c4e42b54805baa75548d02bcb9270ee19d10726f4171e6e76c0e1,2,1,1,2,2,"BENIGN,PortScan","Thursday-WorkingHours-Afternoon-Infilteration.pcap_ISCX.csv,Friday-WorkingHours-Afternoon-PortScan.pcap_ISCX.csv"
cic_ids2017:raw:6207cf40e005367dfde724f49e505c7e2f9243e776580c20468872b24fe57cc2,2,1,1,2,2,"BENIGN,PortScan","Thursday-WorkingHours-Afternoon-Infilteration.pcap_ISCX.csv,Friday-WorkingHours-Afternoon-PortScan.pcap_ISCX.csv"
cic_ids2017:raw:621252179f292f68d2cf9ea7b93c34b530ac291684061088ecf24a7745827ae9,2,1,1,2,2,"BENIGN,PortScan","Thursday-WorkingHours-Afternoon-Infilteration.pcap_ISCX.csv,Friday-WorkingHours-Afternoon-PortScan.pcap_ISCX.csv"
cic_ids2017:raw:621914b01881bacbcba3d1b90e2d050e6dca16373c9e6175cdd649ddd06c792c,2,1,1,2,2,"BENIGN,PortScan","Thursday-WorkingHours-Afternoon-Infilteration.pcap_ISCX.csv,Friday-WorkingHours-Afternoon-PortScan.pcap_ISCX.csv"
cic_ids2017:raw:6270320ff42c4ccca3ebb55ed7e5396956f9bcf1ac3cdb7414add2830b64d5bb,2,1,1,2,2,"BENIGN,PortScan","Thursday-WorkingHours-Afternoon-Infilteration.pcap_ISCX.csv,Friday-WorkingHours-Afternoon-PortScan.pcap_ISCX.csv"
cic_ids2017:raw:628101abbb4a0fdcded4fa03b43afc59e11758647b2d32428d1cfb2109cac341,2,1,1,2,2,"BENIGN,PortScan","Thursday-WorkingHours-Afternoon-Infilteration.pcap_ISCX.csv,Friday-WorkingHours-Afternoon-PortScan.pcap_ISCX.csv"
cic_ids2017:raw:6450f4d32bdcc8febd8e1413664896d76691d05c531482d51b297ba196ffc491,2,1,1,2,2,"BENIGN,PortScan","Thursday-WorkingHours-Afternoon-Infilteration.pcap_ISCX.csv,Friday-WorkingHours-Afternoon-PortScan.pcap_ISCX.csv"
cic_ids2017:raw:64fe6857eebd91384c625be983aac1556ce23311536f719df26cb70fb998bcb5,2,1,1,2,2,"BENIGN,PortScan","Thursday-WorkingHours-Afternoon-Infilteration.pcap_ISCX.csv,Friday-WorkingHours-Afternoon-PortScan.pcap_ISCX.csv"
cic_ids2017:raw:65f80c5909e1c4fd5194185019e710ac79dbbc4775c99066f54c454f0754d46b,2,1,1,2,2,"BENIGN,PortScan","Thursday-WorkingHours-Afternoon-Infilteration.pcap_ISCX.csv,Friday-WorkingHours-Afternoon-PortScan.pcap_ISCX.csv"
cic_ids2017:raw:6655a89e7edbcbda7d406a130ce36367fa01667613993c8a03b842fb4e5ac003,2,1,1,2,2,"BENIGN,PortScan","Thursday-WorkingHours-Afternoon-Infilteration.pcap_ISCX.csv,Friday-WorkingHours-Afternoon-PortScan.pcap_ISCX.csv"
cic_ids2017:raw:6692a44d6ca70c8d963c69f49f8d7b3f6accb241721065dce6eaa2a6190d4192,2,1,1,2,2,"BENIGN,PortScan","Thursday-WorkingHours-Afternoon-Infilteration.pcap_ISCX.csv,Friday-WorkingHours-Afternoon-PortScan.pcap_ISCX.csv"
cic_ids2017:raw:67b7b1badf8991f8a9f83926efad2887b23dcbb1f61ae314a9c8b0278bfd93b9,2,1,1,2,2,"BENIGN,PortScan","Thursday-WorkingHours-Afternoon-Infilteration.pcap_ISCX.csv,Friday-WorkingHours-Afternoon-PortScan.pcap_ISCX.csv"
cic_ids2017:raw:67b7b62406e3c3985fb62f90292aaa938c65e0e01f56b4370fc973ebd92982db,2,1,1,2,2,"BENIGN,PortScan","Thursday-WorkingHours-Afternoon-Infilteration.pcap_ISCX.csv,Friday-WorkingHours-Afternoon-PortScan.pcap_ISCX.csv"
cic_ids2017:raw:68929ee19a3a8c49bee590f7ef97f85bccdbc32c61da7e9b7ceb822445619215,2,1,1,2,2,"BENIGN,PortScan","Thursday-WorkingHours-Afternoon-Infilteration.pcap_ISCX.csv,Friday-WorkingHours-Afternoon-PortScan.pcap_ISCX.csv"
cic_ids2017:raw:6925df8a49a3a46b72e73b3ec4891f3ca0c46df39b4370f9627985af679cb865,2,1,1,2,2,"BENIGN,DoS Hulk","Thursday-WorkingHours-Afternoon-Infilteration.pcap_ISCX.csv,Wednesday-workingHours.pcap_ISCX.csv"
cic_ids2017:raw:6a836ec85fea40155ffa19dc8fdd6984988786cdc90b617f89f201cf9f48dad3,2,1,1,2,2,"BENIGN,PortScan","Thursday-WorkingHours-Afternoon-Infilteration.pcap_ISCX.csv,Friday-WorkingHours-Afternoon-PortScan.pcap_ISCX.csv"
cic_ids2017:raw:6b1ca205151a6c2fbab7c5fe2515aecb7ef3dbc2a53b219fa12d41197459323a,2,1,1,2,2,"BENIGN,PortScan","Thursday-WorkingHours-Afternoon-Infilteration.pcap_ISCX.csv,Friday-WorkingHours-Afternoon-PortScan.pcap_ISCX.csv"
cic_ids2017:raw:6b3deb142d984718b299e402bd291d10d50bcf0ce773c0a497cbeff7e3db308c,2,1,1,2,2,"BENIGN,PortScan","Thursday-WorkingHours-Afternoon-Infilteration.pcap_ISCX.csv,Friday-WorkingHours-Afternoon-PortScan.pcap_ISCX.csv"
cic_ids2017:raw:6b443ff2ae70a2dd67e29447d9cf4d8874cce4eccc7520b35590bf3270f5c07d,2,1,1,2,2,"BENIGN,PortScan","Thursday-WorkingHours-Afternoon-Infilteration.pcap_ISCX.csv,Friday-WorkingHours-Afternoon-PortScan.pcap_ISCX.csv"
cic_ids2017:raw:6b5c566a1cb0d2309e73e2965ee5772e5c45533c7ded9d8bc877c3477aef2b76,2,1,1,2,2,"BENIGN,PortScan","Thursday-WorkingHours-Afternoon-Infilteration.pcap_ISCX.csv,Friday-WorkingHours-Afternoon-PortScan.pcap_ISCX.csv"
cic_ids2017:raw:6c25e9a0f00c450c3a1dc9abc79ab0d15689d99f88e3ab79fade494e562a16fa,2,1,1,2,2,"BENIGN,PortScan","Thursday-WorkingHours-Afternoon-Infilteration.pcap_ISCX.csv,Friday-WorkingHours-Afternoon-PortScan.pcap_ISCX.csv"
cic_ids2017:raw:6cd20faf08fee878138dc30016f93bc6d7927c986a959222dd6d7226f6e939ff,2,1,1,2,2,"BENIGN,PortScan","Thursday-WorkingHours-Afternoon-Infilteration.pcap_ISCX.csv,Friday-WorkingHours-Afternoon-PortScan.pcap_ISCX.csv"
cic_ids2017:raw:6cdfe6e62c0f8a2cce80f09881fa4741e266cda6ad10ca606e2881b46f23ceaa,2,1,1,2,2,"BENIGN,PortScan","Thursday-WorkingHours-Afternoon-Infilteration.pcap_ISCX.csv,Friday-WorkingHours-Afternoon-PortScan.pcap_ISCX.csv"
cic_ids2017:raw:6e8800a67ab56720a7109d042684198063f6719733a270577292d55839b8d151,2,1,1,2,2,"BENIGN,PortScan","Thursday-WorkingHours-Afternoon-Infilteration.pcap_ISCX.csv,Friday-WorkingHours-Afternoon-PortScan.pcap_ISCX.csv"
cic_ids2017:raw:6e896a3b3898699dde2c16483872ea78f4cd9a7a65c7098cd119a009bfb62fe3,2,1,1,2,2,"BENIGN,PortScan","Thursday-WorkingHours-Afternoon-Infilteration.pcap_ISCX.csv,Friday-WorkingHours-Afternoon-PortScan.pcap_ISCX.csv"
cic_ids2017:raw:738040343e8ef725fb789c21a533ef26bad16b6bb7b21c746f4d8a874e91d04c,2,1,1,2,2,"BENIGN,PortScan","Thursday-WorkingHours-Afternoon-Infilteration.pcap_ISCX.csv,Friday-WorkingHours-Afternoon-PortScan.pcap_ISCX.csv"
cic_ids2017:raw:74ed6e169272cdabf51d0fd4cb3ca6919c8588c6ae7a967e3a358dcbb64391b4,2,1,1,2,2,"BENIGN,PortScan","Thursday-WorkingHours-Afternoon-Infilteration.pcap_ISCX.csv,Friday-WorkingHours-Afternoon-PortScan.pcap_ISCX.csv"
cic_ids2017:raw:74f0e04a9a55556554d5cbe543bbeb24bdb143d5c65d0a8c9d1124b02f8668bd,2,1,1,2,2,"BENIGN,PortScan","Thursday-WorkingHours-Afternoon-Infilteration.pcap_ISCX.csv,Friday-WorkingHours-Afternoon-PortScan.pcap_ISCX.csv"
cic_ids2017:raw:7505cb652ea24c14c53e521f23e2d110b96bb4f70d92ae978d19db21609cc8a9,2,1,1,2,2,"BENIGN,DoS Hulk","Thursday-WorkingHours-Afternoon-Infilteration.pcap_ISCX.csv,Wednesday-workingHours.pcap_ISCX.csv"
cic_ids2017:raw:76157a2508ca62e1b6b1455e63059b04e8ad091aa415ffefaa29b7f393086336,2,1,1,2,2,"BENIGN,PortScan","Thursday-WorkingHours-Afternoon-Infilteration.pcap_ISCX.csv,Friday-WorkingHours-Afternoon-PortScan.pcap_ISCX.csv"
cic_ids2017:raw:7662c98fa86246d59ffc4557eb6fad5e77d5ee3e51899956c89207b86d339fc8,2,1,1,2,2,"BENIGN,PortScan","Thursday-WorkingHours-Afternoon-Infilteration.pcap_ISCX.csv,Friday-WorkingHours-Afternoon-PortScan.pcap_ISCX.csv"
cic_ids2017:raw:76d6030c7d5989e46737da1ffc8e8942063978204ecdfd4356eb5200e7af7525,2,1,1,2,2,"BENIGN,PortScan","Thursday-WorkingHours-Afternoon-Infilteration.pcap_ISCX.csv,Friday-WorkingHours-Afternoon-PortScan.pcap_ISCX.csv"
cic_ids2017:raw:770e77f073d5b90d0c3b566a20c60d95fc290508efae7c206bd37ef166e4f08d,2,1,1,2,2,"BENIGN,PortScan","Thursday-WorkingHours-Afternoon-Infilteration.pcap_ISCX.csv,Friday-WorkingHours-Afternoon-PortScan.pcap_ISCX.csv"
cic_ids2017:raw:775b7256dd872ebe6bd5083a045ea9b84ef16e7d998f5685935fc2b9b15b9357,2,1,1,2,2,"BENIGN,PortScan","Thursday-WorkingHours-Afternoon-Infilteration.pcap_ISCX.csv,Friday-WorkingHours-Afternoon-PortScan.pcap_ISCX.csv"
cic_ids2017:raw:77c130a4537b9636f8a7798133454f04399c27f54442af01f49cbc0f715e8a1c,2,1,1,2,2,"BENIGN,PortScan","Thursday-WorkingHours-Afternoon-Infilteration.pcap_ISCX.csv,Friday-WorkingHours-Afternoon-PortScan.pcap_ISCX.csv"
cic_ids2017:raw:77da2f2fe9535b1eb388f24c0d94511e2d04f160d898f93650329ca782c899b6,2,1,1,2,2,"BENIGN,PortScan","Thursday-WorkingHours-Afternoon-Infilteration.pcap_ISCX.csv,Friday-WorkingHours-Afternoon-PortScan.pcap_ISCX.csv"
cic_ids2017:raw:7b11f0f14168643e9a9bda304efcd8754f86739b66b79f12be67e967fdd43e7f,2,1,1,2,2,"BENIGN,PortScan","Thursday-WorkingHours-Afternoon-Infilteration.pcap_ISCX.csv,Friday-WorkingHours-Afternoon-PortScan.pcap_ISCX.csv"
cic_ids2017:raw:7bddec4b8a26fffec1b66c194055c96812f2ba51df332da29f19493e84e5914c,2,1,1,2,2,"BENIGN,PortScan","Thursday-WorkingHours-Afternoon-Infilteration.pcap_ISCX.csv,Friday-WorkingHours-Afternoon-PortScan.pcap_ISCX.csv"
cic_ids2017:raw:7d3bf9bcfd645e509ef12bd2c39b480c1523cb893284299048a3599b3af329cd,2,1,1,2,2,"BENIGN,PortScan","Thursday-WorkingHours-Afternoon-Infilteration.pcap_ISCX.csv,Friday-WorkingHours-Afternoon-PortScan.pcap_ISCX.csv"
cic_ids2017:raw:7e92ee515baaefe5a79b46893ab82b7a7e6dfbf5e83a915613bb8ded2c95ce73,2,1,1,2,2,"BENIGN,DoS Hulk","Monday-WorkingHours.pcap_ISCX.csv,Wednesday-workingHours.pcap_ISCX.csv"
cic_ids2017:raw:7eaa0b5d46b0a0c36d6c5528c31ed5a3e8153d46d3cfe9383e5dedf118876144,2,1,1,2,2,"BENIGN,PortScan","Thursday-WorkingHours-Afternoon-Infilteration.pcap_ISCX.csv,Friday-WorkingHours-Afternoon-PortScan.pcap_ISCX.csv"
cic_ids2017:raw:80ae06651c2786506a33e64ec7f7ca65c516e60cf1e8240a634c1fd2423c7a95,2,1,1,2,2,"BENIGN,PortScan","Thursday-WorkingHours-Afternoon-Infilteration.pcap_ISCX.csv,Friday-WorkingHours-Afternoon-PortScan.pcap_ISCX.csv"
cic_ids2017:raw:812111f5ce5fe840471242424782e177931a77f18952995d9d87c18883f9b9e3,2,1,1,2,2,"BENIGN,PortScan","Thursday-WorkingHours-Afternoon-Infilteration.pcap_ISCX.csv,Friday-WorkingHours-Afternoon-PortScan.pcap_ISCX.csv"
cic_ids2017:raw:8139dd57128804f218178b5659a9f237680dbd32527e4a602329e34c2995b644,2,1,1,2,2,"BENIGN,PortScan","Thursday-WorkingHours-Afternoon-Infilteration.pcap_ISCX.csv,Friday-WorkingHours-Afternoon-PortScan.pcap_ISCX.csv"
cic_ids2017:raw:81702612910a95899653ecedde83180aebac2b213a8f8674ce62c27b208385ea,2,1,1,2,2,"BENIGN,PortScan","Thursday-WorkingHours-Afternoon-Infilteration.pcap_ISCX.csv,Friday-WorkingHours-Afternoon-PortScan.pcap_ISCX.csv"
cic_ids2017:raw:818fe1ff4ccfacf0f0089daa852e16d0ac484a53856832fb6768323ca8d5364a,2,1,1,1,2,"BENIGN,DoS Hulk",Wednesday-workingHours.pcap_ISCX.csv
cic_ids2017:raw:81c742ffd9f8f8f8ce2e01d6e5db149ab929a386da39774b75a2d201a855d8ba,2,1,1,2,2,"BENIGN,PortScan","Thursday-WorkingHours-Afternoon-Infilteration.pcap_ISCX.csv,Friday-WorkingHours-Afternoon-PortScan.pcap_ISCX.csv"
cic_ids2017:raw:82209e2ae6d4dccf7fac27375e4f57abd6fe2e4351174c4dc7ae49dd1b95a1e8,2,1,1,2,2,"BENIGN,PortScan","Thursday-WorkingHours-Afternoon-Infilteration.pcap_ISCX.csv,Friday-WorkingHours-Afternoon-PortScan.pcap_ISCX.csv"
cic_ids2017:raw:823a8c0716bc809eeb28e2f9befc144b49400a662d039d7b2caa2be4f29e8f0f,2,1,1,2,2,"BENIGN,PortScan","Thursday-WorkingHours-Afternoon-Infilteration.pcap_ISCX.csv,Friday-WorkingHours-Afternoon-PortScan.pcap_ISCX.csv"
cic_ids2017:raw:827ebd30ebf755bb54f52db71e0dfc83b58f0d6520cb996723d9bd677f081a25,2,1,1,2,2,"BENIGN,PortScan","Thursday-WorkingHours-Afternoon-Infilteration.pcap_ISCX.csv,Friday-WorkingHours-Afternoon-PortScan.pcap_ISCX.csv"
cic_ids2017:raw:832b87c7afb447257264e563b424198a529b3e91af407b8f655452e3a0b61067,2,1,1,2,2,"BENIGN,PortScan","Thursday-WorkingHours-Afternoon-Infilteration.pcap_ISCX.csv,Friday-WorkingHours-Afternoon-PortScan.pcap_ISCX.csv"
cic_ids2017:raw:83525820d02e961c0e2b3dd7f02db404a73dec0f8f2f71df5a4b90421acb66fc,2,1,1,2,2,"BENIGN,PortScan","Thursday-WorkingHours-Afternoon-Infilteration.pcap_ISCX.csv,Friday-WorkingHours-Afternoon-PortScan.pcap_ISCX.csv"
cic_ids2017:raw:842f5355d1a0333477632107ef7f773e9b4ed6c2a5bf812e220c0762d049e60f,2,1,1,2,2,"BENIGN,PortScan","Thursday-WorkingHours-Afternoon-Infilteration.pcap_ISCX.csv,Friday-WorkingHours-Afternoon-PortScan.pcap_ISCX.csv"
cic_ids2017:raw:84d380e24f050c3bc9bb513a510916741938e96f625103fbb5e98d2f4fd1ed64,2,1,1,2,2,"BENIGN,PortScan","Thursday-WorkingHours-Afternoon-Infilteration.pcap_ISCX.csv,Friday-WorkingHours-Afternoon-PortScan.pcap_ISCX.csv"
cic_ids2017:raw:866dda04fefbf8e7405919bb30029c6668856cf70508af898d7c425ac7e729e8,2,1,1,2,2,"BENIGN,PortScan","Thursday-WorkingHours-Afternoon-Infilteration.pcap_ISCX.csv,Friday-WorkingHours-Afternoon-PortScan.pcap_ISCX.csv"
cic_ids2017:raw:86744ec4b62ee065f39752e1de5c0bd851e92bf5049974baebbfb42df8cad9a2,2,1,1,2,2,"BENIGN,PortScan","Thursday-WorkingHours-Afternoon-Infilteration.pcap_ISCX.csv,Friday-WorkingHours-Afternoon-PortScan.pcap_ISCX.csv"
cic_ids2017:raw:8709e42dd46f4534fb5928bb3ca7ea1985a9a636b9635ab56590548498b26f9d,2,1,1,2,2,"BENIGN,PortScan","Thursday-WorkingHours-Afternoon-Infilteration.pcap_ISCX.csv,Friday-WorkingHours-Afternoon-PortScan.pcap_ISCX.csv"
cic_ids2017:raw:87244ff1d72e4f855b9172c802b33d8c865970179c6e7de6933d25a28f212ebb,2,1,1,2,2,"BENIGN,PortScan","Thursday-WorkingHours-Afternoon-Infilteration.pcap_ISCX.csv,Friday-WorkingHours-Afternoon-PortScan.pcap_ISCX.csv"
cic_ids2017:raw:8af6204a43f023ee5c7d300f616418aa7bbb829570b7d33c23627dbba4154686,2,1,1,2,2,"BENIGN,PortScan","Thursday-WorkingHours-Afternoon-Infilteration.pcap_ISCX.csv,Friday-WorkingHours-Afternoon-PortScan.pcap_ISCX.csv"
cic_ids2017:raw:8b36c728b9b436de9fd9e9368d27937d4e5ba5045d3b41d99de471395ac111a9,2,1,1,2,2,"BENIGN,PortScan","Thursday-WorkingHours-Afternoon-Infilteration.pcap_ISCX.csv,Friday-WorkingHours-Afternoon-PortScan.pcap_ISCX.csv"
cic_ids2017:raw:8b40892adae6535c9409a0bd1f33247ccfa59fefee0152388889fa58c93d70dd,2,1,1,2,2,"BENIGN,PortScan","Thursday-WorkingHours-Afternoon-Infilteration.pcap_ISCX.csv,Friday-WorkingHours-Afternoon-PortScan.pcap_ISCX.csv"
cic_ids2017:raw:8d5cef570d4bb9296c801eac62aa171e8a8e625cbdd34cc7aa6342a1c6ea74c6,2,1,1,2,2,"BENIGN,PortScan","Thursday-WorkingHours-Afternoon-Infilteration.pcap_ISCX.csv,Friday-WorkingHours-Afternoon-PortScan.pcap_ISCX.csv"
cic_ids2017:raw:8e2d6227ff974dcc919c3a214cbcfbc86e7d94e8c37b339e61b542b5867e6761,2,1,1,2,2,"BENIGN,PortScan","Thursday-WorkingHours-Afternoon-Infilteration.pcap_ISCX.csv,Friday-WorkingHours-Afternoon-PortScan.pcap_ISCX.csv"
cic_ids2017:raw:8eaee260f9dbaa6cb962404f53aa42c1dd15eb20f587782557ce25961dd519f3,2,1,1,2,2,"BENIGN,PortScan","Thursday-WorkingHours-Afternoon-Infilteration.pcap_ISCX.csv,Friday-WorkingHours-Afternoon-PortScan.pcap_ISCX.csv"
cic_ids2017:raw:8fa45081119125d97bb990ee05734cb0590bcaa7e221a7a2f890783d5c47b7de,2,1,1,2,2,"BENIGN,PortScan","Thursday-WorkingHours-Afternoon-Infilteration.pcap_ISCX.csv,Friday-WorkingHours-Afternoon-PortScan.pcap_ISCX.csv"
cic_ids2017:raw:901a62c530fec396cec6be8cca505187fe73fde5ff54faaa6e21fad2ba7c5243,2,1,1,2,2,"BENIGN,PortScan","Thursday-WorkingHours-Afternoon-Infilteration.pcap_ISCX.csv,Friday-WorkingHours-Afternoon-PortScan.pcap_ISCX.csv"
cic_ids2017:raw:90be26cd07cca46f713a5200ba8ad5af426f6b2f564ea3c1a103180b648b98a9,2,1,1,2,2,"BENIGN,PortScan","Thursday-WorkingHours-Afternoon-Infilteration.pcap_ISCX.csv,Friday-WorkingHours-Afternoon-PortScan.pcap_ISCX.csv"
cic_ids2017:raw:9174cf52c81809aea3ab4caada79bab50d4eaaa34f58ec82c14e5be3739d3442,2,1,1,2,2,"BENIGN,PortScan","Thursday-WorkingHours-Afternoon-Infilteration.pcap_ISCX.csv,Friday-WorkingHours-Afternoon-PortScan.pcap_ISCX.csv"
cic_ids2017:raw:92d886033c3575b231f61ee270c1606c1767a1af8c47bdfd6825e9157c998f9a,2,1,1,2,2,"BENIGN,PortScan","Thursday-WorkingHours-Afternoon-Infilteration.pcap_ISCX.csv,Friday-WorkingHours-Afternoon-PortScan.pcap_ISCX.csv"
cic_ids2017:raw:931ca6cf4cff92e9fd5256a16648590be0ab74baad90d1652a21725def0c95f2,2,1,1,2,2,"BENIGN,PortScan","Thursday-WorkingHours-Afternoon-Infilteration.pcap_ISCX.csv,Friday-WorkingHours-Afternoon-PortScan.pcap_ISCX.csv"
cic_ids2017:raw:9486e3514f0b7435036d37f95887de910177932fea471c3c4422c49b8a74d5f6,2,1,1,2,2,"BENIGN,PortScan","Thursday-WorkingHours-Afternoon-Infilteration.pcap_ISCX.csv,Friday-WorkingHours-Afternoon-PortScan.pcap_ISCX.csv"
cic_ids2017:raw:94baee3995c0641a083b04906092fc0b47e5778caaac89576a6f0149cb7faec5,2,1,1,2,2,"BENIGN,PortScan","Thursday-WorkingHours-Afternoon-Infilteration.pcap_ISCX.csv,Friday-WorkingHours-Afternoon-PortScan.pcap_ISCX.csv"
cic_ids2017:raw:952a1080dc8c101c87d189c64d8b3e3165b82276baf212fa4ca8e8b10937160a,2,1,1,2,2,"BENIGN,DoS Hulk","Thursday-WorkingHours-Afternoon-Infilteration.pcap_ISCX.csv,Wednesday-workingHours.pcap_ISCX.csv"
cic_ids2017:raw:95e14487a45e393bec2656f6f5291ab36551202110c24cba80f768959e03d499,2,1,1,1,2,"BENIGN,DoS Hulk",Wednesday-workingHours.pcap_ISCX.csv
cic_ids2017:raw:962a85575708fd790f1347b5591176311ff5583d245565b36628d9703f47bbd5,2,1,1,2,2,"BENIGN,PortScan","Thursday-WorkingHours-Afternoon-Infilteration.pcap_ISCX.csv,Friday-WorkingHours-Afternoon-PortScan.pcap_ISCX.csv"
cic_ids2017:raw:96e065ae5e581ac9cf113fb943296378bd2e5c4438b4730e34c26581c7439949,2,1,1,2,2,"BENIGN,PortScan","Thursday-WorkingHours-Afternoon-Infilteration.pcap_ISCX.csv,Friday-WorkingHours-Afternoon-PortScan.pcap_ISCX.csv"
cic_ids2017:raw:98efb7dbf82c74e1379b7ee0c27d832d5bdf165a89e976fb3904d6ead8bee6e7,2,1,1,2,2,"BENIGN,PortScan","Thursday-WorkingHours-Afternoon-Infilteration.pcap_ISCX.csv,Friday-WorkingHours-Afternoon-PortScan.pcap_ISCX.csv"
cic_ids2017:raw:99155195da7e844ad9e2109cca6022c45f277b63dd0911aa9c593f8692773823,2,1,1,2,2,"BENIGN,PortScan","Thursday-WorkingHours-Afternoon-Infilteration.pcap_ISCX.csv,Friday-WorkingHours-Afternoon-PortScan.pcap_ISCX.csv"
cic_ids2017:raw:99b50d4ff38b587d959674e44ddf507158bd10c93f493e4be04bad38b8a256b2,2,1,1,2,2,"BENIGN,PortScan","Thursday-WorkingHours-Afternoon-Infilteration.pcap_ISCX.csv,Friday-WorkingHours-Afternoon-PortScan.pcap_ISCX.csv"
cic_ids2017:raw:99f569daa8da6f241b35738f48af413cb03d3f0110b91a6eb2f9a8060755f301,2,1,1,2,2,"BENIGN,PortScan","Thursday-WorkingHours-Afternoon-Infilteration.pcap_ISCX.csv,Friday-WorkingHours-Afternoon-PortScan.pcap_ISCX.csv"
cic_ids2017:raw:9a760f914700a8943b5dc971caeb8d6487f32595590eff6b16501e87b85d25ca,2,1,1,2,2,"BENIGN,DoS Hulk","Friday-WorkingHours-Morning.pcap_ISCX.csv,Wednesday-workingHours.pcap_ISCX.csv"
cic_ids2017:raw:9b4cc56cf9d9d06d2b1006005f7bae420c7a46f93efc99c57e91b4e9cd790fe5,2,1,1,2,2,"BENIGN,PortScan","Thursday-WorkingHours-Afternoon-Infilteration.pcap_ISCX.csv,Friday-WorkingHours-Afternoon-PortScan.pcap_ISCX.csv"
cic_ids2017:raw:9e976c4d640da0568ae0083c82c745ac0b9138a32a8aab14f7539da6151c63e1,2,1,1,2,2,"BENIGN,PortScan","Thursday-WorkingHours-Afternoon-Infilteration.pcap_ISCX.csv,Friday-WorkingHours-Afternoon-PortScan.pcap_ISCX.csv"
cic_ids2017:raw:9faf20456942a1f2afa75c8f95c58d2f48f796369b8abe228c2466aefb8010f3,2,1,1,2,2,"BENIGN,PortScan","Thursday-WorkingHours-Afternoon-Infilteration.pcap_ISCX.csv,Friday-WorkingHours-Afternoon-PortScan.pcap_ISCX.csv"
cic_ids2017:raw:a01a065013350b72aaeb59213fda2fd0ecb19b0528435b551aad4de79a1eaec8,2,1,1,2,2,"BENIGN,PortScan","Thursday-WorkingHours-Afternoon-Infilteration.pcap_ISCX.csv,Friday-WorkingHours-Afternoon-PortScan.pcap_ISCX.csv"
cic_ids2017:raw:a2275a420d9b25c08c8dcbb43b22c8bc54449b737dd3273acc22a4feb27b426d,2,1,1,2,2,"BENIGN,PortScan","Thursday-WorkingHours-Afternoon-Infilteration.pcap_ISCX.csv,Friday-WorkingHours-Afternoon-PortScan.pcap_ISCX.csv"
cic_ids2017:raw:a2c63ed6270ad066f4e1b68be42f774582a63fb0661828bcb190b5b24c9bb58c,2,1,1,2,2,"BENIGN,PortScan","Thursday-WorkingHours-Afternoon-Infilteration.pcap_ISCX.csv,Friday-WorkingHours-Afternoon-PortScan.pcap_ISCX.csv"
cic_ids2017:raw:a39dcae32f49604899a9dab67c22fc886d270135e76b78eccb579b8c10ec296c,2,1,1,2,2,"BENIGN,PortScan","Thursday-WorkingHours-Afternoon-Infilteration.pcap_ISCX.csv,Friday-WorkingHours-Afternoon-PortScan.pcap_ISCX.csv"
cic_ids2017:raw:a57c6873ed9c950574ef429dab3a967e38b776a28f71ff05392bbb3e9845df04,2,1,1,2,2,"BENIGN,PortScan","Thursday-WorkingHours-Afternoon-Infilteration.pcap_ISCX.csv,Friday-WorkingHours-Afternoon-PortScan.pcap_ISCX.csv"
cic_ids2017:raw:a6076086240d5f72b2c84607ac969c975b8075347f41fa13476095e2da35733f,2,1,1,1,2,"BENIGN,DoS Hulk",Wednesday-workingHours.pcap_ISCX.csv
cic_ids2017:raw:a62a7c732025776bef4d5c0fb31ba682a2d515311d2fc860e5d804a00a6b0856,2,1,1,2,2,"BENIGN,PortScan","Thursday-WorkingHours-Afternoon-Infilteration.pcap_ISCX.csv,Friday-WorkingHours-Afternoon-PortScan.pcap_ISCX.csv"
cic_ids2017:raw:a64a949b6970f63c1176f576e0bfada295f324a24e2418521f734da6b8990a8e,2,1,1,2,2,"BENIGN,PortScan","Thursday-WorkingHours-Afternoon-Infilteration.pcap_ISCX.csv,Friday-WorkingHours-Afternoon-PortScan.pcap_ISCX.csv"
cic_ids2017:raw:a829dd3a493b821c19002a606848ef4fce0aa8f43c2c608467839b25f626f238,2,1,1,2,2,"BENIGN,PortScan","Thursday-WorkingHours-Afternoon-Infilteration.pcap_ISCX.csv,Friday-WorkingHours-Afternoon-PortScan.pcap_ISCX.csv"
cic_ids2017:raw:a85da179cd576b81e7e7aeca97215f14f505979d434eb93014f6cceee980d890,2,1,1,2,2,"BENIGN,PortScan","Thursday-WorkingHours-Afternoon-Infilteration.pcap_ISCX.csv,Friday-WorkingHours-Afternoon-PortScan.pcap_ISCX.csv"
cic_ids2017:raw:a8cdc699d04a459df9acadac16afaddb441998c8cd37e23bde2743667d65b7ae,2,1,1,2,2,"BENIGN,PortScan","Thursday-WorkingHours-Afternoon-Infilteration.pcap_ISCX.csv,Friday-WorkingHours-Afternoon-PortScan.pcap_ISCX.csv"
cic_ids2017:raw:aab49ad85ca62d615596e6de9c822aa6828988b6a6316fcfdf6459184f6ac09a,2,1,1,2,2,"BENIGN,DoS Hulk","Thursday-WorkingHours-Afternoon-Infilteration.pcap_ISCX.csv,Wednesday-workingHours.pcap_ISCX.csv"
cic_ids2017:raw:aac1b36ee077ec1dcbe9b5f870377e184dab174ee778298b43d2ba43403a0435,2,1,1,2,2,"BENIGN,PortScan","Thursday-WorkingHours-Afternoon-Infilteration.pcap_ISCX.csv,Friday-WorkingHours-Afternoon-PortScan.pcap_ISCX.csv"
cic_ids2017:raw:aacc4fe10bd6f0046232ed2cf531f306abc7ffa757aafba63ae633d7fd6bec43,2,1,1,2,2,"BENIGN,PortScan","Thursday-WorkingHours-Afternoon-Infilteration.pcap_ISCX.csv,Friday-WorkingHours-Afternoon-PortScan.pcap_ISCX.csv"
cic_ids2017:raw:aafb5479399152cd37f021a648aa02c4c7fa58fcfa553b25c6cf151fcc2c7ba2,2,1,1,2,2,"BENIGN,PortScan","Thursday-WorkingHours-Afternoon-Infilteration.pcap_ISCX.csv,Friday-WorkingHours-Afternoon-PortScan.pcap_ISCX.csv"
cic_ids2017:raw:aba610a0e1bcd22ef124facdbb3cf37c39383f771dfd82422f8cfacc8281e58a,2,1,1,2,2,"BENIGN,PortScan","Thursday-WorkingHours-Afternoon-Infilteration.pcap_ISCX.csv,Friday-WorkingHours-Afternoon-PortScan.pcap_ISCX.csv"
cic_ids2017:raw:ac07484958a6a19cb656553de1375d07fabe1551586722afdda01b8f87eea80b,2,1,1,2,2,"BENIGN,PortScan","Thursday-WorkingHours-Afternoon-Infilteration.pcap_ISCX.csv,Friday-WorkingHours-Afternoon-PortScan.pcap_ISCX.csv"
cic_ids2017:raw:ac55fc3ce146614c07e94982365039eb4be788fd891e97ce5a2fcfcdd3342ba0,2,1,1,2,2,"BENIGN,PortScan","Thursday-WorkingHours-Afternoon-Infilteration.pcap_ISCX.csv,Friday-WorkingHours-Afternoon-PortScan.pcap_ISCX.csv"
cic_ids2017:raw:b0688c41d6cd77d10983949b05a84c5ae5f9dc60771157bd5f339b4de945ee33,2,1,1,2,2,"BENIGN,DoS Hulk","Thursday-WorkingHours-Afternoon-Infilteration.pcap_ISCX.csv,Wednesday-workingHours.pcap_ISCX.csv"
cic_ids2017:raw:b1b0291b57032ec1d62cea1b385d72a40cd6fe4be82b839ca6ce6026160e6cb3,2,1,1,2,2,"BENIGN,PortScan","Thursday-WorkingHours-Afternoon-Infilteration.pcap_ISCX.csv,Friday-WorkingHours-Afternoon-PortScan.pcap_ISCX.csv"
cic_ids2017:raw:b43654d94a51e024ca1320d0bdc56bcba349879f64dc192b8943cbd9e7995520,2,1,1,2,2,"BENIGN,PortScan","Thursday-WorkingHours-Afternoon-Infilteration.pcap_ISCX.csv,Friday-WorkingHours-Afternoon-PortScan.pcap_ISCX.csv"
cic_ids2017:raw:b4434167c36d8e8705b5694e696ef9c15b1e099c6e9ec427f9e2653ae695bb10,2,1,1,2,2,"BENIGN,PortScan","Thursday-WorkingHours-Afternoon-Infilteration.pcap_ISCX.csv,Friday-WorkingHours-Afternoon-PortScan.pcap_ISCX.csv"
cic_ids2017:raw:b525814169dba144c0db0f43ca380db5e2ff9dbc463d3e03c86bbbef8c0a62e1,2,1,1,2,2,"BENIGN,PortScan","Thursday-WorkingHours-Afternoon-Infilteration.pcap_ISCX.csv,Friday-WorkingHours-Afternoon-PortScan.pcap_ISCX.csv"
cic_ids2017:raw:b5c49e2e1ce395ca54997ab69761c0ed5200edcf5009f44a4b61cab4225d8509,2,1,1,2,2,"BENIGN,PortScan","Thursday-WorkingHours-Afternoon-Infilteration.pcap_ISCX.csv,Friday-WorkingHours-Afternoon-PortScan.pcap_ISCX.csv"
cic_ids2017:raw:b6e83ffdeb5a1aab838b833c68655b7659b65f7a7b2395b52de49c61a8499c70,2,1,1,1,2,"BENIGN,DoS Hulk",Wednesday-workingHours.pcap_ISCX.csv
cic_ids2017:raw:b6ee471f605f2a65b3aafe05f5c527eb87ffffe41908ac6b1ec9ba5bfe9766a1,2,1,1,2,2,"BENIGN,PortScan","Thursday-WorkingHours-Afternoon-Infilteration.pcap_ISCX.csv,Friday-WorkingHours-Afternoon-PortScan.pcap_ISCX.csv"
cic_ids2017:raw:ba8d3df1b6074745f39c264f1cbbea2b1ab129544e386097d86512159c9812d1,2,1,1,2,2,"BENIGN,PortScan","Thursday-WorkingHours-Afternoon-Infilteration.pcap_ISCX.csv,Friday-WorkingHours-Afternoon-PortScan.pcap_ISCX.csv"
cic_ids2017:raw:bacf894f8a6c9ac06756488247761a3aa1af3cb788a339edd19f773e027d10e6,2,1,1,2,2,"BENIGN,PortScan","Thursday-WorkingHours-Afternoon-Infilteration.pcap_ISCX.csv,Friday-WorkingHours-Afternoon-PortScan.pcap_ISCX.csv"
cic_ids2017:raw:bba05029789f88a7680a18c81b739970267aa482ce691a4b70f856553675097f,2,1,1,2,2,"BENIGN,PortScan","Thursday-WorkingHours-Afternoon-Infilteration.pcap_ISCX.csv,Friday-WorkingHours-Afternoon-PortScan.pcap_ISCX.csv"
cic_ids2017:raw:bcbdb96bc1e9b8efacff731b053c770b4d9972a61f211ca2ae8a254e5a82aa23,2,1,1,2,2,"BENIGN,PortScan","Thursday-WorkingHours-Afternoon-Infilteration.pcap_ISCX.csv,Friday-WorkingHours-Afternoon-PortScan.pcap_ISCX.csv"
cic_ids2017:raw:bccc9d01921e4f8226aaf4332b35017cb15dfb85a717726bb41834e44eaab649,2,1,1,2,2,"BENIGN,PortScan","Thursday-WorkingHours-Afternoon-Infilteration.pcap_ISCX.csv,Friday-WorkingHours-Afternoon-PortScan.pcap_ISCX.csv"
cic_ids2017:raw:bd1973e4f7d323800da344da10900f4b7eea5c39149015153687abe499646c8c,2,1,1,2,2,"BENIGN,PortScan","Thursday-WorkingHours-Afternoon-Infilteration.pcap_ISCX.csv,Friday-WorkingHours-Afternoon-PortScan.pcap_ISCX.csv"
cic_ids2017:raw:bd51d0be7768ea1e5f3ca05a786c528a75e9940de347eb104b17635937ed68bf,2,1,1,2,2,"BENIGN,PortScan","Thursday-WorkingHours-Afternoon-Infilteration.pcap_ISCX.csv,Friday-WorkingHours-Afternoon-PortScan.pcap_ISCX.csv"
cic_ids2017:raw:bdf0bcd7addad6336ac00990415554c856875cc36e9c287ab9cf98a9763cee3a,2,1,1,2,2,"BENIGN,PortScan","Thursday-WorkingHours-Afternoon-Infilteration.pcap_ISCX.csv,Friday-WorkingHours-Afternoon-PortScan.pcap_ISCX.csv"
cic_ids2017:raw:bdf909567cdcd4d6b98f1aa1606e5bdcaa6ff39f3d619220bd0918c9dfcd6b1d,2,1,1,2,2,"BENIGN,PortScan","Thursday-WorkingHours-Afternoon-Infilteration.pcap_ISCX.csv,Friday-WorkingHours-Afternoon-PortScan.pcap_ISCX.csv"
cic_ids2017:raw:c035482693b343e5e6a6b1575f1e7fd527e3a0753761fe243cedb2aab591df5e,2,1,1,2,2,"BENIGN,PortScan","Thursday-WorkingHours-Afternoon-Infilteration.pcap_ISCX.csv,Friday-WorkingHours-Afternoon-PortScan.pcap_ISCX.csv"
cic_ids2017:raw:c06325a716cae54f18e56d2af997beb7bdd62fc3db6f0402a2158b403750e248,2,1,1,2,2,"BENIGN,PortScan","Thursday-WorkingHours-Afternoon-Infilteration.pcap_ISCX.csv,Friday-WorkingHours-Afternoon-PortScan.pcap_ISCX.csv"
cic_ids2017:raw:c0baf3003739703b8c6c380f80ae2a19310ecf16181cc5d83a13d38e87d0551a,2,1,1,2,2,"BENIGN,PortScan","Thursday-WorkingHours-Afternoon-Infilteration.pcap_ISCX.csv,Friday-WorkingHours-Afternoon-PortScan.pcap_ISCX.csv"
cic_ids2017:raw:c1511306e8ea0c556db23a4dcbac2859f3a5e57491067f923f6fdd5302073771,2,1,1,2,2,"BENIGN,PortScan","Thursday-WorkingHours-Afternoon-Infilteration.pcap_ISCX.csv,Friday-WorkingHours-Afternoon-PortScan.pcap_ISCX.csv"
cic_ids2017:raw:c229fcae40510df527b2b49b7569e1058325561e4f5ffbba17fe655c8afb94bd,2,1,1,2,2,"BENIGN,PortScan","Thursday-WorkingHours-Afternoon-Infilteration.pcap_ISCX.csv,Friday-WorkingHours-Afternoon-PortScan.pcap_ISCX.csv"
cic_ids2017:raw:c4b5d1bf75e1cc6bf4171d961bc54fb13d96c00acfccdaa057ba9f83c74cb75b,2,1,1,2,2,"BENIGN,PortScan","Thursday-WorkingHours-Afternoon-Infilteration.pcap_ISCX.csv,Friday-WorkingHours-Afternoon-PortScan.pcap_ISCX.csv"
cic_ids2017:raw:c56b48d9d2579a87d247093a46298810dd2ee14144345d67e9189b3c68448bad,2,1,1,2,2,"BENIGN,DoS Hulk","Thursday-WorkingHours-Morning-WebAttacks.pcap_ISCX.csv,Wednesday-workingHours.pcap_ISCX.csv"
cic_ids2017:raw:c75362cbf3d26634614d8ad81c8c61c182a6fd8a526e41da50ea8ee7cc9065bb,2,1,1,2,2,"BENIGN,PortScan","Thursday-WorkingHours-Afternoon-Infilteration.pcap_ISCX.csv,Friday-WorkingHours-Afternoon-PortScan.pcap_ISCX.csv"
cic_ids2017:raw:c8be2454ee546989852999ecca5f30e9261e03d682c78247b0e3e24b9177684f,2,1,1,2,2,"BENIGN,PortScan","Thursday-WorkingHours-Afternoon-Infilteration.pcap_ISCX.csv,Friday-WorkingHours-Afternoon-PortScan.pcap_ISCX.csv"
cic_ids2017:raw:c9e535b4e4eff6a7184b8b5071682b53470038353bb59866b556e734476e4e81,2,1,1,1,2,"BENIGN,DoS Hulk",Wednesday-workingHours.pcap_ISCX.csv
cic_ids2017:raw:cb949be9e7ca3d849bcebe0e7b17495e4516c8a6c19d8a830f732ba4343e1dcc,2,1,1,2,2,"BENIGN,PortScan","Thursday-WorkingHours-Afternoon-Infilteration.pcap_ISCX.csv,Friday-WorkingHours-Afternoon-PortScan.pcap_ISCX.csv"
cic_ids2017:raw:cc61f8427dd909b946b0d37e7b6b9957717eadd8cbf7e3b6614749a737c8fcc6,2,1,1,2,2,"BENIGN,PortScan","Thursday-WorkingHours-Afternoon-Infilteration.pcap_ISCX.csv,Friday-WorkingHours-Afternoon-PortScan.pcap_ISCX.csv"
cic_ids2017:raw:cd4563529ec4e1b44fc4fa8e1ebbfb37c9194b76f0fe41fc0e6a7c119043eb7e,2,1,1,2,2,"BENIGN,PortScan","Thursday-WorkingHours-Afternoon-Infilteration.pcap_ISCX.csv,Friday-WorkingHours-Afternoon-PortScan.pcap_ISCX.csv"
cic_ids2017:raw:cdd93652622ae5f3765ffbc22eb1b019ea2eeb4fb6c943f2fa6eeb8e1e940fa5,2,1,1,2,2,"BENIGN,PortScan","Thursday-WorkingHours-Afternoon-Infilteration.pcap_ISCX.csv,Friday-WorkingHours-Afternoon-PortScan.pcap_ISCX.csv"
cic_ids2017:raw:ced826ca315742f9da668b625501df8376ae7870444eb296523e8419c81915ff,2,1,1,2,2,"BENIGN,PortScan","Thursday-WorkingHours-Afternoon-Infilteration.pcap_ISCX.csv,Friday-WorkingHours-Afternoon-PortScan.pcap_ISCX.csv"
cic_ids2017:raw:cfaada312819a87d654e04225fc0ffc623b1f39d3fa20f52181ed50f786c4c31,2,1,1,2,2,"BENIGN,PortScan","Thursday-WorkingHours-Afternoon-Infilteration.pcap_ISCX.csv,Friday-WorkingHours-Afternoon-PortScan.pcap_ISCX.csv"
cic_ids2017:raw:d07ef731bf922bc40d1c0e55bf8932c007ce589ba1f803246db7be614b2fb21a,2,1,1,2,2,"BENIGN,PortScan","Thursday-WorkingHours-Afternoon-Infilteration.pcap_ISCX.csv,Friday-WorkingHours-Afternoon-PortScan.pcap_ISCX.csv"
cic_ids2017:raw:d0baf26e155c0c48103da550fcd89bbb69ec109be24d4ee4ea1ac763d753cfca,2,1,1,2,2,"BENIGN,PortScan","Thursday-WorkingHours-Afternoon-Infilteration.pcap_ISCX.csv,Friday-WorkingHours-Afternoon-PortScan.pcap_ISCX.csv"
cic_ids2017:raw:d1011c4ecdfc5dcab788bdc9ca6cf20515f2ff952ed2712167432b9af6987f4f,2,1,1,2,2,"BENIGN,PortScan","Thursday-WorkingHours-Afternoon-Infilteration.pcap_ISCX.csv,Friday-WorkingHours-Afternoon-PortScan.pcap_ISCX.csv"
cic_ids2017:raw:d1527a1c945151f1e539bd192369e73d4dfc52f95bb9213a14191b4aa7ef8fe5,2,1,1,2,2,"BENIGN,PortScan","Thursday-WorkingHours-Afternoon-Infilteration.pcap_ISCX.csv,Friday-WorkingHours-Afternoon-PortScan.pcap_ISCX.csv"
cic_ids2017:raw:d1eb664f97adf134bb7d000bb65d2a73dc89fda172e59233edbe6d4929b933a5,2,1,1,2,2,"BENIGN,PortScan","Thursday-WorkingHours-Afternoon-Infilteration.pcap_ISCX.csv,Friday-WorkingHours-Afternoon-PortScan.pcap_ISCX.csv"
cic_ids2017:raw:d28e27c6fa083b6c4ed4333410be0a3f5e306ad27e1dd95b08068f93c01c7c40,2,1,1,2,2,"BENIGN,PortScan","Thursday-WorkingHours-Afternoon-Infilteration.pcap_ISCX.csv,Friday-WorkingHours-Afternoon-PortScan.pcap_ISCX.csv"
cic_ids2017:raw:d2fb6be4b2f0413c4587e2db90dde6a304edf49831c067843d6b72130f620194,2,1,1,2,2,"BENIGN,DDoS","Thursday-WorkingHours-Morning-WebAttacks.pcap_ISCX.csv,Friday-WorkingHours-Afternoon-DDos.pcap_ISCX.csv"
cic_ids2017:raw:d456675490b11a1e29edae1146b623e97da12d0dd40a7ede2513c7fbdf8e3bdd,2,1,1,2,2,"BENIGN,PortScan","Thursday-WorkingHours-Afternoon-Infilteration.pcap_ISCX.csv,Friday-WorkingHours-Afternoon-PortScan.pcap_ISCX.csv"
cic_ids2017:raw:d4e2555ca27f86028522ece66dd40ed759bede5b675b8da8cbb915600c501f49,2,1,1,2,2,"BENIGN,PortScan","Thursday-WorkingHours-Afternoon-Infilteration.pcap_ISCX.csv,Friday-WorkingHours-Afternoon-PortScan.pcap_ISCX.csv"
cic_ids2017:raw:d5a0ce8860724eef073c0fa1243d68982429dc7c296d4805c70c6a57c600f18b,2,1,1,2,2,"BENIGN,PortScan","Thursday-WorkingHours-Afternoon-Infilteration.pcap_ISCX.csv,Friday-WorkingHours-Afternoon-PortScan.pcap_ISCX.csv"
cic_ids2017:raw:d68ed85004726a6ec80ec658c0d53d483a62a81161dc02deffb8fc2fa5713bfb,2,1,1,2,2,"BENIGN,PortScan","Thursday-WorkingHours-Afternoon-Infilteration.pcap_ISCX.csv,Friday-WorkingHours-Afternoon-PortScan.pcap_ISCX.csv"
cic_ids2017:raw:d6b9e17dd465146413856b3de4300866b1c813e0669379b81c29aeb0a753c32e,2,1,1,2,2,"BENIGN,PortScan","Thursday-WorkingHours-Afternoon-Infilteration.pcap_ISCX.csv,Friday-WorkingHours-Afternoon-PortScan.pcap_ISCX.csv"
cic_ids2017:raw:d6fdd07d59f9c10979c2b4ca5fde5c5d778b32b66c9fa75843035b06b28a9546,2,1,1,2,2,"BENIGN,PortScan","Thursday-WorkingHours-Afternoon-Infilteration.pcap_ISCX.csv,Friday-WorkingHours-Afternoon-PortScan.pcap_ISCX.csv"
cic_ids2017:raw:d765357a0db3ee3e1f681449ea2dbaffea9510250782b227d08d15d8501e8b82,2,1,1,2,2,"BENIGN,PortScan","Thursday-WorkingHours-Afternoon-Infilteration.pcap_ISCX.csv,Friday-WorkingHours-Afternoon-PortScan.pcap_ISCX.csv"
cic_ids2017:raw:d8697908e11c27c077c4158f224b6c3b24a51293eed4f8c016a3786612fd5a6f,2,1,1,2,2,"BENIGN,PortScan","Thursday-WorkingHours-Afternoon-Infilteration.pcap_ISCX.csv,Friday-WorkingHours-Afternoon-PortScan.pcap_ISCX.csv"
cic_ids2017:raw:d8a773256103a0b25255885a3d6f1af880a419d7431f7cab37588fca5a10a971,2,1,1,2,2,"BENIGN,PortScan","Thursday-WorkingHours-Afternoon-Infilteration.pcap_ISCX.csv,Friday-WorkingHours-Afternoon-PortScan.pcap_ISCX.csv"
cic_ids2017:raw:da05ae046d9d7372ed9b85f01f0cb9368b73d151eb3489be8b8b7ad52fa2c241,2,1,1,2,2,"BENIGN,PortScan","Thursday-WorkingHours-Afternoon-Infilteration.pcap_ISCX.csv,Friday-WorkingHours-Afternoon-PortScan.pcap_ISCX.csv"
cic_ids2017:raw:da3c948d7041c522b46a45601c406456bf3b0413832db559b5c9de4bd0912675,2,1,1,2,2,"BENIGN,PortScan","Thursday-WorkingHours-Afternoon-Infilteration.pcap_ISCX.csv,Friday-WorkingHours-Afternoon-PortScan.pcap_ISCX.csv"
cic_ids2017:raw:de2a16f4787c55804366de46dc23dba7f99aab6a2579950c9047a7a2965624b1,2,1,1,2,2,"BENIGN,PortScan","Thursday-WorkingHours-Afternoon-Infilteration.pcap_ISCX.csv,Friday-WorkingHours-Afternoon-PortScan.pcap_ISCX.csv"
cic_ids2017:raw:df805566604a01398a82891a88533bdf627f05d4e2c59fcdaf1ae65a793d82d3,2,1,1,2,2,"BENIGN,PortScan","Thursday-WorkingHours-Afternoon-Infilteration.pcap_ISCX.csv,Friday-WorkingHours-Afternoon-PortScan.pcap_ISCX.csv"
cic_ids2017:raw:e0b3c1af32b8d555a3606caedce5fbe23cd34321af285432b3225618592133f4,2,1,1,2,2,"BENIGN,PortScan","Thursday-WorkingHours-Afternoon-Infilteration.pcap_ISCX.csv,Friday-WorkingHours-Afternoon-PortScan.pcap_ISCX.csv"
cic_ids2017:raw:e2a96b015f520afbcaa80b06b39bd9f3fc294d9cce763abe0d114465fe186d76,2,1,1,2,2,"BENIGN,PortScan","Thursday-WorkingHours-Afternoon-Infilteration.pcap_ISCX.csv,Friday-WorkingHours-Afternoon-PortScan.pcap_ISCX.csv"
cic_ids2017:raw:e36d5cd7c4c652953f18053896a3b24861473cdb57e62277164f9edc69c7da3e,2,1,1,2,2,"BENIGN,PortScan","Thursday-WorkingHours-Afternoon-Infilteration.pcap_ISCX.csv,Friday-WorkingHours-Afternoon-PortScan.pcap_ISCX.csv"
cic_ids2017:raw:e45e1808ef8a90efe762e05ef3bc93ac56f88dd9f8ebd089e45454eb4a1eb654,2,1,1,2,2,"BENIGN,DoS Hulk","Thursday-WorkingHours-Afternoon-Infilteration.pcap_ISCX.csv,Wednesday-workingHours.pcap_ISCX.csv"
cic_ids2017:raw:e4dc93a9a396c73db72b28c3254c437839b487f3a93aa75cb0f2636c80646c07,2,1,1,2,2,"BENIGN,PortScan","Thursday-WorkingHours-Afternoon-Infilteration.pcap_ISCX.csv,Friday-WorkingHours-Afternoon-PortScan.pcap_ISCX.csv"
cic_ids2017:raw:e58106087f7ce13ba8a9f510234e43707cfda4e956b9dadf74034be263138030,2,1,1,2,2,"BENIGN,PortScan","Thursday-WorkingHours-Afternoon-Infilteration.pcap_ISCX.csv,Friday-WorkingHours-Afternoon-PortScan.pcap_ISCX.csv"
cic_ids2017:raw:e631d8fd2060e8d5abdb4837757f3fae78e068abe556f6e15b2ac9ff74223ab9,2,1,1,2,2,"BENIGN,PortScan","Thursday-WorkingHours-Afternoon-Infilteration.pcap_ISCX.csv,Friday-WorkingHours-Afternoon-PortScan.pcap_ISCX.csv"
cic_ids2017:raw:e637ea63afc93bec1094bc46200fe5b9884d623335c57b0451e08713b40b7d69,2,1,1,2,2,"BENIGN,PortScan","Thursday-WorkingHours-Afternoon-Infilteration.pcap_ISCX.csv,Friday-WorkingHours-Afternoon-PortScan.pcap_ISCX.csv"
cic_ids2017:raw:e78368741b0a2f8ac220553fd7b15ba391d73832b1fd49cad8978459b0b195c6,2,1,1,2,2,"BENIGN,DoS Hulk","Thursday-WorkingHours-Afternoon-Infilteration.pcap_ISCX.csv,Wednesday-workingHours.pcap_ISCX.csv"
cic_ids2017:raw:e7f3a7b5700307ef2c583fde35e3b42485d705ef076561fa70a360b05b4ded82,2,1,1,2,2,"BENIGN,PortScan","Thursday-WorkingHours-Afternoon-Infilteration.pcap_ISCX.csv,Friday-WorkingHours-Afternoon-PortScan.pcap_ISCX.csv"
cic_ids2017:raw:e803e5e5a41aac4f06783a3c9476abc8fbfd8589cb2497b9b15a75cd7b341e25,2,1,1,2,2,"BENIGN,PortScan","Thursday-WorkingHours-Afternoon-Infilteration.pcap_ISCX.csv,Friday-WorkingHours-Afternoon-PortScan.pcap_ISCX.csv"
cic_ids2017:raw:e94937fd26f4be60db303b634af5e47ad547eff3fea4fe80e7db61c50a6344ba,2,1,1,2,2,"BENIGN,PortScan","Thursday-WorkingHours-Afternoon-Infilteration.pcap_ISCX.csv,Friday-WorkingHours-Afternoon-PortScan.pcap_ISCX.csv"
cic_ids2017:raw:e99e5c924078fcdd090267eff9ec9bc4edd1eb76be949a1d7258c87b7d80999f,2,1,1,2,2,"BENIGN,PortScan","Thursday-WorkingHours-Afternoon-Infilteration.pcap_ISCX.csv,Friday-WorkingHours-Afternoon-PortScan.pcap_ISCX.csv"
cic_ids2017:raw:ea50096ba1a0ad0ac481c6eea309bc9cc0b96a1a3d72ffcdfd052d46be2da0d2,2,1,1,2,2,"BENIGN,PortScan","Thursday-WorkingHours-Afternoon-Infilteration.pcap_ISCX.csv,Friday-WorkingHours-Afternoon-PortScan.pcap_ISCX.csv"
cic_ids2017:raw:ea98af5162d286da9d88f773c919a7e10ed3f69da2eca296c35c97e8a4c4ef21,2,1,1,2,2,"BENIGN,PortScan","Thursday-WorkingHours-Afternoon-Infilteration.pcap_ISCX.csv,Friday-WorkingHours-Afternoon-PortScan.pcap_ISCX.csv"
cic_ids2017:raw:eb0d6a8b3a9e710ef80f89d4a43204f9d9020e50b8ad5c0ead251d98c29f65a7,2,1,1,2,2,"BENIGN,PortScan","Thursday-WorkingHours-Afternoon-Infilteration.pcap_ISCX.csv,Friday-WorkingHours-Afternoon-PortScan.pcap_ISCX.csv"
cic_ids2017:raw:eb49ad347a908dbe68aa3493d3e146613a8f5faa69336442158a7d85dc6f210d,2,1,1,2,2,"BENIGN,PortScan","Thursday-WorkingHours-Afternoon-Infilteration.pcap_ISCX.csv,Friday-WorkingHours-Afternoon-PortScan.pcap_ISCX.csv"
cic_ids2017:raw:eb63449256a6689a7854d859c03c5ee76eb6834687fa101aba219bb0794983d1,2,1,1,2,2,"BENIGN,PortScan","Thursday-WorkingHours-Afternoon-Infilteration.pcap_ISCX.csv,Friday-WorkingHours-Afternoon-PortScan.pcap_ISCX.csv"
cic_ids2017:raw:ebdacb5facf80c71ca94ee797bba7d7c1d9674d06c73b41100413028f9426402,2,1,1,2,2,"BENIGN,PortScan","Thursday-WorkingHours-Afternoon-Infilteration.pcap_ISCX.csv,Friday-WorkingHours-Afternoon-PortScan.pcap_ISCX.csv"
cic_ids2017:raw:ebed4342c180227ce38529908f822fa7a082cea0340739c09008487cea266b6b,2,1,1,2,2,"BENIGN,PortScan","Thursday-WorkingHours-Afternoon-Infilteration.pcap_ISCX.csv,Friday-WorkingHours-Afternoon-PortScan.pcap_ISCX.csv"
cic_ids2017:raw:edd8cb1f2a31eea2f573679a6e90129fc1358c15a25b88e63ab456aa1281af86,2,1,1,2,2,"BENIGN,PortScan","Thursday-WorkingHours-Afternoon-Infilteration.pcap_ISCX.csv,Friday-WorkingHours-Afternoon-PortScan.pcap_ISCX.csv"
cic_ids2017:raw:ede3dbe5472b4458ee4e7c22533d0b7e1b8f47772e602c26588afdb4b1da02c5,2,1,1,2,2,"BENIGN,DoS Hulk","Friday-WorkingHours-Afternoon-DDos.pcap_ISCX.csv,Wednesday-workingHours.pcap_ISCX.csv"
cic_ids2017:raw:ee5912f23198958fec07c0767cd4570239669916c807121d92148330d19a9b8a,2,1,1,2,2,"BENIGN,PortScan","Thursday-WorkingHours-Afternoon-Infilteration.pcap_ISCX.csv,Friday-WorkingHours-Afternoon-PortScan.pcap_ISCX.csv"
cic_ids2017:raw:eed46e1c68889d79911e63eaed8ab1a5bcf680f8100d78f06005307bb312a120,2,1,1,2,2,"BENIGN,PortScan","Thursday-WorkingHours-Afternoon-Infilteration.pcap_ISCX.csv,Friday-WorkingHours-Afternoon-PortScan.pcap_ISCX.csv"
cic_ids2017:raw:ef28feaa4d9bd592a9b0a3191bfd258314adf7c006475101c6034eb798761e45,2,1,1,2,2,"BENIGN,PortScan","Thursday-WorkingHours-Afternoon-Infilteration.pcap_ISCX.csv,Friday-WorkingHours-Afternoon-PortScan.pcap_ISCX.csv"
cic_ids2017:raw:efaca075ac6560fae3554f09fa260d42569ac3ab4866ff8fc856956df238a44a,2,1,1,2,2,"BENIGN,PortScan","Thursday-WorkingHours-Afternoon-Infilteration.pcap_ISCX.csv,Friday-WorkingHours-Afternoon-PortScan.pcap_ISCX.csv"
cic_ids2017:raw:eff4ff413ddbe9c8f8f10cd917495e90e6b47631ba0395f470a88d8a9f24bdc0,2,1,1,2,2,"BENIGN,PortScan","Thursday-WorkingHours-Afternoon-Infilteration.pcap_ISCX.csv,Friday-WorkingHours-Afternoon-PortScan.pcap_ISCX.csv"
cic_ids2017:raw:f06528dc9237aa88f0d15152f2043e40862989144ea81bcb3a338be23bbb46f5,2,1,1,2,2,"BENIGN,PortScan","Thursday-WorkingHours-Afternoon-Infilteration.pcap_ISCX.csv,Friday-WorkingHours-Afternoon-PortScan.pcap_ISCX.csv"
cic_ids2017:raw:f0f38a53121988e4dff7cb0958e0b8524b0cb5425f7bffe1a0032aaf2463d38f,2,1,1,2,2,"BENIGN,PortScan","Thursday-WorkingHours-Afternoon-Infilteration.pcap_ISCX.csv,Friday-WorkingHours-Afternoon-PortScan.pcap_ISCX.csv"
cic_ids2017:raw:f13b66f2eb388c7210424e7d1ec7db67f9b1ff64a5303e9f800431db340353d7,2,1,1,2,2,"BENIGN,PortScan","Thursday-WorkingHours-Afternoon-Infilteration.pcap_ISCX.csv,Friday-WorkingHours-Afternoon-PortScan.pcap_ISCX.csv"
cic_ids2017:raw:f141c22571d146ebaf679241d78964f8ca38d925884419c32a6c3da4dd73ba34,2,1,1,2,2,"BENIGN,PortScan","Thursday-WorkingHours-Afternoon-Infilteration.pcap_ISCX.csv,Friday-WorkingHours-Afternoon-PortScan.pcap_ISCX.csv"
cic_ids2017:raw:f289adc13e2cc4eb16582153142d553a5e7344134314073d5c1629a634d75038,2,1,1,2,2,"BENIGN,PortScan","Thursday-WorkingHours-Afternoon-Infilteration.pcap_ISCX.csv,Friday-WorkingHours-Afternoon-PortScan.pcap_ISCX.csv"
cic_ids2017:raw:f39ff2b35257462cacac7644f6c1ee92429136144e9f16a31b61671cd24cfd07,2,1,1,2,2,"BENIGN,PortScan","Thursday-WorkingHours-Afternoon-Infilteration.pcap_ISCX.csv,Friday-WorkingHours-Afternoon-PortScan.pcap_ISCX.csv"
cic_ids2017:raw:f3b59aeea2f48ba964ca741c321132a82ef0addcbd1696f91efd2fbfa67d4d3a,2,1,1,2,2,"BENIGN,PortScan","Thursday-WorkingHours-Afternoon-Infilteration.pcap_ISCX.csv,Friday-WorkingHours-Afternoon-PortScan.pcap_ISCX.csv"
cic_ids2017:raw:f4cf49e3844d444d5b948f18d5d459b3019360d6040c9825ada4f4bd984ce80e,2,1,1,2,2,"BENIGN,PortScan","Thursday-WorkingHours-Afternoon-Infilteration.pcap_ISCX.csv,Friday-WorkingHours-Afternoon-PortScan.pcap_ISCX.csv"
cic_ids2017:raw:f80099c81556bd8e2747e5d83c23f85fa4dd4fe5cff8501d61b198aec42fbb50,2,1,1,2,2,"BENIGN,PortScan","Thursday-WorkingHours-Afternoon-Infilteration.pcap_ISCX.csv,Friday-WorkingHours-Afternoon-PortScan.pcap_ISCX.csv"
cic_ids2017:raw:f909f589f08ac5d26cc330850ddd90693f87902376e2b398610aaeb8fda15693,2,1,1,2,2,"BENIGN,PortScan","Thursday-WorkingHours-Afternoon-Infilteration.pcap_ISCX.csv,Friday-WorkingHours-Afternoon-PortScan.pcap_ISCX.csv"
cic_ids2017:raw:f9d2f544de45afb04d2f68bfb857955276f5668bad1871db1df1f26b97844b87,2,1,1,2,2,"BENIGN,PortScan","Thursday-WorkingHours-Afternoon-Infilteration.pcap_ISCX.csv,Friday-WorkingHours-Afternoon-PortScan.pcap_ISCX.csv"
cic_ids2017:raw:fa890c4d50933a64ece930d58b5936443e09d97f715579006a3c90e617220d5a,2,1,1,2,2,"BENIGN,PortScan","Thursday-WorkingHours-Afternoon-Infilteration.pcap_ISCX.csv,Friday-WorkingHours-Afternoon-PortScan.pcap_ISCX.csv"
cic_ids2017:raw:faae16e349d62ab057b7ed0c25ee06f8bc778c6b12e02698dfadd89253fc7369,2,1,1,2,2,"BENIGN,PortScan","Thursday-WorkingHours-Afternoon-Infilteration.pcap_ISCX.csv,Friday-WorkingHours-Afternoon-PortScan.pcap_ISCX.csv"
cic_ids2017:raw:fb64309e7f39bc3fa1c8ef175743a8a6f1539fa84456a7ff04e341c9b4ad2095,2,1,1,2,2,"BENIGN,PortScan","Thursday-WorkingHours-Afternoon-Infilteration.pcap_ISCX.csv,Friday-WorkingHours-Afternoon-PortScan.pcap_ISCX.csv"
cic_ids2017:raw:fb68570563dacbb5be4a36d350bcb84e71af8f415c55fbac37592c2cb3b01c84,2,1,1,2,2,"BENIGN,PortScan","Thursday-WorkingHours-Afternoon-Infilteration.pcap_ISCX.csv,Friday-WorkingHours-Afternoon-PortScan.pcap_ISCX.csv"
cic_ids2017:raw:fbba23e5171d5ac60044f5c81f2cb30fb63243c8d6995109ed337c59ab4f4b2d,2,1,1,2,2,"BENIGN,PortScan","Thursday-WorkingHours-Afternoon-Infilteration.pcap_ISCX.csv,Friday-WorkingHours-Afternoon-PortScan.pcap_ISCX.csv"
cic_ids2017:raw:fc27b5d8292268ba277d39c2d35925b63afa9941c2fad9a4ad5613663870f1b2,2,1,1,2,2,"BENIGN,PortScan","Thursday-WorkingHours-Afternoon-Infilteration.pcap_ISCX.csv,Friday-WorkingHours-Afternoon-PortScan.pcap_ISCX.csv"
cic_ids2017:raw:fc88ac8164ea9554c41ee2bf3cd58716e533e7a721aabaa2dd710e9edabdf954,2,1,1,2,2,"BENIGN,PortScan","Thursday-WorkingHours-Afternoon-Infilteration.pcap_ISCX.csv,Friday-WorkingHours-Afternoon-PortScan.pcap_ISCX.csv"
cic_ids2017:raw:fcb3f21271df43f6ac0e4c793df25f285c36b77d5ffbe038e769c2f1d5a4bd1c,2,1,1,2,2,"BENIGN,PortScan","Thursday-WorkingHours-Afternoon-Infilteration.pcap_ISCX.csv,Friday-WorkingHours-Afternoon-PortScan.pcap_ISCX.csv"
cic_ids2017:raw:fdc128f5a7948d7449294f8611fca5f03dc6be3a3dc51c5e5893a3f82db2fed9,2,1,1,2,2,"BENIGN,PortScan","Thursday-WorkingHours-Afternoon-Infilteration.pcap_ISCX.csv,Friday-WorkingHours-Afternoon-PortScan.pcap_ISCX.csv"
cic_ids2017:raw:ff63e56a8e35b2fbb91f5dfb52b9c49f114046f8a3cd5a353462c83bc7f92c23,2,1,1,2,2,"BENIGN,PortScan","Thursday-WorkingHours-Afternoon-Infilteration.pcap_ISCX.csv,Friday-WorkingHours-Afternoon-PortScan.pcap_ISCX.csv"
