sample_id,domain,y_true,p_rf,p_cnn,p_hybrid,pred_rf,pred_cnn,pred_hybrid
2,,0,0.003378,0.000403,0.00189,0,0,0
4,,1,0.990523,0.926709,0.958616,1,1,1
12,,1,1.0,0.991046,0.995523,1,1,1
14,,1,1.0,1.0,1.0,1,1,1
18,,1,1.0,1.0,1.0,1,1,1
23,,1,0.990523,0.925518,0.958021,1,1,1
30,,1,0.990523,0.925518,0.958021,1,1,1
39,,1,1.0,0.998268,0.999134,1,1,1
40,,1,0.990523,0.926709,0.958616,1,1,1
52,,1,1.0,0.891179,0.94559,1,1,1
59,,1,0.999797,0.999993,0.999895,1,1,1
64,,1,0.990523,0.926709,0.958616,1,1,1
70,,1,1.0,0.453179,0.72659,1,0,1
71,,1,0.993138,0.797829,0.895483,1,1,1
77,,1,0.999797,0.999993,0.999895,1,1,1
78,,1,1.0,0.999994,0.999997,1,1,1
82,,1,0.990523,0.925518,0.958021,1,1,1
86,,1,0.999797,0.999993,0.999895,1,1,1
98,,1,0.999797,0.999993,0.999895,1,1,1
102,,1,1.0,0.999917,0.999959,1,1,1
110,,1,0.988408,0.803124,0.895766,1,1,1
117,,1,0.999797,0.999993,0.999895,1,1,1
130,,1,1.0,1.0,1.0,1,1,1
138,,1,1.0,0.998268,0.999134,1,1,1
142,,1,0.990523,0.925518,0.958021,1,1,1
144,,1,1.0,1.0,1.0,1,1,1
147,,1,1.0,1.0,1.0,1,1,1
149,,1,1.0,0.748085,0.874043,1,1,1
151,,1,1.0,0.999874,0.999937,1,1,1
154,,1,1.0,1.0,1.0,1,1,1
159,,1,0.990523,0.925518,0.958021,1,1,1
161,,1,0.990523,0.925518,0.958021,1,1,1
165,,1,1.0,0.991041,0.99552,1,1,1
167,,1,1.0,0.985814,0.992907,1,1,1
168,,1,0.988408,0.803102,0.895755,1,1,1
169,,1,0.999797,0.999993,0.999895,1,1,1
180,,1,1.0,0.999995,0.999997,1,1,1
184,,1,0.999797,0.999993,0.999895,1,1,1
185,,1,1.0,0.914924,0.957462,1,1,1
197,,1,1.0,0.999995,0.999997,1,1,1
198,,1,1.0,0.012073,0.506036,1,0,1
200,,1,1.0,1.0,1.0,1,1,1
210,,1,0.990523,0.925518,0.958021,1,1,1
214,,1,1.0,0.999995,0.999997,1,1,1
216,,1,1.0,1.0,1.0,1,1,1
218,,1,0.990523,0.925518,0.958021,1,1,1
222,,1,1.0,0.999994,0.999997,1,1,1
228,,1,1.0,0.999994,0.999997,1,1,1
233,,0,0.167604,0.716035,0.441819,0,1,0
237,,1,1.0,0.998268,0.999134,1,1,1
238,,1,0.990523,0.925518,0.958021,1,1,1
247,,1,0.993138,0.797912,0.895525,1,1,1
249,,1,1.0,1.0,1.0,1,1,1
253,,1,1.0,0.998112,0.999056,1,1,1
255,,1,1.0,1.0,1.0,1,1,1
258,,1,1.0,1.0,1.0,1,1,1
264,,1,0.990523,0.925518,0.958021,1,1,1
265,,1,1.0,0.999995,0.999997,1,1,1
267,,1,1.0,0.999527,0.999763,1,1,1
287,,1,1.0,0.453179,0.72659,1,0,1
292,,1,0.990523,0.926709,0.958616,1,1,1
293,,1,1.0,1.0,1.0,1,1,1
298,,1,1.0,0.999991,0.999996,1,1,1
305,,1,1.0,0.999955,0.999977,1,1,1
307,,1,0.988408,0.803068,0.895738,1,1,1
313,,1,1.0,0.453179,0.72659,1,0,1
319,,1,1.0,0.999992,0.999996,1,1,1
333,,1,0.990523,0.926709,0.958616,1,1,1
335,,0,0.0,0.001301,0.00065,0,0,0
342,,1,0.990523,0.926709,0.958616,1,1,1
343,,1,1.0,1.0,1.0,1,1,1
345,,1,0.990523,0.925518,0.958021,1,1,1
350,,1,0.990523,0.925518,0.958021,1,1,1
354,,1,0.999921,0.999993,0.999957,1,1,1
361,,1,0.990523,0.925518,0.958021,1,1,1
364,,1,1.0,0.993237,0.996619,1,1,1
366,,1,1.0,0.503734,0.751867,1,1,1
369,,0,0.111605,0.117329,0.114467,0,0,0
373,,1,1.0,0.999993,0.999996,1,1,1
378,,1,0.990523,0.926709,0.958616,1,1,1
379,,1,0.990523,0.925518,0.958021,1,1,1
380,,1,0.990523,0.925518,0.958021,1,1,1
384,,1,1.0,0.999994,0.999997,1,1,1
386,,1,1.0,0.999997,0.999998,1,1,1
388,,1,1.0,0.998159,0.99908,1,1,1
392,,1,1.0,0.998268,0.999134,1,1,1
403,,1,0.988408,0.803127,0.895767,1,1,1
407,,1,0.990523,0.926709,0.958616,1,1,1
408,,1,1.0,0.963018,0.981509,1,1,1
418,,1,1.0,0.999953,0.999976,1,1,1
420,,1,0.111605,0.117329,0.114467,0,0,0
424,,1,1.0,0.999995,0.999997,1,1,1
447,,1,0.999921,0.999993,0.999957,1,1,1
452,,1,0.990523,0.925518,0.958021,1,1,1
462,,1,0.990523,0.926709,0.958616,1,1,1
466,,1,0.850003,0.769722,0.809862,1,1,1
473,,1,0.990523,0.926709,0.958616,1,1,1
483,,1,1.0,0.914901,0.957451,1,1,1
494,,0,0.0,0.000262,0.000131,0,0,0
506,,0,0.003378,0.024739,0.014058,0,0,0
508,,1,0.990523,0.925518,0.958021,1,1,1
510,,1,0.990523,0.926709,0.958616,1,1,1
511,,1,1.0,0.999995,0.999997,1,1,1
512,,1,1.0,0.999999,1.0,1,1,1
514,,1,0.99,0.998487,0.994244,1,1,1
515,,1,1.0,0.999995,0.999997,1,1,1
517,,1,1.0,0.999995,0.999997,1,1,1
518,,1,0.990523,0.926709,0.958616,1,1,1
530,,1,1.0,0.999968,0.999984,1,1,1
538,,1,1.0,0.999997,0.999998,1,1,1
542,,1,1.0,1.0,1.0,1,1,1
547,,1,0.990523,0.926709,0.958616,1,1,1
548,,1,1.0,0.95134,0.97567,1,1,1
549,,1,1.0,0.891331,0.945665,1,1,1
557,,1,0.990523,0.925518,0.958021,1,1,1
564,,1,0.999797,0.999993,0.999895,1,1,1
578,,1,1.0,0.999994,0.999997,1,1,1
580,,1,1.0,0.998576,0.999288,1,1,1
582,,1,0.990523,0.926709,0.958616,1,1,1
583,,1,0.999797,0.999993,0.999895,1,1,1
585,,1,1.0,0.610799,0.8054,1,1,1
588,,1,0.999921,0.999993,0.999957,1,1,1
592,,1,1.0,0.998507,0.999254,1,1,1
593,,1,1.0,1.0,1.0,1,1,1
610,,1,1.0,1.0,1.0,1,1,1
612,,1,1.0,1.0,1.0,1,1,1
614,,1,1.0,1.0,1.0,1,1,1
618,,1,0.999797,0.999993,0.999895,1,1,1
620,,1,0.111605,0.117329,0.114467,0,0,0
621,,1,1.0,0.969324,0.984662,1,1,1
638,,1,0.990523,0.926709,0.958616,1,1,1
643,,1,1.0,0.453179,0.72659,1,0,1
651,,1,1.0,1.0,1.0,1,1,1
657,,1,0.990523,0.926709,0.958616,1,1,1
659,,1,0.990523,0.925518,0.958021,1,1,1
661,,1,0.990523,0.926709,0.958616,1,1,1
670,,1,1.0,0.999995,0.999997,1,1,1
677,,0,0.02,0.002564,0.011282,0,0,0
680,,1,0.990523,0.925518,0.958021,1,1,1
682,,1,0.455188,0.60547,0.530329,0,1,1
689,,1,0.999797,0.999993,0.999895,1,1,1
690,,1,0.999797,0.999993,0.999895,1,1,1
694,,1,0.990523,0.925518,0.958021,1,1,1
698,,1,1.0,0.979319,0.989659,1,1,1
699,,1,1.0,0.999994,0.999997,1,1,1
700,,1,1.0,1.0,1.0,1,1,1
707,,1,0.990523,0.926709,0.958616,1,1,1
709,,1,0.990523,0.926709,0.958616,1,1,1
713,,1,0.900395,0.944368,0.922382,1,1,1
719,,1,0.999797,0.999993,0.999895,1,1,1
720,,1,1.0,1.0,1.0,1,1,1
721,,1,1.0,0.999992,0.999996,1,1,1
723,,1,1.0,1.0,1.0,1,1,1
736,,1,1.0,1.0,1.0,1,1,1
743,,1,1.0,0.999995,0.999997,1,1,1
747,,1,0.990523,0.926709,0.958616,1,1,1
749,,1,1.0,0.988218,0.994109,1,1,1
756,,1,1.0,0.964979,0.98249,1,1,1
757,,1,1.0,0.999955,0.999978,1,1,1
761,,1,1.0,1.0,1.0,1,1,1
767,,1,0.999921,0.999993,0.999957,1,1,1
769,,1,0.99,0.999998,0.994999,1,1,1
786,,1,1.0,0.995959,0.997979,1,1,1
791,,1,0.990523,0.925518,0.958021,1,1,1
796,,1,0.990523,0.925518,0.958021,1,1,1
799,,1,0.999797,0.999993,0.999895,1,1,1
801,,1,0.999921,0.999993,0.999957,1,1,1
810,,1,1.0,0.991031,0.995515,1,1,1
813,,1,0.990523,0.926709,0.958616,1,1,1
817,,1,0.990523,0.926709,0.958616,1,1,1
818,,1,0.990523,0.926709,0.958616,1,1,1
819,,1,1.0,0.999995,0.999997,1,1,1
820,,1,0.999921,0.999993,0.999957,1,1,1
829,,1,1.0,1.0,1.0,1,1,1
830,,1,1.0,0.999957,0.999979,1,1,1
831,,1,0.990523,0.925518,0.958021,1,1,1
833,,1,1.0,0.991044,0.995522,1,1,1
840,,1,1.0,0.999561,0.99978,1,1,1
850,,1,1.0,1.0,1.0,1,1,1
866,,1,1.0,0.996974,0.998487,1,1,1
867,,1,1.0,0.998267,0.999134,1,1,1
872,,1,0.999921,0.999993,0.999957,1,1,1
878,,1,0.999797,0.999993,0.999895,1,1,1
891,,1,1.0,0.999995,0.999997,1,1,1
892,,1,0.982912,0.803244,0.893078,1,1,1
897,,1,1.0,0.999997,0.999998,1,1,1
898,,1,1.0,0.998268,0.999134,1,1,1
902,,1,1.0,1.0,1.0,1,1,1
903,,1,1.0,1.0,1.0,1,1,1
910,,1,1.0,0.991013,0.995507,1,1,1
915,,1,1.0,0.996032,0.998016,1,1,1
920,,1,0.990523,0.925518,0.958021,1,1,1
922,,1,0.990523,0.925518,0.958021,1,1,1
926,,1,1.0,0.999851,0.999926,1,1,1
931,,1,0.990523,0.925518,0.958021,1,1,1
933,,1,1.0,0.950054,0.975027,1,1,1
935,,1,0.999921,0.999993,0.999957,1,1,1
937,,0,0.003378,0.002132,0.002755,0,0,0
944,,1,1.0,0.961629,0.980814,1,1,1
952,,1,1.0,0.951379,0.97569,1,1,1
953,,1,1.0,0.964603,0.982302,1,1,1
959,,1,0.990523,0.925518,0.958021,1,1,1
961,,1,1.0,0.998268,0.999134,1,1,1
966,,1,1.0,0.999994,0.999997,1,1,1
968,,1,1.0,0.999994,0.999997,1,1,1
972,,0,0.4,1.0,0.7,0,1,1
973,,1,1.0,0.951372,0.975686,1,1,1
984,,1,0.990523,0.925518,0.958021,1,1,1
992,,1,1.0,0.998023,0.999011,1,1,1
994,,1,0.999921,0.999993,0.999957,1,1,1
1008,,1,0.990523,0.925518,0.958021,1,1,1
1032,,1,0.060847,0.033954,0.0474,0,0,0
1041,,1,1.0,0.999994,0.999997,1,1,1
1044,,1,1.0,0.998155,0.999077,1,1,1
1047,,1,1.0,0.996975,0.998487,1,1,1
1053,,1,1.0,1.0,1.0,1,1,1
1054,,1,1.0,0.999994,0.999997,1,1,1
1071,,1,1.0,0.999994,0.999997,1,1,1
1080,,1,0.990523,0.925518,0.958021,1,1,1
1084,,1,0.990523,0.926709,0.958616,1,1,1
1089,,0,0.0,0.000262,0.000131,0,0,0
1092,,1,0.990523,0.926709,0.958616,1,1,1
1097,,1,1.0,0.999994,0.999997,1,1,1
1100,,1,0.999921,0.999993,0.999957,1,1,1
1109,,1,1.0,0.999991,0.999996,1,1,1
1112,,1,1.0,1.0,1.0,1,1,1
1116,,1,0.988408,0.803087,0.895747,1,1,1
1117,,1,0.990523,0.925518,0.958021,1,1,1
1122,,1,0.990523,0.926709,0.958616,1,1,1
1124,,1,1.0,0.303591,0.651796,1,0,1
1131,,1,1.0,0.999968,0.999984,1,1,1
1132,,1,0.990523,0.925518,0.958021,1,1,1
1137,,1,1.0,1.0,1.0,1,1,1
1138,,1,1.0,0.993373,0.996686,1,1,1
1139,,1,1.0,1.0,1.0,1,1,1
1142,,1,0.900395,0.944368,0.922382,1,1,1
1146,,1,0.990523,0.926709,0.958616,1,1,1
1149,,1,0.990523,0.926709,0.958616,1,1,1
1159,,1,1.0,0.998268,0.999134,1,1,1
1160,,1,1.0,0.965964,0.982982,1,1,1
1169,,1,1.0,1.0,1.0,1,1,1
1173,,1,1.0,0.999991,0.999996,1,1,1
1176,,1,0.999797,0.999993,0.999895,1,1,1
1178,,1,0.990523,0.925518,0.958021,1,1,1
1184,,1,1.0,0.999995,0.999997,1,1,1
1185,,1,0.990523,0.925518,0.958021,1,1,1
1200,,1,1.0,0.998268,0.999134,1,1,1
1205,,1,1.0,0.999996,0.999998,1,1,1
1206,,1,0.993138,0.797743,0.89544,1,1,1
1214,,1,0.999169,0.998269,0.998719,1,1,1
1216,,1,0.990523,0.926709,0.958616,1,1,1
1217,,1,1.0,0.999995,0.999997,1,1,1
1218,,1,0.990523,0.926709,0.958616,1,1,1
1223,,1,1.0,0.999992,0.999996,1,1,1
1230,,1,1.0,0.999995,0.999997,1,1,1
1237,,1,0.990523,0.926709,0.958616,1,1,1
1239,,1,1.0,0.998269,0.999134,1,1,1
1241,,1,1.0,0.999994,0.999997,1,1,1
1242,,1,0.990523,0.926709,0.958616,1,1,1
1246,,1,0.999797,0.999993,0.999895,1,1,1
1253,,1,0.990523,0.926709,0.958616,1,1,1
1255,,1,1.0,0.99104,0.99552,1,1,1
1257,,1,1.0,0.965964,0.982982,1,1,1
1258,,1,1.0,0.999995,0.999997,1,1,1
1260,,1,0.990523,0.926709,0.958616,1,1,1
1276,,1,1.0,0.999994,0.999997,1,1,1
1280,,1,0.990523,0.926709,0.958616,1,1,1
1285,,1,0.990523,0.926709,0.958616,1,1,1
1288,,1,0.900395,0.944368,0.922382,1,1,1
1291,,1,1.0,0.995889,0.997944,1,1,1
1298,,1,1.0,1.0,1.0,1,1,1
1303,,1,1.0,0.998268,0.999134,1,1,1
1308,,1,1.0,0.965697,0.982849,1,1,1
1315,,1,1.0,0.999994,0.999997,1,1,1
1319,,1,1.0,0.985806,0.992903,1,1,1
1329,,1,1.0,0.999994,0.999997,1,1,1
1342,,1,1.0,0.992937,0.996469,1,1,1
1348,,1,0.990523,0.925518,0.958021,1,1,1
1350,,1,1.0,0.998105,0.999052,1,1,1
1356,,1,1.0,1.0,1.0,1,1,1
1357,,1,0.999921,0.999993,0.999957,1,1,1
1358,,1,0.990523,0.925518,0.958021,1,1,1
1362,,1,0.999921,0.999993,0.999957,1,1,1
1363,,1,0.999169,0.998269,0.998719,1,1,1
1366,,1,0.455188,0.60547,0.530329,0,1,1
1404,,1,0.990523,0.926709,0.958616,1,1,1
1411,,1,0.990523,0.925518,0.958021,1,1,1
1413,,1,0.999921,0.999993,0.999957,1,1,1
1415,,1,0.990523,0.925518,0.958021,1,1,1
1416,,1,1.0,0.999995,0.999997,1,1,1
1419,,1,0.990523,0.925518,0.958021,1,1,1
1427,,1,0.999169,0.998269,0.998719,1,1,1
1428,,1,0.999797,0.999993,0.999895,1,1,1
1430,,1,1.0,0.999997,0.999999,1,1,1
1431,,1,0.990523,0.926709,0.958616,1,1,1
1433,,1,1.0,0.999429,0.999715,1,1,1
1434,,1,1.0,0.9909,0.99545,1,1,1
1436,,1,1.0,1.0,1.0,1,1,1
1438,,1,1.0,1.0,1.0,1,1,1
1443,,1,0.999921,0.999993,0.999957,1,1,1
1453,,1,0.999797,0.999993,0.999895,1,1,1
1455,,1,0.990523,0.925518,0.958021,1,1,1
1459,,1,0.986325,0.797181,0.891753,1,1,1
1461,,1,0.999921,0.999993,0.999957,1,1,1
1473,,1,0.96,0.392327,0.676164,1,0,1
1476,,1,0.990523,0.926709,0.958616,1,1,1
1477,,1,0.990523,0.926709,0.958616,1,1,1
1483,,1,0.990523,0.926709,0.958616,1,1,1
1488,,1,1.0,0.999995,0.999997,1,1,1
1497,,1,1.0,1.0,1.0,1,1,1
1499,,1,1.0,0.999994,0.999997,1,1,1
1501,,1,1.0,1.0,1.0,1,1,1
1514,,1,0.990523,0.926709,0.958616,1,1,1
1518,,1,1.0,0.999995,0.999997,1,1,1
1521,,1,1.0,0.453179,0.72659,1,0,1
1522,,1,0.999169,0.998269,0.998719,1,1,1
1534,,1,0.990523,0.925518,0.958021,1,1,1
1545,,1,1.0,0.893551,0.946776,1,1,1
1555,,1,1.0,0.453179,0.72659,1,0,1
1559,,1,1.0,0.999973,0.999987,1,1,1
1562,,1,1.0,1.0,1.0,1,1,1
1567,,0,0.0,0.007457,0.003728,0,0,0
1569,,1,0.999797,0.999993,0.999895,1,1,1
1572,,1,0.999921,0.999993,0.999957,1,1,1
1573,,1,0.999797,0.999993,0.999895,1,1,1
1578,,1,0.990523,0.925518,0.958021,1,1,1
1579,,1,0.990523,0.925518,0.958021,1,1,1
1583,,1,0.988408,0.802916,0.895662,1,1,1
1585,,1,1.0,0.999994,0.999997,1,1,1
1591,,1,0.990523,0.925518,0.958021,1,1,1
1592,,1,0.990523,0.926709,0.958616,1,1,1
1593,,1,1.0,0.999995,0.999997,1,1,1
1595,,1,0.990523,0.925518,0.958021,1,1,1
1599,,1,1.0,0.999071,0.999536,1,1,1
1602,,1,1.0,0.999995,0.999997,1,1,1
1605,,1,1.0,0.999995,0.999997,1,1,1
1606,,1,1.0,0.991041,0.995521,1,1,1
1613,,1,1.0,0.999996,0.999998,1,1,1
1614,,1,0.990523,0.925518,0.958021,1,1,1
1632,,1,1.0,1.0,1.0,1,1,1
1637,,1,1.0,0.968567,0.984283,1,1,1
1642,,1,1.0,0.999994,0.999997,1,1,1
1645,,1,0.990523,0.926709,0.958616,1,1,1
1653,,1,1.0,0.995557,0.997778,1,1,1
1656,,1,1.0,0.950077,0.975038,1,1,1
1661,,1,1.0,0.736397,0.868199,1,1,1
1665,,1,0.301175,0.106519,0.203847,0,0,0
1675,,1,0.988408,0.802884,0.895646,1,1,1
1676,,1,0.990523,0.925518,0.958021,1,1,1
1683,,1,0.990523,0.925518,0.958021,1,1,1
1685,,1,0.988408,0.803039,0.895723,1,1,1
1686,,1,0.999797,0.999993,0.999895,1,1,1
1689,,1,0.990523,0.926709,0.958616,1,1,1
1693,,1,1.0,0.998268,0.999134,1,1,1
1707,,1,1.0,0.996076,0.998038,1,1,1
1713,,1,0.999797,0.999993,0.999895,1,1,1
1714,,1,0.999797,0.999993,0.999895,1,1,1
1723,,1,0.999797,0.999993,0.999895,1,1,1
1730,,1,0.990523,0.925518,0.958021,1,1,1
1751,,1,0.999169,0.998269,0.998719,1,1,1
1756,,1,0.988408,0.803073,0.89574,1,1,1
1765,,1,1.0,0.998028,0.999014,1,1,1
1781,,1,1.0,0.999995,0.999997,1,1,1
1782,,1,1.0,0.996955,0.998477,1,1,1
1783,,1,1.0,0.999995,0.999997,1,1,1
1784,,1,1.0,0.914923,0.957462,1,1,1
1785,,1,1.0,0.967962,0.983981,1,1,1
1795,,1,0.999797,0.999993,0.999895,1,1,1
1800,,1,0.990523,0.926709,0.958616,1,1,1
1804,,1,1.0,0.999995,0.999997,1,1,1
1808,,1,0.990523,0.925518,0.958021,1,1,1
1810,,1,0.990523,0.925518,0.958021,1,1,1
1812,,1,0.966491,0.187562,0.577026,1,0,1
1814,,1,0.999921,0.999993,0.999957,1,1,1
1815,,1,1.0,0.999993,0.999996,1,1,1
1823,,1,1.0,0.996981,0.99849,1,1,1
1829,,1,0.990523,0.925518,0.958021,1,1,1
1837,,1,1.0,0.999044,0.999522,1,1,1
1839,,1,0.999797,0.999993,0.999895,1,1,1
1845,,1,0.999921,0.999993,0.999957,1,1,1
1849,,1,0.990523,0.925518,0.958021,1,1,1
1858,,1,1.0,0.999874,0.999937,1,1,1
1866,,1,0.990523,0.925518,0.958021,1,1,1
1873,,1,1.0,0.998268,0.999134,1,1,1
1874,,1,1.0,0.998094,0.999047,1,1,1
1880,,1,0.999921,0.999993,0.999957,1,1,1
1883,,1,0.999921,0.999993,0.999957,1,1,1
1888,,1,0.999797,0.999993,0.999895,1,1,1
1891,,1,1.0,0.999871,0.999935,1,1,1
1903,,1,1.0,0.999995,0.999997,1,1,1
1905,,1,1.0,0.999996,0.999998,1,1,1
1908,,1,1.0,0.999995,0.999997,1,1,1
1909,,1,0.999169,0.998269,0.998719,1,1,1
1915,,1,0.990523,0.925518,0.958021,1,1,1
1928,,1,1.0,1.0,1.0,1,1,1
1935,,1,0.999797,0.999993,0.999895,1,1,1
1942,,1,0.999921,0.999993,0.999957,1,1,1
1944,,1,0.990523,0.926709,0.958616,1,1,1
1946,,1,0.990523,0.925518,0.958021,1,1,1
1954,,1,1.0,0.999995,0.999997,1,1,1
1955,,1,1.0,0.999995,0.999997,1,1,1
1956,,1,1.0,0.999994,0.999997,1,1,1
1960,,1,1.0,0.999995,0.999997,1,1,1
1969,,1,1.0,0.999994,0.999997,1,1,1
1970,,1,0.990523,0.925518,0.958021,1,1,1
1972,,1,1.0,0.905617,0.952808,1,1,1
1977,,1,1.0,0.9981,0.99905,1,1,1
1983,,1,1.0,0.999994,0.999997,1,1,1
1989,,1,1.0,1.0,1.0,1,1,1
1996,,1,1.0,0.999987,0.999993,1,1,1
2000,,1,0.990523,0.926709,0.958616,1,1,1
2014,,1,1.0,0.998268,0.999134,1,1,1
2015,,1,1.0,0.999993,0.999997,1,1,1
2022,,1,1.0,0.999999,0.999999,1,1,1
2024,,1,1.0,0.999968,0.999984,1,1,1
2025,,1,0.990523,0.925518,0.958021,1,1,1
2033,,1,0.990523,0.925518,0.958021,1,1,1
2035,,1,1.0,0.999994,0.999997,1,1,1
2037,,1,0.990523,0.925518,0.958021,1,1,1
2044,,1,0.990523,0.926709,0.958616,1,1,1
2050,,1,1.0,0.690213,0.845107,1,1,1
2051,,1,0.999797,0.999993,0.999895,1,1,1
2052,,1,0.999797,0.999993,0.999895,1,1,1
2059,,1,1.0,0.999994,0.999997,1,1,1
2060,,1,0.999921,0.999993,0.999957,1,1,1
2062,,1,1.0,1.0,1.0,1,1,1
2075,,0,0.003378,0.024739,0.014058,0,0,0
2076,,1,1.0,0.999995,0.999997,1,1,1
2078,,1,1.0,0.991042,0.995521,1,1,1
2081,,1,0.999797,0.999993,0.999895,1,1,1
2083,,1,0.991003,0.998754,0.994878,1,1,1
2090,,1,1.0,0.999562,0.999781,1,1,1
2091,,1,0.999169,0.998269,0.998719,1,1,1
2098,,1,0.966491,0.187699,0.577095,1,0,1
2099,,1,0.990523,0.925518,0.958021,1,1,1
2102,,1,1.0,0.999994,0.999997,1,1,1
2109,,1,1.0,1.0,1.0,1,1,1
2111,,1,0.999797,0.999993,0.999895,1,1,1
2129,,1,0.999169,0.998269,0.998719,1,1,1
2131,,1,1.0,0.999993,0.999996,1,1,1
2140,,1,0.982912,0.803241,0.893077,1,1,1
2144,,1,1.0,0.985815,0.992907,1,1,1
2147,,1,0.990523,0.926709,0.958616,1,1,1
2150,,1,1.0,0.999995,0.999997,1,1,1
2159,,1,0.999797,0.999993,0.999895,1,1,1
2160,,1,1.0,0.999758,0.999879,1,1,1
2163,,1,0.999921,0.999993,0.999957,1,1,1
2167,,1,0.990523,0.926709,0.958616,1,1,1
2169,,1,0.999797,0.999993,0.999895,1,1,1
2170,,1,1.0,1.0,1.0,1,1,1
2172,,1,0.990523,0.926709,0.958616,1,1,1
2174,,1,0.993138,0.797836,0.895487,1,1,1
2175,,1,1.0,0.999989,0.999994,1,1,1
2180,,1,1.0,0.999995,0.999997,1,1,1
2181,,1,1.0,0.999994,0.999997,1,1,1
2189,,1,1.0,0.999955,0.999978,1,1,1
2191,,1,0.990523,0.925518,0.958021,1,1,1
2216,,1,0.990523,0.925518,0.958021,1,1,1
2217,,1,0.99,0.999982,0.994991,1,1,1
2224,,1,1.0,0.999995,0.999997,1,1,1
2229,,1,1.0,0.946784,0.973392,1,1,1
2242,,1,1.0,0.999994,0.999997,1,1,1
2245,,1,0.990523,0.925518,0.958021,1,1,1
2249,,1,1.0,0.746663,0.873331,1,1,1
2252,,1,1.0,1.0,1.0,1,1,1
2260,,1,1.0,0.999996,0.999998,1,1,1
2269,,1,0.990523,0.926709,0.958616,1,1,1
2277,,1,0.999921,0.999993,0.999957,1,1,1
2290,,1,0.990523,0.925518,0.958021,1,1,1
2297,,1,0.990523,0.925518,0.958021,1,1,1
2303,,1,0.990523,0.926709,0.958616,1,1,1
2318,,1,0.988408,0.80308,0.895744,1,1,1
2325,,1,0.999797,0.999993,0.999895,1,1,1
2327,,1,1.0,0.999995,0.999997,1,1,1
2331,,1,0.990523,0.925518,0.958021,1,1,1
2334,,1,1.0,0.999992,0.999996,1,1,1
2335,,1,0.999921,0.999993,0.999957,1,1,1
2347,,1,0.999921,0.999993,0.999957,1,1,1
2349,,1,1.0,0.999968,0.999984,1,1,1
2358,,1,1.0,1.0,1.0,1,1,1
2359,,1,0.999921,0.999993,0.999957,1,1,1
2361,,1,0.999797,0.999993,0.999895,1,1,1
2378,,1,1.0,0.999994,0.999997,1,1,1
2384,,1,0.999797,0.999993,0.999895,1,1,1
2388,,1,1.0,1.0,1.0,1,1,1
2391,,1,1.0,0.999995,0.999997,1,1,1
2394,,1,1.0,0.999966,0.999983,1,1,1
2404,,1,1.0,1.0,1.0,1,1,1
2406,,1,0.990523,0.925518,0.958021,1,1,1
2413,,1,0.990523,0.925518,0.958021,1,1,1
2425,,1,0.999921,0.999993,0.999957,1,1,1
2430,,1,1.0,0.999994,0.999997,1,1,1
2434,,1,1.0,0.999993,0.999996,1,1,1
2447,,1,1.0,0.999906,0.999953,1,1,1
2449,,1,0.990523,0.925518,0.958021,1,1,1
2457,,1,0.990523,0.925518,0.958021,1,1,1
2461,,1,1.0,1.0,1.0,1,1,1
2463,,1,0.990523,0.926709,0.958616,1,1,1
2482,,1,0.999921,0.999993,0.999957,1,1,1
2489,,1,0.999797,0.999993,0.999895,1,1,1
2490,,1,1.0,1.0,1.0,1,1,1
2493,,1,0.990523,0.925518,0.958021,1,1,1
2501,,1,1.0,1.0,1.0,1,1,1
2506,,1,1.0,0.999995,0.999997,1,1,1
2509,,1,1.0,0.986851,0.993425,1,1,1
2512,,1,0.990523,0.925518,0.958021,1,1,1
2536,,1,1.0,1.0,1.0,1,1,1
2542,,1,1.0,0.954501,0.977251,1,1,1
2543,,1,1.0,0.999994,0.999997,1,1,1
2544,,1,0.990523,0.925518,0.958021,1,1,1
2556,,1,0.990523,0.925518,0.958021,1,1,1
2559,,1,1.0,1.0,1.0,1,1,1
2568,,1,1.0,0.999994,0.999997,1,1,1
2570,,1,0.999797,0.999993,0.999895,1,1,1
2574,,1,1.0,0.999992,0.999996,1,1,1
2594,,1,1.0,0.999997,0.999999,1,1,1
2596,,1,0.999169,0.998269,0.998719,1,1,1
2598,,1,0.999921,0.999993,0.999957,1,1,1
2606,,1,1.0,0.999994,0.999997,1,1,1
2609,,1,0.981003,1.0,0.990501,1,1,1
2623,,1,0.93,0.996523,0.963261,1,1,1
2625,,1,0.111605,0.117329,0.114467,0,0,0
2637,,1,0.990523,0.926709,0.958616,1,1,1
2649,,1,1.0,0.999894,0.999947,1,1,1
2653,,1,1.0,1.0,1.0,1,1,1
2654,,1,0.990523,0.925518,0.958021,1,1,1
2661,,1,1.0,1.0,1.0,1,1,1
2662,,1,1.0,0.996972,0.998486,1,1,1
2666,,1,0.987643,0.797984,0.892813,1,1,1
2667,,1,1.0,0.999994,0.999997,1,1,1
2672,,1,1.0,0.999873,0.999936,1,1,1
2676,,1,1.0,1.0,1.0,1,1,1
2678,,1,1.0,0.998268,0.999134,1,1,1
2684,,1,1.0,0.999994,0.999997,1,1,1
2687,,1,1.0,0.989931,0.994965,1,1,1
2694,,1,0.990523,0.925518,0.958021,1,1,1
2698,,1,1.0,0.999994,0.999997,1,1,1
2706,,1,1.0,0.965964,0.982982,1,1,1
2708,,1,0.990523,0.926709,0.958616,1,1,1
2711,,1,0.531851,0.930347,0.731099,1,1,1
2725,,1,1.0,0.999911,0.999956,1,1,1
2730,,1,0.990523,0.925518,0.958021,1,1,1
2731,,1,0.999797,0.999993,0.999895,1,1,1
2736,,1,1.0,0.999959,0.999979,1,1,1
2739,,1,0.999921,0.999993,0.999957,1,1,1
2741,,0,0.003378,0.002132,0.002755,0,0,0
2749,,1,1.0,0.999994,0.999997,1,1,1
2753,,1,1.0,1.0,1.0,1,1,1
2760,,1,1.0,0.991049,0.995524,1,1,1
2761,,1,0.999921,0.999993,0.999957,1,1,1
2776,,1,0.999921,0.999993,0.999957,1,1,1
2780,,1,1.0,0.990746,0.995373,1,1,1
2783,,1,0.990523,0.925518,0.958021,1,1,1
2786,,1,0.990523,0.926709,0.958616,1,1,1
2799,,1,1.0,0.999986,0.999993,1,1,1
2808,,1,1.0,1.0,1.0,1,1,1
2814,,1,1.0,0.950074,0.975037,1,1,1
2815,,1,1.0,0.999994,0.999997,1,1,1
2821,,0,0.003378,0.024739,0.014058,0,0,0
2831,,1,1.0,0.999996,0.999998,1,1,1
2832,,1,1.0,0.965964,0.982982,1,1,1
2838,,1,0.900395,0.944368,0.922382,1,1,1
2852,,1,1.0,0.999998,0.999999,1,1,1
2856,,1,1.0,0.998268,0.999134,1,1,1
2859,,1,0.999797,0.999993,0.999895,1,1,1
2863,,1,1.0,0.998268,0.999134,1,1,1
2866,,1,1.0,0.996974,0.998487,1,1,1
2869,,1,0.990523,0.926709,0.958616,1,1,1
2871,,1,0.990523,0.925518,0.958021,1,1,1
2872,,1,1.0,0.861775,0.930888,1,1,1
2875,,1,1.0,1.0,1.0,1,1,1
2881,,1,1.0,1.0,1.0,1,1,1
2882,,1,0.999169,0.998269,0.998719,1,1,1
2883,,1,0.990523,0.925518,0.958021,1,1,1
2891,,1,0.991003,0.998798,0.9949,1,1,1
2896,,1,1.0,0.950076,0.975038,1,1,1
2897,,1,1.0,0.985789,0.992894,1,1,1
2904,,1,0.990523,0.926709,0.958616,1,1,1
2905,,1,1.0,0.999995,0.999997,1,1,1
2906,,1,1.0,1.0,1.0,1,1,1
2915,,0,0.003378,0.024739,0.014058,0,0,0
2920,,1,1.0,0.999271,0.999635,1,1,1
2928,,1,1.0,1.0,1.0,1,1,1
2929,,1,0.999169,0.998269,0.998719,1,1,1
2930,,1,0.990523,0.926709,0.958616,1,1,1
2932,,1,1.0,0.999995,0.999997,1,1,1
2934,,1,0.999797,0.999993,0.999895,1,1,1
2936,,1,1.0,0.999995,0.999997,1,1,1
2938,,1,1.0,0.999965,0.999983,1,1,1
2940,,1,1.0,0.99998,0.99999,1,1,1
2947,,1,1.0,0.999994,0.999997,1,1,1
2949,,1,0.999921,0.999993,0.999957,1,1,1
2965,,1,0.990523,0.925518,0.958021,1,1,1
2970,,1,0.999921,0.999993,0.999957,1,1,1
2979,,1,1.0,0.999994,0.999997,1,1,1
2980,,1,1.0,0.999988,0.999994,1,1,1
2985,,1,0.990523,0.925518,0.958021,1,1,1
2986,,1,1.0,0.996971,0.998486,1,1,1
2987,,0,0.03,0.017765,0.023882,0,0,0
2989,,1,1.0,0.453179,0.72659,1,0,1
2990,,1,0.990523,0.925518,0.958021,1,1,1
2992,,1,0.987643,0.797984,0.892814,1,1,1
2995,,1,1.0,0.999964,0.999982,1,1,1
3012,,1,0.990523,0.925518,0.958021,1,1,1
3022,,1,1.0,0.972127,0.986063,1,1,1
3035,,1,0.990523,0.925518,0.958021,1,1,1
3036,,1,1.0,0.999963,0.999982,1,1,1
3038,,1,0.999169,0.998269,0.998719,1,1,1
3041,,1,1.0,1.0,1.0,1,1,1
3044,,1,0.999797,0.999993,0.999895,1,1,1
3055,,1,0.988408,0.803123,0.895766,1,1,1
3060,,1,1.0,0.9858,0.9929,1,1,1
3061,,0,0.010291,0.000207,0.005249,0,0,0
3069,,1,1.0,0.985821,0.99291,1,1,1
3070,,1,1.0,0.950079,0.975039,1,1,1
3077,,1,1.0,1.0,1.0,1,1,1
3079,,1,0.990523,0.926709,0.958616,1,1,1
3085,,1,0.999921,0.999993,0.999957,1,1,1
3086,,1,1.0,0.999995,0.999997,1,1,1
3090,,1,0.988408,0.80306,0.895734,1,1,1
3093,,1,0.999797,0.999993,0.999895,1,1,1
3102,,1,1.0,1.0,1.0,1,1,1
3119,,1,1.0,0.996972,0.998486,1,1,1
3120,,1,0.988408,0.803134,0.895771,1,1,1
3150,,1,1.0,1.0,1.0,1,1,1
3151,,1,1.0,1.0,1.0,1,1,1
3154,,1,1.0,1.0,1.0,1,1,1
3163,,1,1.0,1.0,1.0,1,1,1
3168,,1,1.0,1.0,1.0,1,1,1
3182,,1,0.990523,0.925518,0.958021,1,1,1
3194,,1,1.0,0.999928,0.999964,1,1,1
3196,,1,0.999921,0.999993,0.999957,1,1,1
3197,,0,0.003378,0.002132,0.002755,0,0,0
3198,,1,1.0,1.0,1.0,1,1,1
3202,,1,1.0,0.999995,0.999997,1,1,1
3203,,1,1.0,0.999993,0.999996,1,1,1
3206,,1,0.990523,0.925518,0.958021,1,1,1
3227,,1,0.988408,0.803081,0.895744,1,1,1
3229,,1,1.0,0.453179,0.72659,1,0,1
3232,,1,1.0,0.999989,0.999994,1,1,1
3236,,1,1.0,0.999993,0.999997,1,1,1
3242,,1,1.0,0.965964,0.982982,1,1,1
3244,,1,0.990523,0.926709,0.958616,1,1,1
3245,,1,0.990523,0.925518,0.958021,1,1,1
3249,,1,0.988408,0.803071,0.895739,1,1,1
3252,,1,0.999921,0.999993,0.999957,1,1,1
3260,,1,1.0,0.999995,0.999997,1,1,1
3261,,1,1.0,0.996974,0.998487,1,1,1
3263,,1,0.988408,0.803095,0.895751,1,1,1
3264,,1,1.0,0.998269,0.999134,1,1,1
3269,,1,0.999797,0.999993,0.999895,1,1,1
3274,,1,1.0,0.999958,0.999979,1,1,1
3275,,1,0.900395,0.944368,0.922382,1,1,1
3280,,1,0.988408,0.803115,0.895761,1,1,1
3283,,1,0.990523,0.925518,0.958021,1,1,1
3286,,1,1.0,0.99992,0.99996,1,1,1
3290,,1,1.0,1.0,1.0,1,1,1
3291,,1,0.990523,0.925518,0.958021,1,1,1
3294,,1,0.990523,0.925518,0.958021,1,1,1
3306,,1,0.990523,0.925518,0.958021,1,1,1
3307,,1,1.0,0.736046,0.868023,1,1,1
3313,,1,1.0,0.965962,0.982981,1,1,1
3320,,1,0.990523,0.925518,0.958021,1,1,1
3334,,1,0.990523,0.925518,0.958021,1,1,1
3336,,1,0.990523,0.925518,0.958021,1,1,1
3342,,1,1.0,0.96459,0.982295,1,1,1
3343,,1,0.993138,0.797849,0.895494,1,1,1
3347,,1,1.0,1.0,1.0,1,1,1
3351,,1,0.990523,0.925518,0.958021,1,1,1
3354,,1,1.0,1.0,1.0,1,1,1
3355,,1,0.990523,0.926709,0.958616,1,1,1
3358,,1,0.999921,0.999993,0.999957,1,1,1
3359,,1,1.0,0.993654,0.996827,1,1,1
3368,,1,0.990523,0.925518,0.958021,1,1,1
3374,,1,1.0,1.0,1.0,1,1,1
3377,,1,1.0,0.999995,0.999997,1,1,1
3381,,1,0.999921,0.999993,0.999957,1,1,1
3386,,1,0.999797,0.999993,0.999895,1,1,1
3391,,1,1.0,0.999991,0.999995,1,1,1
3393,,1,1.0,0.999994,0.999997,1,1,1
3398,,1,1.0,0.998268,0.999134,1,1,1
3407,,1,0.999797,0.999993,0.999895,1,1,1
3414,,1,1.0,0.999994,0.999997,1,1,1
3415,,1,1.0,0.991032,0.995516,1,1,1
3416,,1,1.0,0.994107,0.997053,1,1,1
3429,,1,1.0,1.0,1.0,1,1,1
3434,,1,1.0,1.0,1.0,1,1,1
3441,,1,0.993138,0.79745,0.895294,1,1,1
3444,,1,0.990523,0.925518,0.958021,1,1,1
3445,,1,0.990523,0.925518,0.958021,1,1,1
3450,,1,1.0,0.99697,0.998485,1,1,1
3451,,1,0.990523,0.926709,0.958616,1,1,1
3456,,1,1.0,0.453179,0.72659,1,0,1
3464,,1,0.990523,0.925518,0.958021,1,1,1
3470,,1,0.990523,0.925518,0.958021,1,1,1
3482,,1,1.0,0.999994,0.999997,1,1,1
3483,,1,1.0,0.999994,0.999997,1,1,1
3487,,1,0.990523,0.925518,0.958021,1,1,1
3494,,1,1.0,0.999995,0.999997,1,1,1
3497,,1,0.990523,0.925518,0.958021,1,1,1
3498,,1,0.990523,0.925518,0.958021,1,1,1
3504,,1,0.990523,0.925518,0.958021,1,1,1
3508,,1,1.0,0.996368,0.998184,1,1,1
3509,,1,0.9,0.999992,0.949996,1,1,1
3513,,1,1.0,0.999994,0.999997,1,1,1
3514,,1,1.0,0.998253,0.999126,1,1,1
3519,,1,0.999921,0.999993,0.999957,1,1,1
3524,,1,0.999797,0.999993,0.999895,1,1,1
3531,,1,0.990523,0.926709,0.958616,1,1,1
3533,,1,1.0,0.999987,0.999993,1,1,1
3535,,0,0.001003,0.317897,0.15945,0,0,0
3537,,1,0.975473,0.006456,0.490965,1,0,0
3539,,1,0.999797,0.999993,0.999895,1,1,1
3547,,0,0.003378,0.024739,0.014058,0,0,0
3550,,1,1.0,0.998268,0.999134,1,1,1
3558,,1,0.990523,0.925518,0.958021,1,1,1
3561,,1,1.0,0.999993,0.999996,1,1,1
3565,,1,1.0,0.999995,0.999997,1,1,1
3569,,1,1.0,1.0,1.0,1,1,1
3580,,1,1.0,0.996843,0.998421,1,1,1
3584,,1,0.990523,0.925518,0.958021,1,1,1
3593,,1,1.0,1.0,1.0,1,1,1
3598,,1,0.990523,0.925518,0.958021,1,1,1
3618,,1,0.999921,0.999993,0.999957,1,1,1
3626,,1,1.0,0.998265,0.999132,1,1,1
3642,,1,0.531851,0.930347,0.731099,1,1,1
3643,,1,0.990523,0.926709,0.958616,1,1,1
3645,,1,0.999797,0.999993,0.999895,1,1,1
3674,,1,0.999797,0.999993,0.999895,1,1,1
3682,,1,0.993138,0.797857,0.895498,1,1,1
3688,,1,0.999797,0.999993,0.999895,1,1,1
3689,,1,0.999169,0.822252,0.910711,1,1,1
3696,,1,1.0,0.998339,0.999169,1,1,1
3698,,1,1.0,1.0,1.0,1,1,1
3704,,1,1.0,0.942755,0.971377,1,1,1
3705,,1,0.990523,0.925518,0.958021,1,1,1
3716,,1,0.990523,0.925518,0.958021,1,1,1
3719,,1,0.990523,0.925518,0.958021,1,1,1
3720,,1,0.990523,0.925518,0.958021,1,1,1
3726,,0,0.0,0.020029,0.010015,0,0,0
3740,,1,1.0,0.998234,0.999117,1,1,1
3755,,1,1.0,0.99999,0.999995,1,1,1
3760,,1,1.0,0.999994,0.999997,1,1,1
3763,,1,0.999921,0.999993,0.999957,1,1,1
3764,,1,1.0,1.0,1.0,1,1,1
3765,,1,0.999921,0.999993,0.999957,1,1,1
3766,,1,1.0,0.999995,0.999997,1,1,1
3775,,1,1.0,0.998952,0.999476,1,1,1
3776,,1,1.0,0.999994,0.999997,1,1,1
3778,,1,0.999797,0.999993,0.999895,1,1,1
3782,,1,0.999921,0.999993,0.999957,1,1,1
3784,,1,0.990523,0.926709,0.958616,1,1,1
3788,,1,0.301175,0.106519,0.203847,0,0,0
3794,,1,1.0,0.999991,0.999995,1,1,1
3801,,1,0.72,0.002037,0.361019,1,0,0
3805,,1,1.0,0.999995,0.999997,1,1,1
3810,,1,0.990523,0.925518,0.958021,1,1,1
3812,,1,0.999797,0.999993,0.999895,1,1,1
3817,,1,1.0,0.990928,0.995464,1,1,1
3824,,1,1.0,1.0,1.0,1,1,1
3832,,1,1.0,0.965957,0.982978,1,1,1
3848,,0,0.251932,0.03224,0.142086,0,0,0
3851,,1,0.982912,0.803244,0.893078,1,1,1
3852,,1,1.0,0.998338,0.999169,1,1,1
3855,,1,1.0,0.995653,0.997826,1,1,1
3859,,1,0.999921,0.999993,0.999957,1,1,1
3861,,1,0.990523,0.925518,0.958021,1,1,1
3865,,1,0.999921,0.999993,0.999957,1,1,1
3866,,1,1.0,0.999993,0.999997,1,1,1
3868,,1,1.0,0.426524,0.713262,1,0,1
3870,,1,1.0,0.999962,0.999981,1,1,1
3883,,1,1.0,1.0,1.0,1,1,1
3886,,1,0.993138,0.797852,0.895495,1,1,1
3887,,1,1.0,1.0,1.0,1,1,1
3888,,1,0.990523,0.925518,0.958021,1,1,1
3889,,1,1.0,0.999893,0.999947,1,1,1
3893,,1,1.0,0.999971,0.999985,1,1,1
3899,,1,1.0,0.995096,0.997548,1,1,1
3901,,1,1.0,0.999994,0.999997,1,1,1
3903,,1,0.99,0.763491,0.876745,1,1,1
3904,,1,1.0,0.999995,0.999997,1,1,1
3909,,1,0.990523,0.925518,0.958021,1,1,1
3911,,1,0.999797,0.999993,0.999895,1,1,1
3915,,1,1.0,0.965964,0.982982,1,1,1
3922,,1,0.301175,0.106519,0.203847,0,0,0
3923,,1,0.990523,0.925518,0.958021,1,1,1
3927,,1,0.990523,0.925518,0.958021,1,1,1
3933,,1,1.0,0.999998,0.999999,1,1,1
3944,,1,1.0,0.998248,0.999124,1,1,1
3947,,1,1.0,0.996975,0.998488,1,1,1
3951,,1,0.982912,0.803244,0.893078,1,1,1
3956,,1,0.999797,0.999993,0.999895,1,1,1
3957,,1,0.999921,0.999993,0.999957,1,1,1
3971,,1,1.0,0.914896,0.957448,1,1,1
3976,,1,0.990523,0.925518,0.958021,1,1,1
3990,,1,1.0,0.998262,0.999131,1,1,1
3994,,1,0.999169,0.998269,0.998719,1,1,1
3999,,1,0.999921,0.999993,0.999957,1,1,1
4012,,1,1.0,0.999971,0.999986,1,1,1
4019,,1,0.061463,0.084763,0.073113,0,0,0
4027,,1,0.301175,0.106519,0.203847,0,0,0
4030,,1,1.0,1.0,1.0,1,1,1
4042,,1,1.0,1.0,1.0,1,1,1
4054,,1,1.0,1.0,1.0,1,1,1
4055,,1,1.0,0.764011,0.882005,1,1,1
4056,,0,0.01,0.00317,0.006585,0,0,0
4065,,1,0.999797,0.999993,0.999895,1,1,1
4072,,1,0.990523,0.926709,0.958616,1,1,1
4075,,1,1.0,0.950079,0.97504,1,1,1
4080,,1,1.0,1.0,1.0,1,1,1
4087,,1,1.0,0.999933,0.999967,1,1,1
4101,,1,1.0,1.0,1.0,1,1,1
4102,,0,0.003378,0.002132,0.002755,0,0,0
4107,,1,0.999921,0.999993,0.999957,1,1,1
4112,,1,0.999169,0.998269,0.998719,1,1,1
4119,,1,1.0,1.0,1.0,1,1,1
4120,,1,0.990523,0.926709,0.958616,1,1,1
4122,,1,0.990523,0.926709,0.958616,1,1,1
4133,,1,1.0,0.998269,0.999134,1,1,1
4134,,1,1.0,1.0,1.0,1,1,1
4135,,1,1.0,0.998267,0.999134,1,1,1
4137,,1,0.990523,0.926709,0.958616,1,1,1
4142,,1,1.0,0.999995,0.999997,1,1,1
4153,,1,1.0,0.982929,0.991465,1,1,1
4158,,1,1.0,1.0,1.0,1,1,1
4160,,1,1.0,0.955761,0.97788,1,1,1
4163,,1,0.990523,0.925518,0.958021,1,1,1
4169,,1,1.0,0.748273,0.874137,1,1,1
4170,,1,0.999169,0.998269,0.998719,1,1,1
4172,,1,0.990523,0.925518,0.958021,1,1,1
4176,,1,1.0,0.996981,0.99849,1,1,1
4178,,1,0.99,1.0,0.995,1,1,1
4180,,1,1.0,0.999995,0.999997,1,1,1
4187,,1,1.0,0.999995,0.999997,1,1,1
4196,,1,1.0,0.999994,0.999997,1,1,1
4204,,0,0.003378,0.002132,0.002755,0,0,0
4205,,1,1.0,0.998268,0.999134,1,1,1
4209,,1,0.99,0.999411,0.994705,1,1,1
4210,,1,1.0,0.891412,0.945706,1,1,1
4222,,1,0.990523,0.925518,0.958021,1,1,1
4228,,1,0.999797,0.999993,0.999895,1,1,1
4229,,0,0.0,0.0,0.0,0,0,0
4235,,1,1.0,0.992088,0.996044,1,1,1
4236,,1,1.0,0.999995,0.999997,1,1,1
4240,,1,1.0,0.998268,0.999134,1,1,1
4245,,1,1.0,0.999183,0.999592,1,1,1
4259,,1,1.0,0.950638,0.975319,1,1,1
4260,,1,0.990523,0.925518,0.958021,1,1,1
4271,,1,0.988408,0.803119,0.895763,1,1,1
4274,,1,0.999921,0.999993,0.999957,1,1,1
4288,,1,1.0,0.998268,0.999134,1,1,1
4291,,1,0.990523,0.925518,0.958021,1,1,1
4292,,1,0.71,0.994069,0.852035,1,1,1
4293,,1,0.999797,0.999993,0.999895,1,1,1
4294,,1,0.990523,0.925518,0.958021,1,1,1
4295,,1,1.0,0.999952,0.999976,1,1,1
4298,,1,1.0,0.999995,0.999997,1,1,1
4302,,1,0.990523,0.925518,0.958021,1,1,1
4307,,1,1.0,0.999997,0.999999,1,1,1
4308,,0,0.003378,0.024739,0.014058,0,0,0
4310,,1,1.0,0.998268,0.999134,1,1,1
4332,,1,0.990523,0.925518,0.958021,1,1,1
4335,,1,1.0,0.965964,0.982982,1,1,1
4349,,1,1.0,0.999632,0.999816,1,1,1
4351,,1,0.990523,0.925518,0.958021,1,1,1
4376,,1,0.999797,0.999993,0.999895,1,1,1
4383,,1,0.999921,0.999993,0.999957,1,1,1
4399,,1,1.0,0.998109,0.999054,1,1,1
4404,,1,1.0,0.991048,0.995524,1,1,1
4407,,1,1.0,0.998044,0.999022,1,1,1
4412,,1,1.0,0.996971,0.998486,1,1,1
4414,,1,1.0,1.0,1.0,1,1,1
4420,,1,1.0,1.0,1.0,1,1,1
4424,,1,1.0,0.997009,0.998504,1,1,1
4426,,1,1.0,0.999909,0.999954,1,1,1
4435,,1,1.0,0.998268,0.999134,1,1,1
4439,,1,0.999797,0.999993,0.999895,1,1,1
4441,,1,0.990523,0.926709,0.958616,1,1,1
4463,,1,1.0,0.921861,0.960931,1,1,1
4464,,1,1.0,1.0,1.0,1,1,1
4467,,1,1.0,0.998268,0.999134,1,1,1
4476,,1,0.990523,0.925518,0.958021,1,1,1
4485,,0,0.1,0.351324,0.225662,0,0,0
4487,,1,1.0,0.994703,0.997351,1,1,1
4489,,1,1.0,1.0,1.0,1,1,1
4499,,1,1.0,1.0,1.0,1,1,1
4500,,1,0.999797,0.999993,0.999895,1,1,1
4508,,1,0.990523,0.925518,0.958021,1,1,1
4525,,1,0.990523,0.925518,0.958021,1,1,1
4526,,1,1.0,0.999991,0.999996,1,1,1
4536,,1,1.0,0.998268,0.999134,1,1,1
4538,,1,1.0,0.999995,0.999997,1,1,1
4546,,1,1.0,1.0,1.0,1,1,1
4547,,1,1.0,0.965955,0.982978,1,1,1
4549,,1,1.0,0.999995,0.999997,1,1,1
4550,,1,1.0,0.996974,0.998487,1,1,1
4554,,1,1.0,1.0,1.0,1,1,1
4560,,1,1.0,0.999987,0.999993,1,1,1
4562,,1,1.0,0.985806,0.992903,1,1,1
4577,,1,0.999797,0.999993,0.999895,1,1,1
4582,,1,0.93,0.999984,0.964992,1,1,1
4591,,1,1.0,0.914858,0.957429,1,1,1
4594,,1,1.0,0.999554,0.999777,1,1,1
4599,,1,0.999921,0.999993,0.999957,1,1,1
4602,,1,0.999797,0.999993,0.999895,1,1,1
4605,,1,1.0,0.453179,0.72659,1,0,1
4627,,1,0.999797,0.999993,0.999895,1,1,1
4629,,1,1.0,1.0,1.0,1,1,1
4639,,1,0.9,0.762146,0.831073,1,1,1
4646,,1,0.531851,0.930347,0.731099,1,1,1
4647,,1,1.0,1.0,1.0,1,1,1
4650,,1,1.0,0.999994,0.999997,1,1,1
4651,,1,0.531851,0.930347,0.731099,1,1,1
4654,,1,0.999921,0.999993,0.999957,1,1,1
4660,,1,1.0,0.999926,0.999963,1,1,1
4661,,1,0.825701,0.187023,0.506362,1,0,1
4662,,1,0.990523,0.925518,0.958021,1,1,1
4676,,1,1.0,0.999997,0.999999,1,1,1
4681,,1,0.990523,0.926709,0.958616,1,1,1
4684,,1,0.990523,0.926709,0.958616,1,1,1
4698,,1,1.0,0.950661,0.975331,1,1,1
4700,,1,0.990523,0.925518,0.958021,1,1,1
4701,,1,0.990523,0.926709,0.958616,1,1,1
4704,,1,1.0,0.999901,0.99995,1,1,1
4709,,0,0.05,0.00202,0.02601,0,0,0
4711,,1,0.993138,0.797919,0.895529,1,1,1
4721,,1,0.999797,0.999993,0.999895,1,1,1
4722,,1,0.999797,0.999993,0.999895,1,1,1
4727,,1,0.990523,0.925518,0.958021,1,1,1
4736,,1,0.111605,0.117329,0.114467,0,0,0
4737,,1,1.0,0.999959,0.99998,1,1,1
4745,,1,1.0,0.999995,0.999997,1,1,1
4746,,1,1.0,1.0,1.0,1,1,1
4748,,1,0.990523,0.926709,0.958616,1,1,1
4751,,1,0.990523,0.926709,0.958616,1,1,1
4752,,1,0.999797,0.999993,0.999895,1,1,1
4753,,1,0.990523,0.926709,0.958616,1,1,1
4756,,1,1.0,1.0,1.0,1,1,1
4764,,1,0.991003,0.999958,0.99548,1,1,1
4768,,1,1.0,0.999995,0.999997,1,1,1
4769,,1,1.0,0.950087,0.975043,1,1,1
4773,,1,1.0,1.0,1.0,1,1,1
4781,,1,0.988408,0.803038,0.895723,1,1,1
4786,,1,1.0,0.996974,0.998487,1,1,1
4791,,1,1.0,0.995564,0.997782,1,1,1
4797,,1,1.0,0.961613,0.980806,1,1,1
4801,,1,0.990523,0.925518,0.958021,1,1,1
4803,,1,1.0,1.0,1.0,1,1,1
4818,,1,0.455188,0.60547,0.530329,0,1,1
4822,,1,0.999797,0.999993,0.999895,1,1,1
4824,,1,1.0,0.99815,0.999075,1,1,1
4825,,1,1.0,0.999997,0.999998,1,1,1
4826,,1,1.0,0.95006,0.97503,1,1,1
4828,,1,0.990523,0.925518,0.958021,1,1,1
4832,,1,1.0,0.999997,0.999999,1,1,1
4833,,1,1.0,0.999994,0.999997,1,1,1
4837,,1,0.990523,0.925518,0.958021,1,1,1
4839,,1,1.0,0.999993,0.999996,1,1,1
4847,,1,1.0,0.999997,0.999999,1,1,1
4850,,1,0.990523,0.925518,0.958021,1,1,1
4856,,1,1.0,0.965963,0.982982,1,1,1
4859,,1,1.0,0.999972,0.999986,1,1,1
4868,,1,1.0,1.0,1.0,1,1,1
4873,,1,0.999797,0.999993,0.999895,1,1,1
4876,,1,1.0,0.999994,0.999997,1,1,1
4883,,1,0.999921,0.999993,0.999957,1,1,1
4884,,1,1.0,0.999975,0.999987,1,1,1
4885,,1,1.0,0.479085,0.739542,1,0,1
4895,,1,1.0,0.914909,0.957454,1,1,1
4898,,1,1.0,1.0,1.0,1,1,1
4900,,1,1.0,0.89256,0.94628,1,1,1
4905,,1,1.0,1.0,1.0,1,1,1
4906,,1,0.999797,0.999993,0.999895,1,1,1
4921,,1,0.990523,0.925518,0.958021,1,1,1
4931,,1,0.990523,0.925518,0.958021,1,1,1
4932,,1,1.0,0.999994,0.999997,1,1,1
4934,,1,0.993138,0.797884,0.895511,1,1,1
4935,,1,0.900395,0.944368,0.922382,1,1,1
4937,,1,1.0,0.914888,0.957444,1,1,1
4939,,1,1.0,0.999994,0.999997,1,1,1
4943,,1,1.0,0.969731,0.984866,1,1,1
4947,,1,1.0,0.999995,0.999997,1,1,1
4953,,0,0.0,0.007502,0.003751,0,0,0
4956,,1,1.0,1.0,1.0,1,1,1
4958,,1,1.0,1.0,1.0,1,1,1
4960,,1,1.0,1.0,1.0,1,1,1
4968,,1,1.0,0.999995,0.999997,1,1,1
4971,,1,1.0,0.493205,0.746602,1,0,1
4974,,1,0.990523,0.926709,0.958616,1,1,1
4977,,1,1.0,0.99986,0.99993,1,1,1
5002,,1,1.0,1.0,1.0,1,1,1
5008,,1,1.0,0.998165,0.999082,1,1,1
5013,,1,1.0,0.998518,0.999259,1,1,1
5019,,1,1.0,1.0,1.0,1,1,1
5023,,1,0.999921,0.999993,0.999957,1,1,1
5033,,1,1.0,1.0,1.0,1,1,1
5045,,1,1.0,0.996975,0.998487,1,1,1
5046,,1,1.0,0.74789,0.873945,1,1,1
5052,,1,0.990523,0.926709,0.958616,1,1,1
5056,,1,0.301175,0.106519,0.203847,0,0,0
5061,,1,0.990523,0.926709,0.958616,1,1,1
5063,,1,0.990523,0.925518,0.958021,1,1,1
5075,,1,0.83,0.147918,0.488959,1,0,0
5076,,1,0.999921,0.999993,0.999957,1,1,1
5080,,1,0.301175,0.106519,0.203847,0,0,0
5082,,1,1.0,0.999994,0.999997,1,1,1
5084,,1,1.0,0.999961,0.99998,1,1,1
5086,,1,1.0,1.0,1.0,1,1,1
5087,,1,1.0,0.999952,0.999976,1,1,1
5095,,1,1.0,0.485026,0.742513,1,0,1
5101,,1,0.990523,0.926709,0.958616,1,1,1
5106,,1,0.990523,0.925518,0.958021,1,1,1
5109,,1,1.0,1.0,1.0,1,1,1
5111,,1,1.0,0.99985,0.999925,1,1,1
5112,,1,1.0,0.991961,0.995981,1,1,1
5113,,1,1.0,0.999954,0.999977,1,1,1
5114,,1,1.0,0.999994,0.999997,1,1,1
5115,,1,1.0,1.0,1.0,1,1,1
5116,,1,0.990523,0.926709,0.958616,1,1,1
5120,,1,0.999797,0.999993,0.999895,1,1,1
5122,,1,1.0,0.998268,0.999134,1,1,1
5129,,1,0.999797,0.999993,0.999895,1,1,1
5131,,1,0.999797,0.999993,0.999895,1,1,1
5135,,1,1.0,0.914873,0.957437,1,1,1
5137,,1,1.0,0.999995,0.999997,1,1,1
5138,,1,0.990523,0.926709,0.958616,1,1,1
5142,,1,1.0,1.0,1.0,1,1,1
5147,,1,1.0,1.0,1.0,1,1,1
5158,,1,1.0,0.999987,0.999993,1,1,1
5171,,1,1.0,0.951366,0.975683,1,1,1
5178,,1,0.990523,0.925518,0.958021,1,1,1
5184,,1,0.990523,0.925518,0.958021,1,1,1
5186,,1,0.990523,0.925518,0.958021,1,1,1
5188,,1,1.0,0.999996,0.999998,1,1,1
5189,,1,1.0,0.999994,0.999997,1,1,1
5211,,1,0.990523,0.926709,0.958616,1,1,1
5215,,1,0.987643,0.797985,0.892814,1,1,1
5227,,1,0.999797,0.999993,0.999895,1,1,1
5228,,0,0.003378,0.015839,0.009608,0,0,0
5231,,1,0.999921,0.999993,0.999957,1,1,1
5232,,1,1.0,0.999996,0.999998,1,1,1
5235,,1,0.999169,0.998269,0.998719,1,1,1
5247,,1,1.0,1.0,1.0,1,1,1
5253,,1,1.0,1.0,1.0,1,1,1
5256,,1,0.999921,0.999993,0.999957,1,1,1
5258,,1,0.990523,0.925518,0.958021,1,1,1
5261,,1,1.0,1.0,1.0,1,1,1
5263,,1,0.999921,0.999993,0.999957,1,1,1
5270,,1,1.0,0.999995,0.999997,1,1,1
5271,,1,0.990523,0.925518,0.958021,1,1,1
5273,,1,0.966491,0.187786,0.577138,1,0,1
5293,,1,0.999921,0.999993,0.999957,1,1,1
5299,,1,0.999797,0.999993,0.999895,1,1,1
5301,,1,1.0,0.999968,0.999984,1,1,1
5305,,1,1.0,0.999906,0.999953,1,1,1
5306,,1,0.990523,0.926709,0.958616,1,1,1
5309,,1,1.0,0.998258,0.999129,1,1,1
5318,,1,1.0,0.999997,0.999999,1,1,1
5322,,1,1.0,0.953833,0.976916,1,1,1
5323,,0,0.0,0.0,0.0,0,0,0
5324,,1,1.0,0.996933,0.998466,1,1,1
5339,,0,0.003378,0.024739,0.014058,0,0,0
5340,,1,1.0,1.0,1.0,1,1,1
5347,,1,0.990523,0.925518,0.958021,1,1,1
5353,,1,1.0,0.960477,0.980238,1,1,1
5354,,1,0.990523,0.925518,0.958021,1,1,1
5367,,1,0.990523,0.925518,0.958021,1,1,1
5379,,1,0.999797,0.999993,0.999895,1,1,1
5388,,1,1.0,0.998397,0.999199,1,1,1
5391,,1,1.0,0.998269,0.999134,1,1,1
5393,,1,0.990523,0.926709,0.958616,1,1,1
5395,,1,0.990523,0.925518,0.958021,1,1,1
5400,,1,1.0,1.0,1.0,1,1,1
5408,,1,1.0,1.0,1.0,1,1,1
5410,,1,1.0,0.996797,0.998399,1,1,1
5412,,1,0.990523,0.925518,0.958021,1,1,1
5413,,1,0.990523,0.926709,0.958616,1,1,1
5417,,1,0.990523,0.926709,0.958616,1,1,1
5433,,1,1.0,0.999943,0.999971,1,1,1
5436,,1,0.999797,0.999993,0.999895,1,1,1
5445,,1,1.0,0.891168,0.945584,1,1,1
5451,,1,0.999797,0.999993,0.999895,1,1,1
5453,,1,1.0,0.999884,0.999942,1,1,1
5459,,1,1.0,0.998268,0.999134,1,1,1
5461,,1,1.0,1.0,1.0,1,1,1
5467,,1,1.0,0.99697,0.998485,1,1,1
5473,,1,0.999921,0.999993,0.999957,1,1,1
5480,,1,1.0,0.999955,0.999978,1,1,1
5487,,1,1.0,1.0,1.0,1,1,1
5489,,1,0.999797,0.999993,0.999895,1,1,1
5493,,1,1.0,1.0,1.0,1,1,1
5499,,1,0.301175,0.106519,0.203847,0,0,0
5500,,1,1.0,0.999988,0.999994,1,1,1
5511,,1,1.0,0.999941,0.999971,1,1,1
5517,,1,1.0,1.0,1.0,1,1,1
5527,,1,0.990523,0.925518,0.958021,1,1,1
5534,,1,1.0,0.914892,0.957446,1,1,1
5541,,1,1.0,0.998269,0.999134,1,1,1
5550,,1,1.0,1.0,1.0,1,1,1
5553,,1,0.999797,0.999993,0.999895,1,1,1
5561,,1,0.999797,0.999993,0.999895,1,1,1
5572,,1,1.0,0.991139,0.995569,1,1,1
5574,,1,0.990523,0.926709,0.958616,1,1,1
5580,,1,0.990523,0.926709,0.958616,1,1,1
5593,,1,1.0,1.0,1.0,1,1,1
5598,,1,1.0,1.0,1.0,1,1,1
5605,,1,1.0,0.736724,0.868362,1,1,1
5617,,1,1.0,0.999995,0.999997,1,1,1
5618,,1,0.999797,0.999993,0.999895,1,1,1
5627,,1,0.999797,0.999993,0.999895,1,1,1
5632,,1,0.987643,0.797948,0.892795,1,1,1
5640,,1,1.0,1.0,1.0,1,1,1
5641,,1,0.999797,0.999993,0.999895,1,1,1
5643,,1,0.900395,0.944368,0.922382,1,1,1
5647,,1,1.0,0.999995,0.999997,1,1,1
5657,,1,1.0,1.0,1.0,1,1,1
5660,,1,1.0,0.999995,0.999997,1,1,1
5663,,1,0.990523,0.925518,0.958021,1,1,1
5672,,0,0.19,0.022653,0.106326,0,0,0
5673,,1,0.999921,0.999993,0.999957,1,1,1
5679,,1,1.0,0.999991,0.999996,1,1,1
5680,,1,0.990523,0.926709,0.958616,1,1,1
5691,,1,0.990523,0.926709,0.958616,1,1,1
5692,,1,0.990523,0.925518,0.958021,1,1,1
5702,,1,1.0,0.938951,0.969475,1,1,1
5705,,1,1.0,0.999994,0.999997,1,1,1
5707,,1,0.999797,0.999993,0.999895,1,1,1
5708,,1,1.0,0.950663,0.975331,1,1,1
5709,,1,1.0,1.0,1.0,1,1,1
5716,,1,1.0,0.999995,0.999997,1,1,1
5719,,1,1.0,0.998268,0.999134,1,1,1
5725,,1,0.999797,0.999993,0.999895,1,1,1
5730,,1,1.0,0.991051,0.995525,1,1,1
5731,,1,0.999797,0.999993,0.999895,1,1,1
5741,,1,0.906912,0.019439,0.463175,1,0,0
5746,,1,0.990523,0.925518,0.958021,1,1,1
5751,,1,0.990523,0.925518,0.958021,1,1,1
5754,,1,0.990523,0.925518,0.958021,1,1,1
5755,,1,1.0,0.022384,0.511192,1,0,1
5756,,1,1.0,0.998467,0.999233,1,1,1
5762,,0,0.0,0.007461,0.00373,0,0,0
5765,,1,1.0,0.999999,0.999999,1,1,1
5768,,1,0.990523,0.925518,0.958021,1,1,1
5771,,1,1.0,0.991029,0.995515,1,1,1
5774,,0,0.0,0.001964,0.000982,0,0,0
5779,,1,1.0,0.996829,0.998414,1,1,1
5785,,1,0.990523,0.926709,0.958616,1,1,1
5787,,1,1.0,0.999996,0.999998,1,1,1
5788,,1,0.900395,0.944368,0.922382,1,1,1
5791,,1,1.0,0.999993,0.999996,1,1,1
5794,,1,0.999797,0.999993,0.999895,1,1,1
5795,,1,1.0,0.453179,0.72659,1,0,1
5797,,1,0.990523,0.926709,0.958616,1,1,1
5799,,1,0.999797,0.999993,0.999895,1,1,1
5800,,1,0.111605,0.117329,0.114467,0,0,0
5804,,1,1.0,0.999994,0.999997,1,1,1
5805,,1,1.0,0.997229,0.998615,1,1,1
5806,,1,1.0,0.999997,0.999999,1,1,1
5808,,1,1.0,0.996968,0.998484,1,1,1
5810,,1,0.986325,0.796488,0.891406,1,1,1
5816,,1,0.999921,0.999993,0.999957,1,1,1
5817,,1,1.0,0.999987,0.999993,1,1,1
5820,,1,0.990523,0.925518,0.958021,1,1,1
5821,,1,0.990523,0.925518,0.958021,1,1,1
5823,,1,0.999169,0.998269,0.998719,1,1,1
5825,,1,1.0,0.999423,0.999711,1,1,1
5832,,1,0.99,0.909491,0.949746,1,1,1
5833,,1,0.900395,0.944368,0.922382,1,1,1
5836,,0,0.003378,0.002132,0.002755,0,0,0
5837,,1,1.0,0.998268,0.999134,1,1,1
5841,,1,0.966491,0.187815,0.577153,1,0,1
5844,,1,0.990523,0.925518,0.958021,1,1,1
5851,,1,1.0,0.892695,0.946348,1,1,1
5864,,1,1.0,0.99591,0.997955,1,1,1
5865,,1,1.0,1.0,1.0,1,1,1
5870,,1,1.0,0.893398,0.946699,1,1,1
5871,,1,1.0,0.99105,0.995525,1,1,1
5876,,1,0.301175,0.106519,0.203847,0,0,0
5880,,1,0.990523,0.925518,0.958021,1,1,1
5882,,1,0.999921,0.999993,0.999957,1,1,1
5884,,1,1.0,0.999448,0.999724,1,1,1
5886,,1,0.900395,0.944368,0.922382,1,1,1
5897,,1,0.97,0.982674,0.976337,1,1,1
5899,,1,1.0,1.0,1.0,1,1,1
5910,,1,0.988408,0.803081,0.895744,1,1,1
5912,,1,0.999169,0.998269,0.998719,1,1,1
5913,,1,0.990523,0.926709,0.958616,1,1,1
5915,,1,0.990523,0.925518,0.958021,1,1,1
5922,,1,1.0,0.965963,0.982982,1,1,1
5928,,1,1.0,1.0,1.0,1,1,1
5931,,0,0.003378,0.024739,0.014058,0,0,0
5932,,0,0.003378,0.00233,0.002854,0,0,0
5938,,1,0.999797,0.999993,0.999895,1,1,1
5943,,1,0.990523,0.925518,0.958021,1,1,1
5945,,1,1.0,0.998267,0.999134,1,1,1
5951,,1,0.999921,0.999993,0.999957,1,1,1
5959,,1,1.0,0.999999,1.0,1,1,1
5962,,1,0.990523,0.926709,0.958616,1,1,1
5965,,1,1.0,0.998129,0.999064,1,1,1
5966,,1,0.999169,0.998269,0.998719,1,1,1
5971,,0,0.003378,0.002132,0.002755,0,0,0
5972,,1,1.0,0.998074,0.999037,1,1,1
5974,,1,0.999921,0.999993,0.999957,1,1,1
5975,,1,1.0,0.991033,0.995517,1,1,1
5977,,1,0.990523,0.925518,0.958021,1,1,1
5994,,1,0.900395,0.944368,0.922382,1,1,1
5995,,1,0.999169,0.998269,0.998719,1,1,1
5996,,1,0.999921,0.999993,0.999957,1,1,1
5999,,1,1.0,1.0,1.0,1,1,1
6005,,1,1.0,0.999994,0.999997,1,1,1
6006,,1,1.0,0.999995,0.999997,1,1,1
6013,,1,1.0,0.999994,0.999997,1,1,1
6015,,1,1.0,1.0,1.0,1,1,1
6017,,1,1.0,1.0,1.0,1,1,1
6020,,1,1.0,0.892843,0.946421,1,1,1
6022,,1,1.0,0.991051,0.995525,1,1,1
6025,,1,0.999797,0.999993,0.999895,1,1,1
6032,,1,1.0,1.0,1.0,1,1,1
6036,,1,1.0,1.0,1.0,1,1,1
6042,,1,0.990523,0.926709,0.958616,1,1,1
6044,,1,0.990523,0.925518,0.958021,1,1,1
6051,,1,1.0,1.0,1.0,1,1,1
6053,,1,1.0,0.997587,0.998794,1,1,1
6056,,1,1.0,0.999955,0.999978,1,1,1
6064,,1,0.990523,0.925518,0.958021,1,1,1
6066,,1,0.990523,0.925518,0.958021,1,1,1
6069,,1,0.999921,0.999993,0.999957,1,1,1
6074,,1,0.990523,0.926709,0.958616,1,1,1
6075,,1,1.0,0.999996,0.999998,1,1,1
6093,,1,0.999169,0.998269,0.998719,1,1,1
6103,,1,1.0,1.0,1.0,1,1,1
6117,,1,1.0,0.950075,0.975038,1,1,1
6126,,1,1.0,1.0,1.0,1,1,1
6127,,1,0.999921,0.999993,0.999957,1,1,1
6129,,1,0.990523,0.925518,0.958021,1,1,1
6134,,1,1.0,0.999995,0.999997,1,1,1
6140,,1,1.0,1.0,1.0,1,1,1
6142,,1,1.0,0.876856,0.938428,1,1,1
6154,,1,1.0,1.0,1.0,1,1,1
6158,,1,1.0,0.998268,0.999134,1,1,1
6160,,1,1.0,0.999989,0.999995,1,1,1
6167,,1,0.991003,0.998791,0.994897,1,1,1
6168,,1,0.999797,0.999993,0.999895,1,1,1
6176,,1,0.999921,0.999993,0.999957,1,1,1
6186,,1,0.999169,0.998269,0.998719,1,1,1
6188,,1,1.0,0.999994,0.999997,1,1,1
6202,,1,1.0,0.998268,0.999134,1,1,1
6204,,1,0.990523,0.925518,0.958021,1,1,1
6208,,1,1.0,0.999926,0.999963,1,1,1
6223,,1,1.0,0.999994,0.999997,1,1,1
6227,,1,1.0,1.0,1.0,1,1,1
6231,,1,1.0,0.998349,0.999175,1,1,1
6238,,1,1.0,0.998268,0.999134,1,1,1
6239,,1,1.0,0.087293,0.543646,1,0,1
6242,,1,1.0,0.990932,0.995466,1,1,1
6252,,1,0.987643,0.797983,0.892813,1,1,1
6257,,1,0.096717,0.006306,0.051512,0,0,0
6262,,1,1.0,0.453179,0.72659,1,0,1
6265,,1,1.0,0.999995,0.999997,1,1,1
6270,,1,1.0,1.0,1.0,1,1,1
6272,,1,1.0,0.999997,0.999999,1,1,1
6273,,1,0.999921,0.999993,0.999957,1,1,1
6276,,1,1.0,0.965961,0.982981,1,1,1
6286,,1,1.0,0.998733,0.999367,1,1,1
6306,,1,1.0,0.993344,0.996672,1,1,1
6313,,1,1.0,1.0,1.0,1,1,1
6315,,1,0.990523,0.925518,0.958021,1,1,1
6318,,1,1.0,0.99466,0.99733,1,1,1
6320,,1,0.990523,0.925518,0.958021,1,1,1
6324,,1,1.0,0.999966,0.999983,1,1,1
6325,,1,1.0,0.891221,0.945611,1,1,1
6328,,1,1.0,0.997054,0.998527,1,1,1
6335,,1,0.990523,0.925518,0.958021,1,1,1
6352,,1,1.0,0.999868,0.999934,1,1,1
6366,,1,1.0,1.0,1.0,1,1,1
6367,,1,1.0,1.0,1.0,1,1,1
6371,,1,0.990523,0.925518,0.958021,1,1,1
6375,,1,1.0,0.964701,0.982351,1,1,1
6378,,1,0.990523,0.926709,0.958616,1,1,1
6381,,0,0.0,0.007456,0.003728,0,0,0
6389,,1,1.0,1.0,1.0,1,1,1
6393,,1,1.0,0.999992,0.999996,1,1,1
6394,,1,0.900395,0.944368,0.922382,1,1,1
6395,,0,0.243378,0.000406,0.121892,0,0,0
6400,,1,1.0,0.998265,0.999132,1,1,1
6401,,1,1.0,0.9808,0.9904,1,1,1
6412,,1,0.990523,0.925518,0.958021,1,1,1
6413,,1,0.990523,0.925518,0.958021,1,1,1
6434,,1,0.999797,0.999993,0.999895,1,1,1
6450,,1,0.999797,0.999993,0.999895,1,1,1
6455,,1,0.999797,0.999993,0.999895,1,1,1
6456,,1,1.0,0.999993,0.999996,1,1,1
6464,,1,1.0,0.999994,0.999997,1,1,1
6469,,1,1.0,0.999999,0.999999,1,1,1
6483,,1,1.0,0.999995,0.999997,1,1,1
6499,,1,1.0,1.0,1.0,1,1,1
6512,,1,0.990523,0.925518,0.958021,1,1,1
6516,,1,1.0,0.999995,0.999997,1,1,1
6519,,1,0.990523,0.925518,0.958021,1,1,1
6520,,1,0.999921,0.999993,0.999957,1,1,1
6527,,1,1.0,0.999967,0.999983,1,1,1
6538,,1,0.990523,0.926709,0.958616,1,1,1
6539,,1,0.990523,0.926709,0.958616,1,1,1
6540,,1,1.0,0.999996,0.999998,1,1,1
6545,,1,0.900395,0.944368,0.922382,1,1,1
6547,,1,1.0,0.998268,0.999134,1,1,1
6549,,1,0.990523,0.926709,0.958616,1,1,1
6554,,1,1.0,0.991038,0.995519,1,1,1
6557,,1,1.0,0.999595,0.999798,1,1,1
6561,,1,0.990523,0.925518,0.958021,1,1,1
6562,,1,0.990523,0.925518,0.958021,1,1,1
6578,,1,1.0,1.0,1.0,1,1,1
6590,,1,0.990523,0.925518,0.958021,1,1,1
6604,,1,1.0,0.998734,0.999367,1,1,1
6610,,1,0.990523,0.925518,0.958021,1,1,1
6614,,1,1.0,0.99031,0.995155,1,1,1
6616,,1,0.990523,0.925518,0.958021,1,1,1
6618,,1,0.990523,0.925518,0.958021,1,1,1
6624,,1,1.0,0.998269,0.999134,1,1,1
6626,,1,0.990523,0.926709,0.958616,1,1,1
6628,,1,0.990523,0.925518,0.958021,1,1,1
6637,,1,0.999797,0.999993,0.999895,1,1,1
6643,,1,1.0,0.763679,0.881839,1,1,1
6644,,1,0.990523,0.925518,0.958021,1,1,1
6649,,1,1.0,0.999994,0.999997,1,1,1
6652,,1,0.999921,0.999993,0.999957,1,1,1
6657,,1,0.999169,0.998269,0.998719,1,1,1
6662,,1,0.990523,0.925518,0.958021,1,1,1
6676,,1,0.990523,0.925518,0.958021,1,1,1
6685,,1,0.999797,0.999993,0.999895,1,1,1
6687,,1,0.990523,0.926709,0.958616,1,1,1
6693,,0,0.003378,0.024739,0.014058,0,0,0
6694,,1,0.301175,0.106519,0.203847,0,0,0
6696,,1,0.990523,0.925518,0.958021,1,1,1
6697,,1,1.0,1.0,1.0,1,1,1
6705,,1,0.990523,0.926709,0.958616,1,1,1
6708,,1,1.0,0.999988,0.999994,1,1,1
6711,,1,0.99,0.979159,0.984579,1,1,1
6717,,1,1.0,0.99997,0.999985,1,1,1
6718,,1,0.990523,0.926709,0.958616,1,1,1
6721,,1,0.999797,0.999993,0.999895,1,1,1
6722,,1,1.0,1.0,1.0,1,1,1
6723,,1,1.0,0.607597,0.803798,1,1,1
6724,,1,0.999797,0.999993,0.999895,1,1,1
6726,,1,1.0,0.998269,0.999134,1,1,1
6757,,1,0.990523,0.925518,0.958021,1,1,1
6759,,1,1.0,0.913899,0.956949,1,1,1
6767,,1,1.0,0.926416,0.963208,1,1,1
6772,,1,1.0,0.996745,0.998373,1,1,1
6779,,1,1.0,0.998268,0.999134,1,1,1
6782,,1,0.111605,0.117329,0.114467,0,0,0
6788,,1,0.990523,0.926709,0.958616,1,1,1
6797,,1,0.990523,0.925518,0.958021,1,1,1
6803,,1,0.999797,0.999993,0.999895,1,1,1
6804,,1,1.0,1.0,1.0,1,1,1
6809,,1,0.990523,0.925518,0.958021,1,1,1
6814,,1,1.0,0.999996,0.999998,1,1,1
6819,,1,0.999921,0.999993,0.999957,1,1,1
6821,,1,1.0,0.999994,0.999997,1,1,1
6822,,1,1.0,0.999987,0.999993,1,1,1
6823,,1,0.999921,0.999993,0.999957,1,1,1
6832,,1,0.999797,0.999993,0.999895,1,1,1
6833,,0,0.111605,0.117329,0.114467,0,0,0
6835,,0,0.003378,0.00233,0.002854,0,0,0
6840,,1,0.999169,0.998269,0.998719,1,1,1
6841,,1,1.0,0.999994,0.999997,1,1,1
6842,,1,1.0,0.991069,0.995535,1,1,1
6844,,1,1.0,0.998268,0.999134,1,1,1
6864,,1,0.061463,0.084763,0.073113,0,0,0
6868,,1,1.0,0.998268,0.999134,1,1,1
6872,,1,1.0,0.999996,0.999998,1,1,1
6884,,1,1.0,0.998395,0.999197,1,1,1
6894,,1,0.999797,0.999993,0.999895,1,1,1
6898,,1,1.0,0.964605,0.982303,1,1,1
6899,,1,0.990523,0.926709,0.958616,1,1,1
6900,,1,1.0,0.999994,0.999997,1,1,1
6918,,1,1.0,0.999999,0.999999,1,1,1
6922,,1,1.0,1.0,1.0,1,1,1
6926,,1,1.0,0.999997,0.999998,1,1,1
6939,,1,0.990523,0.926709,0.958616,1,1,1
6950,,1,0.900395,0.944368,0.922382,1,1,1
6955,,1,0.990523,0.925518,0.958021,1,1,1
6956,,1,0.999797,0.999993,0.999895,1,1,1
6960,,1,0.999921,0.999993,0.999957,1,1,1
6963,,1,1.0,0.999994,0.999997,1,1,1
6969,,1,0.990523,0.926709,0.958616,1,1,1
6975,,1,0.990523,0.925518,0.958021,1,1,1
6978,,1,0.999169,0.998269,0.998719,1,1,1
6980,,1,1.0,0.999965,0.999982,1,1,1
6981,,1,0.990523,0.926709,0.958616,1,1,1
6986,,1,1.0,0.999892,0.999946,1,1,1
6991,,1,1.0,0.999995,0.999997,1,1,1
7003,,1,1.0,0.998268,0.999134,1,1,1
7010,,1,1.0,0.891368,0.945684,1,1,1
7028,,1,0.99,0.999301,0.994651,1,1,1
7033,,1,0.885673,0.136829,0.511251,1,0,1
7034,,1,1.0,0.997476,0.998738,1,1,1
7035,,1,1.0,0.999995,0.999997,1,1,1
7042,,1,1.0,0.998267,0.999133,1,1,1
7044,,1,0.990523,0.926709,0.958616,1,1,1
7046,,1,1.0,0.998446,0.999223,1,1,1
7048,,1,0.999797,0.999993,0.999895,1,1,1
7051,,1,1.0,1.0,1.0,1,1,1
7053,,1,0.999921,0.999993,0.999957,1,1,1
7056,,1,1.0,1.0,1.0,1,1,1
7058,,1,1.0,0.999995,0.999997,1,1,1
7069,,1,0.990523,0.925518,0.958021,1,1,1
7079,,1,1.0,0.997824,0.998912,1,1,1
7086,,1,0.990523,0.925518,0.958021,1,1,1
7088,,1,1.0,0.999957,0.999978,1,1,1
7091,,1,0.990523,0.925518,0.958021,1,1,1
7100,,1,1.0,0.999994,0.999997,1,1,1
7101,,1,1.0,0.914901,0.957451,1,1,1
7105,,1,1.0,0.999994,0.999997,1,1,1
7107,,1,0.999921,0.999993,0.999957,1,1,1
7113,,1,1.0,0.996974,0.998487,1,1,1
7116,,1,1.0,0.999999,0.999999,1,1,1
7117,,1,1.0,0.999428,0.999714,1,1,1
7118,,1,1.0,0.985768,0.992884,1,1,1
7119,,1,0.900395,0.944368,0.922382,1,1,1
7122,,1,1.0,0.999994,0.999997,1,1,1
7123,,1,1.0,0.999995,0.999997,1,1,1
7125,,1,1.0,0.999999,0.999999,1,1,1
7126,,0,0.111605,0.117329,0.114467,0,0,0
7127,,1,1.0,0.789831,0.894915,1,1,1
7134,,1,1.0,0.999991,0.999996,1,1,1
7150,,1,1.0,0.998268,0.999134,1,1,1
7162,,1,1.0,0.999995,0.999997,1,1,1
7163,,1,1.0,0.998513,0.999256,1,1,1
7169,,1,1.0,0.999817,0.999908,1,1,1
7177,,1,1.0,0.998047,0.999024,1,1,1
7179,,1,1.0,0.891012,0.945506,1,1,1
7191,,1,1.0,0.998268,0.999134,1,1,1
7193,,1,1.0,0.999995,0.999997,1,1,1
7207,,1,1.0,0.453179,0.72659,1,0,1
7220,,0,0.003378,0.024739,0.014058,0,0,0
7224,,1,0.988408,0.803082,0.895745,1,1,1
7234,,1,1.0,0.999994,0.999997,1,1,1
7240,,1,0.990523,0.925518,0.958021,1,1,1
7243,,1,1.0,0.999995,0.999997,1,1,1
7251,,1,1.0,0.999995,0.999997,1,1,1
7252,,1,0.999797,0.999993,0.999895,1,1,1
7254,,1,0.999921,0.999993,0.999957,1,1,1
7261,,1,1.0,0.999992,0.999996,1,1,1
7269,,1,0.999797,0.999993,0.999895,1,1,1
7270,,1,1.0,0.991051,0.995525,1,1,1
7277,,1,0.99,0.999377,0.994688,1,1,1
7278,,1,1.0,0.996972,0.998486,1,1,1
7281,,1,0.999921,0.999993,0.999957,1,1,1
7289,,1,0.990523,0.925518,0.958021,1,1,1
7299,,1,0.990523,0.925518,0.958021,1,1,1
7305,,1,1.0,1.0,1.0,1,1,1
7306,,1,0.990523,0.925518,0.958021,1,1,1
7311,,1,1.0,1.0,1.0,1,1,1
7312,,1,1.0,0.963693,0.981847,1,1,1
7316,,1,1.0,0.999994,0.999997,1,1,1
7319,,1,1.0,1.0,1.0,1,1,1
7321,,1,1.0,0.999964,0.999982,1,1,1
7328,,1,0.988408,0.803068,0.895738,1,1,1
7330,,1,0.999921,0.999993,0.999957,1,1,1
7334,,1,1.0,0.990899,0.995449,1,1,1
7341,,1,0.99,0.992818,0.991409,1,1,1
7343,,1,1.0,0.999995,0.999997,1,1,1
7345,,1,0.999921,0.999993,0.999957,1,1,1
7357,,1,1.0,0.99995,0.999975,1,1,1
7362,,1,1.0,0.998102,0.999051,1,1,1
7375,,1,1.0,0.998095,0.999047,1,1,1
7390,,0,0.0,0.000503,0.000251,0,0,0
7402,,0,0.000987,0.003715,0.002351,0,0,0
7408,,1,1.0,0.778533,0.889267,1,1,1
7413,,1,1.0,1.0,1.0,1,1,1
7425,,1,1.0,1.0,1.0,1,1,1
7427,,1,1.0,0.873903,0.936951,1,1,1
7430,,1,0.96,0.999954,0.979977,1,1,1
7435,,1,1.0,0.998505,0.999253,1,1,1
7445,,1,1.0,0.971077,0.985539,1,1,1
7450,,1,1.0,0.999997,0.999998,1,1,1
7459,,1,0.988408,0.80307,0.895739,1,1,1
7467,,1,1.0,0.871738,0.935869,1,1,1
7469,,1,0.97,0.478672,0.724336,1,0,1
7471,,1,0.982912,0.803244,0.893078,1,1,1
7473,,1,0.301175,0.106519,0.203847,0,0,0
7475,,1,1.0,0.997993,0.998996,1,1,1
7487,,1,1.0,1.0,1.0,1,1,1
7492,,1,0.999797,0.999993,0.999895,1,1,1
7494,,1,0.990523,0.925518,0.958021,1,1,1
7495,,1,1.0,0.999519,0.999759,1,1,1
7501,,1,1.0,0.999995,0.999997,1,1,1
7508,,1,1.0,0.999995,0.999997,1,1,1
7509,,1,1.0,1.0,1.0,1,1,1
7512,,1,1.0,0.999995,0.999997,1,1,1
7515,,1,0.990523,0.925518,0.958021,1,1,1
7517,,1,0.999797,0.999993,0.999895,1,1,1
7521,,1,1.0,0.999995,0.999997,1,1,1
7524,,1,1.0,0.736365,0.868183,1,1,1
7525,,1,1.0,0.996975,0.998487,1,1,1
7526,,1,0.990523,0.926709,0.958616,1,1,1
7528,,1,0.999921,0.999993,0.999957,1,1,1
7534,,1,1.0,0.999994,0.999997,1,1,1
7545,,1,0.990523,0.925518,0.958021,1,1,1
7547,,1,0.990523,0.925518,0.958021,1,1,1
7551,,1,0.999797,0.999993,0.999895,1,1,1
7567,,1,1.0,0.998268,0.999134,1,1,1
7575,,1,1.0,0.999996,0.999998,1,1,1
7579,,1,1.0,0.999994,0.999997,1,1,1
7580,,1,1.0,0.926408,0.963204,1,1,1
7581,,1,0.301175,0.106519,0.203847,0,0,0
7597,,1,1.0,0.999994,0.999997,1,1,1
7625,,0,0.0,0.007485,0.003743,0,0,0
7626,,1,0.999921,0.999993,0.999957,1,1,1
7634,,1,1.0,0.999995,0.999997,1,1,1
7636,,1,0.990523,0.925518,0.958021,1,1,1
7638,,1,1.0,0.950062,0.975031,1,1,1
7640,,1,0.999169,0.998269,0.998719,1,1,1
7642,,1,1.0,1.0,1.0,1,1,1
7644,,1,0.301175,0.106519,0.203847,0,0,0
7648,,1,0.999797,0.999993,0.999895,1,1,1
7656,,1,1.0,0.991047,0.995523,1,1,1
7657,,1,1.0,1.0,1.0,1,1,1
7658,,1,0.990523,0.926709,0.958616,1,1,1
7660,,1,1.0,0.999995,0.999997,1,1,1
7661,,1,0.999797,0.999993,0.999895,1,1,1
7662,,1,1.0,1.0,1.0,1,1,1
7663,,1,0.99,0.94359,0.966795,1,1,1
7668,,1,0.999797,0.999993,0.999895,1,1,1
7669,,1,1.0,0.999995,0.999997,1,1,1
7673,,1,0.999921,0.999993,0.999957,1,1,1
7675,,1,1.0,0.999994,0.999997,1,1,1
7685,,1,0.99,0.999999,0.995,1,1,1
7687,,1,1.0,0.999995,0.999997,1,1,1
7690,,1,0.990523,0.926709,0.958616,1,1,1
7691,,1,1.0,0.999994,0.999997,1,1,1
7698,,1,0.993138,0.797806,0.895472,1,1,1
7706,,1,1.0,0.999994,0.999997,1,1,1
7709,,1,1.0,0.999996,0.999998,1,1,1
7713,,1,1.0,0.999995,0.999997,1,1,1
7715,,1,0.999797,0.999993,0.999895,1,1,1
7716,,1,0.990523,0.925518,0.958021,1,1,1
7728,,1,0.999169,0.998269,0.998719,1,1,1
7730,,1,0.990523,0.925518,0.958021,1,1,1
7741,,1,0.990523,0.926709,0.958616,1,1,1
7747,,1,0.301175,0.106519,0.203847,0,0,0
7757,,1,1.0,1.0,1.0,1,1,1
7761,,1,1.0,0.965964,0.982982,1,1,1
7766,,0,0.003378,0.024739,0.014058,0,0,0
7777,,1,0.990523,0.925518,0.958021,1,1,1
7782,,1,1.0,0.999925,0.999962,1,1,1
7787,,1,1.0,1.0,1.0,1,1,1
7788,,1,1.0,1.0,1.0,1,1,1
7791,,1,0.990523,0.925518,0.958021,1,1,1
7792,,1,0.990523,0.925518,0.958021,1,1,1
7796,,1,1.0,0.999995,0.999997,1,1,1
7805,,1,0.850003,0.769821,0.809912,1,1,1
7810,,1,1.0,0.999994,0.999997,1,1,1
7819,,1,1.0,0.999997,0.999999,1,1,1
7820,,1,0.990523,0.925518,0.958021,1,1,1
7821,,1,0.990523,0.925518,0.958021,1,1,1
7824,,1,0.999797,0.999993,0.999895,1,1,1
7830,,1,1.0,0.998268,0.999134,1,1,1
7832,,1,1.0,1.0,1.0,1,1,1
7847,,1,1.0,0.996963,0.998481,1,1,1
7865,,1,0.999797,0.999993,0.999895,1,1,1
7896,,1,0.990523,0.926709,0.958616,1,1,1
7900,,1,0.99,0.929036,0.959518,1,1,1
7907,,1,1.0,1.0,1.0,1,1,1
7910,,1,0.999797,0.999993,0.999895,1,1,1
7912,,1,0.301175,0.106519,0.203847,0,0,0
7921,,1,1.0,0.999999,1.0,1,1,1
7931,,1,0.966491,0.137436,0.551963,1,0,1
7933,,1,0.990523,0.926709,0.958616,1,1,1
7935,,1,0.999797,0.999993,0.999895,1,1,1
7936,,1,1.0,0.999995,0.999997,1,1,1
7937,,1,1.0,1.0,1.0,1,1,1
7940,,1,0.99,0.999753,0.994876,1,1,1
7944,,1,1.0,0.998113,0.999056,1,1,1
7945,,1,1.0,1.0,1.0,1,1,1
7948,,1,1.0,1.0,1.0,1,1,1
7960,,1,1.0,0.999877,0.999938,1,1,1
7962,,1,0.990523,0.926709,0.958616,1,1,1
7977,,1,0.900395,0.944368,0.922382,1,1,1
7982,,0,0.01,0.007599,0.008799,0,0,0
7988,,1,1.0,0.95008,0.97504,1,1,1
7993,,1,1.0,0.999994,0.999997,1,1,1
7996,,1,1.0,0.998297,0.999148,1,1,1
8001,,1,1.0,1.0,1.0,1,1,1
8015,,1,0.993138,0.797856,0.895497,1,1,1
8032,,1,1.0,0.999988,0.999994,1,1,1
8042,,1,1.0,1.0,1.0,1,1,1
8043,,1,1.0,0.994317,0.997159,1,1,1
8052,,1,1.0,0.985806,0.992903,1,1,1
8060,,1,1.0,1.0,1.0,1,1,1
8061,,0,0.0,0.007491,0.003746,0,0,0
8066,,1,0.990523,0.925518,0.958021,1,1,1
8070,,1,1.0,0.48368,0.74184,1,0,1
8073,,1,0.999921,0.999993,0.999957,1,1,1
8075,,1,1.0,0.99952,0.99976,1,1,1
8082,,1,0.999921,0.999993,0.999957,1,1,1
8087,,1,0.988408,0.803104,0.895756,1,1,1
8089,,0,0.061463,0.084763,0.073113,0,0,0
8101,,1,0.999169,0.748322,0.873746,1,1,1
8111,,1,1.0,0.999994,0.999997,1,1,1
8127,,1,1.0,0.998162,0.999081,1,1,1
8145,,0,0.0,0.001452,0.000726,0,0,0
8147,,1,1.0,0.999995,0.999997,1,1,1
8150,,1,0.999797,0.999993,0.999895,1,1,1
8154,,1,0.990523,0.925518,0.958021,1,1,1
8155,,1,1.0,0.999995,0.999998,1,1,1
8163,,1,1.0,1.0,1.0,1,1,1
8166,,1,1.0,0.97316,0.98658,1,1,1
8167,,1,0.99,0.999978,0.994989,1,1,1
8168,,1,1.0,1.0,1.0,1,1,1
8171,,1,0.999797,0.999993,0.999895,1,1,1
8173,,1,1.0,0.999995,0.999997,1,1,1
8175,,1,1.0,1.0,1.0,1,1,1
8176,,1,0.974055,0.803224,0.88864,1,1,1
8177,,1,0.999797,0.999993,0.999895,1,1,1
8180,,1,1.0,0.998268,0.999134,1,1,1
8186,,1,0.990523,0.926709,0.958616,1,1,1
8188,,1,0.990523,0.926709,0.958616,1,1,1
8189,,1,0.990523,0.926709,0.958616,1,1,1
8208,,1,1.0,1.0,1.0,1,1,1
8211,,0,0.0,0.000975,0.000488,0,0,0
8218,,1,0.990523,0.925518,0.958021,1,1,1
8224,,1,1.0,0.998268,0.999134,1,1,1
8225,,1,0.999921,0.999993,0.999957,1,1,1
8232,,1,1.0,0.982481,0.99124,1,1,1
8233,,1,0.993138,0.797835,0.895487,1,1,1
8251,,1,1.0,0.999994,0.999997,1,1,1
8252,,1,1.0,1.0,1.0,1,1,1
8257,,1,1.0,0.999996,0.999998,1,1,1
8262,,1,0.990523,0.926709,0.958616,1,1,1
8263,,1,0.990523,0.925518,0.958021,1,1,1
8266,,1,0.990523,0.926709,0.958616,1,1,1
8273,,0,0.010523,0.129578,0.070051,0,0,0
8276,,1,1.0,0.999996,0.999998,1,1,1
8278,,1,1.0,0.999477,0.999739,1,1,1
8282,,1,1.0,0.999884,0.999942,1,1,1
8284,,1,1.0,1.0,1.0,1,1,1
8285,,1,1.0,0.950086,0.975043,1,1,1
8286,,1,1.0,0.999998,0.999999,1,1,1
8293,,1,1.0,1.0,1.0,1,1,1
8298,,1,0.999797,0.999993,0.999895,1,1,1
8299,,1,0.999797,0.999993,0.999895,1,1,1
8314,,1,0.999797,0.999993,0.999895,1,1,1
8318,,1,1.0,0.999994,0.999997,1,1,1
8322,,1,1.0,0.999995,0.999997,1,1,1
8327,,1,1.0,0.999968,0.999984,1,1,1
8330,,1,0.990523,0.925518,0.958021,1,1,1
8331,,1,0.990523,0.926709,0.958616,1,1,1
8332,,1,1.0,0.965961,0.98298,1,1,1
8335,,1,0.999797,0.999993,0.999895,1,1,1
8337,,1,1.0,0.995716,0.997858,1,1,1
8340,,1,1.0,1.0,1.0,1,1,1
8343,,1,1.0,0.999991,0.999996,1,1,1
8344,,1,0.89,0.558255,0.724128,1,1,1
8352,,1,1.0,0.999995,0.999997,1,1,1
8354,,1,1.0,0.998268,0.999134,1,1,1
8361,,1,0.999169,0.998269,0.998719,1,1,1
8365,,1,0.999797,0.999993,0.999895,1,1,1
8373,,1,0.999797,0.999993,0.999895,1,1,1
8385,,1,0.900395,0.944368,0.922382,1,1,1
8391,,1,1.0,1.0,1.0,1,1,1
8392,,1,1.0,0.999994,0.999997,1,1,1
8396,,1,1.0,0.99649,0.998245,1,1,1
8399,,1,1.0,1.0,1.0,1,1,1
8401,,1,1.0,0.998268,0.999134,1,1,1
8402,,1,1.0,0.999994,0.999997,1,1,1
8408,,1,1.0,0.99105,0.995525,1,1,1
8411,,1,1.0,0.914821,0.957411,1,1,1
8415,,1,0.999797,0.999993,0.999895,1,1,1
8426,,1,0.999797,0.999993,0.999895,1,1,1
8438,,1,0.999921,0.999993,0.999957,1,1,1
8443,,1,1.0,0.998262,0.999131,1,1,1
8449,,1,0.990523,0.925518,0.958021,1,1,1
8454,,1,0.999921,0.999993,0.999957,1,1,1
8456,,1,1.0,0.999997,0.999998,1,1,1
8459,,1,0.990523,0.925518,0.958021,1,1,1
8463,,1,0.999797,0.999993,0.999895,1,1,1
8483,,1,0.999921,0.999993,0.999957,1,1,1
8487,,1,0.999921,0.999993,0.999957,1,1,1
8488,,1,0.999797,0.999993,0.999895,1,1,1
8498,,1,0.999797,0.999993,0.999895,1,1,1
8503,,1,0.990523,0.926709,0.958616,1,1,1
8504,,1,1.0,1.0,1.0,1,1,1
8512,,1,1.0,0.998563,0.999281,1,1,1
8514,,1,0.999797,0.999993,0.999895,1,1,1
8516,,1,0.301175,0.106519,0.203847,0,0,0
8518,,1,1.0,0.965963,0.982981,1,1,1
8534,,1,1.0,0.999994,0.999997,1,1,1
8540,,1,0.999921,0.999993,0.999957,1,1,1
8545,,1,0.990523,0.926709,0.958616,1,1,1
8547,,1,1.0,0.893355,0.946678,1,1,1
8556,,1,1.0,0.998269,0.999134,1,1,1
8558,,1,0.990523,0.925518,0.958021,1,1,1
8559,,1,0.999797,0.999993,0.999895,1,1,1
8563,,1,0.999169,0.998269,0.998719,1,1,1
8571,,1,1.0,0.965925,0.982962,1,1,1
8580,,1,1.0,1.0,1.0,1,1,1
8581,,1,1.0,1.0,1.0,1,1,1
8582,,1,0.999921,0.999993,0.999957,1,1,1
8587,,1,0.990523,0.925518,0.958021,1,1,1
8589,,1,1.0,0.996279,0.998139,1,1,1
8596,,1,0.301175,0.106519,0.203847,0,0,0
8597,,1,0.990523,0.925518,0.958021,1,1,1
8601,,1,0.990523,0.925518,0.958021,1,1,1
8602,,1,0.990523,0.925518,0.958021,1,1,1
8607,,1,0.990523,0.925518,0.958021,1,1,1
8613,,1,0.900395,0.944368,0.922382,1,1,1
8624,,1,0.990523,0.926709,0.958616,1,1,1
8648,,1,1.0,1.0,1.0,1,1,1
8656,,1,1.0,1.0,1.0,1,1,1
8657,,1,1.0,0.999995,0.999997,1,1,1
8662,,1,1.0,0.964602,0.982301,1,1,1
8667,,1,1.0,0.736402,0.868201,1,1,1
8670,,1,1.0,0.998212,0.999106,1,1,1
8671,,1,0.990523,0.926709,0.958616,1,1,1
8676,,1,1.0,0.999994,0.999997,1,1,1
8677,,1,1.0,0.999994,0.999997,1,1,1
8689,,1,1.0,0.950765,0.975382,1,1,1
8697,,1,1.0,0.999994,0.999997,1,1,1
8711,,1,1.0,0.999999,1.0,1,1,1
8723,,1,1.0,0.977722,0.988861,1,1,1
8726,,1,0.990523,0.925518,0.958021,1,1,1
8731,,1,0.98,0.991871,0.985935,1,1,1
8736,,1,1.0,0.999511,0.999755,1,1,1
8742,,1,0.999797,0.999993,0.999895,1,1,1
8744,,1,1.0,0.999956,0.999978,1,1,1
8757,,1,1.0,1.0,1.0,1,1,1
8762,,1,1.0,0.891855,0.945928,1,1,1
8763,,1,1.0,0.998264,0.999132,1,1,1
8764,,1,0.990523,0.926709,0.958616,1,1,1
8769,,1,0.990523,0.925518,0.958021,1,1,1
8775,,1,1.0,0.999934,0.999967,1,1,1
8780,,1,0.990523,0.925518,0.958021,1,1,1
8781,,1,1.0,0.999774,0.999887,1,1,1
8785,,1,0.990523,0.926709,0.958616,1,1,1
8794,,1,0.999797,0.999993,0.999895,1,1,1
8796,,1,1.0,0.999957,0.999978,1,1,1
8806,,1,0.999797,0.999993,0.999895,1,1,1
8809,,1,0.301175,0.106519,0.203847,0,0,0
8820,,1,0.98,0.999643,0.989821,1,1,1
8836,,1,0.990523,0.925518,0.958021,1,1,1
8839,,1,0.999797,0.999993,0.999895,1,1,1
8841,,1,0.999797,0.999993,0.999895,1,1,1
8846,,1,0.990523,0.926709,0.958616,1,1,1
8864,,1,1.0,0.999955,0.999977,1,1,1
8868,,1,1.0,0.996965,0.998483,1,1,1
8870,,1,0.999169,0.998269,0.998719,1,1,1
8873,,1,1.0,0.998599,0.999299,1,1,1
8880,,1,0.990523,0.925518,0.958021,1,1,1
8882,,1,0.999797,0.999993,0.999895,1,1,1
8884,,1,1.0,1.0,1.0,1,1,1
8885,,1,1.0,0.999997,0.999998,1,1,1
8897,,1,1.0,0.964602,0.982301,1,1,1
8899,,1,0.999797,0.999993,0.999895,1,1,1
8906,,1,0.990523,0.925518,0.958021,1,1,1
8908,,1,1.0,0.999994,0.999997,1,1,1
8912,,1,1.0,1.0,1.0,1,1,1
8913,,1,1.0,0.999994,0.999997,1,1,1
8916,,1,1.0,0.950059,0.975029,1,1,1
8922,,1,1.0,0.995826,0.997913,1,1,1
8938,,1,1.0,1.0,1.0,1,1,1
8944,,0,0.004651,0.106519,0.055585,0,0,0
8945,,1,0.301175,0.106519,0.203847,0,0,0
8947,,1,1.0,0.999999,1.0,1,1,1
8949,,1,0.301175,0.106519,0.203847,0,0,0
8953,,1,0.990523,0.925518,0.958021,1,1,1
8958,,1,0.98,0.999986,0.989993,1,1,1
8959,,1,1.0,0.998188,0.999094,1,1,1
8962,,1,0.993138,0.797855,0.895496,1,1,1
8977,,0,0.0,0.007509,0.003754,0,0,0
8978,,1,1.0,1.0,1.0,1,1,1
8979,,1,0.990523,0.925518,0.958021,1,1,1
8981,,1,1.0,1.0,1.0,1,1,1
8984,,1,1.0,0.990533,0.995267,1,1,1
8990,,1,0.999797,0.999993,0.999895,1,1,1
8991,,1,1.0,1.0,1.0,1,1,1
8995,,1,1.0,0.999994,0.999997,1,1,1
9001,,1,0.900395,0.944368,0.922382,1,1,1
9010,,1,1.0,0.999995,0.999997,1,1,1
9011,,1,1.0,0.999994,0.999997,1,1,1
9016,,1,1.0,0.999993,0.999996,1,1,1
9026,,1,0.999797,0.999993,0.999895,1,1,1
9039,,1,0.990523,0.926709,0.958616,1,1,1
9040,,1,1.0,0.999995,0.999997,1,1,1
9051,,1,1.0,1.0,1.0,1,1,1
9053,,1,0.990523,0.926709,0.958616,1,1,1
9055,,1,1.0,1.0,1.0,1,1,1
9065,,1,1.0,0.999992,0.999996,1,1,1
9070,,1,1.0,1.0,1.0,1,1,1
9072,,1,1.0,0.996685,0.998343,1,1,1
9080,,1,1.0,0.999969,0.999985,1,1,1
9081,,1,1.0,0.999961,0.99998,1,1,1
9094,,1,1.0,0.998268,0.999134,1,1,1
9095,,1,1.0,1.0,1.0,1,1,1
9100,,1,1.0,1.0,1.0,1,1,1
9106,,1,0.987643,0.797984,0.892814,1,1,1
9112,,1,1.0,0.985786,0.992893,1,1,1
9113,,1,1.0,0.999487,0.999743,1,1,1
9130,,1,0.990523,0.926709,0.958616,1,1,1
9133,,1,1.0,0.99986,0.99993,1,1,1
9135,,1,0.999169,0.998269,0.998719,1,1,1
9138,,1,0.301175,0.106519,0.203847,0,0,0
9146,,1,0.990523,0.926709,0.958616,1,1,1
9147,,1,0.990523,0.925518,0.958021,1,1,1
9151,,1,1.0,0.965883,0.982942,1,1,1
9153,,1,0.990523,0.926709,0.958616,1,1,1
9155,,1,1.0,1.0,1.0,1,1,1
9156,,1,1.0,0.999423,0.999712,1,1,1
9158,,1,1.0,0.998268,0.999134,1,1,1
9167,,1,0.999921,0.999993,0.999957,1,1,1
9169,,1,1.0,0.973186,0.986593,1,1,1
9176,,1,0.990523,0.925518,0.958021,1,1,1
9182,,1,1.0,0.991043,0.995522,1,1,1
9203,,1,1.0,0.999995,0.999997,1,1,1
9214,,1,1.0,1.0,1.0,1,1,1
9221,,1,0.97,0.032943,0.501472,1,0,1
9225,,1,1.0,0.999947,0.999974,1,1,1
9230,,1,1.0,0.999993,0.999997,1,1,1
9239,,1,0.900395,0.944368,0.922382,1,1,1
9243,,1,0.301175,0.106519,0.203847,0,0,0
9249,,1,1.0,1.0,1.0,1,1,1
9262,,1,1.0,1.0,1.0,1,1,1
9274,,1,1.0,1.0,1.0,1,1,1
9275,,1,0.999797,0.999993,0.999895,1,1,1
9291,,1,1.0,0.999988,0.999994,1,1,1
9296,,1,1.0,1.0,1.0,1,1,1
9297,,1,0.990523,0.926709,0.958616,1,1,1
9300,,1,1.0,0.999994,0.999997,1,1,1
9316,,1,0.990523,0.925518,0.958021,1,1,1
9317,,1,0.990523,0.925518,0.958021,1,1,1
9319,,1,0.999797,0.999993,0.999895,1,1,1
9320,,0,0.003378,0.024739,0.014058,0,0,0
9324,,1,0.990523,0.925518,0.958021,1,1,1
9330,,1,0.990523,0.926709,0.958616,1,1,1
9335,,1,1.0,0.890985,0.945493,1,1,1
9346,,1,1.0,0.998268,0.999134,1,1,1
9355,,1,1.0,0.998268,0.999134,1,1,1
9356,,1,1.0,1.0,1.0,1,1,1
9361,,1,1.0,1.0,1.0,1,1,1
9363,,1,0.999797,0.999993,0.999895,1,1,1
9368,,1,0.993138,0.797776,0.895457,1,1,1
9370,,1,0.993138,0.797689,0.895414,1,1,1
9371,,1,1.0,1.0,1.0,1,1,1
9374,,1,0.999797,0.999993,0.999895,1,1,1
9392,,1,0.96,0.999978,0.979989,1,1,1
9408,,1,1.0,0.99318,0.99659,1,1,1
9422,,1,0.990523,0.925518,0.958021,1,1,1
9423,,1,1.0,0.776789,0.888395,1,1,1
9440,,1,1.0,1.0,1.0,1,1,1
9442,,1,0.301175,0.106519,0.203847,0,0,0
9443,,1,1.0,0.890367,0.945183,1,1,1
9444,,1,0.990523,0.925518,0.958021,1,1,1
9452,,1,0.999797,0.999993,0.999895,1,1,1
9454,,1,1.0,0.999995,0.999997,1,1,1
9456,,1,1.0,0.999989,0.999994,1,1,1
9457,,1,0.999797,0.999993,0.999895,1,1,1
9463,,1,1.0,0.998095,0.999047,1,1,1
9475,,1,1.0,0.999511,0.999756,1,1,1
9476,,1,1.0,0.91494,0.95747,1,1,1
9481,,1,1.0,0.999995,0.999997,1,1,1
9484,,1,1.0,1.0,1.0,1,1,1
9487,,1,1.0,1.0,1.0,1,1,1
9488,,1,1.0,0.999313,0.999656,1,1,1
9490,,1,0.990523,0.926709,0.958616,1,1,1
9491,,1,1.0,0.998946,0.999473,1,1,1
9500,,1,0.999921,0.999993,0.999957,1,1,1
9501,,1,1.0,1.0,1.0,1,1,1
9502,,1,1.0,0.991045,0.995523,1,1,1
9507,,1,0.999797,0.999993,0.999895,1,1,1
9510,,1,1.0,0.999996,0.999998,1,1,1
9515,,1,0.990523,0.925518,0.958021,1,1,1
9525,,1,1.0,0.999993,0.999996,1,1,1
9539,,1,0.999169,0.998269,0.998719,1,1,1
9541,,1,1.0,0.999996,0.999998,1,1,1
9547,,1,0.990523,0.926709,0.958616,1,1,1
9549,,1,1.0,0.999617,0.999808,1,1,1
9552,,1,1.0,0.950067,0.975033,1,1,1
9555,,1,1.0,0.999995,0.999997,1,1,1
9556,,1,0.999921,0.999993,0.999957,1,1,1
9561,,1,1.0,0.999995,0.999997,1,1,1
9569,,1,0.990523,0.926709,0.958616,1,1,1
9572,,1,0.301175,0.106519,0.203847,0,0,0
9578,,1,0.990523,0.926709,0.958616,1,1,1
9582,,1,0.990523,0.925518,0.958021,1,1,1
9590,,1,0.999169,0.998269,0.998719,1,1,1
9595,,0,0.111605,0.117329,0.114467,0,0,0
9598,,1,1.0,1.0,1.0,1,1,1
9602,,1,1.0,0.997456,0.998728,1,1,1
9604,,1,0.999921,0.999993,0.999957,1,1,1
9611,,1,1.0,0.999884,0.999942,1,1,1
9614,,1,1.0,0.998845,0.999422,1,1,1
9625,,1,0.990523,0.926709,0.958616,1,1,1
9630,,1,1.0,0.999993,0.999996,1,1,1
9633,,1,0.990523,0.926709,0.958616,1,1,1
9641,,1,0.900395,0.944368,0.922382,1,1,1
9642,,1,1.0,0.996952,0.998476,1,1,1
9645,,1,0.999921,0.999993,0.999957,1,1,1
9647,,1,1.0,0.999995,0.999997,1,1,1
9651,,1,1.0,0.998245,0.999123,1,1,1
9654,,1,1.0,0.927048,0.963524,1,1,1
9655,,1,0.990523,0.925518,0.958021,1,1,1
9657,,1,0.900395,0.944368,0.922382,1,1,1
9661,,1,1.0,0.999995,0.999997,1,1,1
9663,,1,1.0,0.974873,0.987437,1,1,1
9666,,1,1.0,0.988196,0.994098,1,1,1
9670,,1,0.301175,0.106519,0.203847,0,0,0
9677,,1,1.0,1.0,1.0,1,1,1
9691,,1,1.0,0.949715,0.974857,1,1,1
9694,,1,0.990523,0.925518,0.958021,1,1,1
9696,,1,0.999797,0.999993,0.999895,1,1,1
9704,,1,1.0,0.999927,0.999963,1,1,1
9706,,1,1.0,0.999994,0.999997,1,1,1
9715,,0,0.0,0.000419,0.000209,0,0,0
9716,,1,1.0,1.0,1.0,1,1,1
9725,,1,1.0,0.999987,0.999993,1,1,1
9729,,1,1.0,0.999987,0.999993,1,1,1
9730,,1,1.0,0.999992,0.999996,1,1,1
9731,,1,0.999169,0.998269,0.998719,1,1,1
9732,,1,0.999921,0.999993,0.999957,1,1,1
9733,,1,0.999797,0.999993,0.999895,1,1,1
9735,,1,1.0,0.453179,0.72659,1,0,1
9748,,1,0.999797,0.999993,0.999895,1,1,1
9758,,1,0.990523,0.925518,0.958021,1,1,1
9760,,1,1.0,0.99326,0.99663,1,1,1
9761,,1,1.0,0.999994,0.999997,1,1,1
9775,,1,1.0,0.999994,0.999997,1,1,1
9776,,1,0.990523,0.926709,0.958616,1,1,1
9789,,1,1.0,0.993214,0.996607,1,1,1
9791,,0,0.0,0.001452,0.000726,0,0,0
9802,,1,1.0,0.999476,0.999738,1,1,1
9808,,1,0.990523,0.925518,0.958021,1,1,1
9813,,1,1.0,1.0,1.0,1,1,1
9815,,1,0.990523,0.926709,0.958616,1,1,1
9816,,1,0.999797,0.999993,0.999895,1,1,1
9819,,1,0.900395,0.944368,0.922382,1,1,1
9820,,1,1.0,1.0,1.0,1,1,1
9826,,1,1.0,0.999991,0.999995,1,1,1
9827,,1,1.0,0.999994,0.999997,1,1,1
9847,,1,1.0,0.985822,0.992911,1,1,1
9852,,1,0.999797,0.999993,0.999895,1,1,1
9857,,1,1.0,0.967973,0.983986,1,1,1
9864,,1,0.900395,0.944368,0.922382,1,1,1
9867,,1,0.990523,0.925518,0.958021,1,1,1
9868,,1,0.990523,0.925518,0.958021,1,1,1
9871,,1,0.990523,0.926709,0.958616,1,1,1
9876,,1,0.999921,0.999993,0.999957,1,1,1
9878,,1,0.990523,0.925518,0.958021,1,1,1
9883,,1,0.999921,0.999993,0.999957,1,1,1
9884,,1,1.0,0.998268,0.999134,1,1,1
9886,,1,1.0,0.914751,0.957375,1,1,1
9889,,1,1.0,0.999489,0.999744,1,1,1
9890,,1,1.0,0.998266,0.999133,1,1,1
9896,,1,0.990523,0.926709,0.958616,1,1,1
9898,,1,1.0,0.999993,0.999996,1,1,1
9914,,1,1.0,1.0,1.0,1,1,1
9917,,1,0.999797,0.999993,0.999895,1,1,1
9925,,1,1.0,0.453179,0.72659,1,0,1
9930,,1,0.999169,0.998269,0.998719,1,1,1
9944,,1,1.0,0.999999,1.0,1,1,1
9956,,1,0.999921,0.999993,0.999957,1,1,1
9968,,1,0.990523,0.926709,0.958616,1,1,1
9980,,1,1.0,1.0,1.0,1,1,1
9981,,1,1.0,0.999995,0.999997,1,1,1
9982,,1,1.0,0.998716,0.999358,1,1,1
9986,,1,0.98,0.999666,0.989833,1,1,1
9988,,1,1.0,0.999487,0.999744,1,1,1
9995,,1,1.0,1.0,1.0,1,1,1
9996,,1,1.0,0.999994,0.999997,1,1,1
9998,,1,1.0,1.0,1.0,1,1,1
10002,,1,1.0,0.990429,0.995214,1,1,1
10008,,1,0.999921,0.999993,0.999957,1,1,1
10010,,1,0.900395,0.944368,0.922382,1,1,1
10011,,1,1.0,0.999864,0.999932,1,1,1
10014,,1,1.0,0.998665,0.999333,1,1,1
10016,,1,0.840003,0.769446,0.804725,1,1,1
10024,,1,0.990523,0.925518,0.958021,1,1,1
10027,,1,1.0,1.0,1.0,1,1,1
10028,,1,1.0,0.999954,0.999977,1,1,1
10037,,1,0.999921,0.999993,0.999957,1,1,1
10038,,1,0.999921,0.999993,0.999957,1,1,1
10044,,1,1.0,0.999994,0.999997,1,1,1
10067,,1,1.0,0.998268,0.999134,1,1,1
10077,,1,1.0,0.996968,0.998484,1,1,1
10081,,1,0.990523,0.926709,0.958616,1,1,1
10091,,1,0.990523,0.925518,0.958021,1,1,1
10094,,1,0.999921,0.999993,0.999957,1,1,1
10106,,1,0.990523,0.926709,0.958616,1,1,1
10113,,1,0.990523,0.925518,0.958021,1,1,1
10121,,1,0.990523,0.925518,0.958021,1,1,1
10122,,1,1.0,1.0,1.0,1,1,1
10123,,1,1.0,0.998211,0.999105,1,1,1
10125,,1,0.990523,0.925518,0.958021,1,1,1
10126,,1,1.0,0.998268,0.999134,1,1,1
10128,,1,0.999797,0.999993,0.999895,1,1,1
10133,,1,0.993138,0.797837,0.895488,1,1,1
10144,,1,1.0,0.999172,0.999586,1,1,1
10151,,1,1.0,1.0,1.0,1,1,1
10156,,1,0.990523,0.925518,0.958021,1,1,1
10162,,1,1.0,1.0,1.0,1,1,1
10174,,1,0.990523,0.925518,0.958021,1,1,1
10175,,1,1.0,0.914889,0.957444,1,1,1
10178,,1,0.999797,0.999993,0.999895,1,1,1
10182,,1,1.0,0.999957,0.999978,1,1,1
10186,,1,1.0,0.999995,0.999997,1,1,1
10187,,1,0.999921,0.999993,0.999957,1,1,1
10192,,1,1.0,0.987632,0.993816,1,1,1
10193,,1,1.0,0.991027,0.995513,1,1,1
10194,,1,1.0,0.998261,0.99913,1,1,1
10198,,1,1.0,0.99997,0.999985,1,1,1
10204,,1,0.979492,0.802208,0.89085,1,1,1
10205,,1,0.990523,0.925518,0.958021,1,1,1
10232,,1,0.999921,0.999993,0.999957,1,1,1
10235,,1,1.0,0.999997,0.999999,1,1,1
10236,,1,1.0,0.999968,0.999984,1,1,1
10244,,1,0.999921,0.999993,0.999957,1,1,1
10246,,1,1.0,0.995358,0.997679,1,1,1
10249,,1,1.0,0.999994,0.999997,1,1,1
10255,,1,1.0,1.0,1.0,1,1,1
10259,,1,1.0,1.0,1.0,1,1,1
10262,,1,1.0,1.0,1.0,1,1,1
10265,,1,1.0,1.0,1.0,1,1,1
10279,,1,1.0,0.998269,0.999134,1,1,1
10280,,1,1.0,1.0,1.0,1,1,1
10286,,1,0.999169,0.998269,0.998719,1,1,1
10291,,1,1.0,1.0,1.0,1,1,1
10292,,1,1.0,1.0,1.0,1,1,1
10298,,1,1.0,0.995992,0.997996,1,1,1
10299,,1,1.0,0.998268,0.999134,1,1,1
10304,,1,0.999921,0.999993,0.999957,1,1,1
10308,,1,0.990523,0.925518,0.958021,1,1,1
10310,,1,1.0,1.0,1.0,1,1,1
10329,,1,0.988408,0.803077,0.895742,1,1,1
10330,,1,1.0,0.950408,0.975204,1,1,1
10336,,1,1.0,0.965547,0.982774,1,1,1
10343,,1,0.999797,0.999993,0.999895,1,1,1
10346,,1,1.0,1.0,1.0,1,1,1
10356,,1,1.0,0.965961,0.98298,1,1,1
10357,,1,0.99,0.999979,0.994989,1,1,1
10359,,1,0.990523,0.926709,0.958616,1,1,1
10363,,1,1.0,1.0,1.0,1,1,1
10365,,1,1.0,1.0,1.0,1,1,1
10373,,1,1.0,0.999995,0.999997,1,1,1
10381,,1,1.0,0.999993,0.999996,1,1,1
10384,,1,0.999921,0.999993,0.999957,1,1,1
10385,,1,0.990523,0.926709,0.958616,1,1,1
10386,,1,1.0,0.999995,0.999997,1,1,1
10391,,1,0.990523,0.925518,0.958021,1,1,1
10398,,1,0.111605,0.117329,0.114467,0,0,0
10410,,1,1.0,0.999994,0.999997,1,1,1
10420,,1,0.900395,0.944368,0.922382,1,1,1
10426,,1,1.0,0.999995,0.999997,1,1,1
10434,,1,1.0,1.0,1.0,1,1,1
10444,,1,0.990523,0.926709,0.958616,1,1,1
10448,,1,1.0,0.891236,0.945618,1,1,1
10466,,1,0.990523,0.926709,0.958616,1,1,1
10471,,1,0.990523,0.925518,0.958021,1,1,1
10475,,1,1.0,0.999609,0.999805,1,1,1
10477,,1,1.0,1.0,1.0,1,1,1
10478,,1,1.0,0.850975,0.925488,1,1,1
10486,,1,0.990523,0.925518,0.958021,1,1,1
10487,,1,1.0,0.999995,0.999997,1,1,1
10488,,1,0.990523,0.925518,0.958021,1,1,1
10494,,1,1.0,0.991046,0.995523,1,1,1
10506,,1,0.900395,0.944368,0.922382,1,1,1
10511,,1,0.990523,0.926709,0.958616,1,1,1
10520,,1,0.990523,0.925518,0.958021,1,1,1
10525,,1,0.999797,0.999993,0.999895,1,1,1
10529,,1,0.999921,0.999993,0.999957,1,1,1
10532,,1,1.0,0.998268,0.999134,1,1,1
10535,,1,0.999797,0.999993,0.999895,1,1,1
10542,,1,1.0,0.990964,0.995482,1,1,1
10553,,0,0.003378,0.024739,0.014058,0,0,0
10559,,1,1.0,0.998215,0.999107,1,1,1
10569,,1,1.0,1.0,1.0,1,1,1
10570,,1,1.0,0.999977,0.999989,1,1,1
10571,,1,1.0,0.998268,0.999134,1,1,1
10578,,1,1.0,0.9646,0.9823,1,1,1
10589,,0,0.010018,0.000822,0.00542,0,0,0
10596,,1,1.0,0.998069,0.999034,1,1,1
10610,,1,0.990523,0.925518,0.958021,1,1,1
10612,,1,0.990523,0.926709,0.958616,1,1,1
10626,,1,1.0,1.0,1.0,1,1,1
10639,,1,1.0,0.95137,0.975685,1,1,1
10640,,1,1.0,0.999888,0.999944,1,1,1
10643,,1,1.0,1.0,1.0,1,1,1
10645,,1,1.0,0.998268,0.999134,1,1,1
10656,,1,1.0,0.999995,0.999997,1,1,1
10659,,1,1.0,0.999995,0.999997,1,1,1
10662,,0,0.111605,0.117329,0.114467,0,0,0
10663,,0,0.010523,0.108286,0.059404,0,0,0
10669,,1,1.0,0.991039,0.995519,1,1,1
10671,,1,0.990523,0.926709,0.958616,1,1,1
10674,,0,0.0,0.007431,0.003716,0,0,0
10676,,1,0.999921,0.999993,0.999957,1,1,1
10689,,1,1.0,0.997688,0.998844,1,1,1
10693,,1,1.0,0.999962,0.999981,1,1,1
10696,,1,0.990523,0.926709,0.958616,1,1,1
10716,,1,0.111605,0.117329,0.114467,0,0,0
10721,,1,0.990523,0.925518,0.958021,1,1,1
10732,,1,0.999921,0.999993,0.999957,1,1,1
10733,,1,1.0,0.985768,0.992884,1,1,1
10735,,1,1.0,1.0,1.0,1,1,1
10745,,1,0.999797,0.999993,0.999895,1,1,1
10746,,1,0.999797,0.999993,0.999895,1,1,1
10752,,1,1.0,0.965656,0.982828,1,1,1
10755,,1,1.0,1.0,1.0,1,1,1
10757,,1,1.0,0.998268,0.999134,1,1,1
10766,,0,0.003378,0.000554,0.001966,0,0,0
10770,,1,0.990523,0.925518,0.958021,1,1,1
10776,,0,0.003378,0.005963,0.00467,0,0,0
10777,,1,0.990523,0.926709,0.958616,1,1,1
10780,,1,0.990523,0.925518,0.958021,1,1,1
10783,,1,1.0,0.914904,0.957452,1,1,1
10790,,1,0.999797,0.999993,0.999895,1,1,1
10795,,1,1.0,0.999968,0.999984,1,1,1
10804,,1,1.0,1.0,1.0,1,1,1
10807,,1,0.990523,0.925518,0.958021,1,1,1
10810,,1,0.990523,0.925518,0.958021,1,1,1
10814,,1,0.979492,0.80249,0.890991,1,1,1
10821,,1,0.990523,0.925518,0.958021,1,1,1
10824,,1,0.966491,0.187822,0.577157,1,0,1
10829,,1,0.990523,0.926709,0.958616,1,1,1
10833,,1,1.0,1.0,1.0,1,1,1
10838,,1,0.988408,0.803082,0.895745,1,1,1
10842,,1,1.0,1.0,1.0,1,1,1
10848,,1,1.0,0.985815,0.992907,1,1,1
10851,,1,1.0,1.0,1.0,1,1,1
10857,,1,1.0,0.999986,0.999993,1,1,1
10859,,1,0.999921,0.999993,0.999957,1,1,1
10860,,1,0.990523,0.925518,0.958021,1,1,1
10864,,1,1.0,0.996925,0.998462,1,1,1
10868,,1,1.0,0.99809,0.999045,1,1,1
10881,,1,1.0,0.999995,0.999997,1,1,1
10883,,1,0.900395,0.944368,0.922382,1,1,1
10890,,1,1.0,0.999991,0.999996,1,1,1
10896,,1,1.0,0.999994,0.999997,1,1,1
10898,,1,0.990523,0.926709,0.958616,1,1,1
10899,,1,1.0,0.914888,0.957444,1,1,1
10900,,1,1.0,0.998268,0.999134,1,1,1
10914,,1,0.999797,0.999993,0.999895,1,1,1
10931,,1,0.990523,0.925518,0.958021,1,1,1
10932,,1,0.990523,0.925518,0.958021,1,1,1
10935,,1,1.0,0.999994,0.999997,1,1,1
10937,,1,1.0,0.993805,0.996902,1,1,1
10942,,1,1.0,0.999993,0.999996,1,1,1
10953,,1,0.999797,0.999993,0.999895,1,1,1
10964,,1,1.0,0.999994,0.999997,1,1,1
10966,,1,1.0,0.999963,0.999982,1,1,1
10971,,1,0.999169,0.998269,0.998719,1,1,1
10977,,1,0.999797,0.999993,0.999895,1,1,1
10982,,1,0.990523,0.926709,0.958616,1,1,1
10983,,1,1.0,0.999991,0.999995,1,1,1
11001,,1,1.0,1.0,1.0,1,1,1
11004,,1,0.999169,0.998269,0.998719,1,1,1
11007,,0,0.003378,0.002132,0.002755,0,0,0
11011,,1,1.0,0.998268,0.999134,1,1,1
11013,,1,0.990523,0.926709,0.958616,1,1,1
11018,,1,1.0,0.996961,0.998481,1,1,1
11022,,1,0.990523,0.925518,0.958021,1,1,1
11028,,1,1.0,0.999176,0.999588,1,1,1
11031,,1,0.999797,0.999993,0.999895,1,1,1
11036,,1,0.990523,0.926709,0.958616,1,1,1
11038,,1,0.990523,0.925518,0.958021,1,1,1
11039,,1,0.990523,0.926709,0.958616,1,1,1
11042,,1,1.0,1.0,1.0,1,1,1
11043,,1,1.0,0.985757,0.992879,1,1,1
11053,,1,1.0,1.0,1.0,1,1,1
11071,,1,0.999921,0.999993,0.999957,1,1,1
11072,,1,0.988408,0.803142,0.895775,1,1,1
11073,,1,1.0,0.999995,0.999997,1,1,1
11079,,1,1.0,0.998268,0.999134,1,1,1
11080,,1,1.0,0.999483,0.999741,1,1,1
11088,,1,1.0,0.453179,0.72659,1,0,1
11089,,1,0.990523,0.925518,0.958021,1,1,1
11091,,1,0.999797,0.999993,0.999895,1,1,1
11092,,1,1.0,0.998268,0.999134,1,1,1
11101,,0,0.0,0.007576,0.003788,0,0,0
11106,,0,0.224508,0.008225,0.116366,0,0,0
11107,,0,1.8e-05,0.00034,0.000179,0,0,0
11108,,0,0.015351,0.923056,0.469203,0,1,0
11110,,1,1.0,1.0,1.0,1,1,1
11114,,1,1.0,0.999992,0.999996,1,1,1
11131,,1,1.0,0.999994,0.999997,1,1,1
11139,,1,1.0,0.999506,0.999753,1,1,1
11140,,1,0.94,0.965635,0.952817,1,1,1
11142,,1,1.0,0.999997,0.999999,1,1,1
11144,,1,1.0,0.999983,0.999991,1,1,1
11145,,1,1.0,0.999995,0.999997,1,1,1
11151,,1,0.999169,0.998269,0.998719,1,1,1
11153,,1,1.0,0.999996,0.999998,1,1,1
11154,,1,1.0,0.999883,0.999941,1,1,1
11159,,1,1.0,0.999998,0.999999,1,1,1
11160,,1,1.0,0.999966,0.999983,1,1,1
11163,,1,0.999169,0.998269,0.998719,1,1,1
11164,,1,1.0,1.0,1.0,1,1,1
11165,,1,0.99,0.495661,0.742831,1,0,1
11168,,1,0.990523,0.925518,0.958021,1,1,1
11176,,1,0.990523,0.925518,0.958021,1,1,1
11178,,1,1.0,0.999957,0.999978,1,1,1
11181,,1,1.0,0.999995,0.999997,1,1,1
11185,,1,1.0,1.0,1.0,1,1,1
11186,,1,1.0,0.999006,0.999503,1,1,1
11189,,1,1.0,1.0,1.0,1,1,1
11197,,1,1.0,0.999994,0.999997,1,1,1
11198,,1,1.0,0.999996,0.999998,1,1,1
11199,,1,1.0,0.949729,0.974865,1,1,1
11201,,1,0.999797,0.999993,0.999895,1,1,1
11205,,1,0.988408,0.80312,0.895764,1,1,1
11206,,1,0.999797,0.999993,0.999895,1,1,1
11209,,1,0.999797,0.999993,0.999895,1,1,1
11210,,1,1.0,0.999583,0.999791,1,1,1
11211,,1,1.0,0.998268,0.999134,1,1,1
11212,,1,1.0,0.999957,0.999978,1,1,1
11215,,1,1.0,1.0,1.0,1,1,1
11217,,1,0.987643,0.797984,0.892814,1,1,1
11220,,1,0.999797,0.999993,0.999895,1,1,1
11222,,0,0.0,0.008016,0.004008,0,0,0
11224,,1,1.0,0.914921,0.95746,1,1,1
11226,,1,0.999797,0.999993,0.999895,1,1,1
11229,,1,0.990523,0.925518,0.958021,1,1,1
11233,,1,1.0,0.999994,0.999997,1,1,1
11238,,1,1.0,1.0,1.0,1,1,1
11239,,1,1.0,0.947955,0.973977,1,1,1
11241,,1,1.0,0.998268,0.999134,1,1,1
11248,,1,1.0,0.999999,0.999999,1,1,1
11252,,1,1.0,0.999964,0.999982,1,1,1
11256,,1,1.0,0.996264,0.998132,1,1,1
11257,,1,1.0,1.0,1.0,1,1,1
11262,,1,0.993138,0.797725,0.895432,1,1,1
11264,,1,1.0,0.999995,0.999997,1,1,1
11269,,1,0.990523,0.926709,0.958616,1,1,1
11272,,1,0.999797,0.999993,0.999895,1,1,1
11277,,1,1.0,0.999897,0.999949,1,1,1
11289,,1,0.990523,0.925518,0.958021,1,1,1
11292,,1,0.999921,0.999993,0.999957,1,1,1
11295,,1,0.990523,0.925518,0.958021,1,1,1
11296,,1,1.0,0.999993,0.999996,1,1,1
11301,,1,1.0,0.988013,0.994007,1,1,1
11304,,1,1.0,0.999995,0.999997,1,1,1
11309,,1,0.988408,0.803146,0.895777,1,1,1
11311,,1,1.0,0.998268,0.999134,1,1,1
11313,,1,0.999921,0.999993,0.999957,1,1,1
11326,,1,0.990523,0.926709,0.958616,1,1,1
11337,,1,1.0,0.996974,0.998487,1,1,1
11341,,1,1.0,0.999873,0.999937,1,1,1
11344,,1,1.0,0.999994,0.999997,1,1,1
11353,,1,0.999921,0.999993,0.999957,1,1,1
11356,,1,0.900395,0.944368,0.922382,1,1,1
11358,,1,0.301175,0.106519,0.203847,0,0,0
11359,,1,0.990523,0.926709,0.958616,1,1,1
11368,,1,1.0,0.965963,0.982982,1,1,1
11374,,1,0.999921,0.999993,0.999957,1,1,1
11381,,1,1.0,0.999994,0.999997,1,1,1
11382,,1,0.999797,0.999993,0.999895,1,1,1
11385,,1,0.990523,0.925518,0.958021,1,1,1
11391,,1,1.0,1.0,1.0,1,1,1
11398,,1,0.990523,0.926709,0.958616,1,1,1
11399,,1,0.999921,0.999993,0.999957,1,1,1
11401,,1,0.990523,0.926709,0.958616,1,1,1
11408,,1,0.301175,0.106519,0.203847,0,0,0
11410,,1,0.900395,0.944368,0.922382,1,1,1
11412,,1,0.900395,0.944368,0.922382,1,1,1
11426,,1,1.0,0.998269,0.999134,1,1,1
11436,,1,1.0,0.999994,0.999997,1,1,1
11442,,1,0.97,0.999992,0.984996,1,1,1
11444,,1,1.0,1.0,1.0,1,1,1
11445,,1,0.990523,0.925518,0.958021,1,1,1
11447,,1,1.0,1.0,1.0,1,1,1
11450,,1,1.0,1.0,1.0,1,1,1
11454,,1,1.0,1.0,1.0,1,1,1
11459,,1,0.990523,0.926709,0.958616,1,1,1
11469,,1,0.990523,0.925518,0.958021,1,1,1
11474,,1,1.0,0.999987,0.999993,1,1,1
11475,,1,1.0,0.998268,0.999134,1,1,1
11478,,1,1.0,0.998268,0.999134,1,1,1
11482,,1,1.0,0.999995,0.999997,1,1,1
11486,,1,0.999921,0.999993,0.999957,1,1,1
11491,,1,0.531851,0.930347,0.731099,1,1,1
11493,,1,1.0,1.0,1.0,1,1,1
11497,,1,0.990523,0.925518,0.958021,1,1,1
11507,,1,1.0,0.999991,0.999995,1,1,1
11510,,1,0.990523,0.925518,0.958021,1,1,1
11513,,1,0.999797,0.999993,0.999895,1,1,1
11523,,1,1.0,0.9149,0.95745,1,1,1
11538,,1,1.0,0.999994,0.999997,1,1,1
11558,,1,1.0,0.999995,0.999997,1,1,1
11560,,1,1.0,0.988647,0.994323,1,1,1
11563,,1,0.931003,0.394927,0.662965,1,0,1
11570,,1,0.993138,0.797816,0.895477,1,1,1
11571,,0,0.01,0.252014,0.131007,0,0,0
11572,,1,0.301175,0.106519,0.203847,0,0,0
11573,,1,0.990523,0.925518,0.958021,1,1,1
11579,,1,0.990523,0.925518,0.958021,1,1,1
11586,,1,0.990523,0.925518,0.958021,1,1,1
11587,,1,1.0,0.982883,0.991442,1,1,1
11588,,1,1.0,0.999994,0.999997,1,1,1
11594,,1,0.966491,0.137454,0.551973,1,0,1
11598,,1,0.999797,0.999993,0.999895,1,1,1
11608,,1,0.990523,0.926709,0.958616,1,1,1
11611,,1,1.0,0.999976,0.999988,1,1,1
11615,,1,0.999797,0.999993,0.999895,1,1,1
11617,,1,0.999169,0.998269,0.998719,1,1,1
11618,,1,0.990523,0.926709,0.958616,1,1,1
11630,,1,1.0,1.0,1.0,1,1,1
11633,,1,0.999797,0.999993,0.999895,1,1,1
11636,,1,1.0,0.999994,0.999997,1,1,1
11637,,1,1.0,1.0,1.0,1,1,1
11639,,1,1.0,0.999995,0.999997,1,1,1
11641,,1,1.0,0.998737,0.999368,1,1,1
11642,,1,0.988408,0.803181,0.895794,1,1,1
11644,,1,0.990523,0.926709,0.958616,1,1,1
11652,,1,1.0,1.0,1.0,1,1,1
11653,,1,0.999797,0.999993,0.999895,1,1,1
11655,,1,1.0,0.999995,0.999997,1,1,1
11662,,1,0.990523,0.925518,0.958021,1,1,1
11666,,1,1.0,0.999994,0.999997,1,1,1
11669,,1,1.0,0.991047,0.995523,1,1,1
11675,,1,0.301175,0.106519,0.203847,0,0,0
11682,,1,1.0,0.985783,0.992892,1,1,1
11691,,1,0.988408,0.802728,0.895568,1,1,1
11693,,1,0.990523,0.926709,0.958616,1,1,1
11697,,1,1.0,1.0,1.0,1,1,1
11705,,1,0.990523,0.925518,0.958021,1,1,1
11708,,1,1.0,0.985819,0.992909,1,1,1
11715,,1,0.990523,0.925518,0.958021,1,1,1
11719,,1,0.999797,0.999993,0.999895,1,1,1
11724,,1,1.0,0.999997,0.999999,1,1,1
11728,,1,0.96,0.910845,0.935422,1,1,1
11729,,1,1.0,0.982871,0.991435,1,1,1
11737,,1,1.0,0.999844,0.999922,1,1,1
11742,,1,0.993138,0.797816,0.895477,1,1,1
11746,,1,0.999921,0.999993,0.999957,1,1,1
11756,,1,1.0,0.999871,0.999936,1,1,1
11757,,1,1.0,0.999563,0.999781,1,1,1
11768,,1,0.999797,0.999993,0.999895,1,1,1
11769,,1,0.999797,0.999993,0.999895,1,1,1
11772,,1,1.0,0.999994,0.999997,1,1,1
11773,,1,1.0,0.999996,0.999998,1,1,1
11781,,1,1.0,1.0,1.0,1,1,1
11783,,1,1.0,0.998035,0.999018,1,1,1
11797,,1,1.0,1.0,1.0,1,1,1
11801,,1,1.0,0.914697,0.957349,1,1,1
11804,,1,1.0,0.999995,0.999997,1,1,1
11807,,1,0.988408,0.80285,0.895629,1,1,1
11809,,1,0.301175,0.106519,0.203847,0,0,0
11812,,1,1.0,1.0,1.0,1,1,1
11814,,1,0.990523,0.925518,0.958021,1,1,1
11819,,1,1.0,0.999993,0.999996,1,1,1
11822,,1,1.0,0.999995,0.999997,1,1,1
11824,,1,0.990523,0.926709,0.958616,1,1,1
11826,,1,0.301175,0.106519,0.203847,0,0,0
11830,,1,1.0,0.999994,0.999997,1,1,1
11835,,1,0.987643,0.797984,0.892814,1,1,1
11839,,1,0.990523,0.925518,0.958021,1,1,1
11840,,1,0.999797,0.999993,0.999895,1,1,1
11841,,1,1.0,0.999995,0.999997,1,1,1
11843,,1,1.0,0.999945,0.999973,1,1,1
11847,,1,1.0,0.999996,0.999998,1,1,1
11850,,1,0.990523,0.926709,0.958616,1,1,1
11871,,1,1.0,1.0,1.0,1,1,1
11872,,1,0.990523,0.925518,0.958021,1,1,1
11874,,1,1.0,0.999954,0.999977,1,1,1
11880,,1,0.999921,0.999993,0.999957,1,1,1
11882,,1,0.999797,0.999993,0.999895,1,1,1
11883,,1,0.990523,0.925518,0.958021,1,1,1
11888,,1,0.990523,0.926709,0.958616,1,1,1
11898,,1,1.0,0.950049,0.975024,1,1,1
11901,,1,0.990523,0.925518,0.958021,1,1,1
11904,,1,1.0,0.99953,0.999765,1,1,1
11906,,1,1.0,0.998268,0.999134,1,1,1
11912,,1,1.0,0.999997,0.999999,1,1,1
11913,,1,0.990523,0.925518,0.958021,1,1,1
11916,,1,0.900395,0.944368,0.922382,1,1,1
11925,,1,1.0,0.999994,0.999997,1,1,1
11926,,1,1.0,0.998268,0.999134,1,1,1
11928,,1,0.999921,0.999993,0.999957,1,1,1
11930,,1,1.0,0.991047,0.995523,1,1,1
11931,,1,1.0,0.999969,0.999985,1,1,1
11932,,1,1.0,0.999994,0.999997,1,1,1
11933,,1,0.999797,0.999993,0.999895,1,1,1
11936,,1,1.0,0.999987,0.999994,1,1,1
11951,,1,0.990523,0.926709,0.958616,1,1,1
11959,,1,0.990523,0.925518,0.958021,1,1,1
11984,,1,0.981003,0.999998,0.9905,1,1,1
11990,,1,1.0,0.999907,0.999954,1,1,1
12010,,1,1.0,0.999992,0.999996,1,1,1
12017,,1,1.0,0.998269,0.999134,1,1,1
12019,,1,0.999797,0.999993,0.999895,1,1,1
12022,,1,1.0,0.998269,0.999134,1,1,1
12023,,1,1.0,0.998268,0.999134,1,1,1
12024,,1,1.0,0.99989,0.999945,1,1,1
12025,,1,1.0,1.0,1.0,1,1,1
12030,,1,0.990523,0.926709,0.958616,1,1,1
12033,,1,0.95,0.999977,0.974988,1,1,1
12036,,1,1.0,1.0,1.0,1,1,1
12039,,1,0.990523,0.926709,0.958616,1,1,1
12043,,1,0.990523,0.925518,0.958021,1,1,1
12050,,1,1.0,0.996972,0.998486,1,1,1
12053,,1,0.999169,0.998269,0.998719,1,1,1
12054,,1,0.301175,0.106519,0.203847,0,0,0
12055,,1,0.999921,0.999993,0.999957,1,1,1
12057,,1,1.0,0.999097,0.999548,1,1,1
12064,,1,0.999169,0.998269,0.998719,1,1,1
12067,,1,1.0,0.998267,0.999133,1,1,1
12072,,1,0.885673,0.136524,0.511098,1,0,1
12075,,1,1.0,0.991013,0.995506,1,1,1
12082,,1,0.999921,0.999993,0.999957,1,1,1
12087,,1,0.999169,0.998269,0.998719,1,1,1
12090,,1,1.0,1.0,1.0,1,1,1
12092,,1,1.0,1.0,1.0,1,1,1
12097,,1,1.0,0.999969,0.999984,1,1,1
12115,,1,0.096717,0.006306,0.051512,0,0,0
12117,,1,1.0,0.998268,0.999134,1,1,1
12137,,1,0.990523,0.926709,0.958616,1,1,1
12149,,1,1.0,1.0,1.0,1,1,1
12153,,1,1.0,1.0,1.0,1,1,1
12157,,1,1.0,0.999992,0.999996,1,1,1
12163,,1,0.990523,0.925518,0.958021,1,1,1
12164,,1,0.966491,0.187801,0.577146,1,0,1
12170,,1,0.999797,0.999993,0.999895,1,1,1
12173,,1,1.0,1.0,1.0,1,1,1
12174,,1,0.999921,0.999993,0.999957,1,1,1
12177,,1,0.990523,0.926709,0.958616,1,1,1
12179,,1,0.990523,0.926709,0.958616,1,1,1
12184,,1,1.0,0.996892,0.998446,1,1,1
12189,,1,0.990523,0.925518,0.958021,1,1,1
12190,,1,1.0,1.0,1.0,1,1,1
12192,,1,1.0,0.951376,0.975688,1,1,1
12196,,1,0.999921,0.999993,0.999957,1,1,1
12204,,1,0.990523,0.925518,0.958021,1,1,1
12205,,1,0.990523,0.926709,0.958616,1,1,1
12206,,1,1.0,1.0,1.0,1,1,1
12207,,1,0.990523,0.925518,0.958021,1,1,1
12208,,1,0.900395,0.944368,0.922382,1,1,1
12221,,1,1.0,0.999997,0.999998,1,1,1
12222,,1,0.990523,0.925518,0.958021,1,1,1
12227,,1,1.0,1.0,1.0,1,1,1
12237,,1,1.0,1.0,1.0,1,1,1
12239,,1,1.0,0.999969,0.999984,1,1,1
12240,,1,1.0,0.913887,0.956944,1,1,1
12241,,1,0.999921,0.999993,0.999957,1,1,1
12262,,1,0.990523,0.926709,0.958616,1,1,1
12265,,1,0.982912,0.803244,0.893078,1,1,1
12269,,1,0.999921,0.999993,0.999957,1,1,1
12274,,1,1.0,1.0,1.0,1,1,1
12279,,1,0.988408,0.803148,0.895778,1,1,1
12283,,1,1.0,1.0,1.0,1,1,1
12291,,0,0.175392,0.002095,0.088743,0,0,0
12298,,1,1.0,0.997172,0.998586,1,1,1
12304,,1,1.0,0.996973,0.998486,1,1,1
12306,,1,1.0,1.0,1.0,1,1,1
12317,,1,0.301175,0.106519,0.203847,0,0,0
12322,,1,0.999797,0.999993,0.999895,1,1,1
12327,,1,1.0,1.0,1.0,1,1,1
12328,,1,1.0,1.0,1.0,1,1,1
12329,,1,1.0,0.953706,0.976853,1,1,1
12334,,1,0.999169,0.998269,0.998719,1,1,1
12369,,1,1.0,0.999024,0.999512,1,1,1
12372,,1,1.0,0.999994,0.999997,1,1,1
12376,,1,0.990523,0.925518,0.958021,1,1,1
12379,,1,0.988408,0.803098,0.895753,1,1,1
12387,,1,0.999797,0.999993,0.999895,1,1,1
12394,,1,0.990523,0.925518,0.958021,1,1,1
12399,,1,1.0,0.999994,0.999997,1,1,1
12411,,1,0.990523,0.926709,0.958616,1,1,1
12412,,1,1.0,0.993211,0.996606,1,1,1
12413,,1,0.990523,0.925518,0.958021,1,1,1
12421,,1,1.0,1.0,1.0,1,1,1
12423,,1,1.0,1.0,1.0,1,1,1
12431,,1,1.0,1.0,1.0,1,1,1
12432,,1,0.999921,0.999993,0.999957,1,1,1
12434,,1,1.0,0.999995,0.999997,1,1,1
12440,,1,0.990523,0.925518,0.958021,1,1,1
12442,,1,1.0,0.99107,0.995535,1,1,1
12445,,1,1.0,1.0,1.0,1,1,1
12448,,0,0.003378,0.033897,0.018637,0,0,0
12451,,1,0.990523,0.925518,0.958021,1,1,1
12456,,1,1.0,0.999994,0.999997,1,1,1
12457,,1,1.0,1.0,1.0,1,1,1
12458,,1,0.982912,0.803244,0.893078,1,1,1
12460,,1,0.999797,0.999993,0.999895,1,1,1
12464,,1,1.0,1.0,1.0,1,1,1
12469,,1,1.0,0.998591,0.999295,1,1,1
12473,,1,1.0,0.999995,0.999997,1,1,1
12477,,1,1.0,1.0,1.0,1,1,1
12483,,1,0.990523,0.925518,0.958021,1,1,1
12486,,1,1.0,1.0,1.0,1,1,1
12490,,1,0.999797,0.999993,0.999895,1,1,1
12492,,1,1.0,0.999994,0.999997,1,1,1
12497,,1,1.0,1.0,1.0,1,1,1
12499,,1,1.0,1.0,1.0,1,1,1
12506,,1,0.990523,0.926709,0.958616,1,1,1
12507,,1,1.0,1.0,1.0,1,1,1
12510,,1,0.990523,0.925518,0.958021,1,1,1
12511,,1,0.999797,0.999993,0.999895,1,1,1
12521,,1,0.061463,0.084763,0.073113,0,0,0
12531,,1,1.0,0.453179,0.72659,1,0,1
12536,,1,0.999797,0.999993,0.999895,1,1,1
12541,,1,1.0,0.999941,0.99997,1,1,1
12550,,1,0.990523,0.925518,0.958021,1,1,1
12552,,1,1.0,0.999995,0.999997,1,1,1
12554,,1,0.999797,0.999993,0.999895,1,1,1
12558,,1,1.0,0.999994,0.999997,1,1,1
12568,,1,1.0,0.985729,0.992865,1,1,1
12575,,1,0.990523,0.926709,0.958616,1,1,1
12576,,1,1.0,1.0,1.0,1,1,1
12581,,1,1.0,1.0,1.0,1,1,1
12584,,1,0.98,0.999962,0.989981,1,1,1
12590,,1,0.990523,0.925518,0.958021,1,1,1
12601,,1,1.0,0.998073,0.999036,1,1,1
12616,,1,0.999797,0.999993,0.999895,1,1,1
12627,,1,0.987643,0.797984,0.892814,1,1,1
12630,,1,1.0,0.998269,0.999134,1,1,1
12633,,1,0.999921,0.999993,0.999957,1,1,1
12636,,1,1.0,1.0,1.0,1,1,1
12638,,1,1.0,0.999994,0.999997,1,1,1
12640,,1,1.0,0.999994,0.999997,1,1,1
12644,,1,0.900395,0.944368,0.922382,1,1,1
12664,,1,1.0,0.999991,0.999995,1,1,1
12668,,1,0.966491,0.137467,0.551979,1,0,1
12669,,1,0.990523,0.926709,0.958616,1,1,1
12677,,1,0.990523,0.925518,0.958021,1,1,1
12680,,1,1.0,0.999939,0.99997,1,1,1
12690,,1,0.990523,0.925518,0.958021,1,1,1
12693,,0,0.010882,0.200936,0.105909,0,0,0
12695,,1,1.0,0.453179,0.72659,1,0,1
12697,,1,1.0,0.999994,0.999997,1,1,1
12698,,1,1.0,0.999995,0.999997,1,1,1
12700,,1,1.0,0.999994,0.999997,1,1,1
12711,,1,1.0,1.0,1.0,1,1,1
12712,,1,1.0,0.999995,0.999997,1,1,1
12719,,1,0.999797,0.999993,0.999895,1,1,1
12723,,1,1.0,1.0,1.0,1,1,1
12727,,1,0.993138,0.797717,0.895428,1,1,1
12729,,1,1.0,0.999995,0.999997,1,1,1
12735,,1,1.0,0.999994,0.999997,1,1,1
12747,,1,1.0,0.99101,0.995505,1,1,1
12749,,1,1.0,0.999998,0.999999,1,1,1
12760,,1,1.0,0.890698,0.945349,1,1,1
12766,,1,0.999797,0.999993,0.999895,1,1,1
12767,,1,1.0,0.999994,0.999997,1,1,1
12775,,0,0.0,0.010667,0.005334,0,0,0
12776,,1,0.990523,0.925518,0.958021,1,1,1
12778,,1,1.0,1.0,1.0,1,1,1
12779,,1,0.990523,0.926709,0.958616,1,1,1
12783,,1,0.990523,0.925518,0.958021,1,1,1
12790,,1,1.0,0.999995,0.999997,1,1,1
12795,,1,0.999797,0.999993,0.999895,1,1,1
12802,,1,1.0,0.996957,0.998479,1,1,1
12805,,1,0.999797,0.999993,0.999895,1,1,1
12815,,1,0.301175,0.106519,0.203847,0,0,0
12816,,1,1.0,0.998251,0.999126,1,1,1
12825,,1,0.993138,0.797756,0.895447,1,1,1
12833,,1,0.990523,0.925518,0.958021,1,1,1
12834,,1,1.0,0.999994,0.999997,1,1,1
12844,,1,1.0,1.0,1.0,1,1,1
12846,,1,1.0,0.999518,0.999759,1,1,1
12852,,0,0.0,0.003811,0.001905,0,0,0
12853,,1,0.990523,0.925518,0.958021,1,1,1
12860,,1,0.999797,0.999993,0.999895,1,1,1
12861,,1,0.990523,0.925518,0.958021,1,1,1
12865,,1,1.0,0.999962,0.999981,1,1,1
12868,,1,0.990523,0.925518,0.958021,1,1,1
12882,,0,0.0,0.007767,0.003884,0,0,0
12886,,1,0.999797,0.999993,0.999895,1,1,1
12890,,1,0.990523,0.926709,0.958616,1,1,1
12894,,1,0.990523,0.925518,0.958021,1,1,1
12897,,1,1.0,0.999515,0.999757,1,1,1
12908,,1,0.999797,0.999993,0.999895,1,1,1
12911,,0,0.004651,0.106519,0.055585,0,0,0
12916,,1,1.0,0.998268,0.999134,1,1,1
12917,,1,0.990523,0.925518,0.958021,1,1,1
12923,,1,0.990523,0.926709,0.958616,1,1,1
12925,,1,0.999921,0.999993,0.999957,1,1,1
12927,,1,1.0,0.999994,0.999997,1,1,1
12928,,1,0.990523,0.926709,0.958616,1,1,1
12929,,1,0.999921,0.999993,0.999957,1,1,1
12935,,1,1.0,0.950364,0.975182,1,1,1
12942,,1,1.0,0.965885,0.982942,1,1,1
12950,,1,0.990523,0.926709,0.958616,1,1,1
12952,,1,0.999797,0.999993,0.999895,1,1,1
12954,,0,0.43,0.148105,0.289052,0,0,0
12959,,1,1.0,0.999995,0.999997,1,1,1
12964,,1,0.990523,0.925518,0.958021,1,1,1
12967,,1,0.990523,0.926709,0.958616,1,1,1
12986,,1,0.900395,0.944368,0.922382,1,1,1
12988,,1,1.0,0.999995,0.999997,1,1,1
12989,,1,1.0,0.999999,0.999999,1,1,1
12990,,1,1.0,1.0,1.0,1,1,1
12992,,1,0.999797,0.999993,0.999895,1,1,1
12993,,1,1.0,0.999992,0.999996,1,1,1
12994,,1,1.0,0.998266,0.999133,1,1,1
12998,,1,0.990523,0.925518,0.958021,1,1,1
13007,,1,0.990523,0.926709,0.958616,1,1,1
13008,,1,1.0,0.998113,0.999056,1,1,1
13011,,1,0.99,1.0,0.995,1,1,1
13018,,1,1.0,0.998269,0.999134,1,1,1
13021,,1,1.0,0.999579,0.999789,1,1,1
13024,,1,1.0,0.965961,0.982981,1,1,1
13027,,1,1.0,1.0,1.0,1,1,1
13031,,1,0.990523,0.925518,0.958021,1,1,1
13039,,1,1.0,0.490454,0.745227,1,0,1
13040,,0,0.003378,0.002132,0.002755,0,0,0
13044,,1,0.531851,0.930347,0.731099,1,1,1
13045,,1,0.999921,0.999993,0.999957,1,1,1
13048,,1,1.0,1.0,1.0,1,1,1
13060,,1,0.990523,0.926709,0.958616,1,1,1
13081,,1,0.999169,0.998269,0.998719,1,1,1
13085,,1,1.0,0.012035,0.506018,1,0,1
13090,,1,1.0,0.999995,0.999997,1,1,1
13101,,0,0.0,0.0013,0.00065,0,0,0
13106,,1,0.990523,0.925518,0.958021,1,1,1
13108,,1,0.990523,0.926709,0.958616,1,1,1
13122,,1,1.0,0.998268,0.999134,1,1,1
13123,,1,1.0,0.999978,0.999989,1,1,1
13126,,1,1.0,0.999994,0.999997,1,1,1
13134,,1,1.0,0.999994,0.999997,1,1,1
13141,,1,1.0,0.990041,0.995021,1,1,1
13144,,1,1.0,0.999968,0.999984,1,1,1
13147,,1,0.990523,0.925518,0.958021,1,1,1
13148,,1,1.0,1.0,1.0,1,1,1
13151,,1,1.0,0.999993,0.999996,1,1,1
13158,,1,1.0,0.999946,0.999973,1,1,1
13161,,1,0.900395,0.944368,0.922382,1,1,1
13173,,1,0.999921,0.999993,0.999957,1,1,1
13181,,1,1.0,1.0,1.0,1,1,1
13183,,1,0.111605,0.117329,0.114467,0,0,0
13187,,1,1.0,0.914886,0.957443,1,1,1
13191,,1,1.0,0.999994,0.999997,1,1,1
13196,,1,1.0,0.914907,0.957453,1,1,1
13208,,1,1.0,0.999955,0.999977,1,1,1
13213,,1,1.0,1.0,1.0,1,1,1
13214,,1,0.990523,0.925518,0.958021,1,1,1
13215,,1,1.0,1.0,1.0,1,1,1
13216,,1,1.0,0.98577,0.992885,1,1,1
13223,,1,1.0,1.0,1.0,1,1,1
13224,,1,1.0,0.998268,0.999134,1,1,1
13226,,1,1.0,0.999994,0.999997,1,1,1
13227,,1,0.990523,0.925518,0.958021,1,1,1
13232,,1,1.0,0.998268,0.999134,1,1,1
13237,,1,0.990523,0.926709,0.958616,1,1,1
13244,,1,0.990523,0.926709,0.958616,1,1,1
13247,,1,0.999797,0.999993,0.999895,1,1,1
13248,,1,0.999797,0.999993,0.999895,1,1,1
13265,,1,0.999921,0.999993,0.999957,1,1,1
13267,,1,1.0,0.996516,0.998258,1,1,1
13271,,1,1.0,0.012043,0.506022,1,0,1
13273,,1,1.0,0.95001,0.975005,1,1,1
13274,,1,0.99,0.942678,0.966339,1,1,1
13286,,1,1.0,0.996233,0.998117,1,1,1
13294,,1,1.0,0.892503,0.946251,1,1,1
13295,,1,1.0,0.999995,0.999997,1,1,1
13298,,1,0.990523,0.925518,0.958021,1,1,1
13300,,1,0.999921,0.999993,0.999957,1,1,1
13304,,1,0.900395,0.944368,0.922382,1,1,1
13308,,1,1.0,1.0,1.0,1,1,1
13316,,1,1.0,0.999922,0.999961,1,1,1
13318,,1,1.0,0.999994,0.999997,1,1,1
13325,,0,0.111605,0.117329,0.114467,0,0,0
13335,,1,0.999921,0.999993,0.999957,1,1,1
13336,,1,0.111605,0.117329,0.114467,0,0,0
13344,,1,0.999797,0.999993,0.999895,1,1,1
13352,,0,0.0,0.007553,0.003777,0,0,0
13363,,1,0.531851,0.930347,0.731099,1,1,1
13367,,1,1.0,0.998268,0.999134,1,1,1
13369,,1,0.999921,0.999993,0.999957,1,1,1
13378,,1,1.0,0.999994,0.999997,1,1,1
13379,,1,1.0,0.999995,0.999997,1,1,1
13380,,1,1.0,0.999994,0.999997,1,1,1
13381,,1,1.0,0.998268,0.999134,1,1,1
13382,,1,0.999797,0.999993,0.999895,1,1,1
13387,,0,0.021003,0.20525,0.113126,0,0,0
13392,,1,1.0,0.998268,0.999134,1,1,1
13400,,1,1.0,0.998268,0.999134,1,1,1
13419,,1,0.999797,0.999993,0.999895,1,1,1
13420,,1,1.0,0.914902,0.957451,1,1,1
13422,,1,0.990523,0.926709,0.958616,1,1,1
13423,,1,0.990523,0.925518,0.958021,1,1,1
13424,,1,1.0,1.0,1.0,1,1,1
13429,,1,0.94,0.013873,0.476936,1,0,0
13434,,1,1.0,0.453179,0.72659,1,0,1
13435,,1,1.0,0.453179,0.72659,1,0,1
13438,,1,0.999921,0.999993,0.999957,1,1,1
13447,,1,1.0,0.999995,0.999997,1,1,1
13448,,1,0.999169,0.998269,0.998719,1,1,1
13450,,1,0.999797,0.999993,0.999895,1,1,1
13454,,1,0.999921,0.999993,0.999957,1,1,1
13457,,1,1.0,1.0,1.0,1,1,1
13459,,1,1.0,0.999996,0.999998,1,1,1
13476,,1,0.990523,0.925518,0.958021,1,1,1
13487,,1,0.990523,0.926709,0.958616,1,1,1
13495,,1,1.0,0.985804,0.992902,1,1,1
13497,,1,1.0,0.998268,0.999134,1,1,1
13502,,1,0.999921,0.999993,0.999957,1,1,1
13506,,1,1.0,0.736725,0.868362,1,1,1
13509,,1,1.0,0.999994,0.999997,1,1,1
13511,,1,0.988408,0.802969,0.895688,1,1,1
13519,,1,0.999797,0.999993,0.999895,1,1,1
13534,,1,1.0,0.999997,0.999999,1,1,1
13541,,1,1.0,0.999994,0.999997,1,1,1
13546,,1,0.990523,0.925518,0.958021,1,1,1
13548,,1,1.0,0.892203,0.946101,1,1,1
13553,,1,0.990523,0.925518,0.958021,1,1,1
13562,,1,0.990523,0.925518,0.958021,1,1,1
13567,,1,1.0,0.959703,0.979852,1,1,1
13568,,1,0.990523,0.925518,0.958021,1,1,1
13573,,1,0.990523,0.925518,0.958021,1,1,1
13578,,1,1.0,0.975257,0.987628,1,1,1
13579,,1,1.0,0.99304,0.99652,1,1,1
13581,,1,0.990523,0.926709,0.958616,1,1,1
13590,,1,1.0,0.999995,0.999997,1,1,1
13591,,1,0.900395,0.944368,0.922382,1,1,1
13595,,0,0.01,0.001287,0.005643,0,0,0
13601,,1,1.0,0.999995,0.999997,1,1,1
13602,,1,0.961117,0.187528,0.574322,1,0,1
13605,,1,0.999797,0.999993,0.999895,1,1,1
13612,,1,1.0,0.999999,1.0,1,1,1
13622,,1,1.0,0.999976,0.999988,1,1,1
13627,,1,1.0,1.0,1.0,1,1,1
13634,,1,1.0,0.999995,0.999997,1,1,1
13650,,1,1.0,0.999995,0.999997,1,1,1
13652,,1,0.990523,0.926709,0.958616,1,1,1
13654,,1,0.990523,0.925518,0.958021,1,1,1
13669,,1,0.990523,0.926709,0.958616,1,1,1
13670,,1,0.999797,0.999993,0.999895,1,1,1
13678,,1,1.0,1.0,1.0,1,1,1
13686,,1,1.0,1.0,1.0,1,1,1
13688,,1,0.990523,0.925518,0.958021,1,1,1
13691,,1,0.990523,0.926709,0.958616,1,1,1
13696,,1,0.990523,0.926709,0.958616,1,1,1
13715,,1,1.0,0.999962,0.999981,1,1,1
13719,,1,1.0,0.996773,0.998386,1,1,1
13725,,1,1.0,1.0,1.0,1,1,1
13726,,1,0.990523,0.925518,0.958021,1,1,1
13735,,1,0.990523,0.926709,0.958616,1,1,1
13740,,1,1.0,0.999989,0.999995,1,1,1
13742,,1,0.900395,0.944368,0.922382,1,1,1
13751,,1,1.0,1.0,1.0,1,1,1
13758,,1,1.0,0.999996,0.999998,1,1,1
13760,,1,1.0,0.996773,0.998386,1,1,1
13766,,1,0.999797,0.999993,0.999895,1,1,1
13783,,1,0.990523,0.925518,0.958021,1,1,1
13788,,0,0.004651,0.106519,0.055585,0,0,0
13795,,1,1.0,0.999901,0.99995,1,1,1
13807,,0,0.301175,0.106519,0.203847,0,0,0
13816,,1,1.0,0.999994,0.999997,1,1,1
13817,,1,0.990523,0.925518,0.958021,1,1,1
13818,,1,1.0,1.0,1.0,1,1,1
13819,,1,0.990523,0.926709,0.958616,1,1,1
13823,,1,1.0,0.999999,0.999999,1,1,1
13835,,1,1.0,0.999993,0.999996,1,1,1
13842,,1,1.0,1.0,1.0,1,1,1
13848,,1,0.990523,0.926709,0.958616,1,1,1
13849,,1,1.0,0.996969,0.998484,1,1,1
13852,,0,0.0,0.036744,0.018372,0,0,0
13853,,1,1.0,0.998268,0.999134,1,1,1
13854,,1,0.990523,0.925518,0.958021,1,1,1
13857,,1,0.990523,0.925518,0.958021,1,1,1
13861,,1,1.0,0.998943,0.999472,1,1,1
13863,,1,1.0,0.999999,1.0,1,1,1
13864,,1,0.900395,0.944368,0.922382,1,1,1
13867,,1,0.990523,0.926709,0.958616,1,1,1
13868,,1,0.990523,0.926709,0.958616,1,1,1
13871,,1,1.0,0.999994,0.999997,1,1,1
13873,,1,0.999797,0.999993,0.999895,1,1,1
13876,,1,0.990523,0.926709,0.958616,1,1,1
13891,,1,0.999169,0.998269,0.998719,1,1,1
13892,,1,1.0,0.996974,0.998487,1,1,1
13895,,1,0.999921,0.999993,0.999957,1,1,1
13896,,1,0.900395,0.944368,0.922382,1,1,1
13901,,1,1.0,0.891603,0.945802,1,1,1
13904,,1,0.990523,0.925518,0.958021,1,1,1
13909,,1,1.0,1.0,1.0,1,1,1
13913,,1,0.999921,0.999993,0.999957,1,1,1
13915,,1,1.0,0.999993,0.999996,1,1,1
13918,,1,0.301175,0.106519,0.203847,0,0,0
13920,,1,1.0,0.965954,0.982977,1,1,1
13922,,1,0.990523,0.926709,0.958616,1,1,1
13925,,1,1.0,0.999994,0.999997,1,1,1
13926,,1,0.990523,0.925518,0.958021,1,1,1
13950,,1,0.999797,0.999993,0.999895,1,1,1
13954,,1,1.0,1.0,1.0,1,1,1
13971,,1,1.0,1.0,1.0,1,1,1
13973,,1,0.990523,0.925518,0.958021,1,1,1
13975,,1,0.990523,0.925518,0.958021,1,1,1
13980,,1,1.0,0.996975,0.998487,1,1,1
13986,,1,0.990523,0.925518,0.958021,1,1,1
13987,,1,1.0,0.999996,0.999998,1,1,1
13990,,1,1.0,0.982862,0.991431,1,1,1
13999,,1,1.0,0.999995,0.999997,1,1,1
14002,,1,0.531851,0.930347,0.731099,1,1,1
14003,,1,0.999921,0.999993,0.999957,1,1,1
14005,,1,1.0,1.0,1.0,1,1,1
14007,,1,1.0,1.0,1.0,1,1,1
14014,,1,1.0,1.0,1.0,1,1,1
14015,,1,1.0,0.999999,0.999999,1,1,1
14018,,1,1.0,1.0,1.0,1,1,1
14024,,1,0.990523,0.925518,0.958021,1,1,1
14031,,1,1.0,0.998078,0.999039,1,1,1
14033,,1,1.0,0.999558,0.999779,1,1,1
14036,,1,1.0,1.0,1.0,1,1,1
14037,,1,0.999921,0.999993,0.999957,1,1,1
14041,,1,1.0,0.998267,0.999134,1,1,1
14047,,1,1.0,0.999995,0.999997,1,1,1
14064,,1,0.990523,0.925518,0.958021,1,1,1
14086,,1,1.0,1.0,1.0,1,1,1
14087,,1,1.0,0.746754,0.873377,1,1,1
14088,,1,0.993138,0.797784,0.895461,1,1,1
14090,,1,1.0,0.965964,0.982982,1,1,1
14100,,1,1.0,0.999994,0.999997,1,1,1
14113,,1,0.990523,0.925518,0.958021,1,1,1
14114,,1,1.0,1.0,1.0,1,1,1
14116,,1,0.999921,0.999993,0.999957,1,1,1
14119,,1,0.999921,0.999993,0.999957,1,1,1
14125,,1,1.0,1.0,1.0,1,1,1
14126,,1,1.0,1.0,1.0,1,1,1
14133,,1,1.0,1.0,1.0,1,1,1
14139,,1,1.0,0.950434,0.975217,1,1,1
14142,,1,0.990523,0.926709,0.958616,1,1,1
14147,,1,1.0,0.999994,0.999997,1,1,1
14160,,1,1.0,1.0,1.0,1,1,1
14163,,1,1.0,0.873911,0.936955,1,1,1
14165,,1,1.0,1.0,1.0,1,1,1
14169,,1,0.980231,0.968764,0.974497,1,1,1
14198,,1,0.990523,0.925518,0.958021,1,1,1
14205,,1,1.0,1.0,1.0,1,1,1
14206,,0,1.8e-05,0.000116,6.7e-05,0,0,0
14213,,1,0.990523,0.926709,0.958616,1,1,1
14216,,1,1.0,1.0,1.0,1,1,1
14229,,1,1.0,0.079666,0.539833,1,0,1
14230,,1,0.990523,0.925518,0.958021,1,1,1
14251,,1,0.990523,0.925518,0.958021,1,1,1
14254,,0,1.8e-05,0.000632,0.000325,0,0,0
14257,,1,0.999797,0.999993,0.999895,1,1,1
14259,,1,0.999797,0.999993,0.999895,1,1,1
14267,,1,0.990523,0.925518,0.958021,1,1,1
14268,,1,1.0,0.999832,0.999916,1,1,1
14271,,1,1.0,0.999956,0.999978,1,1,1
14274,,1,0.301175,0.106519,0.203847,0,0,0
14275,,1,1.0,0.999649,0.999825,1,1,1
14279,,1,1.0,0.999995,0.999997,1,1,1
14281,,1,0.993138,0.797864,0.895501,1,1,1
14288,,1,1.0,0.996779,0.99839,1,1,1
14293,,1,1.0,0.999995,0.999997,1,1,1
14297,,1,1.0,0.999847,0.999924,1,1,1
14307,,1,1.0,0.999995,0.999997,1,1,1
14311,,1,0.999797,0.999993,0.999895,1,1,1
14312,,1,1.0,0.998552,0.999276,1,1,1
14344,,1,1.0,0.999994,0.999997,1,1,1
14353,,1,1.0,0.992981,0.99649,1,1,1
14360,,1,1.0,0.999992,0.999996,1,1,1
14365,,1,1.0,0.999994,0.999997,1,1,1
14366,,1,1.0,0.999983,0.999991,1,1,1
14367,,1,1.0,1.0,1.0,1,1,1
14369,,1,0.990523,0.925518,0.958021,1,1,1
14376,,1,1.0,0.993454,0.996727,1,1,1
14382,,1,1.0,1.0,1.0,1,1,1
14384,,1,0.990523,0.926709,0.958616,1,1,1
14386,,1,1.0,0.999995,0.999997,1,1,1
14394,,1,0.990523,0.925518,0.958021,1,1,1
14396,,1,0.900395,0.944368,0.922382,1,1,1
14397,,1,0.999921,0.999993,0.999957,1,1,1
14411,,1,1.0,0.096614,0.548307,1,0,1
14412,,1,0.990523,0.926709,0.958616,1,1,1
14413,,1,1.0,0.999501,0.999751,1,1,1
14415,,1,1.0,0.999996,0.999998,1,1,1
14416,,1,1.0,0.985804,0.992902,1,1,1
14424,,1,1.0,0.999968,0.999984,1,1,1
14442,,1,1.0,0.012049,0.506025,1,0,1
14446,,1,1.0,0.999953,0.999977,1,1,1
14452,,1,0.990523,0.926709,0.958616,1,1,1
14459,,1,1.0,0.999992,0.999996,1,1,1
14463,,1,1.0,0.999998,0.999999,1,1,1
14470,,1,0.531851,0.930347,0.731099,1,1,1
14473,,1,0.990523,0.925518,0.958021,1,1,1
14480,,1,1.0,0.999994,0.999997,1,1,1
14484,,1,0.990523,0.925518,0.958021,1,1,1
14485,,1,0.999797,0.999993,0.999895,1,1,1
14488,,1,0.990523,0.926709,0.958616,1,1,1
14494,,1,1.0,0.998268,0.999134,1,1,1
14498,,1,1.0,0.999995,0.999997,1,1,1
14499,,1,1.0,1.0,1.0,1,1,1
14500,,1,0.990523,0.926709,0.958616,1,1,1
14503,,1,1.0,0.453179,0.72659,1,0,1
14508,,1,1.0,1.0,1.0,1,1,1
14512,,1,0.999169,0.998269,0.998719,1,1,1
14515,,1,1.0,0.584552,0.792276,1,1,1
14516,,1,1.0,0.999995,0.999997,1,1,1
14517,,1,1.0,0.999995,0.999997,1,1,1
14519,,1,0.999797,0.999993,0.999895,1,1,1
14523,,1,0.993138,0.797783,0.895461,1,1,1
14530,,1,0.990523,0.926709,0.958616,1,1,1
14531,,1,1.0,1.0,1.0,1,1,1
14540,,1,0.990523,0.925518,0.958021,1,1,1
14544,,1,1.0,0.999995,0.999997,1,1,1
14546,,1,1.0,1.0,1.0,1,1,1
14551,,1,1.0,0.922311,0.961156,1,1,1
14552,,1,0.999797,0.999993,0.999895,1,1,1
14555,,1,1.0,1.0,1.0,1,1,1
14557,,1,1.0,1.0,1.0,1,1,1
14559,,1,1.0,0.999989,0.999994,1,1,1
14560,,1,1.0,0.999995,0.999997,1,1,1
14567,,1,0.990523,0.926709,0.958616,1,1,1
14568,,1,0.97,0.999435,0.984718,1,1,1
14570,,1,0.990523,0.926709,0.958616,1,1,1
14595,,1,1.0,1.0,1.0,1,1,1
14599,,1,1.0,0.965958,0.982979,1,1,1
14603,,1,0.999797,0.999993,0.999895,1,1,1
14614,,1,1.0,0.999946,0.999973,1,1,1
14618,,0,0.702519,0.112226,0.407373,1,0,0
14619,,1,1.0,0.991018,0.995509,1,1,1
14623,,1,1.0,0.996642,0.998321,1,1,1
14636,,1,1.0,1.0,1.0,1,1,1
14641,,1,1.0,0.999995,0.999997,1,1,1
14642,,1,1.0,0.999427,0.999714,1,1,1
14646,,1,1.0,0.998268,0.999134,1,1,1
14647,,1,0.990523,0.926709,0.958616,1,1,1
14651,,1,0.990523,0.925518,0.958021,1,1,1
14652,,1,1.0,0.998245,0.999122,1,1,1
14653,,1,0.990523,0.925518,0.958021,1,1,1
14657,,1,1.0,0.993193,0.996597,1,1,1
14659,,1,1.0,0.999997,0.999999,1,1,1
14668,,1,1.0,0.999994,0.999997,1,1,1
14683,,1,1.0,1.0,1.0,1,1,1
14707,,1,0.900395,0.944368,0.922382,1,1,1
14708,,1,1.0,0.891184,0.945592,1,1,1
14715,,1,1.0,1.0,1.0,1,1,1
14716,,1,1.0,0.999995,0.999997,1,1,1
14741,,1,1.0,1.0,1.0,1,1,1
14746,,1,1.0,0.999553,0.999777,1,1,1
14748,,1,1.0,0.852163,0.926082,1,1,1
14751,,1,1.0,0.999986,0.999993,1,1,1
14756,,1,0.990523,0.925518,0.958021,1,1,1
14757,,1,0.999797,0.999993,0.999895,1,1,1
14760,,1,1.0,0.914868,0.957434,1,1,1
14764,,1,0.990523,0.926709,0.958616,1,1,1
14769,,1,1.0,0.999994,0.999997,1,1,1
14772,,1,0.999169,0.822252,0.910711,1,1,1
14773,,1,1.0,0.99107,0.995535,1,1,1
14774,,1,1.0,0.996972,0.998486,1,1,1
14775,,1,0.990523,0.926709,0.958616,1,1,1
14791,,1,0.990523,0.925518,0.958021,1,1,1
14796,,1,0.999921,0.999993,0.999957,1,1,1
14800,,1,1.0,0.985814,0.992907,1,1,1
14809,,1,0.990523,0.925518,0.958021,1,1,1
14813,,1,0.990523,0.925518,0.958021,1,1,1
14818,,1,1.0,0.998234,0.999117,1,1,1
14825,,1,0.999921,0.999993,0.999957,1,1,1
14827,,1,0.999921,0.999993,0.999957,1,1,1
14829,,1,0.999797,0.999993,0.999895,1,1,1
14830,,1,1.0,1.0,1.0,1,1,1
14835,,1,1.0,0.965774,0.982887,1,1,1
14843,,1,1.0,1.0,1.0,1,1,1
14844,,1,0.999797,0.999993,0.999895,1,1,1
14845,,1,0.301175,0.106519,0.203847,0,0,0
14850,,1,0.993138,0.797865,0.895502,1,1,1
14861,,1,0.999921,0.999993,0.999957,1,1,1
14867,,1,1.0,0.999995,0.999997,1,1,1
14885,,1,0.990523,0.925518,0.958021,1,1,1
14888,,1,0.999169,0.998269,0.998719,1,1,1
14890,,1,1.0,0.999995,0.999997,1,1,1
14892,,1,0.990523,0.925518,0.958021,1,1,1
14895,,1,1.0,0.999995,0.999997,1,1,1
14896,,1,0.990523,0.925518,0.958021,1,1,1
14902,,1,0.990523,0.925518,0.958021,1,1,1
14903,,1,1.0,0.999984,0.999992,1,1,1
14906,,1,0.990523,0.926709,0.958616,1,1,1
14907,,1,1.0,0.999995,0.999997,1,1,1
14910,,1,0.999169,0.998269,0.998719,1,1,1
14918,,1,0.999797,0.999993,0.999895,1,1,1
14923,,0,0.0,0.007619,0.00381,0,0,0
14924,,1,1.0,0.999984,0.999992,1,1,1
14926,,1,1.0,1.0,1.0,1,1,1
14928,,1,1.0,0.999995,0.999997,1,1,1
14929,,1,1.0,0.999994,0.999997,1,1,1
14931,,1,1.0,0.999995,0.999997,1,1,1
14933,,1,1.0,0.999994,0.999997,1,1,1
14945,,1,0.999797,0.999993,0.999895,1,1,1
14955,,1,1.0,0.999997,0.999999,1,1,1
14966,,1,0.990523,0.926709,0.958616,1,1,1
14969,,1,1.0,0.999999,0.999999,1,1,1
14973,,1,0.999921,0.999993,0.999957,1,1,1
14975,,1,0.990523,0.925518,0.958021,1,1,1
14982,,1,0.900395,0.944368,0.922382,1,1,1
14985,,1,1.0,1.0,1.0,1,1,1
14992,,1,1.0,1.0,1.0,1,1,1
14995,,1,0.999797,0.999993,0.999895,1,1,1
14999,,1,0.990523,0.925518,0.958021,1,1,1
15009,,1,0.999797,0.999993,0.999895,1,1,1
15018,,1,1.0,0.991049,0.995525,1,1,1
15020,,1,1.0,0.991047,0.995523,1,1,1
15023,,1,0.990523,0.925518,0.958021,1,1,1
15024,,1,1.0,0.999991,0.999995,1,1,1
15029,,1,0.999169,0.998269,0.998719,1,1,1
15031,,1,0.990523,0.926709,0.958616,1,1,1
15033,,1,1.0,0.998268,0.999134,1,1,1
15034,,1,1.0,0.998268,0.999134,1,1,1
15037,,0,0.87,0.999997,0.934999,1,1,1
15039,,1,1.0,0.999997,0.999999,1,1,1
15052,,1,0.990523,0.926709,0.958616,1,1,1
15053,,1,0.990523,0.926709,0.958616,1,1,1
15059,,1,1.0,0.999995,0.999997,1,1,1
15064,,1,1.0,1.0,1.0,1,1,1
15074,,1,0.999797,0.999993,0.999895,1,1,1
15080,,1,1.0,0.999844,0.999922,1,1,1
15082,,1,1.0,0.453179,0.72659,1,0,1
15084,,1,1.0,1.0,1.0,1,1,1
15085,,1,0.999169,0.998269,0.998719,1,1,1
15089,,1,1.0,0.975765,0.987882,1,1,1
15105,,1,0.990523,0.926709,0.958616,1,1,1
15123,,1,1.0,0.999394,0.999697,1,1,1
15132,,1,0.301175,0.106519,0.203847,0,0,0
15133,,1,1.0,0.998268,0.999134,1,1,1
15135,,1,0.990523,0.925518,0.958021,1,1,1
15136,,1,0.999797,0.999993,0.999895,1,1,1
15147,,1,0.990523,0.926709,0.958616,1,1,1
15154,,0,0.003378,0.002132,0.002755,0,0,0
15158,,1,1.0,0.992132,0.996066,1,1,1
15159,,0,0.003378,0.024739,0.014058,0,0,0
15165,,0,0.003378,0.024739,0.014058,0,0,0
15170,,1,0.999797,0.999993,0.999895,1,1,1
15173,,1,1.0,0.999999,0.999999,1,1,1
15177,,1,1.0,0.999975,0.999987,1,1,1
15188,,1,1.0,1.0,1.0,1,1,1
15190,,1,1.0,1.0,1.0,1,1,1
15191,,1,0.990523,0.925518,0.958021,1,1,1
15195,,1,0.999797,0.999993,0.999895,1,1,1
15197,,0,0.0,0.020029,0.010015,0,0,0
15202,,1,1.0,0.999995,0.999997,1,1,1
15204,,1,0.900395,0.944368,0.922382,1,1,1
15214,,1,0.999797,0.999993,0.999895,1,1,1
15217,,1,1.0,0.891479,0.945739,1,1,1
15221,,1,0.990523,0.925518,0.958021,1,1,1
15222,,1,1.0,0.998181,0.999091,1,1,1
15226,,1,0.990523,0.925518,0.958021,1,1,1
15242,,1,1.0,1.0,1.0,1,1,1
15244,,1,0.990523,0.926709,0.958616,1,1,1
15247,,1,1.0,0.998269,0.999134,1,1,1
15262,,1,0.990523,0.926709,0.958616,1,1,1
15273,,1,0.999797,0.999993,0.999895,1,1,1
15280,,1,0.999797,0.999993,0.999895,1,1,1
15281,,1,0.96,1.0,0.98,1,1,1
15285,,1,0.990523,0.925518,0.958021,1,1,1
15288,,1,1.0,0.998268,0.999134,1,1,1
15293,,1,1.0,0.999994,0.999997,1,1,1
15295,,1,1.0,0.998268,0.999134,1,1,1
15305,,1,0.990523,0.926709,0.958616,1,1,1
15308,,1,1.0,0.998267,0.999133,1,1,1
15310,,1,0.999921,0.999993,0.999957,1,1,1
15327,,1,0.999921,0.999993,0.999957,1,1,1
15332,,1,1.0,0.874388,0.937194,1,1,1
15333,,1,1.0,0.999995,0.999997,1,1,1
15336,,1,0.99,0.936486,0.963243,1,1,1
15338,,1,0.301175,0.106519,0.203847,0,0,0
15339,,1,1.0,1.0,1.0,1,1,1
15340,,1,1.0,0.999998,0.999999,1,1,1
15345,,1,1.0,1.0,1.0,1,1,1
15350,,1,1.0,0.996782,0.998391,1,1,1
15353,,1,1.0,1.0,1.0,1,1,1
15354,,1,0.990523,0.926709,0.958616,1,1,1
15355,,1,0.97,0.064913,0.517456,1,0,1
15370,,1,1.0,0.991048,0.995524,1,1,1
15379,,1,1.0,0.999955,0.999978,1,1,1
15380,,1,1.0,1.0,1.0,1,1,1
15383,,1,1.0,0.999994,0.999997,1,1,1
15385,,1,1.0,0.950665,0.975332,1,1,1
15393,,1,1.0,0.999995,0.999997,1,1,1
15403,,1,0.82,0.043246,0.431623,1,0,0
15407,,1,0.999921,0.999993,0.999957,1,1,1
15409,,1,1.0,0.998268,0.999134,1,1,1
15410,,1,1.0,1.0,1.0,1,1,1
15411,,1,0.990523,0.925518,0.958021,1,1,1
15412,,1,0.999921,0.999993,0.999957,1,1,1
15424,,1,1.0,1.0,1.0,1,1,1
15438,,1,1.0,0.999988,0.999994,1,1,1
15445,,1,0.301175,0.106519,0.203847,0,0,0
15446,,1,0.990523,0.925518,0.958021,1,1,1
15447,,1,0.301175,0.106519,0.203847,0,0,0
15465,,1,0.988408,0.802692,0.89555,1,1,1
15484,,1,0.990523,0.926709,0.958616,1,1,1
15486,,1,1.0,0.999956,0.999978,1,1,1
15487,,1,1.0,0.077978,0.538989,1,0,1
15490,,1,1.0,0.998121,0.99906,1,1,1
15505,,1,1.0,0.997787,0.998893,1,1,1
15510,,1,1.0,0.999994,0.999997,1,1,1
15517,,1,0.990523,0.925518,0.958021,1,1,1
15520,,1,0.990523,0.926709,0.958616,1,1,1
15523,,1,0.990523,0.925518,0.958021,1,1,1
15527,,1,0.990523,0.925518,0.958021,1,1,1
15536,,1,0.990523,0.925518,0.958021,1,1,1
15541,,1,1.0,0.999911,0.999956,1,1,1
15560,,0,0.010523,0.128201,0.069362,0,0,0
15562,,1,1.0,0.998774,0.999387,1,1,1
15571,,1,0.900395,0.944368,0.922382,1,1,1
15574,,1,0.900395,0.944368,0.922382,1,1,1
15578,,1,1.0,0.999994,0.999997,1,1,1
15586,,1,0.999921,0.999993,0.999957,1,1,1
15588,,1,0.999169,0.998269,0.998719,1,1,1
15597,,1,0.990523,0.925518,0.958021,1,1,1
15598,,1,1.0,1.0,1.0,1,1,1
15613,,1,0.990523,0.925518,0.958021,1,1,1
15629,,1,1.0,1.0,1.0,1,1,1
15631,,1,0.906912,0.019439,0.463175,1,0,0
15638,,1,1.0,0.999966,0.999983,1,1,1
15640,,1,1.0,0.985787,0.992894,1,1,1
15651,,1,0.990523,0.925518,0.958021,1,1,1
15665,,1,0.999797,0.999993,0.999895,1,1,1
15674,,1,0.990523,0.925518,0.958021,1,1,1
15675,,1,0.987643,0.797985,0.892814,1,1,1
15676,,1,0.990523,0.925518,0.958021,1,1,1
15709,,1,1.0,0.965964,0.982982,1,1,1
15712,,1,1.0,0.998125,0.999063,1,1,1
15716,,1,0.999797,0.999993,0.999895,1,1,1
15717,,1,1.0,0.999993,0.999996,1,1,1
15718,,1,0.531851,0.930347,0.731099,1,1,1
15722,,1,0.999169,0.748322,0.873746,1,1,1
15723,,1,0.999169,0.998269,0.998719,1,1,1
15727,,1,1.0,0.999996,0.999998,1,1,1
15732,,1,0.988408,0.803098,0.895753,1,1,1
15747,,1,1.0,0.998269,0.999134,1,1,1
15753,,1,1.0,0.999995,0.999997,1,1,1
15759,,1,1.0,0.891361,0.94568,1,1,1
15764,,1,0.999797,0.999993,0.999895,1,1,1
15768,,1,1.0,1.0,1.0,1,1,1
15770,,1,0.999797,0.999993,0.999895,1,1,1
15771,,1,0.990523,0.925518,0.958021,1,1,1
15778,,1,1.0,1.0,1.0,1,1,1
15785,,1,0.999797,0.999993,0.999895,1,1,1
15793,,1,1.0,0.999537,0.999768,1,1,1
15796,,1,0.900395,0.944368,0.922382,1,1,1
15798,,1,0.988408,0.803059,0.895733,1,1,1
15802,,1,0.999921,0.999993,0.999957,1,1,1
15805,,1,1.0,0.999995,0.999997,1,1,1
15810,,1,0.988408,0.803066,0.895737,1,1,1
15820,,1,1.0,1.0,1.0,1,1,1
15831,,0,0.02,0.000415,0.010208,0,0,0
15832,,1,1.0,0.328755,0.664377,1,0,1
15833,,1,0.990523,0.925518,0.958021,1,1,1
15838,,1,1.0,0.998475,0.999237,1,1,1
15843,,1,1.0,0.999954,0.999977,1,1,1
15849,,1,0.999921,0.999993,0.999957,1,1,1
15850,,1,0.455188,0.60547,0.530329,0,1,1
15856,,1,1.0,0.991039,0.99552,1,1,1
15869,,1,0.999921,0.999993,0.999957,1,1,1
15870,,1,1.0,0.999892,0.999946,1,1,1
15873,,1,1.0,0.998268,0.999134,1,1,1
15879,,1,1.0,0.891386,0.945693,1,1,1
15880,,1,0.111605,0.117329,0.114467,0,0,0
15884,,1,0.531851,0.930347,0.731099,1,1,1
15888,,1,1.0,0.999172,0.999586,1,1,1
15892,,1,0.990523,0.926709,0.958616,1,1,1
15896,,1,0.999169,0.748322,0.873746,1,1,1
15902,,1,0.999797,0.999993,0.999895,1,1,1
15908,,1,1.0,0.871161,0.93558,1,1,1
15909,,1,1.0,0.988455,0.994227,1,1,1
15914,,1,1.0,1.0,1.0,1,1,1
15919,,1,0.999797,0.999993,0.999895,1,1,1
15920,,1,0.999797,0.999993,0.999895,1,1,1
15921,,1,0.991003,0.998784,0.994893,1,1,1
15926,,1,0.999797,0.999993,0.999895,1,1,1
15934,,1,1.0,0.998736,0.999368,1,1,1
15938,,1,1.0,0.993215,0.996608,1,1,1
15948,,1,0.999797,0.999993,0.999895,1,1,1
15960,,1,0.999921,0.999993,0.999957,1,1,1
15964,,1,1.0,0.998268,0.999134,1,1,1
15971,,1,1.0,0.999999,0.999999,1,1,1
15973,,1,1.0,0.999994,0.999997,1,1,1
15999,,1,0.990523,0.926709,0.958616,1,1,1
16002,,1,1.0,0.998268,0.999134,1,1,1
16010,,1,0.900395,0.944368,0.922382,1,1,1
16012,,1,1.0,0.999994,0.999997,1,1,1
16016,,1,0.999921,0.999993,0.999957,1,1,1
16018,,1,1.0,0.999995,0.999997,1,1,1
16021,,1,0.999797,0.999993,0.999895,1,1,1
16029,,1,0.990523,0.926709,0.958616,1,1,1
16033,,1,0.900395,0.944368,0.922382,1,1,1
16040,,1,1.0,0.999231,0.999615,1,1,1
16043,,1,1.0,0.999986,0.999993,1,1,1
16049,,1,0.999797,0.999993,0.999895,1,1,1
16052,,1,1.0,0.999978,0.999989,1,1,1
16058,,1,1.0,1.0,1.0,1,1,1
16061,,1,0.999797,0.999993,0.999895,1,1,1
16063,,1,0.999921,0.999993,0.999957,1,1,1
16064,,1,0.990523,0.925518,0.958021,1,1,1
16065,,1,1.0,0.999995,0.999997,1,1,1
16066,,0,0.111605,0.117329,0.114467,0,0,0
16072,,1,1.0,0.999995,0.999997,1,1,1
16079,,1,0.97,1.0,0.985,1,1,1
16080,,1,0.990523,0.925518,0.958021,1,1,1
16092,,1,0.990523,0.925518,0.958021,1,1,1
16095,,1,0.990523,0.925518,0.958021,1,1,1
16101,,1,1.0,0.989726,0.994863,1,1,1
16102,,1,1.0,0.999995,0.999997,1,1,1
16111,,1,0.990523,0.926709,0.958616,1,1,1
16116,,1,0.999921,0.999993,0.999957,1,1,1
16119,,1,0.990523,0.925518,0.958021,1,1,1
16130,,1,0.999797,0.999993,0.999895,1,1,1
16134,,1,1.0,0.999994,0.999997,1,1,1
16135,,1,1.0,0.999898,0.999949,1,1,1
16141,,1,1.0,1.0,1.0,1,1,1
16145,,1,0.990523,0.926709,0.958616,1,1,1
16146,,1,0.990523,0.925518,0.958021,1,1,1
16152,,1,1.0,0.999995,0.999997,1,1,1
16167,,1,1.0,0.891363,0.945682,1,1,1
16168,,1,1.0,0.991032,0.995516,1,1,1
16171,,1,1.0,0.998268,0.999134,1,1,1
16176,,1,0.990523,0.926709,0.958616,1,1,1
16184,,1,1.0,1.0,1.0,1,1,1
16190,,1,0.999797,0.999993,0.999895,1,1,1
16201,,1,1.0,0.999994,0.999997,1,1,1
16208,,1,0.988408,0.80311,0.895759,1,1,1
16211,,1,1.0,0.999993,0.999996,1,1,1
16212,,1,1.0,0.950078,0.975039,1,1,1
16220,,1,0.999921,0.999993,0.999957,1,1,1
16221,,1,0.990523,0.925518,0.958021,1,1,1
16222,,1,1.0,0.999971,0.999986,1,1,1
16223,,1,0.999797,0.999993,0.999895,1,1,1
16234,,1,1.0,0.999422,0.999711,1,1,1
16241,,1,0.990523,0.926709,0.958616,1,1,1
16246,,1,0.301175,0.106519,0.203847,0,0,0
16250,,1,0.990523,0.926709,0.958616,1,1,1
16265,,1,1.0,0.998731,0.999366,1,1,1
16269,,1,0.990523,0.926709,0.958616,1,1,1
16276,,1,0.999169,0.998269,0.998719,1,1,1
16279,,1,0.990523,0.925518,0.958021,1,1,1
16283,,1,0.990523,0.926709,0.958616,1,1,1
16290,,1,1.0,1.0,1.0,1,1,1
16291,,0,0.0,0.000262,0.000131,0,0,0
16296,,1,0.999921,0.999993,0.999957,1,1,1
16300,,1,1.0,0.891162,0.945581,1,1,1
16310,,1,0.990523,0.925518,0.958021,1,1,1
16313,,1,0.999921,0.999993,0.999957,1,1,1
16316,,1,0.900395,0.944368,0.922382,1,1,1
16318,,1,1.0,0.965941,0.982971,1,1,1
16325,,1,0.990523,0.926709,0.958616,1,1,1
16328,,1,0.99,1.0,0.995,1,1,1
16333,,1,1.0,0.999994,0.999997,1,1,1
16335,,1,0.999797,0.999993,0.999895,1,1,1
16336,,1,1.0,0.998503,0.999251,1,1,1
16341,,1,0.900395,0.944368,0.922382,1,1,1
16348,,1,1.0,1.0,1.0,1,1,1
16357,,1,1.0,0.453179,0.72659,1,0,1
16359,,1,1.0,0.998736,0.999368,1,1,1
16367,,1,0.990523,0.925518,0.958021,1,1,1
16371,,1,0.999797,0.999993,0.999895,1,1,1
16387,,1,1.0,0.782403,0.891202,1,1,1
16391,,1,1.0,1.0,1.0,1,1,1
16398,,1,1.0,0.99997,0.999985,1,1,1
16399,,1,0.990523,0.926709,0.958616,1,1,1
16406,,1,1.0,0.999995,0.999997,1,1,1
16410,,1,1.0,0.995836,0.997918,1,1,1
16412,,1,1.0,0.997553,0.998777,1,1,1
16414,,1,0.999797,0.999993,0.999895,1,1,1
16426,,0,0.003378,0.002132,0.002755,0,0,0
16428,,1,1.0,0.999994,0.999997,1,1,1
16432,,1,0.999797,0.999993,0.999895,1,1,1
16433,,1,0.999797,0.999993,0.999895,1,1,1
16439,,1,0.999797,0.999993,0.999895,1,1,1
16443,,1,0.999797,0.999993,0.999895,1,1,1
16444,,1,0.990523,0.925518,0.958021,1,1,1
16445,,1,1.0,0.999994,0.999997,1,1,1
16446,,1,1.0,0.826342,0.913171,1,1,1
16465,,1,1.0,0.961632,0.980816,1,1,1
16472,,1,0.999921,0.999993,0.999957,1,1,1
16473,,1,0.988408,0.802988,0.895698,1,1,1
16475,,1,1.0,0.996876,0.998438,1,1,1
16487,,1,1.0,1.0,1.0,1,1,1
16503,,1,1.0,1.0,1.0,1,1,1
16504,,1,0.990523,0.925518,0.958021,1,1,1
16505,,1,1.0,1.0,1.0,1,1,1
16512,,1,1.0,1.0,1.0,1,1,1
16518,,1,1.0,0.999916,0.999958,1,1,1
16524,,1,0.990523,0.925518,0.958021,1,1,1
16526,,1,1.0,0.999995,0.999997,1,1,1
16537,,1,1.0,0.999992,0.999996,1,1,1
16544,,1,1.0,0.456415,0.728208,1,0,1
16545,,1,0.999797,0.999993,0.999895,1,1,1
16549,,1,1.0,0.999994,0.999997,1,1,1
16561,,1,0.999797,0.999993,0.999895,1,1,1
16562,,1,1.0,0.999995,0.999997,1,1,1
16572,,1,1.0,0.961603,0.980802,1,1,1
16573,,1,1.0,0.998268,0.999134,1,1,1
16577,,1,1.0,0.999988,0.999994,1,1,1
16581,,1,0.990523,0.925518,0.958021,1,1,1
16584,,1,0.999797,0.999993,0.999895,1,1,1
16595,,1,1.0,0.876782,0.938391,1,1,1
16596,,1,1.0,0.998268,0.999134,1,1,1
16600,,1,1.0,0.999994,0.999997,1,1,1
16601,,1,0.990523,0.925518,0.958021,1,1,1
16604,,1,1.0,0.998265,0.999133,1,1,1
16606,,1,1.0,1.0,1.0,1,1,1
16607,,1,0.990523,0.925518,0.958021,1,1,1
16610,,1,1.0,0.98568,0.99284,1,1,1
16612,,1,0.999921,0.999993,0.999957,1,1,1
16613,,1,0.990523,0.926709,0.958616,1,1,1
16615,,1,1.0,0.949841,0.974921,1,1,1
16619,,1,0.301175,0.106519,0.203847,0,0,0
16620,,1,0.999921,0.999993,0.999957,1,1,1
16627,,0,0.003378,0.002132,0.002755,0,0,0
16632,,1,1.0,0.998269,0.999134,1,1,1
16642,,1,1.0,0.995758,0.997879,1,1,1
16643,,1,1.0,0.999968,0.999984,1,1,1
16644,,1,0.999921,0.999993,0.999957,1,1,1
16652,,1,1.0,0.999993,0.999997,1,1,1
16662,,1,1.0,0.999995,0.999997,1,1,1
16667,,1,1.0,0.990822,0.995411,1,1,1
16671,,1,1.0,0.998079,0.99904,1,1,1
16675,,1,1.0,0.999994,0.999997,1,1,1
16677,,1,1.0,1.0,1.0,1,1,1
16683,,1,1.0,0.999994,0.999997,1,1,1
16689,,1,1.0,0.997219,0.99861,1,1,1
16696,,1,0.990523,0.926709,0.958616,1,1,1
16706,,1,1.0,0.998268,0.999134,1,1,1
16712,,1,1.0,1.0,1.0,1,1,1
16713,,1,1.0,0.965964,0.982982,1,1,1
16714,,1,0.990523,0.925518,0.958021,1,1,1
16715,,1,1.0,1.0,1.0,1,1,1
16719,,1,0.990523,0.926709,0.958616,1,1,1
16724,,1,0.990523,0.925518,0.958021,1,1,1
16732,,1,1.0,0.998268,0.999134,1,1,1
16734,,1,1.0,0.999995,0.999997,1,1,1
16736,,1,1.0,0.999995,0.999997,1,1,1
16739,,1,1.0,1.0,1.0,1,1,1
16747,,1,1.0,0.999994,0.999997,1,1,1
16752,,1,0.990523,0.925518,0.958021,1,1,1
16753,,1,0.990523,0.925518,0.958021,1,1,1
16761,,1,1.0,0.996161,0.998081,1,1,1
16762,,1,0.999797,0.999993,0.999895,1,1,1
16770,,1,0.990523,0.925518,0.958021,1,1,1
16773,,1,0.999797,0.999993,0.999895,1,1,1
16778,,1,0.900395,0.944368,0.922382,1,1,1
16782,,1,0.999797,0.999993,0.999895,1,1,1
16797,,1,1.0,0.999995,0.999997,1,1,1
16804,,1,0.999921,0.999993,0.999957,1,1,1
16809,,1,1.0,0.996017,0.998008,1,1,1
16813,,1,1.0,0.999995,0.999997,1,1,1
16825,,1,1.0,0.998268,0.999134,1,1,1
16827,,1,0.990523,0.926709,0.958616,1,1,1
16838,,1,0.993138,0.79781,0.895474,1,1,1
16839,,1,0.990523,0.926709,0.958616,1,1,1
16843,,1,0.990523,0.926709,0.958616,1,1,1
16844,,1,0.990523,0.926709,0.958616,1,1,1
16860,,1,0.999921,0.999993,0.999957,1,1,1
16864,,1,1.0,0.999995,0.999997,1,1,1
16871,,1,1.0,0.972441,0.986221,1,1,1
16872,,1,1.0,0.999895,0.999947,1,1,1
16876,,1,0.990523,0.926709,0.958616,1,1,1
16886,,1,0.999797,0.999993,0.999895,1,1,1
16888,,1,0.990523,0.925518,0.958021,1,1,1
16896,,1,0.990523,0.925518,0.958021,1,1,1
16905,,1,1.0,0.998269,0.999134,1,1,1
16907,,1,1.0,1.0,1.0,1,1,1
16916,,1,1.0,0.995718,0.997859,1,1,1
16918,,1,0.990523,0.925518,0.958021,1,1,1
16919,,1,0.990523,0.926709,0.958616,1,1,1
16922,,1,0.999797,0.999993,0.999895,1,1,1
16923,,1,1.0,0.920215,0.960107,1,1,1
16929,,1,1.0,0.473639,0.736819,1,0,1
16933,,1,1.0,0.999995,0.999997,1,1,1
16935,,1,1.0,0.954501,0.97725,1,1,1
16943,,1,0.990523,0.925518,0.958021,1,1,1
16951,,1,1.0,1.0,1.0,1,1,1
16957,,1,0.990523,0.925518,0.958021,1,1,1
16964,,1,0.990523,0.925518,0.958021,1,1,1
16968,,1,1.0,1.0,1.0,1,1,1
16971,,1,1.0,0.99695,0.998475,1,1,1
16973,,1,0.990523,0.926709,0.958616,1,1,1
16979,,1,1.0,0.999462,0.999731,1,1,1
16980,,1,0.982912,0.803242,0.893077,1,1,1
16981,,0,0.833378,0.002119,0.417748,1,0,0
16989,,1,0.990523,0.926709,0.958616,1,1,1
17008,,1,1.0,0.999868,0.999934,1,1,1
17009,,1,1.0,0.805645,0.902822,1,1,1
17017,,1,1.0,0.998268,0.999134,1,1,1
17029,,1,1.0,0.999994,0.999997,1,1,1
17032,,1,0.900395,0.944368,0.922382,1,1,1
17035,,1,0.990523,0.925518,0.958021,1,1,1
17040,,1,1.0,0.999892,0.999946,1,1,1
17053,,1,0.991003,0.998777,0.99489,1,1,1
17062,,1,1.0,0.950662,0.975331,1,1,1
17066,,1,0.999797,0.999993,0.999895,1,1,1
17077,,1,1.0,0.035331,0.517666,1,0,1
17081,,1,0.999921,0.999993,0.999957,1,1,1
17083,,1,1.0,0.453179,0.72659,1,0,1
17085,,1,1.0,0.999994,0.999997,1,1,1
17096,,1,1.0,0.998268,0.999134,1,1,1
17098,,1,1.0,0.949987,0.974994,1,1,1
17103,,1,1.0,1.0,1.0,1,1,1
17104,,1,0.900395,0.944368,0.922382,1,1,1
17108,,1,1.0,0.999368,0.999684,1,1,1
17109,,1,1.0,1.0,1.0,1,1,1
17110,,1,0.991003,0.99999,0.995496,1,1,1
17112,,1,1.0,0.999996,0.999998,1,1,1
17126,,1,0.991003,0.998777,0.99489,1,1,1
17129,,1,0.999921,0.999993,0.999957,1,1,1
17131,,1,1.0,1.0,1.0,1,1,1
17132,,1,1.0,0.769297,0.884648,1,1,1
17138,,1,1.0,0.999941,0.99997,1,1,1
17141,,1,0.990523,0.925518,0.958021,1,1,1
17142,,1,1.0,0.965964,0.982982,1,1,1
17148,,1,0.301175,0.106519,0.203847,0,0,0
17149,,0,0.0,0.001452,0.000726,0,0,0
17167,,1,0.990523,0.926709,0.958616,1,1,1
17175,,1,1.0,0.996973,0.998486,1,1,1
17179,,1,1.0,0.736724,0.868362,1,1,1
17186,,1,0.990523,0.925518,0.958021,1,1,1
17188,,1,0.990523,0.926709,0.958616,1,1,1
17190,,1,0.999797,0.999993,0.999895,1,1,1
17193,,1,1.0,0.999993,0.999996,1,1,1
17195,,1,0.999169,0.998269,0.998719,1,1,1
17196,,1,0.999921,0.999993,0.999957,1,1,1
17199,,1,1.0,0.998267,0.999133,1,1,1
17205,,1,1.0,0.999995,0.999997,1,1,1
17215,,1,1.0,0.999995,0.999997,1,1,1
17220,,1,1.0,0.988868,0.994434,1,1,1
17222,,1,1.0,0.999995,0.999997,1,1,1
17231,,1,1.0,0.999967,0.999983,1,1,1
17234,,1,1.0,0.892513,0.946257,1,1,1
17240,,1,1.0,0.453179,0.72659,1,0,1
17248,,0,0.003378,0.050967,0.027172,0,0,0
17250,,1,0.999797,0.999993,0.999895,1,1,1
17266,,1,1.0,0.984808,0.992404,1,1,1
17267,,1,0.990523,0.926709,0.958616,1,1,1
17269,,1,1.0,0.999995,0.999997,1,1,1
17270,,1,0.990523,0.925518,0.958021,1,1,1
17274,,1,1.0,0.743867,0.871934,1,1,1
17275,,1,0.990523,0.926709,0.958616,1,1,1
17278,,1,0.999797,0.999993,0.999895,1,1,1
17287,,1,0.990523,0.926709,0.958616,1,1,1
17298,,1,1.0,1.0,1.0,1,1,1
17302,,1,0.999797,0.999993,0.999895,1,1,1
17305,,1,0.990523,0.926709,0.958616,1,1,1
17309,,1,0.999921,0.999993,0.999957,1,1,1
17310,,1,1.0,0.982877,0.991439,1,1,1
17314,,1,0.89,0.999939,0.944969,1,1,1
17317,,1,0.990523,0.925518,0.958021,1,1,1
17319,,1,1.0,0.996971,0.998485,1,1,1
17333,,1,0.999797,0.999993,0.999895,1,1,1
17352,,1,0.990523,0.926709,0.958616,1,1,1
17353,,1,0.982912,0.803244,0.893078,1,1,1
17361,,1,0.999797,0.999993,0.999895,1,1,1
17364,,1,1.0,0.999966,0.999983,1,1,1
17371,,1,1.0,0.999993,0.999996,1,1,1
17376,,1,0.999797,0.999993,0.999895,1,1,1
17379,,1,0.990523,0.926709,0.958616,1,1,1
17391,,1,0.999797,0.999993,0.999895,1,1,1
17397,,1,0.990523,0.925518,0.958021,1,1,1
17399,,1,1.0,1.0,1.0,1,1,1
17400,,1,0.990523,0.926709,0.958616,1,1,1
17407,,1,0.990523,0.925518,0.958021,1,1,1
17409,,1,1.0,0.999994,0.999997,1,1,1
17414,,1,1.0,0.999995,0.999997,1,1,1
17416,,1,0.990523,0.925518,0.958021,1,1,1
17420,,1,0.061463,0.084763,0.073113,0,0,0
17423,,1,0.999797,0.999993,0.999895,1,1,1
17425,,1,0.990523,0.925518,0.958021,1,1,1
17426,,1,1.0,0.991045,0.995522,1,1,1
17429,,1,0.993138,0.797824,0.895481,1,1,1
17440,,1,1.0,0.998268,0.999134,1,1,1
17441,,1,1.0,1.0,1.0,1,1,1
17448,,1,1.0,1.0,1.0,1,1,1
17452,,1,1.0,1.0,1.0,1,1,1
17454,,1,1.0,0.96511,0.982555,1,1,1
17459,,1,1.0,0.999992,0.999996,1,1,1
17463,,1,0.990523,0.925518,0.958021,1,1,1
17465,,0,0.003378,0.000786,0.002082,0,0,0
17467,,1,0.999921,0.999993,0.999957,1,1,1
17472,,0,0.0,0.190034,0.095017,0,0,0
17477,,1,1.0,0.993962,0.996981,1,1,1
17480,,1,1.0,0.999991,0.999995,1,1,1
17486,,1,0.301175,0.106519,0.203847,0,0,0
17490,,0,0.111605,0.117329,0.114467,0,0,0
17497,,1,0.990523,0.925518,0.958021,1,1,1
17508,,1,0.999921,0.999993,0.999957,1,1,1
17510,,0,0.003378,0.024739,0.014058,0,0,0
17511,,1,0.900395,0.944368,0.922382,1,1,1
17524,,1,0.990523,0.925518,0.958021,1,1,1
17525,,1,0.990523,0.925518,0.958021,1,1,1
17537,,1,1.0,0.48621,0.743105,1,0,1
17547,,1,1.0,0.985777,0.992888,1,1,1
17558,,1,1.0,1.0,1.0,1,1,1
17559,,1,0.999797,0.999993,0.999895,1,1,1
17565,,1,0.900395,0.944368,0.922382,1,1,1
17579,,0,0.0,0.0074,0.0037,0,0,0
17582,,1,0.990523,0.925518,0.958021,1,1,1
17593,,1,1.0,0.999976,0.999988,1,1,1
17596,,1,1.0,0.999994,0.999997,1,1,1
17604,,1,0.990523,0.925518,0.958021,1,1,1
17609,,1,1.0,0.953842,0.976921,1,1,1
17621,,1,1.0,0.999912,0.999956,1,1,1
17627,,1,0.301175,0.106519,0.203847,0,0,0
17636,,1,1.0,0.9999,0.99995,1,1,1
17637,,1,1.0,0.999987,0.999993,1,1,1
17640,,1,1.0,0.996981,0.99849,1,1,1
17642,,0,0.02,0.646396,0.333198,0,1,0
17649,,1,0.999797,0.999993,0.999895,1,1,1
17650,,0,0.003378,0.002376,0.002877,0,0,0
17651,,0,0.003378,0.024739,0.014058,0,0,0
17658,,1,0.900395,0.944368,0.922382,1,1,1
17667,,1,0.999797,0.999993,0.999895,1,1,1
17671,,1,1.0,0.999994,0.999997,1,1,1
17677,,1,1.0,0.999995,0.999997,1,1,1
17686,,1,1.0,0.997542,0.998771,1,1,1
17689,,1,0.99,1.0,0.995,1,1,1
17694,,1,0.990523,0.926709,0.958616,1,1,1
17698,,1,1.0,0.763702,0.881851,1,1,1
17700,,1,0.999797,0.999993,0.999895,1,1,1
17705,,1,0.999797,0.999993,0.999895,1,1,1
17706,,1,1.0,0.088745,0.544373,1,0,1
17722,,1,1.0,0.965961,0.98298,1,1,1
17724,,1,0.999921,0.999993,0.999957,1,1,1
17725,,1,0.990523,0.925518,0.958021,1,1,1
17730,,1,1.0,1.0,1.0,1,1,1
17733,,1,1.0,1.0,1.0,1,1,1
17735,,1,1.0,0.957517,0.978759,1,1,1
17739,,1,1.0,1.0,1.0,1,1,1
17744,,1,1.0,0.9995,0.99975,1,1,1
17745,,1,1.0,1.0,1.0,1,1,1
17752,,1,1.0,0.999996,0.999998,1,1,1
17754,,1,0.999921,0.999993,0.999957,1,1,1
17757,,1,1.0,0.985825,0.992913,1,1,1
17760,,1,1.0,0.999992,0.999996,1,1,1
17763,,1,0.87937,0.999991,0.93968,1,1,1
17767,,1,0.990523,0.926709,0.958616,1,1,1
17768,,1,1.0,0.999994,0.999997,1,1,1
17775,,1,1.0,0.99992,0.99996,1,1,1
17776,,1,1.0,0.999994,0.999997,1,1,1
17779,,1,1.0,0.998268,0.999134,1,1,1
17783,,1,0.993138,0.797785,0.895462,1,1,1
17784,,1,0.990523,0.925518,0.958021,1,1,1
17797,,1,1.0,0.999063,0.999532,1,1,1
17800,,1,0.999921,0.999993,0.999957,1,1,1
17803,,1,1.0,1.0,1.0,1,1,1
17810,,1,1.0,0.999994,0.999997,1,1,1
17813,,1,0.975473,0.006456,0.490965,1,0,0
17815,,1,0.990523,0.926709,0.958616,1,1,1
17816,,1,1.0,1.0,1.0,1,1,1
17828,,1,0.987643,0.797983,0.892813,1,1,1
17831,,1,1.0,0.993604,0.996802,1,1,1
17834,,1,1.0,1.0,1.0,1,1,1
17835,,1,1.0,0.999985,0.999992,1,1,1
17839,,1,1.0,1.0,1.0,1,1,1
17840,,1,0.999921,0.999993,0.999957,1,1,1
17841,,1,1.0,1.0,1.0,1,1,1
17843,,1,1.0,0.999995,0.999997,1,1,1
17846,,1,1.0,0.991041,0.995521,1,1,1
17851,,1,1.0,1.0,1.0,1,1,1
17857,,1,0.990523,0.926709,0.958616,1,1,1
17865,,1,0.020042,0.253416,0.136729,0,0,0
17871,,1,0.999921,0.999993,0.999957,1,1,1
17878,,1,0.111605,0.117329,0.114467,0,0,0
17879,,1,0.999921,0.999993,0.999957,1,1,1
17882,,1,1.0,0.998086,0.999043,1,1,1
17891,,1,0.990523,0.926709,0.958616,1,1,1
17901,,1,1.0,0.998268,0.999134,1,1,1
17903,,1,0.966491,0.137342,0.551916,1,0,1
17904,,1,1.0,0.999994,0.999997,1,1,1
17912,,1,1.0,0.914909,0.957455,1,1,1
17914,,1,0.990523,0.925518,0.958021,1,1,1
17917,,1,1.0,0.999996,0.999998,1,1,1
17919,,1,1.0,0.999986,0.999993,1,1,1
17926,,1,0.990523,0.925518,0.958021,1,1,1
17928,,1,0.990523,0.926709,0.958616,1,1,1
17929,,1,1.0,1.0,1.0,1,1,1
17932,,1,0.999797,0.999993,0.999895,1,1,1
17933,,1,1.0,0.998132,0.999066,1,1,1
17940,,1,1.0,0.999969,0.999985,1,1,1
17950,,1,0.531851,0.930347,0.731099,1,1,1
17951,,1,0.999921,0.999993,0.999957,1,1,1
17962,,1,0.990523,0.925518,0.958021,1,1,1
17971,,1,1.0,0.992915,0.996457,1,1,1
17974,,1,1.0,1.0,1.0,1,1,1
17976,,1,0.990523,0.925518,0.958021,1,1,1
17977,,1,0.990523,0.925518,0.958021,1,1,1
17982,,1,0.999169,0.998269,0.998719,1,1,1
17983,,1,1.0,0.453179,0.72659,1,0,1
17984,,1,0.999797,0.999993,0.999895,1,1,1
17999,,1,0.987643,0.797984,0.892814,1,1,1
18010,,1,1.0,0.997965,0.998983,1,1,1
18019,,1,1.0,0.99853,0.999265,1,1,1
18032,,1,0.990523,0.925518,0.958021,1,1,1
18035,,1,0.999797,0.999993,0.999895,1,1,1
18039,,1,1.0,1.0,1.0,1,1,1
18042,,1,0.990523,0.925518,0.958021,1,1,1
18043,,1,0.990523,0.926709,0.958616,1,1,1
18045,,1,0.999921,0.999993,0.999957,1,1,1
18049,,1,0.990523,0.926709,0.958616,1,1,1
18051,,1,0.999797,0.999993,0.999895,1,1,1
18052,,1,1.0,0.999957,0.999979,1,1,1
18053,,1,1.0,0.998735,0.999367,1,1,1
18054,,1,1.0,0.996576,0.998288,1,1,1
18055,,1,1.0,0.998058,0.999029,1,1,1
18059,,0,0.0,0.000501,0.000251,0,0,0
18065,,1,1.0,0.999995,0.999997,1,1,1
18068,,1,0.999797,0.999993,0.999895,1,1,1
18071,,1,0.990523,0.925518,0.958021,1,1,1
18079,,1,0.990523,0.926709,0.958616,1,1,1
18086,,1,1.0,0.953845,0.976922,1,1,1
18087,,1,0.990523,0.925518,0.958021,1,1,1
18091,,1,0.999797,0.999993,0.999895,1,1,1
18105,,1,1.0,1.0,1.0,1,1,1
18106,,1,1.0,0.890664,0.945332,1,1,1
18108,,1,0.990523,0.926709,0.958616,1,1,1
18114,,1,0.990523,0.925518,0.958021,1,1,1
18127,,1,0.990523,0.925518,0.958021,1,1,1
18131,,1,1.0,0.999995,0.999997,1,1,1
18134,,1,1.0,0.765408,0.882704,1,1,1
18136,,1,1.0,0.999995,0.999998,1,1,1
18141,,1,0.999921,0.999993,0.999957,1,1,1
18142,,1,1.0,0.999993,0.999996,1,1,1
18143,,1,0.990523,0.925518,0.958021,1,1,1
18144,,1,1.0,0.996973,0.998486,1,1,1
18154,,1,1.0,0.998268,0.999134,1,1,1
18158,,1,1.0,0.999927,0.999963,1,1,1
18159,,1,0.990523,0.925518,0.958021,1,1,1
18160,,1,1.0,1.0,1.0,1,1,1
18161,,1,0.999797,0.999993,0.999895,1,1,1
18165,,1,1.0,0.999994,0.999997,1,1,1
18172,,1,1.0,0.999994,0.999997,1,1,1
18178,,1,0.999797,0.999993,0.999895,1,1,1
18179,,1,1.0,1.0,1.0,1,1,1
18180,,0,0.301175,0.106519,0.203847,0,0,0
18184,,1,0.990523,0.925518,0.958021,1,1,1
18187,,1,0.999921,0.999993,0.999957,1,1,1
18200,,1,1.0,0.998268,0.999134,1,1,1
18208,,1,0.999797,0.999993,0.999895,1,1,1
18218,,1,1.0,1.0,1.0,1,1,1
18222,,1,1.0,0.985721,0.992861,1,1,1
18226,,1,0.0991,0.453179,0.27614,0,0,0
18240,,1,1.0,1.0,1.0,1,1,1
18247,,1,1.0,0.998268,0.999134,1,1,1
18248,,1,0.991003,0.998746,0.994874,1,1,1
18253,,1,0.999921,0.999993,0.999957,1,1,1
18270,,1,1.0,0.961632,0.980816,1,1,1
18274,,1,0.999169,0.998269,0.998719,1,1,1
18277,,1,0.999797,0.999993,0.999895,1,1,1
18283,,1,0.999797,0.999993,0.999895,1,1,1
18285,,1,0.999921,0.999993,0.999957,1,1,1
18286,,1,1.0,0.999467,0.999733,1,1,1
18287,,1,1.0,0.999903,0.999951,1,1,1
18293,,1,1.0,0.999995,0.999997,1,1,1
18295,,1,0.999797,0.999993,0.999895,1,1,1
18301,,1,0.990523,0.925518,0.958021,1,1,1
18302,,1,0.990523,0.926709,0.958616,1,1,1
18306,,1,1.0,0.998734,0.999367,1,1,1
18307,,1,0.990523,0.925518,0.958021,1,1,1
18310,,1,1.0,0.102872,0.551436,1,0,1
18312,,1,0.999797,0.999993,0.999895,1,1,1
18324,,1,0.990523,0.925518,0.958021,1,1,1
18331,,1,1.0,0.736071,0.868036,1,1,1
18339,,1,1.0,0.998269,0.999134,1,1,1
18346,,1,1.0,0.999994,0.999997,1,1,1
18350,,1,1.0,0.999994,0.999997,1,1,1
18357,,1,1.0,0.088254,0.544127,1,0,1
18359,,1,1.0,0.998268,0.999134,1,1,1
18367,,1,1.0,1.0,1.0,1,1,1
18368,,1,0.900395,0.944368,0.922382,1,1,1
18369,,1,0.999921,0.999993,0.999957,1,1,1
18371,,1,0.990523,0.926709,0.958616,1,1,1
18372,,1,1.0,1.0,1.0,1,1,1
18374,,1,1.0,1.0,1.0,1,1,1
18375,,1,1.0,1.0,1.0,1,1,1
18386,,1,1.0,0.087365,0.543682,1,0,1
18390,,1,1.0,1.0,1.0,1,1,1
18399,,1,0.990523,0.925518,0.958021,1,1,1
18411,,1,1.0,0.999994,0.999997,1,1,1
18415,,1,1.0,0.996927,0.998463,1,1,1
18418,,1,0.531851,0.930347,0.731099,1,1,1
18422,,1,0.993138,0.797629,0.895384,1,1,1
18425,,1,1.0,0.999989,0.999995,1,1,1
18427,,1,1.0,0.892397,0.946198,1,1,1
18429,,1,0.990523,0.925518,0.958021,1,1,1
18430,,1,1.0,0.993692,0.996846,1,1,1
18432,,1,1.0,0.996965,0.998483,1,1,1
18433,,1,1.0,0.999994,0.999997,1,1,1
18434,,1,0.999797,0.999993,0.999895,1,1,1
18443,,1,0.990523,0.925518,0.958021,1,1,1
18449,,1,1.0,1.0,1.0,1,1,1
18451,,1,0.999921,0.999993,0.999957,1,1,1
18454,,1,0.982912,0.803244,0.893078,1,1,1
18460,,1,1.0,0.998268,0.999134,1,1,1
18462,,1,0.999921,0.999993,0.999957,1,1,1
18474,,1,1.0,1.0,1.0,1,1,1
18476,,1,0.999169,0.998269,0.998719,1,1,1
18478,,1,0.990523,0.925518,0.958021,1,1,1
18482,,1,0.990523,0.926709,0.958616,1,1,1
18489,,1,0.988408,0.802769,0.895588,1,1,1
18503,,1,1.0,0.996965,0.998482,1,1,1
18504,,1,1.0,0.998268,0.999134,1,1,1
18515,,1,1.0,0.999995,0.999997,1,1,1
18518,,1,1.0,0.999995,0.999997,1,1,1
18525,,1,1.0,0.998268,0.999134,1,1,1
18528,,1,0.990523,0.925518,0.958021,1,1,1
18529,,1,1.0,0.999992,0.999996,1,1,1
18538,,1,1.0,1.0,1.0,1,1,1
18543,,1,0.999797,0.999993,0.999895,1,1,1
18544,,1,1.0,0.961624,0.980812,1,1,1
18551,,1,1.0,0.99684,0.99842,1,1,1
18561,,1,1.0,0.998268,0.999134,1,1,1
18566,,1,1.0,1.0,1.0,1,1,1
18572,,1,1.0,0.969763,0.984881,1,1,1
18584,,1,0.990523,0.925518,0.958021,1,1,1
18585,,1,1.0,0.999995,0.999997,1,1,1
18587,,1,0.999797,0.999993,0.999895,1,1,1
18588,,1,0.990523,0.926709,0.958616,1,1,1
18592,,1,0.95,0.999514,0.974757,1,1,1
18604,,1,1.0,0.926411,0.963205,1,1,1
18607,,1,1.0,0.998268,0.999134,1,1,1
18608,,1,1.0,0.999994,0.999997,1,1,1
18610,,1,0.999797,0.999993,0.999895,1,1,1
18615,,1,1.0,1.0,1.0,1,1,1
18620,,1,1.0,0.950074,0.975037,1,1,1
18624,,1,0.990523,0.925518,0.958021,1,1,1
18632,,1,1.0,1.0,1.0,1,1,1
18635,,1,1.0,0.991022,0.995511,1,1,1
18638,,1,0.990523,0.925518,0.958021,1,1,1
18640,,1,1.0,1.0,1.0,1,1,1
18647,,1,1.0,1.0,1.0,1,1,1
18653,,1,0.990523,0.926709,0.958616,1,1,1
18663,,1,1.0,1.0,1.0,1,1,1
18670,,1,1.0,0.992257,0.996128,1,1,1
18672,,1,1.0,0.995442,0.997721,1,1,1
18673,,1,0.999921,0.999993,0.999957,1,1,1
18676,,1,1.0,1.0,1.0,1,1,1
18677,,0,0.0,0.189959,0.094979,0,0,0
18678,,1,1.0,0.999995,0.999997,1,1,1
18680,,1,0.97,0.999955,0.984977,1,1,1
18699,,1,0.999921,0.999993,0.999957,1,1,1
18704,,1,0.301175,0.106519,0.203847,0,0,0
18705,,1,0.990523,0.926709,0.958616,1,1,1
18715,,1,0.990523,0.925518,0.958021,1,1,1
18719,,0,0.040905,0.00265,0.021777,0,0,0
18727,,1,0.993138,0.797845,0.895492,1,1,1
18740,,1,1.0,1.0,1.0,1,1,1
18741,,1,0.301175,0.106519,0.203847,0,0,0
18743,,0,0.0,0.007448,0.003724,0,0,0
18747,,1,0.999797,0.999993,0.999895,1,1,1
18751,,1,0.990523,0.925518,0.958021,1,1,1
18761,,1,1.0,0.999994,0.999997,1,1,1
18770,,1,0.990523,0.926709,0.958616,1,1,1
18775,,1,0.990523,0.925518,0.958021,1,1,1
18781,,1,0.999797,0.999993,0.999895,1,1,1
18797,,1,1.0,0.999983,0.999992,1,1,1
18809,,1,0.999797,0.999993,0.999895,1,1,1
18814,,0,0.003378,0.024739,0.014058,0,0,0
18827,,1,0.990523,0.925518,0.958021,1,1,1
18842,,1,1.0,0.914907,0.957454,1,1,1
18846,,1,0.999921,0.999993,0.999957,1,1,1
18847,,1,0.990523,0.925518,0.958021,1,1,1
18856,,1,0.990523,0.925518,0.958021,1,1,1
18858,,1,1.0,0.999995,0.999997,1,1,1
18862,,1,0.990523,0.926709,0.958616,1,1,1
18866,,1,1.0,0.999998,0.999999,1,1,1
18876,,1,1.0,0.999994,0.999997,1,1,1
18880,,1,1.0,0.993606,0.996803,1,1,1
18881,,1,0.999797,0.999993,0.999895,1,1,1
18884,,1,1.0,0.998268,0.999134,1,1,1
18888,,1,0.999797,0.999993,0.999895,1,1,1
18890,,1,1.0,0.999994,0.999997,1,1,1
18891,,1,1.0,0.999993,0.999996,1,1,1
18892,,1,1.0,1.0,1.0,1,1,1
18894,,1,0.990523,0.926709,0.958616,1,1,1
18896,,1,0.990523,0.925518,0.958021,1,1,1
18903,,1,1.0,1.0,1.0,1,1,1
18904,,1,1.0,1.0,1.0,1,1,1
18906,,1,0.999797,0.999993,0.999895,1,1,1
18925,,1,0.990523,0.925518,0.958021,1,1,1
18931,,1,1.0,1.0,1.0,1,1,1
18932,,1,1.0,0.99745,0.998725,1,1,1
18933,,1,1.0,0.999994,0.999997,1,1,1
18935,,1,0.999797,0.999993,0.999895,1,1,1
18937,,1,0.990523,0.925518,0.958021,1,1,1
18940,,1,1.0,0.998736,0.999368,1,1,1
18952,,1,0.990523,0.926709,0.958616,1,1,1
18954,,1,0.990523,0.925518,0.958021,1,1,1
18957,,1,0.993138,0.79783,0.895484,1,1,1
18965,,1,0.999797,0.999993,0.999895,1,1,1
18967,,1,0.99,0.999197,0.994598,1,1,1
18980,,1,1.0,1.0,1.0,1,1,1
18989,,1,0.531851,0.930347,0.731099,1,1,1
18990,,1,0.993138,0.797849,0.895493,1,1,1
18991,,1,1.0,0.999994,0.999997,1,1,1
18994,,1,0.990523,0.926709,0.958616,1,1,1
19004,,1,0.990523,0.925518,0.958021,1,1,1
19007,,1,1.0,0.999994,0.999997,1,1,1
19026,,1,1.0,0.985734,0.992867,1,1,1
19029,,1,1.0,0.999877,0.999938,1,1,1
19032,,1,1.0,0.999995,0.999997,1,1,1
19039,,1,0.990523,0.925518,0.958021,1,1,1
19047,,1,1.0,0.999993,0.999997,1,1,1
19067,,1,0.990523,0.926709,0.958616,1,1,1
19068,,1,1.0,1.0,1.0,1,1,1
19069,,1,0.999921,0.999993,0.999957,1,1,1
19090,,1,1.0,0.012064,0.506032,1,0,1
19093,,1,0.301175,0.106519,0.203847,0,0,0
19094,,1,1.0,1.0,1.0,1,1,1
19095,,1,0.990523,0.925518,0.958021,1,1,1
19097,,1,1.0,1.0,1.0,1,1,1
19099,,1,0.990523,0.926709,0.958616,1,1,1
19101,,1,1.0,1.0,1.0,1,1,1
19107,,1,0.999169,0.998269,0.998719,1,1,1
19119,,1,1.0,0.999996,0.999998,1,1,1
19124,,1,1.0,1.0,1.0,1,1,1
19127,,0,0.0,0.0,0.0,0,0,0
19128,,1,0.990523,0.925518,0.958021,1,1,1
19135,,1,0.990523,0.925518,0.958021,1,1,1
19138,,1,1.0,0.999981,0.99999,1,1,1
19142,,1,1.0,0.996945,0.998472,1,1,1
19144,,1,0.990523,0.926709,0.958616,1,1,1
19151,,1,1.0,0.999561,0.99978,1,1,1
19153,,1,1.0,0.875339,0.937669,1,1,1
19154,,1,1.0,0.999746,0.999873,1,1,1
19155,,1,1.0,0.456455,0.728227,1,0,1
19158,,1,1.0,0.999999,0.999999,1,1,1
19162,,1,0.990523,0.925518,0.958021,1,1,1
19164,,1,0.999797,0.999993,0.999895,1,1,1
19165,,1,1.0,0.77675,0.888375,1,1,1
19166,,1,0.531851,0.930347,0.731099,1,1,1
19167,,1,1.0,0.888741,0.94437,1,1,1
19175,,1,0.990523,0.925518,0.958021,1,1,1
19186,,1,1.0,0.998268,0.999134,1,1,1
19192,,1,0.990523,0.925518,0.958021,1,1,1
19193,,1,0.990523,0.925518,0.958021,1,1,1
19196,,1,0.999169,0.998269,0.998719,1,1,1
19218,,1,0.990523,0.925518,0.958021,1,1,1
19222,,0,0.015351,0.923056,0.469203,0,1,0
19229,,1,1.0,0.891934,0.945967,1,1,1
19230,,1,0.999797,0.999993,0.999895,1,1,1
19240,,1,1.0,0.999953,0.999977,1,1,1
19241,,1,0.999169,0.998269,0.998719,1,1,1
19248,,1,0.990523,0.925518,0.958021,1,1,1
19250,,0,0.003378,0.024739,0.014058,0,0,0
19259,,1,1.0,0.999994,0.999997,1,1,1
19272,,1,1.0,0.999998,0.999999,1,1,1
19284,,1,0.999797,0.999993,0.999895,1,1,1
19287,,1,0.999921,0.999993,0.999957,1,1,1
19290,,1,0.990523,0.925518,0.958021,1,1,1
19292,,1,1.0,0.998268,0.999134,1,1,1
19297,,1,1.0,0.999994,0.999997,1,1,1
19299,,1,0.900395,0.944368,0.922382,1,1,1
19301,,1,1.0,0.95007,0.975035,1,1,1
19307,,1,0.990523,0.925518,0.958021,1,1,1
19314,,1,0.999921,0.999993,0.999957,1,1,1
19324,,1,1.0,0.998269,0.999134,1,1,1
19333,,1,0.990523,0.926709,0.958616,1,1,1
19336,,1,0.990523,0.926709,0.958616,1,1,1
19340,,1,0.990523,0.926709,0.958616,1,1,1
19355,,1,0.990523,0.926709,0.958616,1,1,1
19360,,1,1.0,0.965961,0.982981,1,1,1
19365,,1,0.990523,0.925518,0.958021,1,1,1
19374,,1,1.0,1.0,1.0,1,1,1
19378,,1,0.990523,0.926709,0.958616,1,1,1
19394,,1,0.999921,0.999993,0.999957,1,1,1
19395,,1,0.999797,0.999993,0.999895,1,1,1
19397,,1,1.0,0.999994,0.999997,1,1,1
19402,,1,0.990523,0.925518,0.958021,1,1,1
19409,,1,0.990523,0.925518,0.958021,1,1,1
19410,,1,1.0,0.999985,0.999992,1,1,1
19415,,1,1.0,0.999994,0.999997,1,1,1
19419,,1,0.990523,0.926709,0.958616,1,1,1
19423,,1,1.0,0.98934,0.99467,1,1,1
19424,,1,0.990523,0.926709,0.958616,1,1,1
19437,,1,0.993138,0.797819,0.895478,1,1,1
19438,,1,0.999921,0.999993,0.999957,1,1,1
19441,,0,0.003378,0.002121,0.002749,0,0,0
19451,,1,0.999921,0.999993,0.999957,1,1,1
19452,,1,1.0,0.999995,0.999997,1,1,1
19458,,1,1.0,0.961631,0.980815,1,1,1
19464,,0,0.0,0.020029,0.010015,0,0,0
19466,,1,1.0,1.0,1.0,1,1,1
19468,,1,0.990523,0.925518,0.958021,1,1,1
19471,,1,0.990523,0.926709,0.958616,1,1,1
19475,,1,0.999921,0.999993,0.999957,1,1,1
19482,,1,0.99,0.999993,0.994996,1,1,1
19483,,1,0.999797,0.999993,0.999895,1,1,1
19484,,1,0.999921,0.999993,0.999957,1,1,1
19493,,1,1.0,0.991041,0.99552,1,1,1
19497,,1,1.0,0.998074,0.999037,1,1,1
19500,,1,1.0,0.998849,0.999425,1,1,1
19503,,1,1.0,0.999994,0.999997,1,1,1
19504,,1,0.98,0.090753,0.535376,1,0,1
19512,,1,1.0,0.999985,0.999993,1,1,1
19516,,1,0.990523,0.926709,0.958616,1,1,1
19517,,1,0.999797,0.999993,0.999895,1,1,1
19519,,1,0.999797,0.999993,0.999895,1,1,1
19528,,1,1.0,0.995856,0.997928,1,1,1
19539,,1,1.0,0.996971,0.998486,1,1,1
19541,,1,0.999797,0.999993,0.999895,1,1,1
19542,,1,0.961117,0.137079,0.549098,1,0,1
19551,,1,1.0,0.996974,0.998487,1,1,1
19552,,1,1.0,1.0,1.0,1,1,1
19553,,1,0.999921,0.999993,0.999957,1,1,1
19555,,1,0.990523,0.926709,0.958616,1,1,1
19567,,1,0.990523,0.925518,0.958021,1,1,1
19568,,1,1.0,0.965959,0.98298,1,1,1
19570,,1,0.990523,0.926709,0.958616,1,1,1
19572,,1,0.990523,0.926709,0.958616,1,1,1
19585,,1,0.999169,0.998269,0.998719,1,1,1
19597,,1,1.0,0.999999,1.0,1,1,1
19602,,1,1.0,0.999994,0.999997,1,1,1
19608,,1,1.0,0.99808,0.99904,1,1,1
19610,,1,1.0,1.0,1.0,1,1,1
19614,,1,0.999797,0.999993,0.999895,1,1,1
19618,,1,1.0,1.0,1.0,1,1,1
19619,,1,1.0,0.999994,0.999997,1,1,1
19622,,1,0.990523,0.925518,0.958021,1,1,1
19624,,1,1.0,0.999994,0.999997,1,1,1
19634,,1,0.990523,0.926709,0.958616,1,1,1
19636,,1,0.990523,0.925518,0.958021,1,1,1
19639,,1,0.999797,0.999993,0.999895,1,1,1
19650,,1,1.0,1.0,1.0,1,1,1
19661,,1,1.0,1.0,1.0,1,1,1
19662,,1,0.990523,0.925518,0.958021,1,1,1
19668,,1,0.993138,0.797817,0.895478,1,1,1
19669,,1,1.0,0.991724,0.995862,1,1,1
19676,,1,1.0,0.999994,0.999997,1,1,1
19681,,1,1.0,0.996088,0.998044,1,1,1
19683,,1,0.990523,0.926709,0.958616,1,1,1
19685,,1,0.999921,0.999993,0.999957,1,1,1
19693,,1,0.999797,0.999993,0.999895,1,1,1
19694,,1,0.999797,0.999993,0.999895,1,1,1
19697,,1,0.999797,0.999993,0.999895,1,1,1
19700,,1,0.900395,0.944368,0.922382,1,1,1
19715,,1,1.0,0.996973,0.998486,1,1,1
19717,,1,0.999169,0.998269,0.998719,1,1,1
19722,,1,1.0,0.998053,0.999027,1,1,1
19724,,1,1.0,0.488678,0.744339,1,0,1
19751,,1,1.0,1.0,1.0,1,1,1
19759,,1,1.0,1.0,1.0,1,1,1
19760,,1,1.0,0.997213,0.998606,1,1,1
19762,,1,1.0,1.0,1.0,1,1,1
19763,,1,0.900395,0.944368,0.922382,1,1,1
19767,,1,0.999797,0.999993,0.999895,1,1,1
19770,,1,0.990523,0.925518,0.958021,1,1,1
19783,,1,1.0,1.0,1.0,1,1,1
19796,,1,1.0,0.999995,0.999997,1,1,1
19808,,1,1.0,0.999988,0.999994,1,1,1
19822,,1,1.0,1.0,1.0,1,1,1
19827,,1,1.0,1.0,1.0,1,1,1
19828,,1,1.0,0.950089,0.975045,1,1,1
19838,,1,1.0,1.0,1.0,1,1,1
19841,,1,1.0,0.950084,0.975042,1,1,1
19848,,1,1.0,1.0,1.0,1,1,1
19853,,1,1.0,0.999994,0.999997,1,1,1
19855,,1,0.990523,0.926709,0.958616,1,1,1
19858,,1,1.0,0.999995,0.999997,1,1,1
19859,,1,1.0,0.998269,0.999134,1,1,1
19861,,1,0.900395,0.944368,0.922382,1,1,1
19864,,1,0.988408,0.803086,0.895747,1,1,1
19865,,0,0.003378,0.000661,0.002019,0,0,0
19868,,1,1.0,0.996828,0.998414,1,1,1
19872,,1,1.0,0.998268,0.999134,1,1,1
19887,,1,1.0,0.999106,0.999553,1,1,1
19902,,1,1.0,1.0,1.0,1,1,1
19908,,1,1.0,0.998736,0.999368,1,1,1
19912,,1,1.0,0.999994,0.999997,1,1,1
19916,,1,0.990523,0.926709,0.958616,1,1,1
19920,,1,0.999797,0.999993,0.999895,1,1,1
19928,,1,0.993138,0.79787,0.895504,1,1,1
19932,,1,0.990523,0.926709,0.958616,1,1,1
19944,,1,1.0,0.998268,0.999134,1,1,1
19950,,1,1.0,0.999987,0.999993,1,1,1
19952,,1,1.0,1.0,1.0,1,1,1
19965,,1,1.0,0.999956,0.999978,1,1,1
19970,,1,1.0,1.0,1.0,1,1,1
19972,,1,1.0,0.985824,0.992912,1,1,1
19973,,1,1.0,1.0,1.0,1,1,1
19976,,1,0.900395,0.944368,0.922382,1,1,1
19996,,1,1.0,0.748011,0.874006,1,1,1
20002,,1,1.0,1.0,1.0,1,1,1
20008,,1,0.990523,0.926709,0.958616,1,1,1
20011,,1,1.0,1.0,1.0,1,1,1
20023,,1,1.0,0.999993,0.999996,1,1,1
20031,,1,1.0,0.999995,0.999997,1,1,1
20038,,1,1.0,0.959702,0.979851,1,1,1
20039,,1,1.0,1.0,1.0,1,1,1
20040,,1,1.0,0.999961,0.999981,1,1,1
20041,,1,0.993138,0.797715,0.895427,1,1,1
20044,,1,1.0,0.965959,0.982979,1,1,1
20046,,1,0.999921,0.999993,0.999957,1,1,1
20049,,1,1.0,0.999995,0.999997,1,1,1
20051,,1,1.0,0.7365,0.86825,1,1,1
20055,,1,1.0,0.999978,0.999989,1,1,1
20060,,1,1.0,1.0,1.0,1,1,1
20066,,1,0.993138,0.797861,0.8955,1,1,1
20067,,1,0.999921,0.999993,0.999957,1,1,1
20071,,1,1.0,1.0,1.0,1,1,1
20074,,1,1.0,0.999411,0.999705,1,1,1
20078,,1,0.900395,0.944368,0.922382,1,1,1
20084,,1,0.999921,0.999993,0.999957,1,1,1
20086,,1,0.301175,0.106519,0.203847,0,0,0
20088,,1,0.95,0.99868,0.97434,1,1,1
20091,,1,0.999797,0.999993,0.999895,1,1,1
20097,,1,0.990523,0.926709,0.958616,1,1,1
20104,,1,1.0,0.999994,0.999997,1,1,1
20108,,0,0.000894,0.003235,0.002064,0,0,0
20109,,1,1.0,0.999952,0.999976,1,1,1
20112,,1,1.0,0.995705,0.997853,1,1,1
20113,,1,0.990523,0.926709,0.958616,1,1,1
20116,,1,0.990523,0.925518,0.958021,1,1,1
20117,,1,1.0,0.999994,0.999997,1,1,1
20120,,1,1.0,1.0,1.0,1,1,1
20125,,1,0.966491,0.187794,0.577142,1,0,1
20126,,1,0.990523,0.925518,0.958021,1,1,1
20137,,1,1.0,0.999997,0.999999,1,1,1
20139,,1,0.990523,0.925518,0.958021,1,1,1
20140,,1,0.999921,0.999993,0.999957,1,1,1
20142,,1,0.990523,0.926709,0.958616,1,1,1
20145,,1,0.990523,0.926709,0.958616,1,1,1
20147,,1,1.0,0.999905,0.999952,1,1,1
20155,,1,1.0,0.999999,0.999999,1,1,1
20163,,1,1.0,0.485356,0.742678,1,0,1
20164,,1,1.0,0.998268,0.999134,1,1,1
20169,,1,1.0,1.0,1.0,1,1,1
20173,,1,1.0,0.999995,0.999997,1,1,1
20177,,1,1.0,0.999876,0.999938,1,1,1
20185,,1,0.999797,0.999993,0.999895,1,1,1
20198,,1,0.990523,0.925518,0.958021,1,1,1
20206,,1,0.999797,0.999993,0.999895,1,1,1
20213,,1,0.999797,0.999993,0.999895,1,1,1
20219,,1,0.999169,0.998269,0.998719,1,1,1
20222,,1,1.0,0.999994,0.999997,1,1,1
20226,,1,1.0,0.999964,0.999982,1,1,1
20229,,1,0.990523,0.926709,0.958616,1,1,1
20231,,1,1.0,0.999997,0.999998,1,1,1
20233,,1,1.0,0.999884,0.999942,1,1,1
20235,,1,1.0,0.999956,0.999978,1,1,1
20245,,1,1.0,0.998269,0.999134,1,1,1
20249,,1,1.0,0.950077,0.975039,1,1,1
20252,,1,0.900395,0.944368,0.922382,1,1,1
20270,,1,1.0,0.999764,0.999882,1,1,1
20274,,1,1.0,0.998732,0.999366,1,1,1
20279,,1,0.999169,0.998269,0.998719,1,1,1
20286,,1,0.990523,0.925518,0.958021,1,1,1
20290,,0,0.001003,0.121523,0.061263,0,0,0
20294,,1,0.531851,0.930347,0.731099,1,1,1
20295,,1,1.0,1.0,1.0,1,1,1
20313,,1,1.0,1.0,1.0,1,1,1
20315,,1,0.990523,0.926709,0.958616,1,1,1
20316,,1,0.990523,0.925518,0.958021,1,1,1
20336,,1,1.0,0.893451,0.946726,1,1,1
20341,,1,0.990523,0.926709,0.958616,1,1,1
20342,,1,1.0,0.999501,0.99975,1,1,1
20352,,1,1.0,0.999992,0.999996,1,1,1
20355,,1,1.0,0.999953,0.999977,1,1,1
20358,,1,0.999169,0.998269,0.998719,1,1,1
20361,,1,0.990523,0.926709,0.958616,1,1,1
20362,,1,0.999797,0.999993,0.999895,1,1,1
20373,,1,0.990523,0.925518,0.958021,1,1,1
20374,,1,0.98,0.999995,0.989998,1,1,1
20377,,1,1.0,0.990308,0.995154,1,1,1
20385,,1,1.0,0.999992,0.999996,1,1,1
20392,,1,0.990523,0.926709,0.958616,1,1,1
20402,,1,0.990523,0.925518,0.958021,1,1,1
20403,,1,1.0,0.999991,0.999996,1,1,1
20406,,1,0.990523,0.926709,0.958616,1,1,1
20408,,1,1.0,0.999995,0.999997,1,1,1
20410,,1,0.900395,0.944368,0.922382,1,1,1
20415,,1,0.999797,0.999993,0.999895,1,1,1
20417,,1,1.0,0.996974,0.998487,1,1,1
20424,,1,1.0,0.453179,0.72659,1,0,1
20426,,1,1.0,0.99102,0.99551,1,1,1
20443,,1,1.0,0.999155,0.999578,1,1,1
20444,,1,1.0,0.892234,0.946117,1,1,1
20448,,1,1.0,0.453179,0.72659,1,0,1
20455,,1,0.111605,0.117329,0.114467,0,0,0
20456,,1,1.0,0.886157,0.943079,1,1,1
20458,,1,1.0,0.999994,0.999997,1,1,1
20459,,1,0.999797,0.999993,0.999895,1,1,1
20460,,1,0.999797,0.999993,0.999895,1,1,1
20462,,1,0.990523,0.925518,0.958021,1,1,1
20467,,1,1.0,0.999994,0.999997,1,1,1
20471,,1,1.0,0.999998,0.999999,1,1,1
20473,,1,1.0,1.0,1.0,1,1,1
20477,,1,1.0,1.0,1.0,1,1,1
20481,,1,1.0,0.999997,0.999998,1,1,1
20486,,1,0.988408,0.803043,0.895725,1,1,1
20489,,1,1.0,0.99894,0.99947,1,1,1
20490,,1,0.990523,0.925518,0.958021,1,1,1
20491,,1,0.990523,0.925518,0.958021,1,1,1
20492,,1,1.0,1.0,1.0,1,1,1
20502,,1,1.0,0.999995,0.999997,1,1,1
20503,,1,1.0,1.0,1.0,1,1,1
20508,,1,1.0,0.998974,0.999487,1,1,1
20511,,1,1.0,1.0,1.0,1,1,1
20517,,1,0.990523,0.926709,0.958616,1,1,1
20518,,1,1.0,0.993781,0.996891,1,1,1
20520,,1,0.91,0.999803,0.954901,1,1,1
20521,,1,1.0,0.998269,0.999134,1,1,1
20526,,1,0.990523,0.926709,0.958616,1,1,1
20529,,1,1.0,0.999995,0.999997,1,1,1
20531,,1,1.0,0.998268,0.999134,1,1,1
20534,,1,0.990523,0.925518,0.958021,1,1,1
20537,,1,1.0,0.999994,0.999997,1,1,1
20548,,1,1.0,0.998268,0.999134,1,1,1
20549,,1,1.0,0.996619,0.998309,1,1,1
20550,,1,1.0,0.990183,0.995092,1,1,1
20555,,1,1.0,0.99107,0.995535,1,1,1
20563,,1,1.0,0.999994,0.999997,1,1,1
20564,,1,1.0,0.999988,0.999994,1,1,1
20574,,1,1.0,0.998268,0.999134,1,1,1
20578,,1,1.0,0.999995,0.999997,1,1,1
20584,,1,0.990523,0.925518,0.958021,1,1,1
20590,,1,0.999797,0.999993,0.999895,1,1,1
20600,,1,1.0,1.0,1.0,1,1,1
20603,,1,0.990523,0.926709,0.958616,1,1,1
20614,,1,1.0,0.999428,0.999714,1,1,1
20622,,1,1.0,0.999994,0.999997,1,1,1
20627,,1,0.990523,0.925518,0.958021,1,1,1
20643,,1,1.0,0.999995,0.999997,1,1,1
20645,,1,0.900395,0.944368,0.922382,1,1,1
20650,,1,0.990523,0.925518,0.958021,1,1,1
20655,,1,1.0,0.998268,0.999134,1,1,1
20656,,1,1.0,0.999994,0.999997,1,1,1
20659,,1,0.999797,0.999993,0.999895,1,1,1
20663,,1,1.0,1.0,1.0,1,1,1
20664,,0,0.061463,0.084763,0.073113,0,0,0
20681,,1,0.999797,0.999993,0.999895,1,1,1
20686,,1,1.0,0.999995,0.999997,1,1,1
20688,,1,0.966491,0.137445,0.551968,1,0,1
20695,,1,0.988408,0.803059,0.895733,1,1,1
20696,,1,1.0,0.456817,0.728408,1,0,1
20701,,1,1.0,0.991038,0.995519,1,1,1
20704,,1,1.0,0.999995,0.999998,1,1,1
20711,,1,0.999921,0.999993,0.999957,1,1,1
20713,,1,1.0,0.999998,0.999999,1,1,1
20714,,1,0.990523,0.925518,0.958021,1,1,1
20724,,1,1.0,0.96796,0.98398,1,1,1
20730,,1,0.993138,0.797401,0.89527,1,1,1
20732,,1,1.0,0.453179,0.72659,1,0,1
20747,,1,1.0,0.999994,0.999997,1,1,1
20753,,1,1.0,1.0,1.0,1,1,1
20756,,1,0.531851,0.930347,0.731099,1,1,1
20758,,1,0.993138,0.797868,0.895503,1,1,1
20764,,1,0.900395,0.944368,0.922382,1,1,1
20777,,1,1.0,0.913905,0.956952,1,1,1
20785,,1,0.301175,0.106519,0.203847,0,0,0
20789,,1,1.0,0.999995,0.999997,1,1,1
20791,,1,0.999797,0.999993,0.999895,1,1,1
20792,,1,1.0,0.99697,0.998485,1,1,1
20795,,1,1.0,1.0,1.0,1,1,1
20796,,1,0.999797,0.999993,0.999895,1,1,1
20798,,1,1.0,0.996981,0.99849,1,1,1
20799,,1,0.999921,0.999993,0.999957,1,1,1
20812,,1,0.990523,0.926709,0.958616,1,1,1
20818,,1,1.0,0.951336,0.975668,1,1,1
20819,,0,0.003378,0.002132,0.002755,0,0,0
20820,,0,0.0,0.007418,0.003709,0,0,0
20821,,1,0.990523,0.925518,0.958021,1,1,1
20830,,1,0.999797,0.999993,0.999895,1,1,1
20843,,1,0.999921,0.999993,0.999957,1,1,1
20846,,1,0.111605,0.117329,0.114467,0,0,0
20850,,1,1.0,0.999997,0.999999,1,1,1
20854,,1,1.0,0.487755,0.743878,1,0,1
20855,,1,0.999169,0.998269,0.998719,1,1,1
20858,,1,0.990523,0.925518,0.958021,1,1,1
20860,,1,0.301175,0.106519,0.203847,0,0,0
20861,,1,0.990523,0.925518,0.958021,1,1,1
20865,,1,1.0,0.999994,0.999997,1,1,1
20868,,1,1.0,0.999996,0.999998,1,1,1
20873,,1,1.0,0.999935,0.999967,1,1,1
20876,,1,1.0,1.0,1.0,1,1,1
20885,,0,0.013378,0.00232,0.007849,0,0,0
20890,,1,0.990523,0.926709,0.958616,1,1,1
20896,,1,0.999797,0.999993,0.999895,1,1,1
20901,,1,1.0,0.99823,0.999115,1,1,1
20903,,1,1.0,0.99887,0.999435,1,1,1
20909,,1,1.0,1.0,1.0,1,1,1
20915,,0,0.0,0.007508,0.003754,0,0,0
20918,,1,0.999169,0.998269,0.998719,1,1,1
20921,,1,1.0,0.999995,0.999997,1,1,1
20924,,1,1.0,0.999961,0.999981,1,1,1
20926,,1,1.0,0.998268,0.999134,1,1,1
20932,,1,1.0,0.999995,0.999997,1,1,1
20938,,1,1.0,1.0,1.0,1,1,1
20942,,1,1.0,1.0,1.0,1,1,1
20943,,1,1.0,0.776796,0.888398,1,1,1
20947,,1,0.999797,0.999993,0.999895,1,1,1
20952,,1,1.0,0.999992,0.999996,1,1,1
20955,,1,0.999921,0.999993,0.999957,1,1,1
20958,,1,0.990523,0.925518,0.958021,1,1,1
20970,,1,1.0,0.999994,0.999997,1,1,1
20974,,1,0.999797,0.999993,0.999895,1,1,1
20975,,1,1.0,0.999904,0.999952,1,1,1
20977,,1,0.990523,0.926709,0.958616,1,1,1
20979,,1,1.0,0.453179,0.72659,1,0,1
20981,,1,1.0,1.0,1.0,1,1,1
20987,,1,0.999797,0.999993,0.999895,1,1,1
20989,,1,0.990523,0.926709,0.958616,1,1,1
20991,,1,0.99,0.855233,0.922617,1,1,1
20994,,1,1.0,0.99697,0.998485,1,1,1
21000,,1,1.0,0.998268,0.999134,1,1,1
21007,,1,1.0,0.999999,0.999999,1,1,1
21014,,1,1.0,0.998267,0.999134,1,1,1
21016,,1,0.990523,0.926709,0.958616,1,1,1
21020,,1,1.0,0.999995,0.999997,1,1,1
21027,,1,0.999921,0.999993,0.999957,1,1,1
21028,,1,1.0,0.999994,0.999997,1,1,1
21030,,1,1.0,0.95137,0.975685,1,1,1
21036,,1,1.0,0.998267,0.999133,1,1,1
21038,,1,0.990523,0.925518,0.958021,1,1,1
21039,,1,1.0,0.453179,0.72659,1,0,1
21042,,1,0.990523,0.926709,0.958616,1,1,1
21043,,1,1.0,0.998734,0.999367,1,1,1
21051,,1,0.999797,0.999993,0.999895,1,1,1
21056,,1,1.0,0.998268,0.999134,1,1,1
21061,,1,1.0,1.0,1.0,1,1,1
21064,,1,1.0,0.999994,0.999997,1,1,1
21069,,1,1.0,0.996974,0.998487,1,1,1
21070,,1,1.0,0.998267,0.999134,1,1,1
21079,,1,0.900395,0.944368,0.922382,1,1,1
21080,,1,0.999797,0.999993,0.999895,1,1,1
21081,,1,1.0,1.0,1.0,1,1,1
21082,,1,0.990523,0.926709,0.958616,1,1,1
21096,,1,0.990523,0.925518,0.958021,1,1,1
21097,,1,1.0,0.999994,0.999997,1,1,1
21107,,1,0.301175,0.106519,0.203847,0,0,0
21109,,1,1.0,0.999992,0.999996,1,1,1
21111,,1,1.0,0.999994,0.999997,1,1,1
21112,,1,1.0,0.999989,0.999994,1,1,1
21113,,1,0.301175,0.106519,0.203847,0,0,0
21115,,1,1.0,0.999995,0.999997,1,1,1
21116,,1,0.999921,0.999993,0.999957,1,1,1
21120,,1,1.0,0.990983,0.995492,1,1,1
21123,,1,1.0,1.0,1.0,1,1,1
21127,,0,0.0,0.007465,0.003733,0,0,0
21128,,1,1.0,0.033861,0.516931,1,0,1
21136,,1,0.988408,0.803078,0.895743,1,1,1
21143,,1,1.0,0.999579,0.99979,1,1,1
21150,,1,1.0,0.7768,0.8884,1,1,1
21155,,1,1.0,0.999967,0.999983,1,1,1
21157,,1,0.990523,0.925518,0.958021,1,1,1
21159,,1,0.999797,0.999993,0.999895,1,1,1
21163,,1,1.0,0.999978,0.999989,1,1,1
21168,,1,0.999797,0.999993,0.999895,1,1,1
21169,,1,1.0,1.0,1.0,1,1,1
21173,,1,0.990523,0.926709,0.958616,1,1,1
21175,,0,0.003378,0.00233,0.002854,0,0,0
21179,,1,1.0,0.999993,0.999997,1,1,1
21184,,1,1.0,0.999994,0.999997,1,1,1
21192,,1,0.990523,0.925518,0.958021,1,1,1
21204,,1,1.0,0.999994,0.999997,1,1,1
21218,,1,0.99,0.684282,0.837141,1,1,1
21221,,0,0.187305,0.03226,0.109782,0,0,0
21231,,1,1.0,0.991048,0.995524,1,1,1
21234,,1,1.0,1.0,1.0,1,1,1
21238,,1,1.0,0.453179,0.72659,1,0,1
21252,,1,1.0,1.0,1.0,1,1,1
21258,,1,1.0,0.999994,0.999997,1,1,1
21259,,1,0.301175,0.106519,0.203847,0,0,0
21260,,1,1.0,1.0,1.0,1,1,1
21266,,1,0.999169,0.998269,0.998719,1,1,1
21269,,1,1.0,1.0,1.0,1,1,1
21270,,1,1.0,0.998072,0.999036,1,1,1
21276,,1,0.999797,0.999993,0.999895,1,1,1
21277,,1,1.0,0.964687,0.982343,1,1,1
21284,,1,1.0,0.999993,0.999997,1,1,1
21290,,1,0.999797,0.999993,0.999895,1,1,1
21296,,1,1.0,0.736722,0.868361,1,1,1
21297,,1,0.990523,0.925518,0.958021,1,1,1
21303,,1,1.0,1.0,1.0,1,1,1
21307,,1,1.0,0.999564,0.999782,1,1,1
21314,,1,0.990523,0.926709,0.958616,1,1,1
21319,,1,1.0,1.0,1.0,1,1,1
21323,,1,0.990523,0.925518,0.958021,1,1,1
21326,,1,0.999921,0.999993,0.999957,1,1,1
21333,,1,1.0,0.999995,0.999997,1,1,1
21339,,1,0.301175,0.106519,0.203847,0,0,0
21344,,1,1.0,0.965963,0.982981,1,1,1
21345,,1,1.0,0.985658,0.992829,1,1,1
21348,,1,1.0,0.890977,0.945489,1,1,1
21355,,1,1.0,0.487995,0.743998,1,0,1
21364,,1,1.0,0.999997,0.999998,1,1,1
21366,,1,1.0,0.914848,0.957424,1,1,1
21379,,1,1.0,0.999994,0.999997,1,1,1
21380,,1,0.990523,0.925518,0.958021,1,1,1
21381,,1,0.990523,0.926709,0.958616,1,1,1
21383,,1,0.990523,0.926709,0.958616,1,1,1
21384,,1,0.990523,0.925518,0.958021,1,1,1
21385,,0,0.003378,0.002132,0.002755,0,0,0
21390,,1,1.0,1.0,1.0,1,1,1
21394,,0,0.003378,0.002079,0.002728,0,0,0
21395,,1,1.0,1.0,1.0,1,1,1
21397,,1,1.0,1.0,1.0,1,1,1
21409,,1,1.0,0.999997,0.999998,1,1,1
21414,,1,1.0,1.0,1.0,1,1,1
21416,,1,1.0,1.0,1.0,1,1,1
21418,,1,1.0,0.999995,0.999997,1,1,1
21422,,1,0.999797,0.999993,0.999895,1,1,1
21424,,1,1.0,1.0,1.0,1,1,1
21428,,1,1.0,0.999066,0.999533,1,1,1
21431,,1,1.0,0.995524,0.997762,1,1,1
21432,,0,0.0,0.000503,0.000251,0,0,0
21433,,1,0.990523,0.925518,0.958021,1,1,1
21435,,1,0.999797,0.999993,0.999895,1,1,1
21441,,1,1.0,1.0,1.0,1,1,1
21457,,1,0.301175,0.106519,0.203847,0,0,0
21466,,1,1.0,0.999956,0.999978,1,1,1
21485,,1,1.0,0.999999,1.0,1,1,1
21494,,1,1.0,0.998269,0.999134,1,1,1
21495,,1,0.990523,0.926709,0.958616,1,1,1
21501,,1,1.0,0.999997,0.999999,1,1,1
21503,,1,0.990523,0.925518,0.958021,1,1,1
21505,,1,0.999921,0.999993,0.999957,1,1,1
21506,,1,0.999797,0.999993,0.999895,1,1,1
21508,,1,1.0,0.998385,0.999192,1,1,1
21533,,1,1.0,0.999994,0.999997,1,1,1
21534,,1,1.0,0.998093,0.999047,1,1,1
21536,,1,0.990523,0.925518,0.958021,1,1,1
21548,,1,0.98,0.999996,0.989998,1,1,1
21551,,1,1.0,0.999995,0.999997,1,1,1
21552,,1,1.0,0.999995,0.999997,1,1,1
21556,,1,0.990523,0.925518,0.958021,1,1,1
21558,,1,0.990523,0.926709,0.958616,1,1,1
21563,,1,0.999921,0.999993,0.999957,1,1,1
21564,,1,0.900395,0.944368,0.922382,1,1,1
21566,,1,0.999921,0.999993,0.999957,1,1,1
21570,,1,0.999797,0.999993,0.999895,1,1,1
21579,,1,0.990523,0.925518,0.958021,1,1,1
21580,,1,1.0,0.590268,0.795134,1,1,1
21581,,1,1.0,1.0,1.0,1,1,1
21584,,1,0.999921,0.999993,0.999957,1,1,1
21591,,1,0.900395,0.944368,0.922382,1,1,1
21592,,1,1.0,0.998268,0.999134,1,1,1
21594,,1,1.0,1.0,1.0,1,1,1
21597,,1,0.999797,0.999993,0.999895,1,1,1
21610,,1,1.0,0.998268,0.999134,1,1,1
21617,,1,1.0,0.48504,0.74252,1,0,1
21621,,1,0.999169,0.998269,0.998719,1,1,1
21624,,1,1.0,0.999997,0.999999,1,1,1
21628,,1,0.990523,0.925518,0.958021,1,1,1
21632,,1,1.0,0.999995,0.999997,1,1,1
21634,,1,0.990523,0.925518,0.958021,1,1,1
21639,,1,0.990523,0.925518,0.958021,1,1,1
21642,,1,1.0,0.999994,0.999997,1,1,1
21644,,1,0.990523,0.926709,0.958616,1,1,1
21647,,1,1.0,1.0,1.0,1,1,1
21650,,1,0.999797,0.999993,0.999895,1,1,1
21657,,1,1.0,0.990189,0.995095,1,1,1
21662,,1,1.0,0.999993,0.999996,1,1,1
21663,,1,0.301175,0.106519,0.203847,0,0,0
21671,,1,1.0,1.0,1.0,1,1,1
21673,,1,1.0,0.998268,0.999134,1,1,1
21677,,1,0.999921,0.999993,0.999957,1,1,1
21679,,1,1.0,0.999996,0.999998,1,1,1
21680,,1,1.0,1.0,1.0,1,1,1
21684,,1,0.999921,0.999993,0.999957,1,1,1
21685,,1,1.0,0.999994,0.999997,1,1,1
21688,,1,1.0,0.990988,0.995494,1,1,1
21693,,1,0.990523,0.925518,0.958021,1,1,1
21706,,1,1.0,0.996474,0.998237,1,1,1
21707,,1,1.0,1.0,1.0,1,1,1
21721,,1,0.990523,0.925518,0.958021,1,1,1
21725,,1,1.0,0.998839,0.99942,1,1,1
21731,,1,0.999921,0.999993,0.999957,1,1,1
21735,,1,1.0,0.99997,0.999985,1,1,1
21749,,1,0.301175,0.106519,0.203847,0,0,0
21761,,1,1.0,0.999993,0.999997,1,1,1
21764,,1,0.999797,0.999993,0.999895,1,1,1
21767,,1,0.990523,0.926709,0.958616,1,1,1
21774,,1,1.0,0.999935,0.999967,1,1,1
21775,,1,0.990523,0.925518,0.958021,1,1,1
21777,,1,0.999169,0.998269,0.998719,1,1,1
21778,,1,1.0,0.89098,0.94549,1,1,1
21780,,1,1.0,0.998268,0.999134,1,1,1
21783,,1,1.0,0.033961,0.51698,1,0,1
21785,,1,1.0,1.0,1.0,1,1,1
21786,,1,0.990523,0.926709,0.958616,1,1,1
21788,,1,0.999921,0.999993,0.999957,1,1,1
21800,,1,1.0,0.996455,0.998228,1,1,1
21804,,1,1.0,0.996966,0.998483,1,1,1
21806,,1,1.0,0.355731,0.677865,1,0,1
21813,,1,0.999921,0.999993,0.999957,1,1,1
21814,,1,0.990523,0.925518,0.958021,1,1,1
21819,,1,1.0,0.999993,0.999997,1,1,1
21833,,1,1.0,0.238079,0.619039,1,0,1
21836,,1,1.0,0.999995,0.999997,1,1,1
21841,,1,0.301175,0.106519,0.203847,0,0,0
21842,,1,1.0,0.99996,0.99998,1,1,1
21845,,1,0.990523,0.925518,0.958021,1,1,1
21854,,1,0.990523,0.925518,0.958021,1,1,1
21858,,1,0.993138,0.797616,0.895377,1,1,1
21864,,1,1.0,0.999558,0.999779,1,1,1
21876,,0,0.096912,0.002578,0.049745,0,0,0
21877,,1,1.0,0.999994,0.999997,1,1,1
21879,,1,1.0,0.991047,0.995523,1,1,1
21882,,1,1.0,0.951364,0.975682,1,1,1
21883,,1,0.99,0.999979,0.99499,1,1,1
21888,,1,0.990523,0.926709,0.958616,1,1,1
21890,,1,1.0,0.998638,0.999319,1,1,1
21897,,1,0.999169,0.998269,0.998719,1,1,1
21901,,1,0.990523,0.925518,0.958021,1,1,1
21904,,1,0.98,0.997591,0.988795,1,1,1
21905,,1,0.990523,0.926709,0.958616,1,1,1
21906,,1,1.0,0.993156,0.996578,1,1,1
21912,,1,1.0,0.999882,0.999941,1,1,1
21919,,1,0.07,0.000563,0.035282,0,0,0
21922,,1,0.990523,0.926709,0.958616,1,1,1
21929,,1,0.999797,0.999993,0.999895,1,1,1
21930,,1,0.988408,0.802705,0.895556,1,1,1
21934,,1,0.990523,0.925518,0.958021,1,1,1
21935,,1,0.990523,0.925518,0.958021,1,1,1
21937,,1,1.0,0.999996,0.999998,1,1,1
21938,,1,1.0,0.999995,0.999997,1,1,1
21939,,1,1.0,0.891247,0.945623,1,1,1
21945,,1,1.0,0.999987,0.999993,1,1,1
21947,,1,1.0,0.999994,0.999997,1,1,1
21952,,1,1.0,1.0,1.0,1,1,1
21959,,1,1.0,0.998268,0.999134,1,1,1
21961,,1,1.0,0.999994,0.999997,1,1,1
21964,,1,0.999797,0.999993,0.999895,1,1,1
21965,,1,0.999797,0.999993,0.999895,1,1,1
21966,,1,0.999921,0.999993,0.999957,1,1,1
21975,,1,1.0,0.997098,0.998549,1,1,1
21993,,1,1.0,0.999994,0.999997,1,1,1
22000,,1,1.0,0.983257,0.991629,1,1,1
22005,,1,0.999797,0.999993,0.999895,1,1,1
22015,,1,1.0,1.0,1.0,1,1,1
22017,,1,0.988408,0.803137,0.895772,1,1,1
22024,,1,0.999169,0.998269,0.998719,1,1,1
22026,,1,0.900395,0.944368,0.922382,1,1,1
22028,,1,0.301175,0.106519,0.203847,0,0,0
22030,,0,0.0,0.007428,0.003714,0,0,0
22032,,1,1.0,0.998269,0.999134,1,1,1
22041,,1,1.0,0.985809,0.992904,1,1,1
22044,,1,0.58,0.001839,0.290919,1,0,0
22045,,1,1.0,0.999994,0.999997,1,1,1
22046,,1,0.982912,0.803244,0.893078,1,1,1
22048,,1,0.301175,0.106519,0.203847,0,0,0
22049,,1,0.301175,0.106519,0.203847,0,0,0
22050,,0,3e-05,0.002834,0.001432,0,0,0
22055,,1,1.0,0.998268,0.999134,1,1,1
22062,,1,1.0,0.998268,0.999134,1,1,1
22065,,1,0.990523,0.925518,0.958021,1,1,1
22072,,1,1.0,0.891388,0.945694,1,1,1
22079,,0,0.05,0.003563,0.026781,0,0,0
22089,,1,0.999797,0.999993,0.999895,1,1,1
22105,,0,0.003378,0.024739,0.014058,0,0,0
22109,,1,0.990523,0.925518,0.958021,1,1,1
22113,,1,1.0,0.890914,0.945457,1,1,1
22115,,1,0.990523,0.926709,0.958616,1,1,1
22116,,1,1.0,1.0,1.0,1,1,1
22117,,1,1.0,0.999994,0.999997,1,1,1
22122,,1,1.0,0.914869,0.957435,1,1,1
22125,,1,1.0,0.453179,0.72659,1,0,1
22130,,1,1.0,0.91494,0.95747,1,1,1
22134,,1,0.97,0.958446,0.964223,1,1,1
22140,,1,0.990523,0.925518,0.958021,1,1,1
22150,,1,0.990523,0.925518,0.958021,1,1,1
22156,,1,1.0,0.993209,0.996604,1,1,1
22157,,1,0.999797,0.999993,0.999895,1,1,1
22160,,1,1.0,1.0,1.0,1,1,1
22162,,1,1.0,0.999956,0.999978,1,1,1
22166,,1,1.0,0.999997,0.999998,1,1,1
22172,,1,1.0,0.996974,0.998487,1,1,1
22175,,1,1.0,0.998731,0.999365,1,1,1
22178,,1,1.0,1.0,1.0,1,1,1
22179,,1,1.0,0.956426,0.978213,1,1,1
22180,,1,0.999921,0.999993,0.999957,1,1,1
22186,,1,1.0,0.999988,0.999994,1,1,1
22191,,0,0.0,0.262737,0.131369,0,0,0
22198,,1,1.0,0.999994,0.999997,1,1,1
22204,,1,1.0,1.0,1.0,1,1,1
22208,,1,1.0,0.999994,0.999997,1,1,1
22210,,0,0.003378,0.024739,0.014058,0,0,0
22213,,1,1.0,0.999127,0.999564,1,1,1
22217,,1,0.990523,0.925518,0.958021,1,1,1
22224,,1,0.301175,0.106519,0.203847,0,0,0
22226,,1,1.0,0.453179,0.72659,1,0,1
22250,,1,0.301175,0.106519,0.203847,0,0,0
22253,,1,1.0,0.985793,0.992896,1,1,1
22254,,1,1.0,0.998268,0.999134,1,1,1
22255,,1,1.0,0.99105,0.995525,1,1,1
22261,,1,0.301175,0.106519,0.203847,0,0,0
22265,,1,1.0,0.453179,0.72659,1,0,1
22269,,1,0.999169,0.998269,0.998719,1,1,1
22273,,1,0.999797,0.999993,0.999895,1,1,1
22276,,1,0.990523,0.925518,0.958021,1,1,1
22283,,1,0.999921,0.999993,0.999957,1,1,1
22290,,1,1.0,0.994662,0.997331,1,1,1
22294,,1,1.0,0.89136,0.94568,1,1,1
22302,,1,0.990523,0.926709,0.958616,1,1,1
22303,,1,1.0,0.999994,0.999997,1,1,1
22307,,1,0.990523,0.926709,0.958616,1,1,1
22318,,1,0.990523,0.925518,0.958021,1,1,1
22322,,1,1.0,0.999863,0.999932,1,1,1
22329,,1,1.0,0.99697,0.998485,1,1,1
22330,,1,0.990523,0.925518,0.958021,1,1,1
22333,,1,1.0,0.999324,0.999662,1,1,1
22336,,1,0.999921,0.999993,0.999957,1,1,1
22348,,1,1.0,1.0,1.0,1,1,1
22353,,1,1.0,0.453179,0.72659,1,0,1
22362,,1,1.0,0.985809,0.992905,1,1,1
22369,,1,1.0,0.012062,0.506031,1,0,1
22370,,1,0.990523,0.925518,0.958021,1,1,1
22381,,1,1.0,1.0,1.0,1,1,1
22382,,1,1.0,0.998268,0.999134,1,1,1
22386,,0,0.0,0.00047,0.000235,0,0,0
22387,,1,0.999921,0.999993,0.999957,1,1,1
22389,,1,0.999169,0.998269,0.998719,1,1,1
22392,,1,1.0,0.991023,0.995512,1,1,1
22395,,1,0.990523,0.925518,0.958021,1,1,1
22397,,1,0.999797,0.999993,0.999895,1,1,1
22398,,1,0.999797,0.999993,0.999895,1,1,1
22402,,1,1.0,0.999995,0.999997,1,1,1
22404,,1,0.987643,0.797985,0.892814,1,1,1
22407,,1,1.0,1.0,1.0,1,1,1
22410,,1,0.990523,0.925518,0.958021,1,1,1
22412,,1,1.0,0.999994,0.999997,1,1,1
22424,,1,1.0,1.0,1.0,1,1,1
22449,,1,0.990523,0.925518,0.958021,1,1,1
22452,,1,1.0,0.999994,0.999997,1,1,1
22463,,1,0.999797,0.999993,0.999895,1,1,1
22464,,1,0.94,0.115979,0.52799,1,0,1
22468,,1,0.990523,0.926709,0.958616,1,1,1
22479,,1,0.999797,0.999993,0.999895,1,1,1
22487,,1,0.999797,0.999993,0.999895,1,1,1
22492,,1,0.999797,0.999993,0.999895,1,1,1
22512,,1,1.0,0.169384,0.584692,1,0,1
22517,,1,0.990523,0.925518,0.958021,1,1,1
22519,,0,0.003378,0.024739,0.014058,0,0,0
22535,,1,0.966491,0.137431,0.551961,1,0,1
22536,,1,1.0,1.0,1.0,1,1,1
22555,,1,0.988408,0.803127,0.895767,1,1,1
22563,,1,1.0,0.999994,0.999997,1,1,1
22572,,1,0.999169,0.998269,0.998719,1,1,1
22583,,1,0.990523,0.925518,0.958021,1,1,1
22586,,1,0.999797,0.999993,0.999895,1,1,1
22597,,1,0.990523,0.926709,0.958616,1,1,1
22599,,1,1.0,0.99903,0.999515,1,1,1
22600,,1,0.999921,0.999993,0.999957,1,1,1
22601,,1,1.0,1.0,1.0,1,1,1
22608,,1,0.990523,0.925518,0.958021,1,1,1
22610,,1,0.999797,0.999993,0.999895,1,1,1
22611,,1,0.999921,0.999993,0.999957,1,1,1
22617,,1,0.990523,0.925518,0.958021,1,1,1
22621,,1,0.900395,0.944368,0.922382,1,1,1
22623,,1,1.0,0.999995,0.999997,1,1,1
22627,,1,0.990523,0.926709,0.958616,1,1,1
22629,,1,1.0,0.999998,0.999999,1,1,1
22630,,1,1.0,1.0,1.0,1,1,1
22632,,1,0.97,0.969959,0.96998,1,1,1
22644,,1,0.999797,0.999993,0.999895,1,1,1
22647,,1,1.0,0.998268,0.999134,1,1,1
22651,,1,1.0,0.999967,0.999984,1,1,1
22653,,1,0.993138,0.797887,0.895513,1,1,1
22656,,1,0.66,0.613374,0.636687,1,1,1
22663,,1,0.999797,0.999993,0.999895,1,1,1
22664,,1,1.0,0.991039,0.995519,1,1,1
22665,,1,1.0,0.989736,0.994868,1,1,1
22666,,1,1.0,0.999994,0.999997,1,1,1
22669,,1,1.0,0.999995,0.999997,1,1,1
22671,,1,0.900395,0.944368,0.922382,1,1,1
22673,,1,0.999797,0.999993,0.999895,1,1,1
22677,,1,1.0,0.999996,0.999998,1,1,1
22684,,1,1.0,0.999968,0.999984,1,1,1
22692,,1,0.999797,0.999993,0.999895,1,1,1
22699,,1,0.999921,0.999993,0.999957,1,1,1
22700,,1,1.0,0.999995,0.999997,1,1,1
22702,,1,1.0,0.891287,0.945644,1,1,1
22703,,1,0.301175,0.106519,0.203847,0,0,0
22712,,1,0.999797,0.999993,0.999895,1,1,1
22714,,1,1.0,1.0,1.0,1,1,1
22717,,1,1.0,0.996969,0.998484,1,1,1
22719,,1,0.301175,0.106519,0.203847,0,0,0
22720,,1,1.0,0.049148,0.524574,1,0,1
22723,,1,0.990523,0.926709,0.958616,1,1,1
22726,,1,0.999797,0.999993,0.999895,1,1,1
22727,,1,1.0,0.99857,0.999285,1,1,1
22728,,1,1.0,1.0,1.0,1,1,1
22730,,1,1.0,1.0,1.0,1,1,1
22737,,1,1.0,0.999994,0.999997,1,1,1
22740,,1,1.0,0.999536,0.999768,1,1,1
22756,,1,0.990523,0.925518,0.958021,1,1,1
22758,,1,0.999797,0.999993,0.999895,1,1,1
22766,,1,1.0,0.999994,0.999997,1,1,1
22780,,1,1.0,1.0,1.0,1,1,1
22798,,1,1.0,0.999994,0.999997,1,1,1
22805,,1,0.999921,0.999993,0.999957,1,1,1
22809,,1,0.990523,0.926709,0.958616,1,1,1
22813,,1,1.0,1.0,1.0,1,1,1
22825,,1,1.0,0.999997,0.999999,1,1,1
22829,,1,1.0,0.996964,0.998482,1,1,1
22832,,1,0.990523,0.925518,0.958021,1,1,1
22836,,1,1.0,0.999996,0.999998,1,1,1
22843,,1,1.0,0.999995,0.999997,1,1,1
22849,,1,1.0,1.0,1.0,1,1,1
22856,,1,1.0,0.133061,0.566531,1,0,1
22859,,1,0.990523,0.925518,0.958021,1,1,1
22872,,1,0.999921,0.999993,0.999957,1,1,1
22895,,1,0.999921,0.999993,0.999957,1,1,1
22903,,1,1.0,0.997944,0.998972,1,1,1
22904,,1,0.990523,0.926709,0.958616,1,1,1
22911,,1,1.0,0.998269,0.999134,1,1,1
22920,,1,0.993138,0.797882,0.89551,1,1,1
22924,,1,1.0,0.999995,0.999997,1,1,1
22938,,1,1.0,1.0,1.0,1,1,1
22940,,1,0.301175,0.106519,0.203847,0,0,0
22945,,1,1.0,0.957627,0.978813,1,1,1
22953,,1,1.0,0.999304,0.999652,1,1,1
22958,,1,0.999797,0.999993,0.999895,1,1,1
22959,,1,1.0,1.0,1.0,1,1,1
22960,,1,0.991003,0.998742,0.994872,1,1,1
22963,,1,0.990523,0.926709,0.958616,1,1,1
22968,,1,0.990523,0.926709,0.958616,1,1,1
22976,,1,1.0,0.999994,0.999997,1,1,1
22979,,1,0.999797,0.999993,0.999895,1,1,1
22984,,1,0.990523,0.926709,0.958616,1,1,1
22990,,1,0.999797,0.999993,0.999895,1,1,1
22994,,1,1.0,0.999995,0.999997,1,1,1
23003,,1,1.0,1.0,1.0,1,1,1
23006,,1,0.999921,0.999993,0.999957,1,1,1
23009,,1,0.999921,0.999993,0.999957,1,1,1
23012,,1,0.990523,0.925518,0.958021,1,1,1
23013,,1,0.999797,0.999993,0.999895,1,1,1
23028,,1,1.0,0.776801,0.8884,1,1,1
23036,,1,1.0,0.99996,0.99998,1,1,1
23042,,1,0.993138,0.797872,0.895505,1,1,1
23047,,1,0.999797,0.999993,0.999895,1,1,1
23052,,1,0.990523,0.926709,0.958616,1,1,1
23061,,1,1.0,1.0,1.0,1,1,1
23068,,1,0.990523,0.926709,0.958616,1,1,1
23069,,1,1.0,1.0,1.0,1,1,1
23083,,1,0.999921,0.999993,0.999957,1,1,1
23091,,1,1.0,0.999994,0.999997,1,1,1
23093,,1,1.0,0.999994,0.999997,1,1,1
23095,,1,0.999921,0.999993,0.999957,1,1,1
23096,,1,1.0,0.999997,0.999999,1,1,1
23102,,1,0.999921,0.999993,0.999957,1,1,1
23110,,0,0.0,0.007452,0.003726,0,0,0
23116,,1,0.990523,0.926709,0.958616,1,1,1
23120,,1,1.0,1.0,1.0,1,1,1
23132,,1,1.0,0.999861,0.999931,1,1,1
23144,,1,1.0,0.999931,0.999965,1,1,1
23153,,1,0.990523,0.925518,0.958021,1,1,1
23155,,1,0.999797,0.999993,0.999895,1,1,1
23157,,1,1.0,0.999995,0.999997,1,1,1
23180,,1,1.0,0.991046,0.995523,1,1,1
23191,,1,1.0,0.999994,0.999997,1,1,1
23201,,1,1.0,0.999994,0.999997,1,1,1
23203,,1,1.0,0.998502,0.999251,1,1,1
23206,,1,0.990523,0.925518,0.958021,1,1,1
23210,,1,1.0,1.0,1.0,1,1,1
23216,,1,1.0,1.0,1.0,1,1,1
23217,,1,0.990523,0.926709,0.958616,1,1,1
23233,,1,0.999169,0.998269,0.998719,1,1,1
23234,,1,1.0,0.999995,0.999997,1,1,1
23235,,1,1.0,0.991049,0.995525,1,1,1
23238,,1,1.0,0.999994,0.999997,1,1,1
23244,,1,1.0,0.996955,0.998477,1,1,1
23251,,1,1.0,0.9997,0.99985,1,1,1
23252,,1,0.999921,0.999993,0.999957,1,1,1
23255,,1,0.999797,0.999993,0.999895,1,1,1
23264,,1,1.0,0.999907,0.999954,1,1,1
23268,,1,1.0,0.998268,0.999134,1,1,1
23273,,1,0.999169,0.822252,0.910711,1,1,1
23285,,0,0.0,0.007496,0.003748,0,0,0
23295,,1,0.999921,0.999993,0.999957,1,1,1
23297,,1,0.92,0.934667,0.927333,1,1,1
23305,,1,0.990523,0.925518,0.958021,1,1,1
23306,,1,1.0,0.999997,0.999998,1,1,1
23308,,1,1.0,1.0,1.0,1,1,1
23309,,1,1.0,0.999995,0.999997,1,1,1
23312,,1,0.990523,0.925518,0.958021,1,1,1
23336,,1,1.0,0.999995,0.999997,1,1,1
23352,,1,1.0,0.999995,0.999997,1,1,1
23353,,1,0.999797,0.999993,0.999895,1,1,1
23355,,1,1.0,0.999995,0.999997,1,1,1
23365,,1,0.990523,0.925518,0.958021,1,1,1
23371,,1,0.990523,0.925518,0.958021,1,1,1
23375,,1,1.0,1.0,1.0,1,1,1
23385,,1,0.999921,0.999993,0.999957,1,1,1
23389,,1,1.0,1.0,1.0,1,1,1
23392,,1,0.92,0.466131,0.693065,1,0,1
23395,,1,0.990523,0.925518,0.958021,1,1,1
23407,,0,0.33,0.002573,0.166286,0,0,0
23409,,1,1.0,0.999995,0.999997,1,1,1
23413,,1,1.0,0.998268,0.999134,1,1,1
23414,,1,1.0,0.99965,0.999825,1,1,1
23417,,1,1.0,0.998734,0.999367,1,1,1
23418,,1,1.0,0.996705,0.998352,1,1,1
23424,,1,1.0,1.0,1.0,1,1,1
23426,,1,0.990523,0.926709,0.958616,1,1,1
23427,,1,0.900395,0.944368,0.922382,1,1,1
23430,,1,1.0,0.990878,0.995439,1,1,1
23433,,1,1.0,0.998735,0.999367,1,1,1
23447,,1,0.987643,0.797983,0.892813,1,1,1
23448,,1,1.0,0.999467,0.999733,1,1,1
23451,,1,0.999921,0.999993,0.999957,1,1,1
23455,,1,1.0,1.0,1.0,1,1,1
23459,,1,1.0,0.890855,0.945427,1,1,1
23463,,1,1.0,0.999997,0.999999,1,1,1
23465,,1,1.0,1.0,1.0,1,1,1
23471,,1,0.990523,0.926709,0.958616,1,1,1
23474,,1,1.0,0.999994,0.999997,1,1,1
23476,,1,0.999921,0.999993,0.999957,1,1,1
23482,,1,1.0,0.49041,0.745205,1,0,1
23483,,1,1.0,0.996975,0.998487,1,1,1
23484,,1,0.993138,0.797857,0.895498,1,1,1
23487,,1,0.900395,0.944368,0.922382,1,1,1
23488,,1,1.0,1.0,1.0,1,1,1
23496,,1,1.0,0.999994,0.999997,1,1,1
23497,,1,0.990523,0.925518,0.958021,1,1,1
23498,,1,0.999169,0.998269,0.998719,1,1,1
23502,,1,0.990523,0.926709,0.958616,1,1,1
23505,,1,0.990523,0.925518,0.958021,1,1,1
23506,,1,0.999921,0.999993,0.999957,1,1,1
23507,,1,0.988408,0.803097,0.895752,1,1,1
23510,,1,1.0,0.999957,0.999979,1,1,1
23511,,1,1.0,0.999995,0.999997,1,1,1
23514,,1,1.0,0.985735,0.992867,1,1,1
23516,,1,1.0,0.965963,0.982982,1,1,1
23531,,1,0.990523,0.925518,0.958021,1,1,1
23532,,1,0.9,0.869137,0.884568,1,1,1
23534,,1,1.0,0.999972,0.999986,1,1,1
23538,,1,1.0,0.914882,0.957441,1,1,1
23542,,1,0.999797,0.999993,0.999895,1,1,1
23553,,1,0.990523,0.925518,0.958021,1,1,1
23555,,1,0.990523,0.925518,0.958021,1,1,1
23559,,1,0.98,0.246101,0.613051,1,0,1
23560,,1,1.0,1.0,1.0,1,1,1
23564,,1,0.990523,0.925518,0.958021,1,1,1
23568,,1,1.0,0.999994,0.999997,1,1,1
23574,,1,0.990523,0.926709,0.958616,1,1,1
23586,,1,1.0,0.999995,0.999997,1,1,1
23592,,1,0.993138,0.79764,0.895389,1,1,1
23595,,1,0.990523,0.926709,0.958616,1,1,1
23610,,1,1.0,0.998268,0.999134,1,1,1
23615,,1,0.999797,0.999993,0.999895,1,1,1
23621,,1,0.990523,0.926709,0.958616,1,1,1
23625,,1,0.999921,0.999993,0.999957,1,1,1
23627,,1,0.999169,0.998269,0.998719,1,1,1
23628,,1,0.863378,0.047828,0.455603,1,0,0
23634,,1,1.0,0.999995,0.999997,1,1,1
23656,,1,0.999797,0.999993,0.999895,1,1,1
23662,,0,0.003378,0.024739,0.014058,0,0,0
23665,,1,1.0,0.99107,0.995535,1,1,1
23678,,1,1.0,1.0,1.0,1,1,1
23683,,1,0.990523,0.926709,0.958616,1,1,1
23689,,1,0.999797,0.999993,0.999895,1,1,1
23690,,1,1.0,1.0,1.0,1,1,1
23692,,1,0.301175,0.106519,0.203847,0,0,0
23693,,1,0.990523,0.926709,0.958616,1,1,1
23694,,1,0.999797,0.999993,0.999895,1,1,1
23698,,1,1.0,1.0,1.0,1,1,1
23700,,0,0.003378,0.024739,0.014058,0,0,0
23705,,1,0.991,0.386002,0.688501,1,0,1
23706,,1,0.999797,0.999993,0.999895,1,1,1
23714,,1,0.990523,0.925518,0.958021,1,1,1
23721,,1,1.0,1.0,1.0,1,1,1
23739,,1,1.0,0.999994,0.999997,1,1,1
23746,,1,1.0,0.991037,0.995518,1,1,1
23749,,1,1.0,1.0,1.0,1,1,1
23751,,1,0.990523,0.925518,0.958021,1,1,1
23752,,0,0.003378,0.002147,0.002762,0,0,0
23753,,1,1.0,0.989369,0.994685,1,1,1
23755,,1,1.0,1.0,1.0,1,1,1
23757,,1,1.0,1.0,1.0,1,1,1
23769,,1,1.0,1.0,1.0,1,1,1
23771,,1,0.990523,0.926709,0.958616,1,1,1
23774,,1,1.0,0.998268,0.999134,1,1,1
23778,,1,1.0,0.997939,0.998969,1,1,1
23779,,1,0.999169,0.998269,0.998719,1,1,1
23780,,1,0.990523,0.926709,0.958616,1,1,1
23784,,1,0.999921,0.999993,0.999957,1,1,1
23793,,1,0.966491,0.137465,0.551978,1,0,1
23814,,1,1.0,0.991038,0.995519,1,1,1
23819,,1,0.999797,0.999993,0.999895,1,1,1
23824,,1,0.999797,0.999993,0.999895,1,1,1
23826,,1,0.999797,0.999993,0.999895,1,1,1
23828,,1,0.990523,0.925518,0.958021,1,1,1
23830,,1,0.990523,0.926709,0.958616,1,1,1
23834,,1,1.0,0.998268,0.999134,1,1,1
23835,,1,0.301175,0.106519,0.203847,0,0,0
23837,,1,1.0,0.99996,0.99998,1,1,1
23843,,1,1.0,0.999984,0.999992,1,1,1
23850,,1,0.990523,0.925518,0.958021,1,1,1
23853,,1,0.999921,0.999993,0.999957,1,1,1
23855,,1,1.0,0.999994,0.999997,1,1,1
23856,,1,1.0,1.0,1.0,1,1,1
23860,,1,0.990523,0.926709,0.958616,1,1,1
23868,,1,0.900395,0.944368,0.922382,1,1,1
23872,,1,0.999921,0.999993,0.999957,1,1,1
23875,,1,1.0,0.999995,0.999997,1,1,1
23876,,1,0.301175,0.106519,0.203847,0,0,0
23885,,0,0.01,0.256413,0.133207,0,0,0
23887,,1,0.999921,0.999993,0.999957,1,1,1
23893,,1,1.0,0.999994,0.999997,1,1,1
23897,,1,1.0,0.965939,0.982969,1,1,1
23906,,1,0.999797,0.999993,0.999895,1,1,1
23913,,1,1.0,0.999995,0.999997,1,1,1
23914,,1,0.990523,0.926709,0.958616,1,1,1
23924,,1,1.0,0.999993,0.999996,1,1,1
23927,,1,0.531851,0.930347,0.731099,1,1,1
23930,,1,0.990523,0.926709,0.958616,1,1,1
23946,,1,0.993138,0.797841,0.895489,1,1,1
23948,,1,0.999797,0.999993,0.999895,1,1,1
23956,,1,1.0,1.0,1.0,1,1,1
23963,,1,0.993138,0.797819,0.895479,1,1,1
23976,,1,1.0,0.890792,0.945396,1,1,1
23980,,1,1.0,0.999994,0.999997,1,1,1
23982,,1,1.0,0.999367,0.999684,1,1,1
23987,,1,1.0,0.950089,0.975044,1,1,1
24002,,1,1.0,0.999515,0.999757,1,1,1
24004,,1,0.999797,0.999993,0.999895,1,1,1
24007,,1,0.999797,0.999993,0.999895,1,1,1
24008,,1,1.0,0.999993,0.999996,1,1,1
24017,,1,1.0,0.999431,0.999716,1,1,1
24022,,1,1.0,0.998733,0.999367,1,1,1
24026,,1,0.990523,0.925518,0.958021,1,1,1
24030,,1,1.0,1.0,1.0,1,1,1
24034,,1,0.999921,0.999993,0.999957,1,1,1
24036,,1,1.0,0.999994,0.999997,1,1,1
24042,,1,0.999169,0.998269,0.998719,1,1,1
24049,,1,1.0,1.0,1.0,1,1,1
24059,,1,1.0,0.892846,0.946423,1,1,1
24064,,1,1.0,0.998268,0.999134,1,1,1
24068,,1,1.0,0.999931,0.999965,1,1,1
24076,,1,1.0,0.453179,0.72659,1,0,1
24093,,1,1.0,0.763573,0.881787,1,1,1
24096,,1,0.990523,0.925518,0.958021,1,1,1
24098,,1,0.999797,0.999993,0.999895,1,1,1
24102,,1,1.0,1.0,1.0,1,1,1
24103,,1,0.999797,0.999993,0.999895,1,1,1
24109,,1,0.999797,0.999993,0.999895,1,1,1
24111,,0,1.8e-05,8.9e-05,5.3e-05,0,0,0
24115,,0,0.0,0.001299,0.000649,0,0,0
24124,,1,1.0,1.0,1.0,1,1,1
24126,,1,0.999797,0.999993,0.999895,1,1,1
24130,,1,0.999921,0.999993,0.999957,1,1,1
24134,,1,0.990523,0.925518,0.958021,1,1,1
24146,,1,1.0,0.998268,0.999134,1,1,1
24147,,1,0.990523,0.926709,0.958616,1,1,1
24149,,1,1.0,1.0,1.0,1,1,1
24154,,1,0.999169,0.748323,0.873746,1,1,1
24164,,1,1.0,0.999997,0.999999,1,1,1
24172,,1,1.0,0.999994,0.999997,1,1,1
24173,,1,1.0,1.0,1.0,1,1,1
24175,,1,0.990523,0.925518,0.958021,1,1,1
24178,,1,1.0,0.892015,0.946008,1,1,1
24179,,1,0.301175,0.106519,0.203847,0,0,0
24194,,1,0.990523,0.926709,0.958616,1,1,1
24199,,1,1.0,1.0,1.0,1,1,1
24200,,1,0.990523,0.925518,0.958021,1,1,1
24205,,1,0.999921,0.999993,0.999957,1,1,1
24207,,1,1.0,0.991048,0.995524,1,1,1
24212,,1,0.990523,0.925518,0.958021,1,1,1
24218,,1,0.111605,0.117329,0.114467,0,0,0
24220,,1,0.990523,0.926709,0.958616,1,1,1
24225,,1,0.999921,0.999993,0.999957,1,1,1
24230,,1,0.990523,0.926709,0.958616,1,1,1
24231,,1,1.0,0.999995,0.999998,1,1,1
24232,,1,0.531851,0.930347,0.731099,1,1,1
24237,,1,0.990523,0.926709,0.958616,1,1,1
24240,,1,0.999797,0.999993,0.999895,1,1,1
24241,,1,1.0,0.999997,0.999999,1,1,1
24253,,1,0.999921,0.999993,0.999957,1,1,1
24258,,1,0.990523,0.925518,0.958021,1,1,1
24266,,1,1.0,0.998055,0.999027,1,1,1
24267,,1,0.990523,0.926709,0.958616,1,1,1
24273,,1,1.0,0.999992,0.999996,1,1,1
24277,,1,1.0,0.998268,0.999134,1,1,1
24278,,1,1.0,0.999994,0.999997,1,1,1
24284,,1,1.0,0.892399,0.946199,1,1,1
24285,,1,0.999921,0.999993,0.999957,1,1,1
24286,,1,1.0,0.995791,0.997895,1,1,1
24290,,1,1.0,0.999996,0.999998,1,1,1
24291,,1,1.0,1.0,1.0,1,1,1
24296,,1,1.0,0.998268,0.999134,1,1,1
24297,,1,0.99,0.950033,0.970016,1,1,1
24298,,1,1.0,0.999995,0.999997,1,1,1
24309,,1,1.0,0.998334,0.999167,1,1,1
24310,,1,1.0,1.0,1.0,1,1,1
24311,,1,1.0,0.961628,0.980814,1,1,1
24313,,1,1.0,0.999998,0.999999,1,1,1
24316,,1,0.990523,0.926709,0.958616,1,1,1
24319,,1,1.0,0.892372,0.946186,1,1,1
24321,,1,0.999797,0.999993,0.999895,1,1,1
24326,,1,0.990523,0.926709,0.958616,1,1,1
24340,,1,1.0,1.0,1.0,1,1,1
24343,,1,0.990523,0.925518,0.958021,1,1,1
24355,,1,0.990523,0.925518,0.958021,1,1,1
24358,,1,0.988408,0.803105,0.895756,1,1,1
24360,,1,0.979492,0.801691,0.890591,1,1,1
24361,,1,0.990523,0.925518,0.958021,1,1,1
24365,,1,0.999921,0.999993,0.999957,1,1,1
24370,,1,0.999797,0.999993,0.999895,1,1,1
24371,,1,1.0,0.999995,0.999997,1,1,1
24372,,1,0.301175,0.106519,0.203847,0,0,0
24374,,1,0.999921,0.999993,0.999957,1,1,1
24388,,0,0.0,0.007458,0.003729,0,0,0
24394,,1,1.0,0.991011,0.995505,1,1,1
24399,,1,1.0,0.999986,0.999993,1,1,1
24403,,1,1.0,0.999994,0.999997,1,1,1
24404,,1,1.0,1.0,1.0,1,1,1
24406,,1,0.301175,0.106519,0.203847,0,0,0
24410,,1,1.0,0.999987,0.999993,1,1,1
24411,,1,1.0,0.999995,0.999997,1,1,1
24416,,1,0.990523,0.926709,0.958616,1,1,1
24419,,1,1.0,0.999994,0.999997,1,1,1
24422,,0,0.010523,0.119491,0.065007,0,0,0
24424,,1,1.0,1.0,1.0,1,1,1
24429,,1,1.0,0.950076,0.975038,1,1,1
24433,,1,0.990523,0.925518,0.958021,1,1,1
24445,,1,1.0,1.0,1.0,1,1,1
24452,,1,1.0,0.996376,0.998188,1,1,1
24453,,1,1.0,1.0,1.0,1,1,1
24462,,1,1.0,0.985803,0.992902,1,1,1
24466,,1,1.0,0.999957,0.999979,1,1,1
24471,,1,1.0,1.0,1.0,1,1,1
24472,,1,1.0,0.999432,0.999716,1,1,1
24483,,0,0.02,0.003146,0.011573,0,0,0
24484,,1,0.999797,0.999993,0.999895,1,1,1
24489,,1,1.0,1.0,1.0,1,1,1
24493,,1,0.993138,0.797761,0.89545,1,1,1
24501,,1,1.0,0.999994,0.999997,1,1,1
24504,,1,1.0,0.999386,0.999693,1,1,1
24506,,1,1.0,0.999994,0.999997,1,1,1
24507,,1,0.95,0.999186,0.974593,1,1,1
24508,,1,0.990523,0.926709,0.958616,1,1,1
24509,,1,0.95,0.999955,0.974978,1,1,1
24510,,1,0.990523,0.926709,0.958616,1,1,1
24511,,1,0.990523,0.926709,0.958616,1,1,1
24520,,1,1.0,0.996967,0.998484,1,1,1
24522,,1,0.999921,0.999993,0.999957,1,1,1
24533,,1,1.0,1.0,1.0,1,1,1
24542,,1,1.0,0.998268,0.999134,1,1,1
24555,,1,1.0,0.891719,0.945859,1,1,1
24574,,1,0.999921,0.999993,0.999957,1,1,1
24583,,1,1.0,1.0,1.0,1,1,1
24584,,1,0.999921,0.999993,0.999957,1,1,1
24591,,1,1.0,1.0,1.0,1,1,1
24597,,1,1.0,0.999992,0.999996,1,1,1
24600,,1,1.0,0.998268,0.999134,1,1,1
24602,,1,0.990523,0.925518,0.958021,1,1,1
24606,,1,0.988408,0.803047,0.895727,1,1,1
24610,,1,0.990523,0.926709,0.958616,1,1,1
24614,,0,0.0,0.0,0.0,0,0,0
24616,,1,1.0,0.998233,0.999116,1,1,1
24619,,1,0.990523,0.925518,0.958021,1,1,1
24626,,1,0.982912,0.803244,0.893078,1,1,1
24630,,1,0.98,0.999997,0.989999,1,1,1
24632,,1,0.999797,0.999993,0.999895,1,1,1
24639,,1,1.0,1.0,1.0,1,1,1
24645,,1,1.0,0.990331,0.995166,1,1,1
24648,,1,1.0,0.999994,0.999997,1,1,1
24652,,1,1.0,0.999995,0.999997,1,1,1
24657,,1,0.95,0.99999,0.974995,1,1,1
24658,,1,1.0,0.965887,0.982944,1,1,1
24660,,1,0.990523,0.925518,0.958021,1,1,1
24668,,1,1.0,0.022424,0.511212,1,0,1
24677,,1,0.966491,0.187805,0.577148,1,0,1
24678,,1,0.990523,0.926709,0.958616,1,1,1
24681,,1,0.990523,0.925518,0.958021,1,1,1
24684,,1,1.0,0.893441,0.94672,1,1,1
24687,,1,1.0,0.991011,0.995506,1,1,1
24688,,1,1.0,0.999968,0.999984,1,1,1
24692,,1,1.0,0.999996,0.999998,1,1,1
24695,,1,1.0,0.986683,0.993341,1,1,1
24697,,1,1.0,1.0,1.0,1,1,1
24702,,1,1.0,1.0,1.0,1,1,1
24704,,1,1.0,0.999995,0.999997,1,1,1
24707,,1,1.0,0.998189,0.999095,1,1,1
24709,,1,0.990523,0.925518,0.958021,1,1,1
24712,,1,1.0,0.169384,0.584692,1,0,1
24716,,1,1.0,1.0,1.0,1,1,1
24726,,1,0.990523,0.925518,0.958021,1,1,1
24731,,1,0.999797,0.999993,0.999895,1,1,1
24733,,1,1.0,0.999995,0.999997,1,1,1
24737,,1,0.999797,0.999993,0.999895,1,1,1
24747,,1,1.0,0.999425,0.999713,1,1,1
24753,,1,0.990523,0.926709,0.958616,1,1,1
24757,,1,1.0,0.999993,0.999996,1,1,1
24761,,1,0.993138,0.797567,0.895353,1,1,1
24782,,1,0.999797,0.999993,0.999895,1,1,1
24786,,1,1.0,0.999999,0.999999,1,1,1
24787,,1,1.0,0.998735,0.999368,1,1,1
24804,,1,1.0,0.999981,0.999991,1,1,1
24806,,1,0.990523,0.926709,0.958616,1,1,1
24809,,1,0.999797,0.999993,0.999895,1,1,1
24811,,1,1.0,1.0,1.0,1,1,1
24815,,1,0.993138,0.797646,0.895392,1,1,1
24820,,0,0.0,0.000503,0.000251,0,0,0
24840,,1,0.990523,0.926709,0.958616,1,1,1
24841,,1,0.999921,0.999993,0.999957,1,1,1
24848,,1,0.900395,0.944368,0.922382,1,1,1
24849,,1,0.999797,0.999993,0.999895,1,1,1
24850,,1,1.0,1.0,1.0,1,1,1
24856,,1,0.990523,0.926709,0.958616,1,1,1
24863,,1,0.999169,0.998269,0.998719,1,1,1
24868,,1,1.0,0.999993,0.999996,1,1,1
24882,,1,1.0,1.0,1.0,1,1,1
24883,,0,0.0,0.007507,0.003754,0,0,0
24888,,1,1.0,1.0,1.0,1,1,1
24896,,1,1.0,1.0,1.0,1,1,1
24907,,1,1.0,1.0,1.0,1,1,1
24908,,1,0.990523,0.925518,0.958021,1,1,1
24909,,1,1.0,1.0,1.0,1,1,1
24910,,1,0.990523,0.925518,0.958021,1,1,1
24914,,1,1.0,1.0,1.0,1,1,1
24916,,1,1.0,1.0,1.0,1,1,1
24919,,1,1.0,0.99989,0.999945,1,1,1
24923,,1,0.999921,0.999993,0.999957,1,1,1
24924,,1,1.0,0.625261,0.812631,1,1,1
24925,,1,0.999169,0.998269,0.998719,1,1,1
24928,,1,1.0,1.0,1.0,1,1,1
24929,,1,1.0,0.950078,0.975039,1,1,1
24938,,1,1.0,0.996947,0.998474,1,1,1
24943,,0,0.0,0.038013,0.019007,0,0,0
24949,,1,1.0,1.0,1.0,1,1,1
24950,,1,1.0,1.0,1.0,1,1,1
24956,,1,1.0,0.998445,0.999222,1,1,1
24967,,1,1.0,0.990968,0.995484,1,1,1
24968,,1,1.0,0.999995,0.999997,1,1,1
24975,,1,1.0,0.999996,0.999998,1,1,1
24982,,1,0.990523,0.925518,0.958021,1,1,1
24985,,1,1.0,0.99948,0.99974,1,1,1
24991,,1,1.0,0.996972,0.998486,1,1,1
25000,,1,1.0,0.965964,0.982982,1,1,1
25002,,1,1.0,0.999995,0.999997,1,1,1
25003,,1,1.0,1.0,1.0,1,1,1
25004,,1,0.990523,0.925518,0.958021,1,1,1
25005,,1,1.0,1.0,1.0,1,1,1
25009,,1,0.990523,0.925518,0.958021,1,1,1
25014,,1,1.0,0.949966,0.974983,1,1,1
25016,,1,0.990523,0.925518,0.958021,1,1,1
25018,,1,1.0,0.965922,0.982961,1,1,1
25021,,1,1.0,0.991039,0.995519,1,1,1
25043,,1,0.990523,0.926709,0.958616,1,1,1
25044,,1,0.990523,0.926709,0.958616,1,1,1
25062,,1,0.97,0.215186,0.592593,1,0,1
25067,,1,1.0,1.0,1.0,1,1,1
25072,,1,1.0,1.0,1.0,1,1,1
25083,,1,1.0,0.998268,0.999134,1,1,1
25085,,1,1.0,0.998446,0.999223,1,1,1
25086,,1,0.990523,0.926709,0.958616,1,1,1
25089,,1,0.999921,0.999993,0.999957,1,1,1
25106,,1,1.0,0.999995,0.999997,1,1,1
25109,,1,1.0,0.999995,0.999997,1,1,1
25110,,1,0.999169,0.998269,0.998719,1,1,1
25113,,1,1.0,1.0,1.0,1,1,1
25114,,1,1.0,1.0,1.0,1,1,1
25115,,1,0.999921,0.999993,0.999957,1,1,1
25120,,1,0.990523,0.925518,0.958021,1,1,1
25128,,1,1.0,0.998268,0.999134,1,1,1
25135,,1,1.0,0.998262,0.999131,1,1,1
25142,,1,1.0,1.0,1.0,1,1,1
25147,,1,1.0,0.998218,0.999109,1,1,1
25148,,1,1.0,0.955657,0.977828,1,1,1
25150,,1,0.999797,0.999993,0.999895,1,1,1
25152,,1,0.990523,0.925518,0.958021,1,1,1
25159,,1,1.0,1.0,1.0,1,1,1
25162,,1,0.990523,0.925518,0.958021,1,1,1
25174,,1,1.0,0.996951,0.998476,1,1,1
25183,,1,1.0,0.999427,0.999714,1,1,1
25193,,1,1.0,0.999995,0.999997,1,1,1
25197,,1,0.990523,0.925518,0.958021,1,1,1
25199,,1,0.900395,0.944368,0.922382,1,1,1
25206,,1,1.0,0.999995,0.999997,1,1,1
25209,,1,0.990523,0.925518,0.958021,1,1,1
25220,,1,0.999797,0.999993,0.999895,1,1,1
25225,,1,0.999921,0.999993,0.999957,1,1,1
25228,,1,0.999797,0.999993,0.999895,1,1,1
25242,,1,0.999797,0.999993,0.999895,1,1,1
25246,,1,1.0,0.999998,0.999999,1,1,1
25255,,1,1.0,1.0,1.0,1,1,1
25257,,1,0.990523,0.925518,0.958021,1,1,1
25258,,1,1.0,0.999993,0.999996,1,1,1
25262,,1,0.99,1.0,0.995,1,1,1
25267,,1,0.990523,0.925518,0.958021,1,1,1
25279,,1,0.999169,0.998269,0.998719,1,1,1
25286,,1,0.988408,0.803119,0.895763,1,1,1
25293,,1,0.301175,0.106519,0.203847,0,0,0
25294,,1,1.0,1.0,1.0,1,1,1
25297,,1,0.999797,0.999993,0.999895,1,1,1
25304,,1,1.0,0.999987,0.999993,1,1,1
25312,,1,0.979492,0.802285,0.890889,1,1,1
25313,,1,1.0,1.0,1.0,1,1,1
25321,,1,0.531851,0.930347,0.731099,1,1,1
25325,,1,1.0,0.999082,0.999541,1,1,1
25332,,1,0.990523,0.926709,0.958616,1,1,1
25333,,1,0.990523,0.926709,0.958616,1,1,1
25341,,1,1.0,0.999994,0.999997,1,1,1
25344,,1,1.0,0.999994,0.999997,1,1,1
25346,,1,1.0,0.999319,0.99966,1,1,1
25355,,1,1.0,0.999885,0.999942,1,1,1
25360,,1,1.0,0.965964,0.982982,1,1,1
25380,,1,1.0,0.985189,0.992595,1,1,1
25382,,1,0.990523,0.925518,0.958021,1,1,1
25390,,1,1.0,0.74608,0.87304,1,1,1
25399,,1,1.0,1.0,1.0,1,1,1
25402,,1,1.0,0.998268,0.999134,1,1,1
25403,,1,1.0,0.999995,0.999997,1,1,1
25426,,1,1.0,0.999994,0.999997,1,1,1
25430,,1,1.0,1.0,1.0,1,1,1
25431,,1,0.999921,0.999993,0.999957,1,1,1
25435,,1,1.0,0.999952,0.999976,1,1,1
25436,,1,1.0,0.991045,0.995523,1,1,1
25440,,1,0.990523,0.925518,0.958021,1,1,1
25449,,1,1.0,1.0,1.0,1,1,1
25454,,1,1.0,0.8911,0.94555,1,1,1
25459,,1,1.0,1.0,1.0,1,1,1
25463,,1,1.0,0.892273,0.946136,1,1,1
25467,,1,1.0,1.0,1.0,1,1,1
25474,,1,0.999921,0.999993,0.999957,1,1,1
25477,,1,0.999169,0.998269,0.998719,1,1,1
25484,,1,0.988408,0.803089,0.895748,1,1,1
25487,,0,0.013755,0.005508,0.009631,0,0,0
25488,,1,0.990523,0.926709,0.958616,1,1,1
25489,,1,0.990523,0.925518,0.958021,1,1,1
25491,,1,0.990523,0.926709,0.958616,1,1,1
25501,,1,1.0,0.99104,0.99552,1,1,1
25502,,1,0.990523,0.926709,0.958616,1,1,1
25505,,1,1.0,0.999954,0.999977,1,1,1
25507,,1,1.0,1.0,1.0,1,1,1
25515,,1,0.990523,0.925518,0.958021,1,1,1
25518,,1,0.990523,0.925518,0.958021,1,1,1
25520,,1,0.301175,0.106519,0.203847,0,0,0
25525,,1,0.990523,0.926709,0.958616,1,1,1
25531,,1,0.990523,0.925518,0.958021,1,1,1
25534,,1,0.999921,0.999993,0.999957,1,1,1
25544,,1,1.0,0.999994,0.999997,1,1,1
25545,,1,0.990523,0.925518,0.958021,1,1,1
25547,,1,0.999921,0.999993,0.999957,1,1,1
25549,,1,1.0,0.996347,0.998173,1,1,1
25551,,1,0.531851,0.930347,0.731099,1,1,1
25569,,1,1.0,0.999931,0.999965,1,1,1
25578,,1,1.0,0.833372,0.916686,1,1,1
25582,,1,0.990523,0.926709,0.958616,1,1,1
25584,,1,1.0,0.999994,0.999997,1,1,1
25590,,1,0.999797,0.999993,0.999895,1,1,1
25591,,1,0.999921,0.999993,0.999957,1,1,1
25603,,1,0.993138,0.797831,0.895485,1,1,1
25609,,1,1.0,0.999953,0.999977,1,1,1
25612,,1,0.990523,0.925518,0.958021,1,1,1
25613,,1,1.0,1.0,1.0,1,1,1
25623,,1,1.0,0.999997,0.999998,1,1,1
25655,,1,0.988408,0.80311,0.895759,1,1,1
25661,,1,0.301175,0.106519,0.203847,0,0,0
25662,,1,1.0,0.999993,0.999997,1,1,1
25665,,1,1.0,0.891611,0.945806,1,1,1
25673,,1,1.0,0.012063,0.506031,1,0,1
25674,,1,1.0,0.999995,0.999997,1,1,1
25675,,1,0.990523,0.926709,0.958616,1,1,1
25676,,1,0.531851,0.930347,0.731099,1,1,1
25678,,1,1.0,0.999997,0.999999,1,1,1
25686,,1,0.990523,0.925518,0.958021,1,1,1
25693,,1,0.990523,0.926709,0.958616,1,1,1
25694,,1,1.0,0.999997,0.999999,1,1,1
25709,,1,1.0,0.999995,0.999997,1,1,1
25710,,1,1.0,0.998268,0.999134,1,1,1
25719,,1,0.999797,0.999993,0.999895,1,1,1
25722,,1,0.990523,0.926709,0.958616,1,1,1
25724,,1,0.990523,0.925518,0.958021,1,1,1
25727,,1,0.988408,0.803128,0.895768,1,1,1
25736,,1,0.990523,0.926709,0.958616,1,1,1
25753,,1,1.0,0.914882,0.957441,1,1,1
25758,,1,0.99,0.356537,0.673268,1,0,1
25759,,1,0.999797,0.999993,0.999895,1,1,1
25763,,1,1.0,0.998291,0.999146,1,1,1
25781,,1,0.999797,0.999993,0.999895,1,1,1
25790,,1,1.0,0.966681,0.98334,1,1,1
25792,,1,1.0,0.999994,0.999997,1,1,1
25795,,1,1.0,0.999994,0.999997,1,1,1
25796,,1,0.993138,0.79785,0.895494,1,1,1
25800,,1,1.0,1.0,1.0,1,1,1
25807,,1,1.0,0.985786,0.992893,1,1,1
25815,,1,1.0,0.998268,0.999134,1,1,1
25821,,1,1.0,0.991049,0.995524,1,1,1
25847,,1,1.0,0.998086,0.999043,1,1,1
25857,,1,1.0,0.999993,0.999997,1,1,1
25859,,1,1.0,0.012076,0.506038,1,0,1
25861,,1,0.999797,0.999993,0.999895,1,1,1
25864,,1,1.0,1.0,1.0,1,1,1
25884,,1,1.0,1.0,1.0,1,1,1
25889,,1,0.999797,0.999993,0.999895,1,1,1
25899,,1,0.999797,0.999993,0.999895,1,1,1
25902,,1,1.0,1.0,1.0,1,1,1
25903,,0,0.003378,0.002175,0.002776,0,0,0
25904,,1,0.999169,0.998269,0.998719,1,1,1
25914,,1,1.0,1.0,1.0,1,1,1
25922,,1,1.0,1.0,1.0,1,1,1
25930,,1,0.999797,0.999993,0.999895,1,1,1
25935,,1,0.111605,0.117329,0.114467,0,0,0
25942,,1,1.0,0.999994,0.999997,1,1,1
25947,,1,0.990523,0.926709,0.958616,1,1,1
25948,,1,0.990523,0.926709,0.958616,1,1,1
25951,,0,0.003378,0.00216,0.002769,0,0,0
25957,,1,1.0,1.0,1.0,1,1,1
25959,,1,0.990523,0.925518,0.958021,1,1,1
25964,,1,0.999797,0.999993,0.999895,1,1,1
25969,,1,1.0,0.999337,0.999668,1,1,1
25974,,1,1.0,1.0,1.0,1,1,1
25987,,1,0.99,0.98302,0.98651,1,1,1
26016,,1,0.990523,0.925518,0.958021,1,1,1
26018,,1,1.0,1.0,1.0,1,1,1
26020,,1,1.0,0.999854,0.999927,1,1,1
26022,,1,0.990523,0.925518,0.958021,1,1,1
26023,,1,1.0,1.0,1.0,1,1,1
26025,,1,1.0,0.999995,0.999997,1,1,1
26026,,1,1.0,1.0,1.0,1,1,1
26032,,1,0.900395,0.944368,0.922382,1,1,1
26035,,1,0.990523,0.926709,0.958616,1,1,1
26037,,1,1.0,0.999995,0.999997,1,1,1
26039,,1,0.988408,0.803103,0.895755,1,1,1
26044,,1,1.0,1.0,1.0,1,1,1
26049,,1,1.0,1.0,1.0,1,1,1
26050,,1,1.0,0.999994,0.999997,1,1,1
26052,,1,1.0,1.0,1.0,1,1,1
26053,,1,0.990523,0.925518,0.958021,1,1,1
26056,,1,0.999921,0.999993,0.999957,1,1,1
26060,,1,0.990523,0.926709,0.958616,1,1,1
26066,,1,0.990523,0.926709,0.958616,1,1,1
26068,,1,1.0,0.985509,0.992755,1,1,1
26082,,1,0.76,0.005052,0.382526,1,0,0
26087,,1,0.999169,0.998269,0.998719,1,1,1
26089,,1,0.999797,0.999993,0.999895,1,1,1
26090,,1,0.999797,0.999993,0.999895,1,1,1
26094,,1,1.0,1.0,1.0,1,1,1
26110,,1,1.0,1.0,1.0,1,1,1
26114,,1,1.0,0.978144,0.989072,1,1,1
26127,,1,0.966491,0.187767,0.577129,1,0,1
26128,,1,0.97,0.215186,0.592593,1,0,1
26130,,1,0.990523,0.925518,0.958021,1,1,1
26143,,1,1.0,1.0,1.0,1,1,1
26155,,1,0.990523,0.926709,0.958616,1,1,1
26158,,1,0.990523,0.925518,0.958021,1,1,1
26164,,1,0.863378,0.047828,0.455603,1,0,0
26183,,1,1.0,0.999995,0.999997,1,1,1
26187,,1,1.0,0.999461,0.999731,1,1,1
26191,,1,0.990523,0.925518,0.958021,1,1,1
26197,,1,0.990523,0.926709,0.958616,1,1,1
26198,,1,1.0,1.0,1.0,1,1,1
26211,,1,1.0,0.893109,0.946554,1,1,1
26216,,1,1.0,0.999959,0.999979,1,1,1
26219,,1,0.990523,0.925518,0.958021,1,1,1
26222,,1,0.999169,0.998269,0.998719,1,1,1
26224,,1,1.0,0.998145,0.999073,1,1,1
26225,,1,1.0,0.999995,0.999997,1,1,1
26233,,1,0.900395,0.944368,0.922382,1,1,1
26235,,1,1.0,0.999995,0.999997,1,1,1
26236,,1,0.993138,0.797835,0.895487,1,1,1
26238,,1,0.990523,0.925518,0.958021,1,1,1
26241,,1,1.0,0.999895,0.999947,1,1,1
26244,,1,1.0,0.999994,0.999997,1,1,1
26250,,1,1.0,0.999422,0.999711,1,1,1
26252,,1,1.0,0.998268,0.999134,1,1,1
26257,,1,1.0,0.999995,0.999997,1,1,1
26269,,1,0.990523,0.925518,0.958021,1,1,1
26279,,1,1.0,0.999994,0.999997,1,1,1
26287,,1,1.0,0.998396,0.999198,1,1,1
26288,,1,0.990523,0.926709,0.958616,1,1,1
26293,,1,1.0,0.998269,0.999134,1,1,1
26300,,1,0.999921,0.999993,0.999957,1,1,1
26311,,1,1.0,0.999994,0.999997,1,1,1
26314,,1,1.0,0.999987,0.999993,1,1,1
26316,,1,1.0,0.991052,0.995526,1,1,1
26323,,1,1.0,0.999365,0.999682,1,1,1
26324,,1,0.990523,0.925518,0.958021,1,1,1
26325,,1,1.0,1.0,1.0,1,1,1
26328,,1,0.999797,0.999993,0.999895,1,1,1
26332,,1,0.990523,0.926709,0.958616,1,1,1
26337,,1,1.0,0.997831,0.998915,1,1,1
26341,,1,1.0,0.999994,0.999997,1,1,1
26342,,1,0.990523,0.925518,0.958021,1,1,1
26348,,1,0.999797,0.999993,0.999895,1,1,1
26355,,1,0.990523,0.926709,0.958616,1,1,1
26362,,1,0.990523,0.926709,0.958616,1,1,1
26366,,1,0.990523,0.925518,0.958021,1,1,1
26370,,1,1.0,1.0,1.0,1,1,1
26379,,1,1.0,0.999994,0.999997,1,1,1
26381,,1,1.0,0.999838,0.999919,1,1,1
26383,,1,0.990523,0.925518,0.958021,1,1,1
26389,,1,1.0,0.998049,0.999025,1,1,1
26394,,1,1.0,0.999999,1.0,1,1,1
26400,,1,0.990523,0.925518,0.958021,1,1,1
26405,,1,0.98,0.999979,0.98999,1,1,1
26408,,1,0.301175,0.106519,0.203847,0,0,0
26410,,1,0.999921,0.999993,0.999957,1,1,1
26414,,1,0.993138,0.797876,0.895507,1,1,1
26435,,1,0.999169,0.998269,0.998719,1,1,1
26438,,1,1.0,0.999993,0.999997,1,1,1
26439,,1,0.999797,0.999993,0.999895,1,1,1
26441,,1,0.999797,0.999993,0.999895,1,1,1
26450,,1,0.990523,0.925518,0.958021,1,1,1
26455,,1,0.990523,0.925518,0.958021,1,1,1
26458,,1,1.0,0.998268,0.999134,1,1,1
26465,,1,1.0,0.999998,0.999999,1,1,1
26467,,1,1.0,0.999995,0.999997,1,1,1
26476,,1,0.900395,0.944368,0.922382,1,1,1
26481,,1,1.0,0.011925,0.505963,1,0,1
26500,,1,1.0,0.998268,0.999134,1,1,1
26501,,1,1.0,0.999971,0.999985,1,1,1
26505,,1,1.0,0.999994,0.999997,1,1,1
26513,,1,0.999797,0.999993,0.999895,1,1,1
26518,,1,0.990523,0.926709,0.958616,1,1,1
26522,,1,0.999169,0.998269,0.998719,1,1,1
26531,,1,0.999797,0.999993,0.999895,1,1,1
26538,,1,1.0,0.894268,0.947134,1,1,1
26542,,1,0.999797,0.999993,0.999895,1,1,1
26550,,1,0.990523,0.926709,0.958616,1,1,1
26571,,1,0.97,0.638337,0.804168,1,1,1
26576,,1,1.0,0.996973,0.998487,1,1,1
26577,,1,0.990523,0.925518,0.958021,1,1,1
26578,,1,1.0,0.983916,0.991958,1,1,1
26584,,1,0.301175,0.106519,0.203847,0,0,0
26592,,1,0.999797,0.999993,0.999895,1,1,1
26594,,1,0.301175,0.106519,0.203847,0,0,0
26597,,1,0.999797,0.999993,0.999895,1,1,1
26598,,1,1.0,0.999994,0.999997,1,1,1
26599,,1,1.0,0.990467,0.995234,1,1,1
26603,,1,0.999169,0.998269,0.998719,1,1,1
26607,,1,1.0,0.998268,0.999134,1,1,1
26608,,1,1.0,1.0,1.0,1,1,1
26613,,1,1.0,0.746907,0.873454,1,1,1
26615,,1,1.0,0.999994,0.999997,1,1,1
26620,,1,1.0,0.999994,0.999997,1,1,1
26624,,1,1.0,0.991022,0.995511,1,1,1
26629,,1,1.0,1.0,1.0,1,1,1
26630,,1,1.0,0.95008,0.97504,1,1,1
26632,,1,0.990523,0.926709,0.958616,1,1,1
26634,,1,0.990523,0.926709,0.958616,1,1,1
26637,,1,0.990523,0.925518,0.958021,1,1,1
26648,,1,0.990523,0.925518,0.958021,1,1,1
26653,,1,0.988408,0.803069,0.895738,1,1,1
26662,,1,1.0,0.999995,0.999997,1,1,1
26663,,1,1.0,0.999996,0.999998,1,1,1
26665,,1,1.0,0.999993,0.999997,1,1,1
26668,,1,1.0,0.99991,0.999955,1,1,1
26694,,1,1.0,0.997083,0.998541,1,1,1
26700,,1,1.0,0.92231,0.961155,1,1,1
26701,,1,1.0,0.999995,0.999997,1,1,1
26705,,1,1.0,1.0,1.0,1,1,1
26708,,1,0.301175,0.106519,0.203847,0,0,0
26711,,1,0.999797,0.999993,0.999895,1,1,1
26714,,1,0.98,0.885222,0.932611,1,1,1
26718,,1,1.0,0.89237,0.946185,1,1,1
26723,,0,0.301175,0.106519,0.203847,0,0,0
26728,,1,0.999921,0.999993,0.999957,1,1,1
26731,,1,1.0,0.999992,0.999996,1,1,1
26735,,1,1.0,0.953839,0.97692,1,1,1
26737,,1,1.0,1.0,1.0,1,1,1
26739,,1,0.990523,0.925518,0.958021,1,1,1
26741,,1,1.0,0.990992,0.995496,1,1,1
26743,,1,1.0,0.998268,0.999134,1,1,1
26757,,1,0.301175,0.106519,0.203847,0,0,0
26759,,1,0.990523,0.926709,0.958616,1,1,1
26760,,1,1.0,0.999553,0.999777,1,1,1
26761,,1,1.0,0.999956,0.999978,1,1,1
26762,,1,1.0,0.950195,0.975097,1,1,1
26763,,1,1.0,1.0,1.0,1,1,1
26765,,1,1.0,0.999994,0.999997,1,1,1
26767,,1,0.990523,0.925518,0.958021,1,1,1
26772,,1,1.0,1.0,1.0,1,1,1
26779,,1,0.999797,0.999993,0.999895,1,1,1
26780,,1,1.0,1.0,1.0,1,1,1
26795,,1,0.301175,0.106519,0.203847,0,0,0
26796,,1,0.531851,0.930347,0.731099,1,1,1
26799,,1,0.990523,0.926709,0.958616,1,1,1
26800,,1,0.900395,0.944368,0.922382,1,1,1
26806,,1,1.0,0.999993,0.999996,1,1,1
26809,,1,1.0,0.891038,0.945519,1,1,1
26810,,1,1.0,1.0,1.0,1,1,1
26813,,1,1.0,1.0,1.0,1,1,1
26817,,1,0.999921,0.999993,0.999957,1,1,1
26822,,1,0.999797,0.999993,0.999895,1,1,1
26826,,1,1.0,1.0,1.0,1,1,1
26836,,1,1.0,0.891152,0.945576,1,1,1
26839,,1,1.0,0.999998,0.999999,1,1,1
26840,,1,0.990523,0.925518,0.958021,1,1,1
26843,,1,0.999921,0.999993,0.999957,1,1,1
26845,,1,0.990523,0.925518,0.958021,1,1,1
26849,,1,0.990523,0.925518,0.958021,1,1,1
26855,,1,0.990523,0.925518,0.958021,1,1,1
26857,,1,0.999797,0.999993,0.999895,1,1,1
26860,,1,1.0,0.998266,0.999133,1,1,1
26863,,1,1.0,0.892702,0.946351,1,1,1
26869,,1,1.0,0.892531,0.946265,1,1,1
26872,,1,1.0,0.998268,0.999134,1,1,1
26878,,1,1.0,0.999994,0.999997,1,1,1
26884,,1,0.990523,0.925518,0.958021,1,1,1
26887,,1,1.0,0.998268,0.999134,1,1,1
26894,,1,1.0,1.0,1.0,1,1,1
26895,,1,0.990523,0.925518,0.958021,1,1,1
26898,,0,0.111605,0.117329,0.114467,0,0,0
26903,,1,1.0,0.999995,0.999997,1,1,1
26907,,1,0.990523,0.925518,0.958021,1,1,1
26916,,1,0.990523,0.925518,0.958021,1,1,1
26920,,1,0.455188,0.60547,0.530329,0,1,1
26928,,1,0.999797,0.999993,0.999895,1,1,1
26929,,1,1.0,0.999995,0.999997,1,1,1
26935,,1,0.990523,0.925518,0.958021,1,1,1
26938,,1,1.0,1.0,1.0,1,1,1
26939,,1,0.990523,0.926709,0.958616,1,1,1
26949,,1,1.0,0.999988,0.999994,1,1,1
26951,,1,0.990523,0.926709,0.958616,1,1,1
26954,,1,0.990523,0.925518,0.958021,1,1,1
26955,,1,0.988408,0.803136,0.895772,1,1,1
26957,,1,1.0,0.998106,0.999053,1,1,1
26966,,0,0.003378,0.00149,0.002434,0,0,0
26981,,1,1.0,0.999988,0.999994,1,1,1
26982,,1,0.999169,0.998269,0.998719,1,1,1
26984,,1,0.990523,0.926709,0.958616,1,1,1
26985,,1,1.0,0.996594,0.998297,1,1,1
26986,,1,1.0,0.999994,0.999997,1,1,1
26992,,1,1.0,1.0,1.0,1,1,1
27000,,0,0.0,0.001452,0.000726,0,0,0
27001,,1,1.0,0.998268,0.999134,1,1,1
27003,,0,0.0,0.000585,0.000292,0,0,0
27007,,1,0.999797,0.999993,0.999895,1,1,1
27011,,1,0.990523,0.925518,0.958021,1,1,1
27012,,1,0.301175,0.106519,0.203847,0,0,0
27013,,1,1.0,1.0,1.0,1,1,1
27016,,1,1.0,0.999765,0.999882,1,1,1
27033,,1,0.990523,0.926709,0.958616,1,1,1
27035,,1,0.990523,0.925518,0.958021,1,1,1
27038,,1,0.990523,0.925518,0.958021,1,1,1
27041,,1,0.990523,0.926709,0.958616,1,1,1
27042,,1,0.900395,0.944368,0.922382,1,1,1
27056,,1,1.0,1.0,1.0,1,1,1
27068,,1,0.999169,0.998269,0.998719,1,1,1
27069,,1,1.0,0.999997,0.999998,1,1,1
27071,,1,0.990523,0.925518,0.958021,1,1,1
27076,,1,0.990523,0.925518,0.958021,1,1,1
27083,,1,0.111605,0.117329,0.114467,0,0,0
27084,,1,0.990523,0.925518,0.958021,1,1,1
27088,,0,0.111605,0.117329,0.114467,0,0,0
27100,,1,0.999169,0.998269,0.998719,1,1,1
27101,,1,0.999169,0.998269,0.998719,1,1,1
27103,,1,0.990523,0.926709,0.958616,1,1,1
27106,,1,1.0,0.453179,0.72659,1,0,1
27107,,1,0.99,0.022426,0.506213,1,0,1
27112,,1,1.0,1.0,1.0,1,1,1
27116,,1,0.999169,0.998269,0.998719,1,1,1
27120,,1,0.990523,0.925518,0.958021,1,1,1
27131,,1,0.993138,0.797686,0.895412,1,1,1
27133,,1,0.999797,0.999993,0.999895,1,1,1
27135,,1,0.990523,0.925518,0.958021,1,1,1
27144,,1,1.0,0.998268,0.999134,1,1,1
27153,,1,0.990523,0.925518,0.958021,1,1,1
27154,,1,0.999797,0.999993,0.999895,1,1,1
27158,,1,1.0,0.953844,0.976922,1,1,1
27170,,1,0.999921,0.999993,0.999957,1,1,1
27173,,1,0.999921,0.999993,0.999957,1,1,1
27174,,1,0.990523,0.926709,0.958616,1,1,1
27176,,1,1.0,1.0,1.0,1,1,1
27181,,0,0.301175,0.106519,0.203847,0,0,0
27187,,1,1.0,0.990883,0.995441,1,1,1
27188,,1,1.0,0.950431,0.975215,1,1,1
27192,,1,0.999797,0.999993,0.999895,1,1,1
27193,,1,1.0,0.996973,0.998487,1,1,1
27209,,1,1.0,0.999994,0.999997,1,1,1
27212,,1,1.0,0.999995,0.999997,1,1,1
27213,,1,1.0,0.999994,0.999997,1,1,1
27218,,1,0.999797,0.999993,0.999895,1,1,1
27219,,1,0.990523,0.925518,0.958021,1,1,1
27220,,1,0.990523,0.925518,0.958021,1,1,1
27221,,1,0.990523,0.926709,0.958616,1,1,1
27222,,1,1.0,0.999924,0.999962,1,1,1
27244,,1,1.0,1.0,1.0,1,1,1
27247,,1,0.999169,0.822252,0.910711,1,1,1
27249,,1,1.0,0.999987,0.999994,1,1,1
27251,,1,0.990523,0.925518,0.958021,1,1,1
27257,,1,0.999797,0.999993,0.999895,1,1,1
27271,,1,1.0,1.0,1.0,1,1,1
27273,,1,0.999797,0.999993,0.999895,1,1,1
27274,,1,0.999797,0.999993,0.999895,1,1,1
27275,,1,1.0,1.0,1.0,1,1,1
27277,,1,0.990523,0.925518,0.958021,1,1,1
27278,,1,1.0,0.999994,0.999997,1,1,1
27284,,1,0.999921,0.999993,0.999957,1,1,1
27285,,1,1.0,1.0,1.0,1,1,1
27286,,1,0.999921,0.999993,0.999957,1,1,1
27287,,1,1.0,0.997998,0.998999,1,1,1
27295,,1,0.990523,0.925518,0.958021,1,1,1
27299,,1,1.0,0.999994,0.999997,1,1,1
27310,,1,1.0,0.953839,0.97692,1,1,1
27323,,1,1.0,0.999994,0.999997,1,1,1
27330,,1,1.0,0.998073,0.999036,1,1,1
27342,,1,1.0,1.0,1.0,1,1,1
27347,,1,1.0,0.999997,0.999998,1,1,1
27352,,1,1.0,0.999994,0.999997,1,1,1
27357,,1,1.0,1.0,1.0,1,1,1
27375,,1,0.999797,0.999993,0.999895,1,1,1
27377,,1,0.990523,0.926709,0.958616,1,1,1
27380,,1,0.990523,0.926709,0.958616,1,1,1
27383,,1,0.990523,0.926709,0.958616,1,1,1
27384,,1,1.0,1.0,1.0,1,1,1
27386,,1,1.0,0.997219,0.99861,1,1,1
27387,,1,1.0,1.0,1.0,1,1,1
27394,,1,0.999797,0.999993,0.999895,1,1,1
27398,,1,1.0,0.965961,0.982981,1,1,1
27406,,1,1.0,0.891139,0.945569,1,1,1
27409,,1,0.990523,0.925518,0.958021,1,1,1
27411,,1,0.990523,0.926709,0.958616,1,1,1
27413,,1,0.990523,0.925518,0.958021,1,1,1
27414,,1,0.999921,0.999993,0.999957,1,1,1
27415,,1,1.0,0.950078,0.975039,1,1,1
27422,,1,0.990523,0.926709,0.958616,1,1,1
27428,,1,1.0,1.0,1.0,1,1,1
27435,,1,1.0,0.999986,0.999993,1,1,1
27439,,1,0.990523,0.925518,0.958021,1,1,1
27446,,1,0.988408,0.802938,0.895673,1,1,1
27450,,1,0.988408,0.80306,0.895734,1,1,1
27452,,1,1.0,0.998097,0.999049,1,1,1
27459,,1,0.990523,0.926709,0.958616,1,1,1
27471,,1,1.0,0.996972,0.998486,1,1,1
27472,,1,1.0,0.999994,0.999997,1,1,1
27476,,1,0.990523,0.926709,0.958616,1,1,1
27477,,1,1.0,0.998268,0.999134,1,1,1
27483,,1,0.900395,0.944368,0.922382,1,1,1
27484,,1,1.0,0.995555,0.997778,1,1,1
27491,,1,0.990523,0.925518,0.958021,1,1,1
27495,,1,1.0,0.996974,0.998487,1,1,1
27519,,1,1.0,0.999997,0.999998,1,1,1
27522,,1,0.988408,0.803112,0.89576,1,1,1
27544,,1,1.0,0.999995,0.999997,1,1,1
27561,,1,1.0,0.999994,0.999997,1,1,1
27563,,1,0.993138,0.797836,0.895487,1,1,1
27566,,1,1.0,0.999996,0.999998,1,1,1
27567,,1,1.0,0.959706,0.979853,1,1,1
27573,,1,1.0,0.999995,0.999997,1,1,1
27587,,1,0.990523,0.925518,0.958021,1,1,1
27600,,1,1.0,0.989339,0.99467,1,1,1
27602,,1,0.111605,0.117329,0.114467,0,0,0
27603,,0,0.003378,0.024739,0.014058,0,0,0
27605,,1,0.990523,0.925518,0.958021,1,1,1
27607,,1,1.0,0.959659,0.979829,1,1,1
27612,,1,0.999797,0.999993,0.999895,1,1,1
27613,,1,0.990523,0.926709,0.958616,1,1,1
27618,,1,0.999797,0.999993,0.999895,1,1,1
27623,,1,0.999921,0.999993,0.999957,1,1,1
27625,,1,0.990523,0.925518,0.958021,1,1,1
27633,,1,0.990523,0.925518,0.958021,1,1,1
27649,,1,1.0,0.999995,0.999997,1,1,1
27651,,1,1.0,0.999453,0.999727,1,1,1
27654,,1,1.0,0.985814,0.992907,1,1,1
27659,,1,0.990523,0.925518,0.958021,1,1,1
27661,,1,1.0,0.999994,0.999997,1,1,1
27664,,1,1.0,1.0,1.0,1,1,1
27667,,0,0.003378,0.024739,0.014058,0,0,0
27670,,1,1.0,0.572689,0.786344,1,1,1
27673,,1,0.900395,0.944368,0.922382,1,1,1
27680,,1,0.999797,0.999993,0.999895,1,1,1
27681,,1,0.999797,0.999993,0.999895,1,1,1
27692,,1,1.0,0.999995,0.999997,1,1,1
27699,,1,1.0,0.999995,0.999997,1,1,1
27703,,1,1.0,1.0,1.0,1,1,1
27705,,1,1.0,0.928932,0.964466,1,1,1
27706,,1,1.0,0.996867,0.998434,1,1,1
27707,,1,1.0,0.999993,0.999996,1,1,1
27708,,1,1.0,0.999996,0.999998,1,1,1
27714,,1,0.999797,0.999993,0.999895,1,1,1
27727,,1,0.990523,0.925518,0.958021,1,1,1
27745,,1,1.0,0.951374,0.975687,1,1,1
27747,,1,1.0,1.0,1.0,1,1,1
27754,,1,0.97,0.831624,0.900812,1,1,1
27755,,1,0.990523,0.926709,0.958616,1,1,1
27761,,1,0.990523,0.926709,0.958616,1,1,1
27765,,1,0.990523,0.925518,0.958021,1,1,1
27772,,1,1.0,0.999994,0.999997,1,1,1
27776,,1,1.0,1.0,1.0,1,1,1
27787,,1,1.0,0.998268,0.999134,1,1,1
27789,,1,1.0,1.0,1.0,1,1,1
27791,,1,1.0,0.964424,0.982212,1,1,1
27793,,0,0.061463,0.084763,0.073113,0,0,0
27796,,1,0.301175,0.106519,0.203847,0,0,0
27800,,1,0.97,0.526406,0.748203,1,1,1
27804,,1,1.0,0.997099,0.998549,1,1,1
27806,,1,0.966491,0.187794,0.577142,1,0,1
27807,,1,0.990523,0.926709,0.958616,1,1,1
27815,,1,1.0,0.999999,1.0,1,1,1
27819,,1,1.0,0.499734,0.749867,1,0,1
27824,,1,1.0,0.999994,0.999997,1,1,1
27825,,1,0.990523,0.925518,0.958021,1,1,1
27828,,1,0.990523,0.926709,0.958616,1,1,1
27829,,1,0.999797,0.999993,0.999895,1,1,1
27841,,1,0.999921,0.999993,0.999957,1,1,1
27847,,1,1.0,0.99398,0.99699,1,1,1
27850,,1,1.0,0.998268,0.999134,1,1,1
27859,,1,0.990523,0.925518,0.958021,1,1,1
27862,,1,0.990523,0.926709,0.958616,1,1,1
27864,,1,0.990523,0.926709,0.958616,1,1,1
27867,,1,0.990523,0.926709,0.958616,1,1,1
27875,,1,0.990523,0.925518,0.958021,1,1,1
27879,,1,1.0,0.999997,0.999998,1,1,1
27883,,1,0.990523,0.925518,0.958021,1,1,1
27886,,1,0.966491,0.187857,0.577174,1,0,1
27911,,1,0.990523,0.926709,0.958616,1,1,1
27914,,1,1.0,1.0,1.0,1,1,1
27915,,1,1.0,0.999885,0.999942,1,1,1
27917,,1,1.0,0.996974,0.998487,1,1,1
27922,,1,0.999797,0.999993,0.999895,1,1,1
27923,,1,1.0,0.453179,0.72659,1,0,1
27926,,1,0.990523,0.925518,0.958021,1,1,1
27929,,1,0.999797,0.999993,0.999895,1,1,1
27935,,1,1.0,1.0,1.0,1,1,1
27938,,1,1.0,0.763621,0.881811,1,1,1
27948,,1,1.0,0.999995,0.999997,1,1,1
27954,,1,0.990523,0.925518,0.958021,1,1,1
27955,,1,0.988408,0.802918,0.895663,1,1,1
27961,,1,0.990523,0.925518,0.958021,1,1,1
27962,,1,0.990523,0.925518,0.958021,1,1,1
27972,,1,0.990523,0.926709,0.958616,1,1,1
27974,,1,0.301175,0.106519,0.203847,0,0,0
27983,,1,0.990523,0.925518,0.958021,1,1,1
27994,,1,1.0,0.999495,0.999748,1,1,1
28011,,1,0.990523,0.925518,0.958021,1,1,1
28012,,1,0.999797,0.999993,0.999895,1,1,1
28015,,1,0.301175,0.106519,0.203847,0,0,0
28019,,1,0.990523,0.925518,0.958021,1,1,1
28022,,1,1.0,1.0,1.0,1,1,1
28027,,1,0.990523,0.926709,0.958616,1,1,1
28028,,1,0.999797,0.999993,0.999895,1,1,1
28032,,1,1.0,0.998465,0.999233,1,1,1
28036,,1,0.999797,0.999993,0.999895,1,1,1
28037,,1,1.0,0.999995,0.999997,1,1,1
28044,,1,1.0,0.999961,0.999981,1,1,1
28050,,1,0.999921,0.999993,0.999957,1,1,1
28051,,1,1.0,0.996974,0.998487,1,1,1
28056,,1,1.0,0.999433,0.999716,1,1,1
28059,,1,1.0,0.763704,0.881852,1,1,1
28061,,1,1.0,1.0,1.0,1,1,1
28068,,1,0.999921,0.999993,0.999957,1,1,1
28077,,1,1.0,0.999969,0.999984,1,1,1
28090,,1,1.0,1.0,1.0,1,1,1
28095,,1,1.0,0.999273,0.999636,1,1,1
28105,,1,0.999169,0.998269,0.998719,1,1,1
28115,,1,0.111605,0.117329,0.114467,0,0,0
28121,,1,1.0,0.998734,0.999367,1,1,1
28129,,1,1.0,0.999945,0.999972,1,1,1
28140,,1,1.0,0.999997,0.999999,1,1,1
28143,,1,0.999797,0.999993,0.999895,1,1,1
28152,,1,0.990523,0.925518,0.958021,1,1,1
28155,,1,0.990523,0.926709,0.958616,1,1,1
28160,,1,1.0,0.999994,0.999997,1,1,1
28164,,1,0.990523,0.926709,0.958616,1,1,1
28166,,1,0.990523,0.925518,0.958021,1,1,1
28178,,1,0.999921,0.999993,0.999957,1,1,1
28181,,1,1.0,0.998268,0.999134,1,1,1
28183,,1,1.0,0.998268,0.999134,1,1,1
28191,,1,1.0,0.999993,0.999996,1,1,1
28193,,1,0.999797,0.999993,0.999895,1,1,1
28196,,1,1.0,0.999993,0.999996,1,1,1
28198,,1,1.0,0.999994,0.999997,1,1,1
28213,,1,1.0,0.999993,0.999996,1,1,1
28216,,1,0.301175,0.106519,0.203847,0,0,0
28219,,1,0.990523,0.926709,0.958616,1,1,1
28224,,1,1.0,0.999997,0.999999,1,1,1
28225,,1,1.0,0.999995,0.999997,1,1,1
28230,,1,0.999797,0.999993,0.999895,1,1,1
28231,,1,0.990523,0.925518,0.958021,1,1,1
28242,,1,0.990523,0.925518,0.958021,1,1,1
28244,,0,0.020987,0.009377,0.015182,0,0,0
28251,,1,1.0,0.868625,0.934312,1,1,1
28256,,1,1.0,0.998268,0.999134,1,1,1
28259,,1,0.999797,0.999993,0.999895,1,1,1
28262,,1,0.990523,0.925518,0.958021,1,1,1
28266,,1,0.990523,0.925518,0.958021,1,1,1
28271,,1,1.0,1.0,1.0,1,1,1
28272,,1,1.0,0.991036,0.995518,1,1,1
28273,,1,1.0,0.999937,0.999968,1,1,1
28274,,1,1.0,0.999994,0.999997,1,1,1
28279,,1,1.0,1.0,1.0,1,1,1
28283,,1,1.0,1.0,1.0,1,1,1
28289,,1,1.0,0.998446,0.999223,1,1,1
28290,,1,0.990523,0.925518,0.958021,1,1,1
28301,,1,1.0,0.999994,0.999997,1,1,1
28303,,1,1.0,0.999994,0.999997,1,1,1
28304,,1,0.999921,0.999993,0.999957,1,1,1
28307,,1,0.990523,0.925518,0.958021,1,1,1
28316,,1,1.0,0.999995,0.999997,1,1,1
28322,,1,1.0,1.0,1.0,1,1,1
28324,,1,0.990523,0.926709,0.958616,1,1,1
28332,,1,0.999921,0.999993,0.999957,1,1,1
28344,,1,0.990523,0.925518,0.958021,1,1,1
28347,,1,0.999921,0.999993,0.999957,1,1,1
28348,,1,0.999797,0.999993,0.999895,1,1,1
28358,,1,1.0,0.965902,0.982951,1,1,1
28363,,1,0.990523,0.926709,0.958616,1,1,1
28364,,1,0.990523,0.925518,0.958021,1,1,1
28365,,1,1.0,0.96163,0.980815,1,1,1
28366,,1,0.990523,0.926709,0.958616,1,1,1
28370,,1,1.0,0.965963,0.982982,1,1,1
28372,,1,0.988408,0.803125,0.895766,1,1,1
28374,,1,0.999921,0.999993,0.999957,1,1,1
28378,,1,0.999169,0.998269,0.998719,1,1,1
28388,,1,1.0,0.996968,0.998484,1,1,1
28396,,1,1.0,1.0,1.0,1,1,1
28399,,1,1.0,0.999995,0.999997,1,1,1
28403,,1,0.999921,0.999993,0.999957,1,1,1
28405,,1,1.0,0.999995,0.999997,1,1,1
28418,,1,0.990523,0.925518,0.958021,1,1,1
28427,,1,0.999921,0.999993,0.999957,1,1,1
28429,,1,1.0,0.999995,0.999997,1,1,1
28439,,1,0.301175,0.106519,0.203847,0,0,0
28440,,1,0.900395,0.944368,0.922382,1,1,1
28442,,1,0.990523,0.925518,0.958021,1,1,1
28450,,1,0.999797,0.999993,0.999895,1,1,1
28451,,1,0.990523,0.926709,0.958616,1,1,1
28452,,1,0.990523,0.925518,0.958021,1,1,1
28453,,1,1.0,0.991032,0.995516,1,1,1
28470,,1,1.0,0.999995,0.999997,1,1,1
28478,,1,0.061463,0.084763,0.073113,0,0,0
28483,,1,0.999921,0.999993,0.999957,1,1,1
28489,,1,0.999921,0.999993,0.999957,1,1,1
28496,,1,0.999169,0.998269,0.998719,1,1,1
28498,,1,1.0,0.999994,0.999997,1,1,1
28501,,1,1.0,0.999994,0.999997,1,1,1
28510,,1,1.0,0.999969,0.999985,1,1,1
28527,,1,1.0,0.998268,0.999134,1,1,1
28530,,1,0.990523,0.926709,0.958616,1,1,1
28536,,1,1.0,0.998186,0.999093,1,1,1
28537,,1,1.0,0.999999,1.0,1,1,1
28538,,1,1.0,0.999994,0.999997,1,1,1
28543,,1,0.990523,0.926709,0.958616,1,1,1
28546,,1,1.0,0.999965,0.999983,1,1,1
28553,,1,1.0,0.876664,0.938332,1,1,1
28558,,1,1.0,1.0,1.0,1,1,1
28560,,1,1.0,0.998268,0.999134,1,1,1
28563,,1,0.999169,0.998269,0.998719,1,1,1
28566,,1,1.0,1.0,1.0,1,1,1
28572,,1,0.990523,0.925518,0.958021,1,1,1
28581,,1,1.0,0.985826,0.992913,1,1,1
28584,,1,0.990523,0.926709,0.958616,1,1,1
28589,,1,1.0,1.0,1.0,1,1,1
28604,,1,0.999797,0.999993,0.999895,1,1,1
28613,,1,1.0,0.951828,0.975914,1,1,1
28619,,1,0.990523,0.925518,0.958021,1,1,1
28634,,1,0.990523,0.925518,0.958021,1,1,1
28635,,1,1.0,0.967969,0.983985,1,1,1
28637,,1,0.990523,0.925518,0.958021,1,1,1
28640,,1,1.0,1.0,1.0,1,1,1
28647,,1,0.993138,0.797784,0.895461,1,1,1
28648,,1,1.0,0.998268,0.999134,1,1,1
28656,,1,0.990523,0.926709,0.958616,1,1,1
28661,,1,0.990523,0.926709,0.958616,1,1,1
28664,,1,1.0,0.892257,0.946128,1,1,1
28665,,1,1.0,0.891267,0.945634,1,1,1
28673,,1,0.999921,0.999993,0.999957,1,1,1
28687,,1,1.0,0.999995,0.999997,1,1,1
28690,,1,1.0,0.999994,0.999997,1,1,1
28698,,1,1.0,0.999968,0.999984,1,1,1
28703,,1,1.0,0.998268,0.999134,1,1,1
28704,,1,1.0,0.999994,0.999997,1,1,1
28708,,1,0.999797,0.999993,0.999895,1,1,1
28717,,1,1.0,0.995847,0.997924,1,1,1
28721,,1,0.999921,0.999993,0.999957,1,1,1
28723,,1,0.999797,0.999993,0.999895,1,1,1
28733,,1,0.531851,0.930347,0.731099,1,1,1
28740,,1,0.990523,0.925518,0.958021,1,1,1
28747,,1,0.990523,0.925518,0.958021,1,1,1
28748,,1,0.9,0.900008,0.900004,1,1,1
28749,,1,1.0,1.0,1.0,1,1,1
28755,,1,1.0,0.999997,0.999998,1,1,1
28760,,1,0.999797,0.999993,0.999895,1,1,1
28761,,1,1.0,1.0,1.0,1,1,1
28769,,1,0.988408,0.803087,0.895747,1,1,1
28781,,1,1.0,1.0,1.0,1,1,1
28791,,1,0.990523,0.925518,0.958021,1,1,1
28794,,1,1.0,0.999993,0.999996,1,1,1
28801,,1,1.0,1.0,1.0,1,1,1
28810,,1,1.0,0.999994,0.999997,1,1,1
28814,,1,1.0,0.999669,0.999835,1,1,1
28830,,1,0.990523,0.925518,0.958021,1,1,1
28831,,1,0.990523,0.925518,0.958021,1,1,1
28840,,1,1.0,1.0,1.0,1,1,1
28841,,1,1.0,1.0,1.0,1,1,1
28857,,1,0.301175,0.106519,0.203847,0,0,0
28859,,1,0.990523,0.925518,0.958021,1,1,1
28864,,1,0.990523,0.925518,0.958021,1,1,1
28867,,1,0.990523,0.925518,0.958021,1,1,1
28868,,1,1.0,1.0,1.0,1,1,1
28869,,1,1.0,1.0,1.0,1,1,1
28870,,1,1.0,0.998129,0.999064,1,1,1
28882,,1,1.0,1.0,1.0,1,1,1
28883,,0,0.56,0.034675,0.297337,1,0,0
28886,,1,0.990523,0.926709,0.958616,1,1,1
28887,,1,0.990523,0.926709,0.958616,1,1,1
28904,,1,1.0,0.999994,0.999997,1,1,1
28908,,1,1.0,0.998267,0.999133,1,1,1
28909,,1,0.988408,0.803045,0.895726,1,1,1
28911,,1,0.990523,0.926709,0.958616,1,1,1
28912,,0,0.01,0.003811,0.006905,0,0,0
28919,,1,0.990523,0.925518,0.958021,1,1,1
28932,,1,0.999169,0.998269,0.998719,1,1,1
28934,,1,1.0,1.0,1.0,1,1,1
28940,,1,0.301175,0.106519,0.203847,0,0,0
28945,,1,1.0,0.999995,0.999997,1,1,1
28946,,1,1.0,0.453179,0.72659,1,0,1
28952,,1,1.0,0.996972,0.998486,1,1,1
28953,,1,1.0,0.998063,0.999032,1,1,1
28955,,1,0.990523,0.925518,0.958021,1,1,1
28957,,1,0.987643,0.797984,0.892814,1,1,1
28972,,1,1.0,1.0,1.0,1,1,1
28974,,1,0.990523,0.926709,0.958616,1,1,1
28976,,0,0.003378,0.00233,0.002854,0,0,0
28981,,1,0.999797,0.999993,0.999895,1,1,1
28992,,0,0.5,0.008282,0.254141,1,0,0
29000,,1,1.0,0.999994,0.999997,1,1,1
29005,,1,1.0,0.999999,0.999999,1,1,1
29009,,1,0.301175,0.106519,0.203847,0,0,0
29011,,1,0.999797,0.999993,0.999895,1,1,1
29024,,1,1.0,1.0,1.0,1,1,1
29028,,1,0.999797,0.999993,0.999895,1,1,1
29037,,1,1.0,0.991051,0.995525,1,1,1
29042,,1,1.0,0.999994,0.999997,1,1,1
29044,,1,1.0,1.0,1.0,1,1,1
29046,,0,3e-05,0.002187,0.001109,0,0,0
29055,,1,1.0,0.999993,0.999996,1,1,1
29057,,1,1.0,1.0,1.0,1,1,1
29064,,1,1.0,0.999965,0.999983,1,1,1
29067,,1,1.0,0.996431,0.998216,1,1,1
29070,,1,0.990523,0.925518,0.958021,1,1,1
29072,,1,1.0,0.999995,0.999997,1,1,1
29077,,1,1.0,0.950007,0.975004,1,1,1
29087,,0,0.301175,0.106519,0.203847,0,0,0
29088,,1,1.0,0.999994,0.999997,1,1,1
29089,,1,1.0,1.0,1.0,1,1,1
29097,,1,1.0,0.982865,0.991432,1,1,1
29101,,1,0.990523,0.926709,0.958616,1,1,1
29102,,1,0.8,0.078688,0.439344,1,0,0
29105,,1,0.900395,0.944368,0.922382,1,1,1
29112,,1,1.0,0.998268,0.999134,1,1,1
29114,,1,0.900395,0.944368,0.922382,1,1,1
29117,,1,0.999797,0.999993,0.999895,1,1,1
29120,,1,1.0,0.998268,0.999134,1,1,1
29121,,1,1.0,0.999993,0.999996,1,1,1
29122,,1,1.0,0.998269,0.999134,1,1,1
29126,,1,1.0,0.990632,0.995316,1,1,1
29129,,1,0.999797,0.999993,0.999895,1,1,1
29130,,1,1.0,1.0,1.0,1,1,1
29133,,1,1.0,0.95008,0.97504,1,1,1
29135,,1,1.0,0.965545,0.982773,1,1,1
29143,,1,1.0,1.0,1.0,1,1,1
29149,,1,1.0,0.95008,0.97504,1,1,1
29153,,1,0.990523,0.925518,0.958021,1,1,1
29155,,1,0.999797,0.999993,0.999895,1,1,1
29158,,1,1.0,0.999996,0.999998,1,1,1
29161,,1,0.990523,0.926709,0.958616,1,1,1
29164,,0,0.003378,0.024739,0.014058,0,0,0
29169,,1,0.990523,0.925518,0.958021,1,1,1
29171,,1,0.301175,0.106519,0.203847,0,0,0
29174,,1,1.0,0.999994,0.999997,1,1,1
29180,,1,1.0,0.892005,0.946003,1,1,1
29193,,1,1.0,0.999994,0.999997,1,1,1
29196,,1,1.0,0.968251,0.984125,1,1,1
29204,,1,1.0,0.999999,0.999999,1,1,1
29207,,1,0.999921,0.999993,0.999957,1,1,1
29210,,1,0.990523,0.926709,0.958616,1,1,1
29220,,1,1.0,0.998269,0.999134,1,1,1
29226,,1,1.0,0.998269,0.999134,1,1,1
29232,,1,0.999921,0.999993,0.999957,1,1,1
29234,,1,0.999797,0.999993,0.999895,1,1,1
29239,,1,0.999169,0.998269,0.998719,1,1,1
29242,,1,1.0,1.0,1.0,1,1,1
29247,,1,1.0,0.99928,0.99964,1,1,1
29250,,1,1.0,0.998268,0.999134,1,1,1
29251,,1,0.990523,0.925518,0.958021,1,1,1
29263,,0,0.000894,0.004863,0.002878,0,0,0
29276,,1,0.999797,0.999993,0.999895,1,1,1
29279,,1,1.0,0.998114,0.999057,1,1,1
29281,,1,1.0,0.999995,0.999997,1,1,1
29283,,1,0.990523,0.926709,0.958616,1,1,1
29290,,1,0.982912,0.803244,0.893078,1,1,1
29293,,1,0.999797,0.999993,0.999895,1,1,1
29295,,1,0.67,0.14785,0.408925,1,0,0
29302,,1,1.0,0.999995,0.999997,1,1,1
29304,,1,0.990523,0.925518,0.958021,1,1,1
29305,,1,0.999169,0.74832,0.873745,1,1,1
29306,,1,0.990523,0.925518,0.958021,1,1,1
29307,,1,0.999797,0.999993,0.999895,1,1,1
29328,,1,1.0,0.998268,0.999134,1,1,1
29330,,1,1.0,1.0,1.0,1,1,1
29331,,1,1.0,0.998853,0.999426,1,1,1
29333,,1,1.0,0.999996,0.999998,1,1,1
29351,,1,0.990523,0.925518,0.958021,1,1,1
29361,,1,1.0,0.99995,0.999975,1,1,1
29368,,1,1.0,0.999994,0.999997,1,1,1
29372,,1,1.0,0.999968,0.999984,1,1,1
29383,,1,1.0,0.999996,0.999998,1,1,1
29385,,1,0.990523,0.925518,0.958021,1,1,1
29394,,1,1.0,1.0,1.0,1,1,1
29398,,1,0.999797,0.999993,0.999895,1,1,1
29400,,1,0.999921,0.999993,0.999957,1,1,1
29402,,1,1.0,0.999993,0.999996,1,1,1
29408,,1,0.999797,0.999993,0.999895,1,1,1
29413,,1,0.990523,0.925518,0.958021,1,1,1
29415,,1,0.98,0.999998,0.989999,1,1,1
29421,,1,1.0,0.991041,0.99552,1,1,1
29424,,1,1.0,0.965964,0.982982,1,1,1
29431,,1,1.0,1.0,1.0,1,1,1
29437,,1,0.999797,0.999993,0.999895,1,1,1
29442,,1,1.0,0.998268,0.999134,1,1,1
29445,,1,1.0,0.999992,0.999996,1,1,1
29450,,1,1.0,0.453179,0.72659,1,0,1
29452,,1,1.0,0.993187,0.996594,1,1,1
29460,,1,0.999921,0.999993,0.999957,1,1,1
29461,,1,1.0,0.999994,0.999997,1,1,1
29462,,1,0.990523,0.925518,0.958021,1,1,1
29465,,1,0.990523,0.925518,0.958021,1,1,1
29467,,0,0.003378,0.024739,0.014058,0,0,0
29470,,1,1.0,1.0,1.0,1,1,1
29478,,1,1.0,0.999981,0.99999,1,1,1
29491,,1,0.990523,0.926709,0.958616,1,1,1
29493,,1,1.0,1.0,1.0,1,1,1
29507,,1,1.0,1.0,1.0,1,1,1
29508,,1,1.0,1.0,1.0,1,1,1
29511,,1,1.0,0.998075,0.999037,1,1,1
29517,,1,1.0,1.0,1.0,1,1,1
29519,,1,0.999797,0.999993,0.999895,1,1,1
29522,,1,0.999797,0.999993,0.999895,1,1,1
29525,,1,1.0,0.998269,0.999134,1,1,1
29530,,1,0.990523,0.926709,0.958616,1,1,1
29532,,1,0.988408,0.802948,0.895678,1,1,1
29533,,1,1.0,0.892273,0.946136,1,1,1
29542,,1,0.999921,0.999993,0.999957,1,1,1
29545,,1,1.0,0.498693,0.749347,1,0,1
29553,,1,0.111605,0.117329,0.114467,0,0,0
29555,,1,1.0,0.967955,0.983978,1,1,1
29560,,1,0.990523,0.926709,0.958616,1,1,1
29563,,1,0.990523,0.926709,0.958616,1,1,1
29566,,1,1.0,0.999997,0.999998,1,1,1
29584,,1,0.999797,0.999993,0.999895,1,1,1
29587,,1,0.990523,0.925518,0.958021,1,1,1
29589,,1,1.0,0.999994,0.999997,1,1,1
29593,,1,1.0,1.0,1.0,1,1,1
29602,,1,0.990523,0.925518,0.958021,1,1,1
29607,,1,1.0,0.999995,0.999997,1,1,1
29608,,1,1.0,1.0,1.0,1,1,1
29610,,1,0.990523,0.926709,0.958616,1,1,1
29611,,1,1.0,0.998268,0.999134,1,1,1
29612,,1,0.988408,0.80316,0.895784,1,1,1
29613,,1,0.900395,0.944368,0.922382,1,1,1
29628,,1,1.0,0.999968,0.999984,1,1,1
29629,,1,0.988408,0.803113,0.89576,1,1,1
29634,,1,0.990523,0.926709,0.958616,1,1,1
29636,,1,1.0,0.991049,0.995525,1,1,1
29641,,1,0.999797,0.999993,0.999895,1,1,1
29644,,1,0.990523,0.925518,0.958021,1,1,1
29649,,1,0.999797,0.999993,0.999895,1,1,1
29657,,1,1.0,1.0,1.0,1,1,1
29659,,1,1.0,0.950071,0.975036,1,1,1
29660,,1,1.0,1.0,1.0,1,1,1
29663,,1,1.0,1.0,1.0,1,1,1
29665,,1,0.999921,0.999993,0.999957,1,1,1
29675,,1,0.990523,0.925518,0.958021,1,1,1
29683,,1,0.531851,0.930347,0.731099,1,1,1
29691,,1,1.0,1.0,1.0,1,1,1
29696,,1,0.990523,0.926709,0.958616,1,1,1
29697,,1,1.0,0.96529,0.982645,1,1,1
29699,,1,0.993138,0.797899,0.895519,1,1,1
29700,,1,1.0,0.993133,0.996566,1,1,1
29701,,1,1.0,1.0,1.0,1,1,1
29703,,1,1.0,0.996499,0.99825,1,1,1
29704,,1,0.99,0.47912,0.73456,1,0,1
29714,,1,0.999797,0.999993,0.999895,1,1,1
29717,,1,1.0,1.0,1.0,1,1,1
29718,,1,1.0,0.998518,0.999259,1,1,1
29723,,1,0.990523,0.926709,0.958616,1,1,1
29731,,1,1.0,1.0,1.0,1,1,1
29733,,1,1.0,0.999995,0.999997,1,1,1
29741,,1,1.0,1.0,1.0,1,1,1
29742,,1,1.0,0.914424,0.957212,1,1,1
29753,,1,1.0,0.999995,0.999997,1,1,1
29754,,1,1.0,0.999995,0.999997,1,1,1
29756,,1,1.0,0.914879,0.957439,1,1,1
29760,,1,0.990523,0.925518,0.958021,1,1,1
29769,,1,0.999797,0.999993,0.999895,1,1,1
29770,,1,1.0,0.998262,0.999131,1,1,1
29771,,1,1.0,0.991049,0.995525,1,1,1
29777,,1,0.999921,0.999993,0.999957,1,1,1
29778,,0,0.003378,0.024739,0.014058,0,0,0
29785,,0,0.003378,0.002132,0.002755,0,0,0
29786,,1,0.990523,0.925518,0.958021,1,1,1
29793,,1,1.0,0.891695,0.945847,1,1,1
29794,,1,0.990523,0.925518,0.958021,1,1,1
29795,,1,1.0,0.999994,0.999997,1,1,1
29799,,1,0.99,0.971456,0.980728,1,1,1
29803,,1,0.301175,0.106519,0.203847,0,0,0
29807,,1,1.0,0.999994,0.999997,1,1,1
29808,,1,0.900395,0.944368,0.922382,1,1,1
29815,,1,1.0,0.997133,0.998567,1,1,1
29826,,1,1.0,1.0,1.0,1,1,1
29836,,1,1.0,0.999995,0.999997,1,1,1
29838,,1,1.0,0.999993,0.999996,1,1,1
29841,,1,1.0,1.0,1.0,1,1,1
29848,,1,1.0,0.991039,0.99552,1,1,1
29850,,1,1.0,0.999993,0.999996,1,1,1
29851,,1,0.999797,0.999993,0.999895,1,1,1
29857,,1,1.0,0.999994,0.999997,1,1,1
29861,,1,1.0,0.951826,0.975913,1,1,1
29864,,1,0.900395,0.944368,0.922382,1,1,1
29867,,1,0.900395,0.944368,0.922382,1,1,1
29875,,1,1.0,0.998268,0.999134,1,1,1
29879,,1,1.0,0.988286,0.994143,1,1,1
29880,,1,1.0,0.965938,0.982969,1,1,1
29881,,1,1.0,0.961566,0.980783,1,1,1
29886,,1,1.0,1.0,1.0,1,1,1
29893,,1,1.0,0.998268,0.999134,1,1,1
29904,,1,1.0,0.996973,0.998486,1,1,1
29910,,1,1.0,1.0,1.0,1,1,1
29912,,1,0.999921,0.999993,0.999957,1,1,1
29922,,1,1.0,0.990955,0.995477,1,1,1
29928,,1,0.999797,0.999993,0.999895,1,1,1
29942,,1,1.0,0.998092,0.999046,1,1,1
29947,,1,1.0,1.0,1.0,1,1,1
29950,,1,0.999921,0.999993,0.999957,1,1,1
29953,,1,0.990523,0.926709,0.958616,1,1,1
29955,,1,0.999797,0.999993,0.999895,1,1,1
29957,,1,1.0,1.0,1.0,1,1,1
29959,,1,1.0,0.999994,0.999997,1,1,1
29963,,1,0.990523,0.926709,0.958616,1,1,1
29974,,1,1.0,1.0,1.0,1,1,1
29985,,1,0.999169,0.998269,0.998719,1,1,1
29986,,1,1.0,0.964521,0.98226,1,1,1
30005,,1,1.0,0.999995,0.999997,1,1,1
30013,,1,1.0,0.998268,0.999134,1,1,1
30018,,1,0.999921,0.999993,0.999957,1,1,1
30021,,1,0.990523,0.925518,0.958021,1,1,1
30024,,0,0.111605,0.117329,0.114467,0,0,0
30025,,1,0.999921,0.999993,0.999957,1,1,1
30031,,1,1.0,0.996966,0.998483,1,1,1
30039,,1,1.0,0.999921,0.99996,1,1,1
30041,,1,0.301175,0.106519,0.203847,0,0,0
30053,,1,1.0,0.990994,0.995497,1,1,1
30062,,1,1.0,1.0,1.0,1,1,1
30072,,1,0.999169,0.998269,0.998719,1,1,1
30076,,1,0.900395,0.944368,0.922382,1,1,1
30078,,1,1.0,0.998268,0.999134,1,1,1
30083,,1,0.999797,0.999993,0.999895,1,1,1
30085,,1,0.990523,0.925518,0.958021,1,1,1
30092,,1,1.0,0.998268,0.999134,1,1,1
30094,,1,0.999797,0.999993,0.999895,1,1,1
30099,,1,0.990523,0.925518,0.958021,1,1,1
30104,,1,0.900395,0.944368,0.922382,1,1,1
30112,,1,1.0,0.999994,0.999997,1,1,1
30116,,1,0.990523,0.925518,0.958021,1,1,1
30118,,1,1.0,0.999987,0.999993,1,1,1
30121,,0,0.0,0.007462,0.003731,0,0,0
30128,,1,0.990523,0.926709,0.958616,1,1,1
30130,,1,1.0,1.0,1.0,1,1,1
30144,,1,0.990523,0.926709,0.958616,1,1,1
30154,,1,0.999921,0.999993,0.999957,1,1,1
30156,,1,1.0,0.996965,0.998482,1,1,1
30157,,1,0.990523,0.925518,0.958021,1,1,1
30161,,1,1.0,0.991045,0.995522,1,1,1
30167,,1,0.990523,0.925518,0.958021,1,1,1
30168,,1,0.301175,0.106519,0.203847,0,0,0
30170,,1,1.0,1.0,1.0,1,1,1
30171,,1,1.0,0.950086,0.975043,1,1,1
30172,,1,0.99,0.999977,0.994989,1,1,1
30174,,1,1.0,0.99946,0.99973,1,1,1
30177,,1,1.0,1.0,1.0,1,1,1
30197,,1,0.990523,0.926709,0.958616,1,1,1
30206,,0,0.0,0.00038,0.00019,0,0,0
30210,,1,1.0,0.999997,0.999999,1,1,1
30212,,1,0.999921,0.999993,0.999957,1,1,1
30213,,1,1.0,0.999994,0.999997,1,1,1
30214,,1,1.0,0.776812,0.888406,1,1,1
30216,,1,1.0,0.763678,0.881839,1,1,1
30218,,1,0.988408,0.803108,0.895758,1,1,1
30219,,0,0.003378,0.024739,0.014058,0,0,0
30220,,1,0.990523,0.925518,0.958021,1,1,1
30221,,1,0.999797,0.999993,0.999895,1,1,1
30222,,1,1.0,0.998268,0.999134,1,1,1
30223,,1,1.0,0.98576,0.99288,1,1,1
30226,,1,0.900395,0.944368,0.922382,1,1,1
30228,,1,1.0,1.0,1.0,1,1,1
30236,,1,1.0,1.0,1.0,1,1,1
30251,,1,1.0,0.767686,0.883843,1,1,1
30252,,1,1.0,1.0,1.0,1,1,1
30257,,1,1.0,0.999939,0.999969,1,1,1
30267,,1,0.455188,0.60547,0.530329,0,1,1
30270,,1,1.0,0.998268,0.999134,1,1,1
30271,,1,0.990523,0.925518,0.958021,1,1,1
30278,,1,1.0,0.999955,0.999977,1,1,1
30290,,1,0.301175,0.106519,0.203847,0,0,0
30293,,1,1.0,1.0,1.0,1,1,1
30296,,1,0.65,0.00263,0.326315,1,0,0
30301,,1,0.990523,0.925518,0.958021,1,1,1
30302,,1,0.86,0.998156,0.929078,1,1,1
30307,,1,1.0,1.0,1.0,1,1,1
30317,,1,1.0,0.965955,0.982977,1,1,1
30318,,1,0.900395,0.944368,0.922382,1,1,1
30319,,1,0.999797,0.999993,0.999895,1,1,1
30320,,1,1.0,0.998514,0.999257,1,1,1
30321,,1,1.0,0.985828,0.992914,1,1,1
30324,,1,0.990523,0.925518,0.958021,1,1,1
30334,,1,1.0,1.0,1.0,1,1,1
30337,,1,1.0,0.998268,0.999134,1,1,1
30344,,1,0.993138,0.797869,0.895504,1,1,1
30345,,1,1.0,0.954502,0.977251,1,1,1
30348,,1,1.0,0.998268,0.999134,1,1,1
30349,,1,1.0,1.0,1.0,1,1,1
30352,,1,0.990523,0.925518,0.958021,1,1,1
30356,,1,0.990523,0.925518,0.958021,1,1,1
30358,,1,0.999921,0.999993,0.999957,1,1,1
30361,,1,1.0,0.999995,0.999997,1,1,1
30368,,1,0.990523,0.926709,0.958616,1,1,1
30369,,0,0.0,0.000385,0.000192,0,0,0
30373,,1,1.0,0.998267,0.999134,1,1,1
30376,,1,1.0,0.999995,0.999997,1,1,1
30381,,1,1.0,0.999994,0.999997,1,1,1
30389,,1,1.0,0.999992,0.999996,1,1,1
30394,,1,0.999797,0.999993,0.999895,1,1,1
30403,,1,0.999797,0.999993,0.999895,1,1,1
30408,,1,0.999797,0.999993,0.999895,1,1,1
30409,,1,1.0,0.999994,0.999997,1,1,1
30420,,1,0.990523,0.925518,0.958021,1,1,1
30421,,1,1.0,0.996933,0.998467,1,1,1
30427,,1,1.0,0.999927,0.999963,1,1,1
30431,,1,1.0,0.985815,0.992908,1,1,1
30437,,1,0.990523,0.926709,0.958616,1,1,1
30439,,1,1.0,0.949997,0.974998,1,1,1
30440,,0,0.001003,0.1102,0.055601,0,0,0
30442,,1,1.0,0.985812,0.992906,1,1,1
30467,,1,1.0,0.453179,0.72659,1,0,1
30472,,1,0.531851,0.930347,0.731099,1,1,1
30481,,1,1.0,0.984125,0.992062,1,1,1
30482,,1,0.990523,0.926709,0.958616,1,1,1
30486,,1,0.999169,0.998269,0.998719,1,1,1
30489,,1,1.0,0.999999,0.999999,1,1,1
30493,,1,1.0,1.0,1.0,1,1,1
30495,,1,0.990523,0.925518,0.958021,1,1,1
30496,,1,1.0,1.0,1.0,1,1,1
30497,,1,1.0,0.999992,0.999996,1,1,1
30510,,1,1.0,1.0,1.0,1,1,1
30514,,1,0.531851,0.930347,0.731099,1,1,1
30520,,1,0.999921,0.999993,0.999957,1,1,1
30522,,1,0.990523,0.926709,0.958616,1,1,1
30523,,1,1.0,0.999996,0.999998,1,1,1
30528,,1,1.0,0.997577,0.998788,1,1,1
30533,,1,0.999921,0.999993,0.999957,1,1,1
30534,,1,0.990523,0.925518,0.958021,1,1,1
30536,,1,0.531851,0.930347,0.731099,1,1,1
30550,,1,0.999921,0.999993,0.999957,1,1,1
30555,,1,1.0,0.999994,0.999997,1,1,1
30559,,1,0.990523,0.925518,0.958021,1,1,1
30571,,1,1.0,1.0,1.0,1,1,1
30573,,0,0.55,0.339828,0.444914,1,0,0
30578,,1,0.999797,0.999993,0.999895,1,1,1
30579,,1,0.999921,0.999993,0.999957,1,1,1
30580,,1,1.0,0.989433,0.994717,1,1,1
30588,,1,1.0,0.999971,0.999985,1,1,1
30590,,1,0.999797,0.999993,0.999895,1,1,1
30604,,1,0.990523,0.925518,0.958021,1,1,1
30606,,1,1.0,0.998092,0.999046,1,1,1
30607,,1,0.999797,0.999993,0.999895,1,1,1
30612,,1,1.0,0.998268,0.999134,1,1,1
30617,,1,1.0,0.999999,1.0,1,1,1
30620,,1,0.999921,0.999993,0.999957,1,1,1
30622,,1,1.0,0.996973,0.998487,1,1,1
30628,,1,0.990523,0.925518,0.958021,1,1,1
30636,,1,0.990523,0.926709,0.958616,1,1,1
30639,,1,0.301175,0.106519,0.203847,0,0,0
30646,,1,1.0,0.999993,0.999996,1,1,1
30655,,1,0.999921,0.999993,0.999957,1,1,1
30661,,1,0.990523,0.925518,0.958021,1,1,1
30662,,1,1.0,1.0,1.0,1,1,1
30671,,1,1.0,0.995728,0.997864,1,1,1
30675,,1,1.0,1.0,1.0,1,1,1
30682,,1,1.0,1.0,1.0,1,1,1
30684,,1,1.0,0.999987,0.999993,1,1,1
30690,,1,0.990523,0.926709,0.958616,1,1,1
30695,,1,1.0,1.0,1.0,1,1,1
30697,,1,1.0,0.999995,0.999997,1,1,1
30701,,1,1.0,0.89756,0.94878,1,1,1
30704,,1,1.0,0.999994,0.999997,1,1,1
30710,,1,1.0,1.0,1.0,1,1,1
30712,,1,1.0,0.998268,0.999134,1,1,1
30723,,1,1.0,0.99811,0.999055,1,1,1
30730,,1,0.990523,0.925518,0.958021,1,1,1
30737,,1,1.0,0.999995,0.999997,1,1,1
30741,,0,0.02,0.003097,0.011548,0,0,0
30742,,1,1.0,0.999999,1.0,1,1,1
30747,,1,1.0,0.999805,0.999902,1,1,1
30748,,1,0.111605,0.117329,0.114467,0,0,0
30749,,1,1.0,0.999994,0.999997,1,1,1
30752,,1,1.0,1.0,1.0,1,1,1
30757,,1,0.301175,0.106519,0.203847,0,0,0
30760,,1,1.0,1.0,1.0,1,1,1
30764,,1,1.0,0.513495,0.756747,1,1,1
30766,,1,1.0,0.998269,0.999134,1,1,1
30767,,1,0.68004,0.777469,0.728754,1,1,1
30769,,1,0.999797,0.999993,0.999895,1,1,1
30777,,1,0.990523,0.925518,0.958021,1,1,1
30778,,1,1.0,1.0,1.0,1,1,1
30782,,1,1.0,1.0,1.0,1,1,1
30784,,1,0.990523,0.926709,0.958616,1,1,1
30786,,1,0.86,1.0,0.93,1,1,1
30790,,1,0.999797,0.999993,0.999895,1,1,1
30795,,1,1.0,0.990988,0.995494,1,1,1
30796,,1,1.0,1.0,1.0,1,1,1
30803,,1,1.0,0.999995,0.999997,1,1,1
30815,,1,1.0,1.0,1.0,1,1,1
30822,,1,0.990523,0.925518,0.958021,1,1,1
30824,,1,1.0,1.0,1.0,1,1,1
30827,,1,0.999921,0.999993,0.999957,1,1,1
30830,,1,1.0,0.991045,0.995523,1,1,1
30834,,1,1.0,0.999996,0.999998,1,1,1
30841,,1,1.0,0.327967,0.663983,1,0,1
30854,,1,0.999797,0.999993,0.999895,1,1,1
30858,,1,0.999797,0.999993,0.999895,1,1,1
30861,,0,0.003378,0.002132,0.002755,0,0,0
30863,,1,1.0,1.0,1.0,1,1,1
30865,,1,1.0,0.999971,0.999985,1,1,1
30866,,1,1.0,0.746456,0.873228,1,1,1
30868,,1,1.0,0.999965,0.999982,1,1,1
30870,,1,1.0,0.998268,0.999134,1,1,1
30878,,1,0.990523,0.925518,0.958021,1,1,1
30879,,1,1.0,0.998268,0.999134,1,1,1
30880,,1,0.990523,0.925518,0.958021,1,1,1
30884,,1,0.999797,0.999993,0.999895,1,1,1
30887,,1,1.0,0.998268,0.999134,1,1,1
30892,,1,1.0,0.891776,0.945888,1,1,1
30897,,1,0.999797,0.999993,0.999895,1,1,1
30899,,1,1.0,1.0,1.0,1,1,1
30906,,1,1.0,1.0,1.0,1,1,1
30911,,1,1.0,1.0,1.0,1,1,1
30933,,1,0.999797,0.999993,0.999895,1,1,1
30938,,1,1.0,0.999984,0.999992,1,1,1
30940,,1,0.999921,0.999993,0.999957,1,1,1
30941,,1,0.990523,0.926709,0.958616,1,1,1
30944,,1,1.0,1.0,1.0,1,1,1
30949,,1,1.0,0.998268,0.999134,1,1,1
30950,,1,1.0,0.939509,0.969755,1,1,1
30951,,1,1.0,0.999891,0.999946,1,1,1
30954,,1,0.990523,0.925518,0.958021,1,1,1
30964,,1,0.990523,0.925518,0.958021,1,1,1
30965,,1,0.999169,0.998269,0.998719,1,1,1
30966,,1,0.990523,0.925518,0.958021,1,1,1
30968,,1,0.990523,0.925518,0.958021,1,1,1
30970,,1,0.990523,0.925518,0.958021,1,1,1
30971,,1,0.990523,0.925518,0.958021,1,1,1
30976,,1,0.999797,0.999993,0.999895,1,1,1
30981,,1,1.0,0.896847,0.948424,1,1,1
30983,,1,0.990523,0.925518,0.958021,1,1,1
30996,,1,0.990523,0.925518,0.958021,1,1,1
31000,,1,0.999797,0.999993,0.999895,1,1,1
31007,,1,0.999169,0.998269,0.998719,1,1,1
31008,,1,1.0,0.876758,0.938379,1,1,1
31012,,1,0.999921,0.999993,0.999957,1,1,1
31015,,1,0.990523,0.926709,0.958616,1,1,1
31019,,1,0.999921,0.999993,0.999957,1,1,1
31028,,1,1.0,0.913897,0.956949,1,1,1
31029,,1,0.990523,0.925518,0.958021,1,1,1
31034,,1,1.0,0.999933,0.999966,1,1,1
31047,,1,1.0,0.999995,0.999997,1,1,1
31056,,1,1.0,0.914866,0.957433,1,1,1
31084,,1,1.0,0.999995,0.999997,1,1,1
31096,,1,0.999797,0.999993,0.999895,1,1,1
31115,,1,0.990523,0.926709,0.958616,1,1,1
31122,,1,0.988408,0.803134,0.895771,1,1,1
31124,,1,0.990523,0.925518,0.958021,1,1,1
31128,,1,1.0,0.999995,0.999997,1,1,1
31136,,1,0.966491,0.187793,0.577142,1,0,1
31137,,1,0.999921,0.999993,0.999957,1,1,1
31139,,1,1.0,1.0,1.0,1,1,1
31147,,1,1.0,0.999995,0.999997,1,1,1
31153,,1,1.0,0.996958,0.998479,1,1,1
31158,,1,0.990523,0.925518,0.958021,1,1,1
31162,,1,0.999797,0.999993,0.999895,1,1,1
31166,,1,1.0,0.999999,0.999999,1,1,1
31172,,1,1.0,0.999994,0.999997,1,1,1
31178,,1,0.990523,0.925518,0.958021,1,1,1
31183,,1,1.0,0.999528,0.999764,1,1,1
31184,,1,0.999797,0.999993,0.999895,1,1,1
31186,,1,1.0,1.0,1.0,1,1,1
31194,,1,1.0,0.999994,0.999997,1,1,1
31201,,1,1.0,0.999995,0.999997,1,1,1
31203,,1,0.301175,0.106519,0.203847,0,0,0
31208,,1,1.0,0.998572,0.999286,1,1,1
31211,,0,0.28,0.732984,0.506492,0,1,1
31220,,1,0.999797,0.999993,0.999895,1,1,1
31224,,1,1.0,0.914854,0.957427,1,1,1
31229,,1,1.0,0.99993,0.999965,1,1,1
31236,,1,1.0,0.998268,0.999134,1,1,1
31239,,1,1.0,0.998268,0.999134,1,1,1
31240,,1,1.0,0.999943,0.999971,1,1,1
31246,,1,1.0,0.998268,0.999134,1,1,1
31249,,1,1.0,0.999994,0.999997,1,1,1
31253,,1,0.990523,0.925518,0.958021,1,1,1
31255,,1,0.999797,0.999993,0.999895,1,1,1
31267,,1,0.999797,0.999993,0.999895,1,1,1
31268,,1,0.990523,0.925518,0.958021,1,1,1
31270,,1,1.0,0.891176,0.945588,1,1,1
31273,,1,1.0,1.0,1.0,1,1,1
31280,,1,0.98,1.0,0.99,1,1,1
31282,,1,1.0,0.999995,0.999997,1,1,1
31283,,1,0.999169,0.998269,0.998719,1,1,1
31287,,1,1.0,0.965962,0.982981,1,1,1
31297,,1,1.0,0.999994,0.999997,1,1,1
31299,,1,1.0,0.914855,0.957427,1,1,1
31305,,1,1.0,0.998182,0.999091,1,1,1
31315,,1,1.0,0.949702,0.974851,1,1,1
31318,,1,1.0,1.0,1.0,1,1,1
31319,,1,0.999797,0.999993,0.999895,1,1,1
31323,,1,0.990523,0.925518,0.958021,1,1,1
31324,,1,0.999921,0.999993,0.999957,1,1,1
31330,,1,0.999921,0.999993,0.999957,1,1,1
31338,,1,1.0,0.999995,0.999997,1,1,1
31341,,1,1.0,0.485904,0.742952,1,0,1
31347,,1,0.999797,0.999993,0.999895,1,1,1
31348,,1,1.0,0.999997,0.999999,1,1,1
31355,,1,1.0,0.999994,0.999997,1,1,1
31356,,1,0.990523,0.926709,0.958616,1,1,1
31359,,1,0.999797,0.999993,0.999895,1,1,1
31360,,1,1.0,1.0,1.0,1,1,1
31361,,1,0.93,0.999984,0.964992,1,1,1
31364,,1,0.993138,0.797819,0.895478,1,1,1
31370,,1,1.0,0.999995,0.999997,1,1,1
31372,,1,0.990523,0.925518,0.958021,1,1,1
31375,,1,0.990523,0.925518,0.958021,1,1,1
31381,,1,1.0,0.892259,0.946129,1,1,1
31402,,1,1.0,0.999996,0.999998,1,1,1
31410,,1,0.990523,0.926709,0.958616,1,1,1
31414,,1,0.990523,0.926709,0.958616,1,1,1
31425,,1,1.0,0.998268,0.999134,1,1,1
31438,,1,0.990523,0.925518,0.958021,1,1,1
31440,,1,0.990523,0.926709,0.958616,1,1,1
31442,,1,1.0,0.998268,0.999134,1,1,1
31443,,1,0.301175,0.106519,0.203847,0,0,0
31445,,1,1.0,1.0,1.0,1,1,1
31446,,1,1.0,1.0,1.0,1,1,1
31450,,1,1.0,0.999995,0.999997,1,1,1
31460,,1,1.0,0.999092,0.999546,1,1,1
31466,,1,1.0,0.999995,0.999997,1,1,1
31472,,1,1.0,0.964607,0.982304,1,1,1
31473,,1,1.0,0.999672,0.999836,1,1,1
31474,,1,1.0,1.0,1.0,1,1,1
31486,,0,0.0,0.007446,0.003723,0,0,0
31489,,1,1.0,0.990243,0.995122,1,1,1
31493,,1,1.0,0.965875,0.982938,1,1,1
31498,,1,1.0,1.0,1.0,1,1,1
31500,,1,1.0,0.999423,0.999711,1,1,1
31505,,1,1.0,0.999994,0.999997,1,1,1
31507,,1,0.999797,0.999993,0.999895,1,1,1
31509,,1,0.990523,0.925518,0.958021,1,1,1
31513,,1,0.993138,0.797814,0.895476,1,1,1
31514,,1,1.0,0.985812,0.992906,1,1,1
31517,,1,1.0,0.998268,0.999134,1,1,1
31536,,1,0.999169,0.998269,0.998719,1,1,1
31551,,1,1.0,0.996965,0.998483,1,1,1
31553,,1,0.999797,0.999993,0.999895,1,1,1
31565,,1,0.990523,0.925518,0.958021,1,1,1
31567,,1,1.0,0.998645,0.999322,1,1,1
31569,,0,0.003378,0.000554,0.001966,0,0,0
31578,,1,0.990523,0.926709,0.958616,1,1,1
31581,,1,1.0,0.95384,0.97692,1,1,1
31587,,1,0.999921,0.999993,0.999957,1,1,1
31589,,1,0.990523,0.926709,0.958616,1,1,1
31590,,1,1.0,0.746354,0.873177,1,1,1
31597,,1,0.990523,0.925518,0.958021,1,1,1
31600,,1,1.0,0.999993,0.999996,1,1,1
31602,,1,1.0,0.914915,0.957458,1,1,1
31603,,1,1.0,0.998551,0.999275,1,1,1
31607,,1,1.0,0.982855,0.991427,1,1,1
31610,,1,1.0,0.998265,0.999133,1,1,1
31621,,1,0.999797,0.999993,0.999895,1,1,1
31623,,1,0.999797,0.999993,0.999895,1,1,1
31625,,1,0.900395,0.944368,0.922382,1,1,1
31626,,1,1.0,1.0,1.0,1,1,1
31629,,1,0.990523,0.925518,0.958021,1,1,1
31632,,1,1.0,0.999994,0.999997,1,1,1
31635,,1,1.0,1.0,1.0,1,1,1
31644,,1,0.990523,0.926709,0.958616,1,1,1
31647,,1,0.990523,0.926709,0.958616,1,1,1
31651,,1,1.0,0.999264,0.999632,1,1,1
31654,,1,1.0,1.0,1.0,1,1,1
31666,,1,1.0,0.936154,0.968077,1,1,1
31673,,1,1.0,0.998305,0.999153,1,1,1
31680,,1,0.999797,0.999993,0.999895,1,1,1
31705,,1,0.988408,0.803069,0.895738,1,1,1
31708,,1,0.999921,0.999993,0.999957,1,1,1
31725,,1,0.990523,0.926709,0.958616,1,1,1
31732,,1,1.0,1.0,1.0,1,1,1
31752,,1,0.990523,0.925518,0.958021,1,1,1
31755,,1,0.999797,0.999993,0.999895,1,1,1
31756,,1,1.0,0.998268,0.999134,1,1,1
31758,,1,0.990523,0.925518,0.958021,1,1,1
31767,,1,1.0,0.964854,0.982427,1,1,1
31769,,1,1.0,0.999994,0.999997,1,1,1
31771,,1,0.999797,0.999993,0.999895,1,1,1
31778,,1,1.0,0.999294,0.999647,1,1,1
31787,,1,0.999921,0.999993,0.999957,1,1,1
31788,,1,1.0,0.98582,0.99291,1,1,1
31799,,1,1.0,0.999993,0.999996,1,1,1
31816,,1,0.966491,0.187621,0.577056,1,0,1
31817,,1,0.999797,0.999993,0.999895,1,1,1
31819,,1,1.0,0.991038,0.995519,1,1,1
31831,,1,1.0,0.998083,0.999041,1,1,1
31832,,1,1.0,0.763718,0.881859,1,1,1
31841,,1,1.0,0.950075,0.975037,1,1,1
31842,,1,0.990523,0.926709,0.958616,1,1,1
31846,,1,1.0,1.0,1.0,1,1,1
31850,,1,0.999921,0.999993,0.999957,1,1,1
31852,,1,1.0,1.0,1.0,1,1,1
31854,,1,0.988408,0.802864,0.895636,1,1,1
31869,,1,1.0,1.0,1.0,1,1,1
31879,,1,1.0,0.99099,0.995495,1,1,1
31888,,1,1.0,0.999998,0.999999,1,1,1
31892,,1,1.0,0.999994,0.999997,1,1,1
31897,,1,0.301175,0.106519,0.203847,0,0,0
31910,,1,0.990523,0.926709,0.958616,1,1,1
31915,,1,1.0,0.955758,0.977879,1,1,1
31921,,1,0.999797,0.999993,0.999895,1,1,1
31926,,1,1.0,0.999994,0.999997,1,1,1
31933,,1,1.0,0.999322,0.999661,1,1,1
31936,,1,1.0,1.0,1.0,1,1,1
31937,,1,1.0,1.0,1.0,1,1,1
31940,,1,1.0,0.998268,0.999134,1,1,1
31944,,1,1.0,0.998996,0.999498,1,1,1
31953,,1,1.0,0.999894,0.999947,1,1,1
31956,,1,1.0,0.914883,0.957442,1,1,1
31958,,1,1.0,0.999994,0.999997,1,1,1
31962,,1,1.0,1.0,1.0,1,1,1
31970,,1,0.999921,0.999993,0.999957,1,1,1
31971,,1,0.990523,0.926709,0.958616,1,1,1
31980,,1,0.990523,0.925518,0.958021,1,1,1
31989,,1,1.0,0.998268,0.999134,1,1,1
31992,,1,1.0,1.0,1.0,1,1,1
32001,,1,1.0,0.999994,0.999997,1,1,1
32006,,1,1.0,0.940589,0.970295,1,1,1
32007,,0,0.004651,0.106519,0.055585,0,0,0
32009,,1,1.0,0.222141,0.61107,1,0,1
32012,,1,0.900395,0.944368,0.922382,1,1,1
32015,,1,0.999797,0.999993,0.999895,1,1,1
32016,,1,0.999921,0.999993,0.999957,1,1,1
32019,,0,0.0,0.020029,0.010015,0,0,0
32020,,1,1.0,1.0,1.0,1,1,1
32031,,1,1.0,0.998066,0.999033,1,1,1
32035,,1,0.990523,0.925518,0.958021,1,1,1
32036,,1,1.0,0.999995,0.999997,1,1,1
32040,,1,0.999169,0.998269,0.998719,1,1,1
32044,,1,0.990523,0.925518,0.958021,1,1,1
32057,,1,1.0,0.763621,0.88181,1,1,1
32068,,1,1.0,0.991033,0.995516,1,1,1
32075,,0,0.003378,0.002132,0.002755,0,0,0
32077,,1,0.990523,0.926709,0.958616,1,1,1
32078,,1,1.0,1.0,1.0,1,1,1
32079,,1,1.0,0.999994,0.999997,1,1,1
32080,,1,0.990523,0.925518,0.958021,1,1,1
32088,,1,0.990523,0.925518,0.958021,1,1,1
32091,,1,0.999797,0.999993,0.999895,1,1,1
32097,,1,1.0,0.920694,0.960347,1,1,1
32107,,1,0.999797,0.999993,0.999895,1,1,1
32112,,1,1.0,0.999995,0.999997,1,1,1
32115,,1,0.999169,0.998269,0.998719,1,1,1
32117,,1,0.900395,0.944368,0.922382,1,1,1
32124,,1,1.0,0.996951,0.998476,1,1,1
32133,,1,1.0,0.991043,0.995522,1,1,1
32138,,1,0.990523,0.925518,0.958021,1,1,1
32140,,1,1.0,0.999943,0.999972,1,1,1
32142,,1,1.0,0.999995,0.999997,1,1,1
32146,,1,0.990523,0.926709,0.958616,1,1,1
32158,,1,1.0,0.999953,0.999976,1,1,1
32169,,1,1.0,0.995765,0.997883,1,1,1
32171,,1,0.999797,0.999993,0.999895,1,1,1
32172,,1,0.990523,0.925518,0.958021,1,1,1
32173,,1,0.990523,0.925518,0.958021,1,1,1
32178,,1,1.0,0.999948,0.999974,1,1,1
32183,,1,1.0,0.999993,0.999996,1,1,1
32198,,1,1.0,0.985828,0.992914,1,1,1
32199,,1,0.980523,0.106074,0.543299,1,0,1
32204,,1,0.900395,0.944368,0.922382,1,1,1
32219,,1,1.0,0.914862,0.957431,1,1,1
32220,,0,0.0,0.000975,0.000488,0,0,0
32221,,1,1.0,0.50056,0.75028,1,1,1
32222,,1,1.0,1.0,1.0,1,1,1
32230,,1,0.999921,0.999993,0.999957,1,1,1
32235,,1,0.990523,0.925518,0.958021,1,1,1
32243,,1,0.988408,0.80299,0.895699,1,1,1
32245,,1,1.0,0.993287,0.996643,1,1,1
32248,,1,0.990523,0.925518,0.958021,1,1,1
32251,,1,1.0,1.0,1.0,1,1,1
32256,,1,1.0,0.999957,0.999978,1,1,1
32257,,1,1.0,0.998268,0.999134,1,1,1
32269,,1,0.97,1.0,0.985,1,1,1
32273,,1,0.999797,0.999993,0.999895,1,1,1
32285,,1,0.990523,0.926709,0.958616,1,1,1
32290,,1,0.999921,0.999993,0.999957,1,1,1
32295,,1,0.990523,0.925518,0.958021,1,1,1
32300,,1,1.0,0.927959,0.96398,1,1,1
32306,,1,0.999921,0.999993,0.999957,1,1,1
32307,,1,1.0,0.998264,0.999132,1,1,1
32308,,1,0.999797,0.999993,0.999895,1,1,1
32312,,1,0.990523,0.926709,0.958616,1,1,1
32315,,1,0.990523,0.926709,0.958616,1,1,1
32318,,1,0.990523,0.925518,0.958021,1,1,1
32319,,1,0.990523,0.925518,0.958021,1,1,1
32322,,1,0.990523,0.925518,0.958021,1,1,1
32326,,0,0.0,0.000975,0.000488,0,0,0
32330,,1,0.92,0.938014,0.929007,1,1,1
32332,,1,1.0,0.996965,0.998482,1,1,1
32336,,1,0.990523,0.926709,0.958616,1,1,1
32340,,1,1.0,1.0,1.0,1,1,1
32341,,1,0.990523,0.926709,0.958616,1,1,1
32345,,1,0.990523,0.926709,0.958616,1,1,1
32351,,1,1.0,0.949129,0.974565,1,1,1
32352,,1,0.999169,0.998269,0.998719,1,1,1
32354,,1,0.99,0.999895,0.994948,1,1,1
32357,,1,0.990523,0.925518,0.958021,1,1,1
32361,,1,1.0,0.999994,0.999997,1,1,1
32362,,1,1.0,1.0,1.0,1,1,1
32367,,1,1.0,0.998268,0.999134,1,1,1
32370,,1,1.0,1.0,1.0,1,1,1
32372,,1,0.301175,0.106519,0.203847,0,0,0
32378,,1,0.999797,0.999993,0.999895,1,1,1
32385,,1,1.0,1.0,1.0,1,1,1
32387,,1,1.0,0.999994,0.999997,1,1,1
32397,,1,1.0,1.0,1.0,1,1,1
32401,,1,0.990523,0.925518,0.958021,1,1,1
32402,,1,0.98,0.999952,0.989976,1,1,1
32409,,1,1.0,0.999994,0.999997,1,1,1
32419,,1,0.990523,0.925518,0.958021,1,1,1
32426,,1,1.0,0.999416,0.999708,1,1,1
32437,,1,0.987643,0.797984,0.892813,1,1,1
32440,,1,1.0,0.876813,0.938407,1,1,1
32445,,1,1.0,0.914884,0.957442,1,1,1
32455,,1,0.990523,0.925518,0.958021,1,1,1
32459,,1,1.0,0.999999,1.0,1,1,1
32461,,1,0.999921,0.999993,0.999957,1,1,1
32462,,1,0.990523,0.925518,0.958021,1,1,1
32464,,1,0.999169,0.998269,0.998719,1,1,1
32465,,1,1.0,0.453179,0.72659,1,0,1
32475,,0,0.003378,0.002175,0.002776,0,0,0
32480,,0,0.003378,0.013714,0.008546,0,0,0
32482,,1,0.999169,0.998269,0.998719,1,1,1
32484,,1,0.999797,0.999993,0.999895,1,1,1
32487,,1,1.0,0.999995,0.999997,1,1,1
32490,,1,0.999921,0.999993,0.999957,1,1,1
32491,,1,0.990523,0.926709,0.958616,1,1,1
32494,,1,1.0,0.993208,0.996604,1,1,1
32496,,1,1.0,0.991039,0.995519,1,1,1
32500,,1,1.0,0.999995,0.999997,1,1,1
32507,,1,1.0,1.0,1.0,1,1,1
32510,,1,1.0,0.999459,0.999729,1,1,1
32516,,1,0.990523,0.926709,0.958616,1,1,1
32517,,1,1.0,0.999995,0.999997,1,1,1
32518,,1,1.0,0.998128,0.999064,1,1,1
32521,,1,1.0,0.999994,0.999997,1,1,1
32522,,1,1.0,1.0,1.0,1,1,1
32525,,1,1.0,0.999994,0.999997,1,1,1
32527,,1,0.990523,0.926709,0.958616,1,1,1
32529,,1,0.999921,0.999993,0.999957,1,1,1
32544,,1,0.999797,0.999993,0.999895,1,1,1
32545,,1,0.990523,0.926709,0.958616,1,1,1
32547,,1,1.0,1.0,1.0,1,1,1
32554,,1,0.990523,0.926709,0.958616,1,1,1
32558,,1,1.0,0.999994,0.999997,1,1,1
32565,,1,0.990523,0.926709,0.958616,1,1,1
32568,,1,1.0,0.999994,0.999997,1,1,1
32580,,1,1.0,0.999994,0.999997,1,1,1
32585,,1,0.999921,0.999993,0.999957,1,1,1
32593,,1,1.0,0.996974,0.998487,1,1,1
32613,,1,1.0,0.998949,0.999475,1,1,1
32614,,1,1.0,0.999994,0.999997,1,1,1
32623,,1,0.988408,0.803093,0.89575,1,1,1
32624,,1,0.999169,0.998269,0.998719,1,1,1
32634,,1,0.990523,0.925518,0.958021,1,1,1
32636,,1,0.999797,0.999993,0.999895,1,1,1
32638,,1,1.0,0.999991,0.999995,1,1,1
32639,,1,1.0,0.999925,0.999963,1,1,1
32644,,1,1.0,0.999969,0.999985,1,1,1
32645,,1,0.999797,0.999993,0.999895,1,1,1
32652,,1,1.0,0.996959,0.998479,1,1,1
32654,,1,0.999921,0.999993,0.999957,1,1,1
32655,,1,1.0,0.999993,0.999997,1,1,1
32668,,1,1.0,1.0,1.0,1,1,1
32671,,1,0.999921,0.999993,0.999957,1,1,1
32675,,1,0.990523,0.925518,0.958021,1,1,1
32693,,1,0.999797,0.999993,0.999895,1,1,1
32710,,1,0.97,0.999999,0.985,1,1,1
32715,,1,1.0,0.999995,0.999997,1,1,1
32723,,1,0.999797,0.999993,0.999895,1,1,1
32727,,1,1.0,1.0,1.0,1,1,1
32736,,0,0.004651,0.106519,0.055585,0,0,0
32745,,1,0.999921,0.999993,0.999957,1,1,1
32748,,1,1.0,0.999969,0.999984,1,1,1
32755,,1,1.0,0.999995,0.999997,1,1,1
32756,,1,1.0,0.999994,0.999997,1,1,1
32761,,1,0.531851,0.930347,0.731099,1,1,1
32765,,1,0.990523,0.925518,0.958021,1,1,1
32768,,1,0.987643,0.797984,0.892814,1,1,1
32769,,1,1.0,0.9858,0.9929,1,1,1
32779,,1,1.0,0.996971,0.998485,1,1,1
32782,,1,0.993138,0.797851,0.895495,1,1,1
32795,,1,1.0,0.998262,0.999131,1,1,1
32806,,1,0.990523,0.925518,0.958021,1,1,1
32809,,1,0.990523,0.925518,0.958021,1,1,1
32826,,1,0.988408,0.803097,0.895752,1,1,1
32832,,1,1.0,0.999996,0.999998,1,1,1
32842,,0,0.01,0.344213,0.177107,0,0,0
32850,,1,1.0,0.999902,0.999951,1,1,1
32857,,1,1.0,0.763693,0.881846,1,1,1
32861,,1,1.0,0.999973,0.999987,1,1,1
32865,,1,1.0,0.996974,0.998487,1,1,1
32871,,1,1.0,0.999994,0.999997,1,1,1
32875,,1,1.0,0.965963,0.982981,1,1,1
32882,,1,1.0,0.999539,0.99977,1,1,1
32885,,1,1.0,0.999992,0.999996,1,1,1
32888,,1,0.990523,0.926709,0.958616,1,1,1
32898,,1,0.999921,0.999993,0.999957,1,1,1
32901,,1,0.990523,0.925518,0.958021,1,1,1
32902,,1,0.990523,0.925518,0.958021,1,1,1
32905,,1,0.990523,0.925518,0.958021,1,1,1
32911,,1,1.0,0.998206,0.999103,1,1,1
32912,,1,1.0,0.998268,0.999134,1,1,1
32913,,1,0.990523,0.926709,0.958616,1,1,1
32916,,1,0.999921,0.999993,0.999957,1,1,1
32921,,1,1.0,0.998234,0.999117,1,1,1
32922,,1,0.993138,0.797797,0.895468,1,1,1
32925,,1,1.0,0.998268,0.999134,1,1,1
32930,,1,1.0,0.999994,0.999997,1,1,1
32933,,1,0.990523,0.926709,0.958616,1,1,1
32939,,1,0.993138,0.797521,0.89533,1,1,1
32943,,1,0.990523,0.926709,0.958616,1,1,1
32944,,1,0.993138,0.797433,0.895286,1,1,1
32956,,1,0.990523,0.926709,0.958616,1,1,1
32961,,1,0.999797,0.999993,0.999895,1,1,1
32969,,1,1.0,0.999994,0.999997,1,1,1
32972,,1,1.0,1.0,1.0,1,1,1
32973,,1,0.990523,0.926709,0.958616,1,1,1
32978,,1,1.0,1.0,1.0,1,1,1
32989,,1,0.999797,0.999993,0.999895,1,1,1
33010,,0,0.301175,0.106519,0.203847,0,0,0
33013,,1,1.0,0.998268,0.999134,1,1,1
33021,,1,1.0,0.999962,0.999981,1,1,1
33025,,1,1.0,0.999995,0.999997,1,1,1
33030,,0,0.003378,0.002132,0.002755,0,0,0
33031,,1,1.0,0.776803,0.888401,1,1,1
33036,,1,0.999797,0.999993,0.999895,1,1,1
33040,,1,0.999921,0.999993,0.999957,1,1,1
33041,,0,0.003378,0.024739,0.014058,0,0,0
33048,,1,1.0,1.0,1.0,1,1,1
33059,,1,0.990523,0.925518,0.958021,1,1,1
33060,,1,0.990523,0.926709,0.958616,1,1,1
33063,,1,1.0,0.999876,0.999938,1,1,1
33071,,1,1.0,0.999846,0.999923,1,1,1
33084,,1,0.900395,0.944368,0.922382,1,1,1
33091,,1,1.0,1.0,1.0,1,1,1
33096,,1,1.0,0.965964,0.982982,1,1,1
33105,,1,1.0,1.0,1.0,1,1,1
33116,,1,0.999169,0.998269,0.998719,1,1,1
33117,,1,1.0,0.999995,0.999997,1,1,1
33120,,1,1.0,0.99862,0.99931,1,1,1
33121,,1,0.999921,0.999993,0.999957,1,1,1
33131,,1,1.0,0.999305,0.999652,1,1,1
33133,,1,0.999797,0.999993,0.999895,1,1,1
33151,,1,1.0,1.0,1.0,1,1,1
33154,,1,1.0,0.994779,0.997389,1,1,1
33156,,1,1.0,0.999995,0.999997,1,1,1
33167,,1,1.0,0.99981,0.999905,1,1,1
33168,,1,0.990523,0.925518,0.958021,1,1,1
33179,,0,0.003378,0.002179,0.002778,0,0,0
33183,,1,0.999921,0.999993,0.999957,1,1,1
33192,,1,1.0,0.995223,0.997612,1,1,1
33193,,1,1.0,0.995595,0.997798,1,1,1
33197,,1,0.301175,0.106519,0.203847,0,0,0
33198,,1,0.999921,0.999993,0.999957,1,1,1
33204,,1,1.0,0.997015,0.998508,1,1,1
33210,,1,1.0,1.0,1.0,1,1,1
33216,,1,0.301175,0.106519,0.203847,0,0,0
33218,,1,0.988408,0.803075,0.895741,1,1,1
33226,,1,0.990523,0.926709,0.958616,1,1,1
33227,,1,0.999797,0.999993,0.999895,1,1,1
33229,,1,1.0,0.999951,0.999976,1,1,1
33234,,1,1.0,1.0,1.0,1,1,1
33242,,1,1.0,0.999997,0.999999,1,1,1
33245,,1,1.0,0.9901,0.99505,1,1,1
33265,,1,1.0,0.999996,0.999998,1,1,1
33276,,1,1.0,1.0,1.0,1,1,1
33278,,1,0.990523,0.925518,0.958021,1,1,1
33280,,1,0.990523,0.925518,0.958021,1,1,1
33283,,1,0.999797,0.999993,0.999895,1,1,1
33285,,1,0.990523,0.926709,0.958616,1,1,1
33292,,0,0.003378,0.010694,0.007036,0,0,0
33296,,1,0.999921,0.999993,0.999957,1,1,1
33304,,1,1.0,0.894343,0.947171,1,1,1
33306,,1,1.0,1.0,1.0,1,1,1
33314,,1,1.0,0.949723,0.974862,1,1,1
33316,,1,0.531851,0.930347,0.731099,1,1,1
33326,,1,0.990523,0.926709,0.958616,1,1,1
33335,,1,1.0,0.999995,0.999997,1,1,1
33354,,1,1.0,0.955547,0.977774,1,1,1
33357,,1,0.99,0.998616,0.994308,1,1,1
33379,,1,0.999797,0.999993,0.999895,1,1,1
33392,,1,1.0,0.985709,0.992855,1,1,1
33393,,1,1.0,0.999955,0.999977,1,1,1
33396,,1,1.0,0.998268,0.999134,1,1,1
33399,,1,1.0,0.999968,0.999984,1,1,1
33400,,1,0.97,0.732919,0.85146,1,1,1
33401,,1,1.0,1.0,1.0,1,1,1
33403,,1,1.0,0.999998,0.999999,1,1,1
33408,,1,0.990523,0.925518,0.958021,1,1,1
33413,,1,0.999797,0.999993,0.999895,1,1,1
33424,,1,1.0,1.0,1.0,1,1,1
33425,,1,1.0,1.0,1.0,1,1,1
33433,,1,1.0,0.999994,0.999997,1,1,1
33441,,1,0.990523,0.925518,0.958021,1,1,1
33453,,1,1.0,1.0,1.0,1,1,1
33458,,1,1.0,0.996566,0.998283,1,1,1
33464,,1,0.0991,0.453179,0.27614,0,0,0
33473,,1,1.0,0.998089,0.999044,1,1,1
33474,,1,0.999169,0.998269,0.998719,1,1,1
33481,,1,1.0,0.996833,0.998417,1,1,1
33482,,1,1.0,0.996968,0.998484,1,1,1
33483,,1,0.990523,0.925518,0.958021,1,1,1
33494,,1,1.0,0.965614,0.982807,1,1,1
33502,,1,1.0,1.0,1.0,1,1,1
33506,,1,0.999921,0.999993,0.999957,1,1,1
33508,,1,1.0,0.965958,0.982979,1,1,1
33512,,1,1.0,1.0,1.0,1,1,1
33518,,1,0.990523,0.925518,0.958021,1,1,1
33519,,1,1.0,1.0,1.0,1,1,1
33542,,1,0.999797,0.999993,0.999895,1,1,1
33545,,1,1.0,1.0,1.0,1,1,1
33546,,1,1.0,1.0,1.0,1,1,1
33561,,1,0.455188,0.60547,0.530329,0,1,1
33565,,1,0.999797,0.999993,0.999895,1,1,1
33569,,1,0.999797,0.999993,0.999895,1,1,1
33571,,1,0.990523,0.925518,0.958021,1,1,1
33583,,0,0.0,0.000498,0.000249,0,0,0
33587,,1,0.99,0.998702,0.994351,1,1,1
33592,,1,1.0,0.965961,0.98298,1,1,1
33594,,1,0.990523,0.926709,0.958616,1,1,1
33597,,1,1.0,0.991026,0.995513,1,1,1
33598,,1,0.301175,0.106519,0.203847,0,0,0
33606,,1,1.0,0.985817,0.992909,1,1,1
33607,,1,1.0,0.914905,0.957453,1,1,1
33608,,1,0.999797,0.999993,0.999895,1,1,1
33611,,1,0.990523,0.926709,0.958616,1,1,1
33615,,1,0.531851,0.930347,0.731099,1,1,1
33621,,1,0.990523,0.925518,0.958021,1,1,1
33626,,1,0.301175,0.106519,0.203847,0,0,0
33657,,1,1.0,0.999958,0.999979,1,1,1
33667,,1,1.0,0.998268,0.999134,1,1,1
33681,,1,0.999921,0.999993,0.999957,1,1,1
33682,,1,1.0,0.999994,0.999997,1,1,1
33688,,1,0.900395,0.944368,0.922382,1,1,1
33693,,1,1.0,0.999999,1.0,1,1,1
33694,,1,0.999797,0.999993,0.999895,1,1,1
33702,,0,0.0,0.007409,0.003705,0,0,0
33704,,1,1.0,0.999428,0.999714,1,1,1
33715,,1,1.0,0.965961,0.98298,1,1,1
33716,,1,1.0,0.999998,0.999999,1,1,1
33718,,1,0.999797,0.999993,0.999895,1,1,1
33720,,1,1.0,0.999994,0.999997,1,1,1
33728,,1,1.0,0.9999,0.99995,1,1,1
33733,,1,1.0,1.0,1.0,1,1,1
33744,,1,0.301175,0.106519,0.203847,0,0,0
33756,,1,1.0,1.0,1.0,1,1,1
33762,,1,0.966491,0.187732,0.577111,1,0,1
33766,,1,0.999169,0.998269,0.998719,1,1,1
33772,,1,0.990523,0.925518,0.958021,1,1,1
33777,,1,1.0,0.965961,0.982981,1,1,1
33779,,1,0.988408,0.803117,0.895762,1,1,1
33787,,1,1.0,0.964599,0.982299,1,1,1
33801,,1,0.993138,0.797669,0.895404,1,1,1
33804,,1,0.999921,0.999993,0.999957,1,1,1
33820,,1,1.0,1.0,1.0,1,1,1
33826,,1,1.0,1.0,1.0,1,1,1
33828,,1,1.0,0.999995,0.999997,1,1,1
33834,,0,0.0,0.053189,0.026594,0,0,0
33837,,1,0.990523,0.926709,0.958616,1,1,1
33848,,0,1.8e-05,0.002357,0.001188,0,0,0
33853,,1,1.0,1.0,1.0,1,1,1
33854,,1,0.301175,0.106519,0.203847,0,0,0
33856,,1,1.0,1.0,1.0,1,1,1
33861,,1,1.0,0.453179,0.72659,1,0,1
33864,,1,0.999797,0.999993,0.999895,1,1,1
33872,,1,0.990523,0.926709,0.958616,1,1,1
33873,,1,1.0,1.0,1.0,1,1,1
33874,,1,1.0,0.999992,0.999996,1,1,1
33882,,1,0.990523,0.925518,0.958021,1,1,1
33885,,1,1.0,0.999992,0.999996,1,1,1
33886,,0,0.004651,0.106519,0.055585,0,0,0
33895,,1,0.990523,0.925518,0.958021,1,1,1
33909,,1,1.0,1.0,1.0,1,1,1
33910,,1,1.0,0.999999,0.999999,1,1,1
33917,,1,1.0,0.995724,0.997862,1,1,1
33924,,1,0.990523,0.925518,0.958021,1,1,1
33926,,1,0.061463,0.084763,0.073113,0,0,0
33928,,1,0.990523,0.925518,0.958021,1,1,1
33929,,1,0.990523,0.925518,0.958021,1,1,1
33936,,1,1.0,1.0,1.0,1,1,1
33940,,1,0.999797,0.999993,0.999895,1,1,1
33941,,1,1.0,0.999995,0.999997,1,1,1
33943,,1,1.0,0.999995,0.999997,1,1,1
33945,,1,1.0,0.988014,0.994007,1,1,1
33947,,1,1.0,0.999997,0.999998,1,1,1
33948,,1,0.301175,0.106519,0.203847,0,0,0
33958,,1,1.0,1.0,1.0,1,1,1
33960,,1,1.0,0.999995,0.999997,1,1,1
33962,,1,1.0,0.998267,0.999134,1,1,1
33966,,1,1.0,0.999994,0.999997,1,1,1
33968,,1,1.0,0.998268,0.999134,1,1,1
33976,,1,0.999797,0.999993,0.999895,1,1,1
33983,,1,1.0,1.0,1.0,1,1,1
33984,,1,1.0,0.999927,0.999963,1,1,1
33985,,1,0.990523,0.925518,0.958021,1,1,1
33987,,1,1.0,0.914932,0.957466,1,1,1
33989,,1,0.982912,0.803243,0.893078,1,1,1
33990,,1,1.0,0.988008,0.994004,1,1,1
33997,,1,1.0,0.999987,0.999994,1,1,1
34005,,1,0.990523,0.926709,0.958616,1,1,1
34016,,1,0.990523,0.926709,0.958616,1,1,1
34022,,1,1.0,0.999995,0.999997,1,1,1
34035,,1,1.0,0.976692,0.988346,1,1,1
34043,,1,0.999797,0.999993,0.999895,1,1,1
34046,,1,1.0,1.0,1.0,1,1,1
34056,,1,1.0,0.999994,0.999997,1,1,1
34058,,1,1.0,0.999922,0.999961,1,1,1
34059,,1,1.0,0.999996,0.999998,1,1,1
34060,,1,1.0,0.453179,0.72659,1,0,1
34066,,1,0.990523,0.926709,0.958616,1,1,1
34067,,1,0.990523,0.926709,0.958616,1,1,1
34080,,1,1.0,0.999924,0.999962,1,1,1
34081,,1,0.990523,0.926709,0.958616,1,1,1
34084,,1,1.0,0.999995,0.999997,1,1,1
34088,,1,1.0,1.0,1.0,1,1,1
34098,,1,1.0,0.991035,0.995517,1,1,1
34115,,1,1.0,1.0,1.0,1,1,1
34129,,1,1.0,0.998735,0.999367,1,1,1
34149,,1,1.0,0.998108,0.999054,1,1,1
34151,,1,0.999921,0.999993,0.999957,1,1,1
34157,,1,0.999169,0.998269,0.998719,1,1,1
34158,,1,1.0,0.999967,0.999983,1,1,1
34165,,1,0.900395,0.944368,0.922382,1,1,1
34166,,1,0.990523,0.926709,0.958616,1,1,1
34168,,1,1.0,0.999986,0.999993,1,1,1
34177,,1,1.0,0.999995,0.999997,1,1,1
34182,,1,0.990523,0.926709,0.958616,1,1,1
34185,,1,1.0,1.0,1.0,1,1,1
34189,,1,1.0,0.999956,0.999978,1,1,1
34193,,1,1.0,0.746846,0.873423,1,1,1
34200,,1,1.0,1.0,1.0,1,1,1
34202,,1,0.999797,0.999993,0.999895,1,1,1
34208,,1,1.0,0.999321,0.999661,1,1,1
34210,,1,1.0,1.0,1.0,1,1,1
34211,,1,1.0,0.998268,0.999134,1,1,1
34218,,1,1.0,1.0,1.0,1,1,1
34223,,1,1.0,1.0,1.0,1,1,1
34225,,1,0.990523,0.925518,0.958021,1,1,1
34229,,1,0.990523,0.925518,0.958021,1,1,1
34246,,0,0.0,0.007775,0.003887,0,0,0
34254,,1,1.0,0.999995,0.999997,1,1,1
34256,,1,1.0,0.999995,0.999997,1,1,1
34264,,1,0.990523,0.926709,0.958616,1,1,1
34271,,1,0.999921,0.999993,0.999957,1,1,1
34274,,1,0.301175,0.106519,0.203847,0,0,0
34282,,1,0.993138,0.797776,0.895457,1,1,1
34284,,1,0.990523,0.926709,0.958616,1,1,1
34291,,1,0.900395,0.944368,0.922382,1,1,1
34328,,1,0.990523,0.926709,0.958616,1,1,1
34330,,1,0.999921,0.999993,0.999957,1,1,1
34332,,1,1.0,1.0,1.0,1,1,1
34337,,1,0.990523,0.925518,0.958021,1,1,1
34339,,1,1.0,0.999987,0.999993,1,1,1
34355,,1,1.0,1.0,1.0,1,1,1
34362,,1,0.990523,0.926709,0.958616,1,1,1
34364,,1,0.95,0.999189,0.974594,1,1,1
34373,,1,1.0,0.453179,0.72659,1,0,1
34383,,1,0.87,0.113683,0.491842,1,0,0
34399,,1,0.999921,0.999993,0.999957,1,1,1
34400,,1,0.990523,0.925518,0.958021,1,1,1
34402,,1,1.0,0.453179,0.72659,1,0,1
34404,,1,0.990523,0.926709,0.958616,1,1,1
34405,,1,0.990523,0.925518,0.958021,1,1,1
34408,,1,0.993138,0.797816,0.895477,1,1,1
34418,,1,1.0,0.999994,0.999997,1,1,1
34420,,1,0.990523,0.926709,0.958616,1,1,1
34423,,1,0.990523,0.925518,0.958021,1,1,1
34425,,1,0.999921,0.999993,0.999957,1,1,1
34432,,1,0.999797,0.999993,0.999895,1,1,1
34433,,1,0.990523,0.925518,0.958021,1,1,1
34440,,1,1.0,0.968566,0.984283,1,1,1
34448,,1,1.0,0.999995,0.999998,1,1,1
34449,,1,1.0,0.995721,0.997861,1,1,1
34455,,1,1.0,0.999994,0.999997,1,1,1
34464,,1,1.0,0.999995,0.999997,1,1,1
34469,,1,1.0,0.999273,0.999637,1,1,1
34471,,1,0.988408,0.802853,0.89563,1,1,1
34476,,1,0.993138,0.797722,0.89543,1,1,1
34478,,1,0.999797,0.999993,0.999895,1,1,1
34482,,1,1.0,0.999994,0.999997,1,1,1
34491,,1,0.990523,0.925518,0.958021,1,1,1
34497,,1,1.0,1.0,1.0,1,1,1
34500,,1,1.0,0.8913,0.94565,1,1,1
34516,,1,1.0,1.0,1.0,1,1,1
34517,,1,0.990523,0.925518,0.958021,1,1,1
34520,,1,0.993138,0.79784,0.895489,1,1,1
34530,,1,0.999797,0.999993,0.999895,1,1,1
34532,,1,0.531851,0.930347,0.731099,1,1,1
34534,,1,0.531851,0.930347,0.731099,1,1,1
34536,,1,1.0,0.95138,0.97569,1,1,1
34540,,1,0.455188,0.60547,0.530329,0,1,1
34544,,1,1.0,0.999995,0.999997,1,1,1
34564,,1,1.0,0.999994,0.999997,1,1,1
34567,,1,1.0,0.999994,0.999997,1,1,1
34568,,1,1.0,0.999994,0.999997,1,1,1
34570,,1,1.0,1.0,1.0,1,1,1
34572,,1,0.990523,0.925518,0.958021,1,1,1
34578,,1,0.999797,0.999993,0.999895,1,1,1
34580,,1,1.0,0.999994,0.999997,1,1,1
34583,,1,1.0,1.0,1.0,1,1,1
34584,,1,0.97,0.860869,0.915435,1,1,1
34590,,1,1.0,0.999993,0.999997,1,1,1
34605,,1,1.0,0.999389,0.999694,1,1,1
34606,,1,1.0,0.494869,0.747434,1,0,1
34610,,1,0.990523,0.926709,0.958616,1,1,1
34614,,1,0.999921,0.999993,0.999957,1,1,1
34618,,1,0.990523,0.925518,0.958021,1,1,1
34622,,1,0.900395,0.944368,0.922382,1,1,1
34625,,1,0.990523,0.926709,0.958616,1,1,1
34628,,1,0.990523,0.925518,0.958021,1,1,1
34633,,1,1.0,0.991051,0.995526,1,1,1
34635,,1,0.999169,0.998269,0.998719,1,1,1
34637,,1,0.999797,0.999993,0.999895,1,1,1
34646,,1,1.0,0.998145,0.999072,1,1,1
34649,,1,1.0,0.76857,0.884285,1,1,1
34655,,1,0.999797,0.999993,0.999895,1,1,1
34656,,1,1.0,0.999999,0.999999,1,1,1
34657,,1,1.0,0.995717,0.997859,1,1,1
34659,,1,0.990523,0.925518,0.958021,1,1,1
34660,,1,0.990523,0.925518,0.958021,1,1,1
34667,,1,1.0,0.990442,0.995221,1,1,1
34676,,1,1.0,0.999994,0.999997,1,1,1
34679,,1,1.0,0.991046,0.995523,1,1,1
34685,,1,0.999921,0.999993,0.999957,1,1,1
34692,,1,0.999797,0.999993,0.999895,1,1,1
34693,,1,1.0,0.999996,0.999998,1,1,1
34694,,1,0.98,0.295635,0.637818,1,0,1
34695,,1,0.900395,0.944368,0.922382,1,1,1
34700,,1,0.990523,0.925518,0.958021,1,1,1
34711,,0,0.001003,0.20565,0.103326,0,0,0
34721,,1,1.0,1.0,1.0,1,1,1
34722,,1,0.301175,0.106519,0.203847,0,0,0
34725,,1,1.0,0.999995,0.999997,1,1,1
34730,,1,0.990523,0.926709,0.958616,1,1,1
34735,,1,1.0,1.0,1.0,1,1,1
34739,,1,1.0,1.0,1.0,1,1,1
34742,,1,1.0,1.0,1.0,1,1,1
34750,,1,0.990523,0.925518,0.958021,1,1,1
34758,,1,1.0,0.996116,0.998058,1,1,1
34767,,1,1.0,0.998919,0.999459,1,1,1
34769,,1,0.990523,0.925518,0.958021,1,1,1
34779,,1,1.0,0.991041,0.995521,1,1,1
34781,,1,1.0,0.999994,0.999997,1,1,1
34782,,1,0.8,0.025955,0.412977,1,0,0
34785,,1,1.0,0.89146,0.94573,1,1,1
34791,,1,1.0,0.999671,0.999836,1,1,1
34798,,1,1.0,0.999992,0.999996,1,1,1
34802,,1,1.0,0.981642,0.990821,1,1,1
34807,,1,0.990523,0.926709,0.958616,1,1,1
34815,,1,1.0,1.0,1.0,1,1,1
34819,,1,1.0,1.0,1.0,1,1,1
34820,,1,0.990523,0.925518,0.958021,1,1,1
34821,,1,1.0,0.677214,0.838607,1,1,1
34822,,1,0.990523,0.925518,0.958021,1,1,1
34832,,1,0.990523,0.926709,0.958616,1,1,1
34833,,1,1.0,1.0,1.0,1,1,1
34836,,1,0.990523,0.925518,0.958021,1,1,1
34844,,1,0.900395,0.944368,0.922382,1,1,1
34850,,1,1.0,0.999994,0.999997,1,1,1
34852,,1,0.900395,0.944368,0.922382,1,1,1
34868,,1,0.999797,0.999993,0.999895,1,1,1
34869,,1,1.0,0.999941,0.99997,1,1,1
34873,,1,1.0,1.0,1.0,1,1,1
34874,,1,0.990523,0.925518,0.958021,1,1,1
34876,,1,1.0,0.99824,0.99912,1,1,1
34878,,1,1.0,0.999529,0.999765,1,1,1
34890,,1,0.999797,0.999993,0.999895,1,1,1
34904,,1,0.999797,0.999993,0.999895,1,1,1
34908,,1,0.990523,0.925518,0.958021,1,1,1
34923,,1,1.0,0.999995,0.999997,1,1,1
34926,,0,0.003378,0.000467,0.001922,0,0,0
34933,,1,0.999797,0.999993,0.999895,1,1,1
34937,,1,1.0,0.999967,0.999983,1,1,1
34939,,1,1.0,0.995481,0.997741,1,1,1
34944,,1,0.990523,0.926709,0.958616,1,1,1
34951,,1,1.0,0.999994,0.999997,1,1,1
34959,,1,0.990523,0.925518,0.958021,1,1,1
34960,,1,0.9,0.883946,0.891973,1,1,1
34964,,1,0.999797,0.999993,0.999895,1,1,1
34967,,1,1.0,0.891419,0.94571,1,1,1
34972,,1,1.0,0.999993,0.999996,1,1,1
34975,,1,0.990523,0.925518,0.958021,1,1,1
34977,,1,1.0,1.0,1.0,1,1,1
34982,,1,1.0,0.479813,0.739906,1,0,1
34983,,1,1.0,0.99833,0.999165,1,1,1
34984,,1,1.0,0.999995,0.999997,1,1,1
34990,,1,0.111605,0.117329,0.114467,0,0,0
34994,,1,1.0,0.99997,0.999985,1,1,1
34998,,1,1.0,0.999995,0.999997,1,1,1
34999,,1,1.0,0.965964,0.982982,1,1,1
35002,,1,1.0,0.999525,0.999762,1,1,1
35011,,1,1.0,0.991069,0.995535,1,1,1
35013,,1,1.0,0.991026,0.995513,1,1,1
35020,,1,1.0,0.998736,0.999368,1,1,1
35022,,1,1.0,0.891813,0.945907,1,1,1
35030,,1,0.990523,0.925518,0.958021,1,1,1
35032,,1,0.99,0.987562,0.988781,1,1,1
35036,,1,1.0,0.782462,0.891231,1,1,1
35038,,1,0.999797,0.999993,0.999895,1,1,1
35042,,1,1.0,0.988015,0.994008,1,1,1
35048,,1,0.990523,0.925518,0.958021,1,1,1
35051,,1,1.0,0.99862,0.99931,1,1,1
35053,,1,0.990523,0.926709,0.958616,1,1,1
35054,,1,0.990523,0.925518,0.958021,1,1,1
35067,,1,0.999921,0.999993,0.999957,1,1,1
35068,,1,0.990523,0.925518,0.958021,1,1,1
35069,,1,0.966491,0.187785,0.577138,1,0,1
35071,,1,0.990523,0.925518,0.958021,1,1,1
35073,,1,0.990523,0.926709,0.958616,1,1,1
35078,,1,0.990523,0.925518,0.958021,1,1,1
35086,,1,0.990523,0.926709,0.958616,1,1,1
35090,,1,0.990523,0.925518,0.958021,1,1,1
35095,,1,0.990523,0.925518,0.958021,1,1,1
35107,,1,1.0,1.0,1.0,1,1,1
35108,,1,0.990523,0.926709,0.958616,1,1,1
35112,,1,1.0,0.999902,0.999951,1,1,1
35113,,1,1.0,0.982884,0.991442,1,1,1
35127,,1,1.0,0.999992,0.999996,1,1,1
35129,,1,1.0,0.914912,0.957456,1,1,1
35131,,1,1.0,0.453179,0.72659,1,0,1
35132,,1,1.0,0.999995,0.999997,1,1,1
35135,,1,1.0,1.0,1.0,1,1,1
35141,,1,1.0,0.999995,0.999997,1,1,1
35151,,1,1.0,0.763613,0.881806,1,1,1
35154,,1,0.999921,0.999993,0.999957,1,1,1
35155,,1,1.0,1.0,1.0,1,1,1
35161,,1,1.0,0.999979,0.99999,1,1,1
35163,,1,1.0,0.998267,0.999134,1,1,1
35179,,1,1.0,0.892102,0.946051,1,1,1
35187,,1,1.0,0.996306,0.998153,1,1,1
35191,,0,0.0,0.007413,0.003706,0,0,0
35203,,1,1.0,0.999995,0.999997,1,1,1
35210,,1,1.0,0.991337,0.995668,1,1,1
35211,,1,0.990523,0.925518,0.958021,1,1,1
35212,,1,1.0,1.0,1.0,1,1,1
35213,,1,1.0,0.999995,0.999997,1,1,1
35214,,1,1.0,0.999947,0.999974,1,1,1
35216,,1,1.0,0.999995,0.999997,1,1,1
35220,,1,1.0,0.999957,0.999978,1,1,1
35222,,1,0.990523,0.925518,0.958021,1,1,1
35223,,1,1.0,0.998268,0.999134,1,1,1
35226,,1,0.990523,0.926709,0.958616,1,1,1
35236,,1,0.999921,0.999993,0.999957,1,1,1
35248,,1,1.0,0.999996,0.999998,1,1,1
35251,,1,1.0,1.0,1.0,1,1,1
35252,,1,0.97,0.040293,0.505146,1,0,1
35259,,1,0.993138,0.797805,0.895471,1,1,1
35260,,1,1.0,0.999931,0.999966,1,1,1
35262,,1,0.990523,0.925518,0.958021,1,1,1
35278,,1,1.0,0.999994,0.999997,1,1,1
35296,,1,1.0,1.0,1.0,1,1,1
35300,,1,1.0,0.999995,0.999997,1,1,1
35302,,0,0.003378,0.024739,0.014058,0,0,0
35307,,1,0.99,0.998984,0.994492,1,1,1
35309,,1,0.990523,0.926709,0.958616,1,1,1
35313,,1,0.990523,0.926709,0.958616,1,1,1
35319,,1,0.999797,0.999993,0.999895,1,1,1
35322,,1,1.0,0.99997,0.999985,1,1,1
35335,,1,1.0,0.999906,0.999953,1,1,1
35339,,1,0.990523,0.925518,0.958021,1,1,1
35340,,1,0.990523,0.926709,0.958616,1,1,1
35350,,1,0.999797,0.999993,0.999895,1,1,1
35353,,1,1.0,0.998268,0.999134,1,1,1
35360,,1,0.990523,0.926709,0.958616,1,1,1
35366,,1,1.0,0.999994,0.999997,1,1,1
35374,,1,1.0,0.985771,0.992886,1,1,1
35375,,1,1.0,0.999924,0.999962,1,1,1
35376,,1,1.0,1.0,1.0,1,1,1
35378,,1,1.0,0.999994,0.999997,1,1,1
35379,,1,0.92,0.999787,0.959893,1,1,1
35385,,1,0.990523,0.925518,0.958021,1,1,1
35391,,1,1.0,1.0,1.0,1,1,1
35397,,1,1.0,1.0,1.0,1,1,1
35399,,1,0.999797,0.999993,0.999895,1,1,1
35400,,1,1.0,0.999999,1.0,1,1,1
35404,,1,0.990523,0.926709,0.958616,1,1,1
35405,,1,0.999921,0.999993,0.999957,1,1,1
35415,,1,0.301175,0.106519,0.203847,0,0,0
35416,,1,1.0,0.998205,0.999102,1,1,1
35417,,1,1.0,0.965537,0.982769,1,1,1
35418,,1,1.0,0.999995,0.999997,1,1,1
35427,,1,1.0,0.870304,0.935152,1,1,1
35430,,1,0.990523,0.925518,0.958021,1,1,1
35436,,1,1.0,0.985716,0.992858,1,1,1
35444,,1,0.990523,0.925518,0.958021,1,1,1
35447,,1,0.990523,0.925518,0.958021,1,1,1
35448,,1,1.0,0.98519,0.992595,1,1,1
35449,,1,0.990523,0.925518,0.958021,1,1,1
35450,,1,1.0,0.999995,0.999997,1,1,1
35453,,1,0.990523,0.926709,0.958616,1,1,1
35458,,1,1.0,0.999995,0.999997,1,1,1
35460,,1,1.0,0.998314,0.999157,1,1,1
35461,,1,1.0,0.998782,0.999391,1,1,1
35462,,1,0.999921,0.999993,0.999957,1,1,1
35469,,1,1.0,0.996826,0.998413,1,1,1
35475,,1,0.990523,0.925518,0.958021,1,1,1
35476,,1,1.0,1.0,1.0,1,1,1
35478,,1,1.0,1.0,1.0,1,1,1
35480,,1,0.99,1.0,0.995,1,1,1
35486,,1,0.990523,0.926709,0.958616,1,1,1
35492,,1,1.0,1.0,1.0,1,1,1
35498,,1,1.0,0.996974,0.998487,1,1,1
35512,,1,1.0,0.999994,0.999997,1,1,1
35519,,1,1.0,0.999994,0.999997,1,1,1
35534,,1,0.999169,0.998269,0.998719,1,1,1
35535,,1,1.0,0.998133,0.999066,1,1,1
35538,,1,0.990523,0.925518,0.958021,1,1,1
35547,,1,0.999797,0.999993,0.999895,1,1,1
35561,,1,0.990523,0.926709,0.958616,1,1,1
35566,,1,1.0,0.999995,0.999997,1,1,1
35568,,1,0.982912,0.803244,0.893078,1,1,1
35570,,1,0.990523,0.925518,0.958021,1,1,1
35572,,1,1.0,0.996965,0.998482,1,1,1
35585,,1,1.0,0.890936,0.945468,1,1,1
35587,,1,0.999921,0.999993,0.999957,1,1,1
35593,,1,0.531851,0.930347,0.731099,1,1,1
35594,,1,1.0,0.995412,0.997706,1,1,1
35597,,1,1.0,0.985821,0.992911,1,1,1
35606,,1,0.988408,0.803053,0.89573,1,1,1
35620,,1,0.990523,0.925518,0.958021,1,1,1
35630,,1,1.0,0.999994,0.999997,1,1,1
35635,,1,0.96,0.288895,0.624447,1,0,1
35638,,0,0.0,0.007437,0.003719,0,0,0
35642,,1,1.0,0.999995,0.999997,1,1,1
35646,,1,1.0,1.0,1.0,1,1,1
35657,,1,1.0,0.892376,0.946188,1,1,1
35665,,1,1.0,0.998268,0.999134,1,1,1
35675,,1,0.990523,0.925518,0.958021,1,1,1
35680,,1,0.111605,0.117329,0.114467,0,0,0
35681,,1,1.0,1.0,1.0,1,1,1
35688,,1,1.0,0.998268,0.999134,1,1,1
35689,,1,0.999921,0.999993,0.999957,1,1,1
35697,,1,1.0,0.453179,0.72659,1,0,1
35698,,1,1.0,0.999995,0.999997,1,1,1
35705,,1,1.0,1.0,1.0,1,1,1
35706,,1,1.0,0.985792,0.992896,1,1,1
35707,,1,1.0,1.0,1.0,1,1,1
35719,,0,3e-05,0.146141,0.073085,0,0,0
35723,,1,0.990523,0.926709,0.958616,1,1,1
35729,,1,1.0,0.999984,0.999992,1,1,1
35731,,1,0.990523,0.925518,0.958021,1,1,1
35742,,1,0.990523,0.925518,0.958021,1,1,1
35747,,1,0.990523,0.926709,0.958616,1,1,1
35750,,1,0.990523,0.926709,0.958616,1,1,1
35753,,1,1.0,0.99989,0.999945,1,1,1
35765,,1,1.0,0.999994,0.999997,1,1,1
35766,,1,0.999921,0.999993,0.999957,1,1,1
35768,,1,0.990523,0.925518,0.958021,1,1,1
35771,,1,0.991003,0.999959,0.995481,1,1,1
35774,,1,1.0,0.999365,0.999682,1,1,1
35779,,1,1.0,0.999995,0.999997,1,1,1
35783,,1,0.999797,0.999993,0.999895,1,1,1
35784,,1,1.0,0.996974,0.998487,1,1,1
35794,,1,0.900395,0.944368,0.922382,1,1,1
35795,,1,1.0,1.0,1.0,1,1,1
35802,,1,1.0,0.999994,0.999997,1,1,1
35803,,1,0.990523,0.925518,0.958021,1,1,1
35805,,1,0.990523,0.925518,0.958021,1,1,1
35808,,0,0.0,0.007523,0.003761,0,0,0
35832,,1,1.0,1.0,1.0,1,1,1
35836,,1,0.990523,0.925518,0.958021,1,1,1
35854,,0,0.004651,0.106519,0.055585,0,0,0
35856,,1,0.999797,0.999993,0.999895,1,1,1
35874,,1,1.0,0.999997,0.999999,1,1,1
35878,,1,0.999797,0.999993,0.999895,1,1,1
35883,,1,1.0,0.996062,0.998031,1,1,1
35884,,1,1.0,1.0,1.0,1,1,1
35885,,1,1.0,0.999144,0.999572,1,1,1
35886,,1,0.982912,0.803244,0.893078,1,1,1
35897,,1,1.0,0.998268,0.999134,1,1,1
35898,,1,0.999797,0.999993,0.999895,1,1,1
35905,,1,1.0,0.996971,0.998485,1,1,1
35915,,1,1.0,0.999994,0.999997,1,1,1
35923,,1,0.990523,0.925518,0.958021,1,1,1
35933,,1,0.999797,0.999993,0.999895,1,1,1
35934,,1,0.999921,0.999993,0.999957,1,1,1
35941,,1,0.999921,0.999993,0.999957,1,1,1
35942,,1,1.0,0.607042,0.803521,1,1,1
35944,,1,1.0,1.0,1.0,1,1,1
35956,,1,0.999797,0.999993,0.999895,1,1,1
35957,,1,1.0,0.999938,0.999969,1,1,1
35959,,1,1.0,0.998268,0.999134,1,1,1
35963,,1,1.0,0.998808,0.999404,1,1,1
35969,,1,1.0,0.998098,0.999049,1,1,1
35974,,1,0.999921,0.999993,0.999957,1,1,1
35989,,1,1.0,0.999891,0.999946,1,1,1
35993,,1,0.999169,0.998269,0.998719,1,1,1
35994,,1,0.999169,0.998269,0.998719,1,1,1
35999,,1,0.990523,0.926709,0.958616,1,1,1
36004,,1,1.0,0.453179,0.72659,1,0,1
36006,,1,0.990523,0.925518,0.958021,1,1,1
36015,,1,1.0,0.999994,0.999997,1,1,1
36017,,1,0.999797,0.999993,0.999895,1,1,1
36034,,0,0.003378,0.000416,0.001897,0,0,0
36038,,1,0.999169,0.998269,0.998719,1,1,1
36046,,1,1.0,1.0,1.0,1,1,1
36049,,1,1.0,1.0,1.0,1,1,1
36052,,1,1.0,0.999999,1.0,1,1,1
36053,,1,1.0,0.998268,0.999134,1,1,1
36059,,1,1.0,0.999988,0.999994,1,1,1
36061,,1,1.0,0.998267,0.999134,1,1,1
36063,,1,0.999797,0.999993,0.999895,1,1,1
36067,,1,1.0,0.999994,0.999997,1,1,1
36070,,1,1.0,0.999995,0.999997,1,1,1
36076,,1,0.990523,0.925518,0.958021,1,1,1
36081,,1,0.301175,0.106519,0.203847,0,0,0
36111,,1,0.990523,0.926709,0.958616,1,1,1
36117,,1,0.900395,0.944368,0.922382,1,1,1
36122,,1,1.0,0.991033,0.995516,1,1,1
36129,,1,1.0,0.988458,0.994229,1,1,1
36131,,1,1.0,0.99997,0.999985,1,1,1
36132,,1,0.990523,0.925518,0.958021,1,1,1
36133,,1,0.999921,0.999993,0.999957,1,1,1
36142,,1,1.0,0.999998,0.999999,1,1,1
36145,,1,1.0,0.999995,0.999997,1,1,1
36149,,1,0.988408,0.803,0.895704,1,1,1
36150,,1,1.0,0.999425,0.999713,1,1,1
36152,,1,1.0,0.998268,0.999134,1,1,1
36156,,1,0.990523,0.925518,0.958021,1,1,1
36178,,1,1.0,0.999994,0.999997,1,1,1
36179,,1,1.0,0.99813,0.999065,1,1,1
36183,,1,1.0,1.0,1.0,1,1,1
36185,,1,0.999921,0.999993,0.999957,1,1,1
36188,,1,1.0,0.996048,0.998024,1,1,1
36195,,1,0.990523,0.925518,0.958021,1,1,1
36201,,1,0.999921,0.999993,0.999957,1,1,1
36203,,1,1.0,0.999996,0.999998,1,1,1
36207,,1,1.0,0.999994,0.999997,1,1,1
36210,,1,1.0,0.991009,0.995504,1,1,1
36214,,1,0.990523,0.925518,0.958021,1,1,1
36218,,0,0.111605,0.117329,0.114467,0,0,0
36225,,1,1.0,0.999994,0.999997,1,1,1
36226,,0,0.531851,0.930347,0.731099,1,1,1
36227,,1,0.999797,0.999993,0.999895,1,1,1
36232,,1,0.999921,0.999993,0.999957,1,1,1
36235,,1,0.999921,0.999993,0.999957,1,1,1
36237,,1,1.0,0.996971,0.998486,1,1,1
36245,,1,0.990523,0.925518,0.958021,1,1,1
36246,,1,1.0,1.0,1.0,1,1,1
36247,,1,1.0,1.0,1.0,1,1,1
36255,,1,1.0,0.99681,0.998405,1,1,1
36261,,1,0.999921,0.999993,0.999957,1,1,1
36264,,1,1.0,0.999094,0.999547,1,1,1
36267,,1,0.999169,0.998269,0.998719,1,1,1
36269,,1,0.999921,0.999993,0.999957,1,1,1
36271,,1,1.0,1.0,1.0,1,1,1
36272,,1,1.0,0.999995,0.999997,1,1,1
36278,,1,1.0,0.999993,0.999996,1,1,1
36280,,1,0.990523,0.925518,0.958021,1,1,1
36289,,1,0.999169,0.998269,0.998719,1,1,1
36291,,1,1.0,0.998268,0.999134,1,1,1
36296,,1,0.990523,0.925518,0.958021,1,1,1
36300,,1,0.990523,0.926709,0.958616,1,1,1
36302,,1,1.0,0.995976,0.997988,1,1,1
36315,,1,0.990523,0.925518,0.958021,1,1,1
36316,,1,0.990523,0.925518,0.958021,1,1,1
36318,,1,1.0,0.998611,0.999306,1,1,1
36324,,1,0.99,0.999995,0.994998,1,1,1
36328,,1,0.993138,0.797831,0.895485,1,1,1
36331,,1,0.990523,0.925518,0.958021,1,1,1
36338,,1,0.990523,0.925518,0.958021,1,1,1
36342,,1,0.900395,0.944368,0.922382,1,1,1
36343,,1,1.0,0.999413,0.999707,1,1,1
36344,,1,0.999921,0.999993,0.999957,1,1,1
36346,,1,1.0,0.999994,0.999997,1,1,1
36352,,1,0.999797,0.999993,0.999895,1,1,1
36363,,1,1.0,0.999995,0.999997,1,1,1
36371,,1,0.900395,0.944368,0.922382,1,1,1
36375,,1,0.993138,0.797849,0.895494,1,1,1
36377,,1,1.0,1.0,1.0,1,1,1
36378,,1,1.0,0.999999,0.999999,1,1,1
36382,,1,0.990523,0.926709,0.958616,1,1,1
36384,,1,0.990523,0.926709,0.958616,1,1,1
36390,,1,1.0,0.996974,0.998487,1,1,1
36397,,1,0.988408,0.803098,0.895753,1,1,1
36400,,0,0.003378,0.024739,0.014058,0,0,0
36406,,1,1.0,0.999995,0.999997,1,1,1
36407,,1,1.0,0.998268,0.999134,1,1,1
36416,,1,1.0,0.999994,0.999997,1,1,1
36431,,1,0.990523,0.925518,0.958021,1,1,1
36434,,1,0.999921,0.999993,0.999957,1,1,1
36437,,1,1.0,1.0,1.0,1,1,1
36450,,1,1.0,0.999999,1.0,1,1,1
36452,,1,1.0,0.998631,0.999315,1,1,1
36457,,1,0.999921,0.999993,0.999957,1,1,1
36460,,0,0.0,0.007792,0.003896,0,0,0
36461,,1,0.999921,0.999993,0.999957,1,1,1
36463,,1,1.0,0.965964,0.982982,1,1,1
36466,,1,1.0,0.999966,0.999983,1,1,1
36469,,1,1.0,1.0,1.0,1,1,1
36473,,1,0.990523,0.925518,0.958021,1,1,1
36475,,1,1.0,1.0,1.0,1,1,1
36483,,1,1.0,0.999999,0.999999,1,1,1
36490,,1,1.0,0.999995,0.999997,1,1,1
36501,,1,0.990523,0.925518,0.958021,1,1,1
36502,,1,1.0,0.965961,0.982981,1,1,1
36513,,1,1.0,0.913908,0.956954,1,1,1
36514,,1,1.0,0.999994,0.999997,1,1,1
36518,,1,0.990523,0.925518,0.958021,1,1,1
36519,,0,0.003378,0.002132,0.002755,0,0,0
36522,,1,1.0,0.999989,0.999994,1,1,1
36525,,1,0.990523,0.925518,0.958021,1,1,1
36526,,1,0.990523,0.925518,0.958021,1,1,1
36529,,1,0.990523,0.926709,0.958616,1,1,1
36534,,1,0.999797,0.999993,0.999895,1,1,1
36535,,1,1.0,0.999308,0.999654,1,1,1
36537,,1,1.0,0.985766,0.992883,1,1,1
36541,,1,0.111605,0.117329,0.114467,0,0,0
36544,,1,0.99,0.999999,0.994999,1,1,1
36545,,1,0.999797,0.999993,0.999895,1,1,1
36547,,1,0.990523,0.926709,0.958616,1,1,1
36554,,1,1.0,0.999996,0.999998,1,1,1
36565,,1,0.531851,0.930347,0.731099,1,1,1
36572,,1,0.999169,0.998269,0.998719,1,1,1
36574,,1,1.0,0.999995,0.999997,1,1,1
36578,,1,1.0,0.999776,0.999888,1,1,1
36581,,1,0.999921,0.999993,0.999957,1,1,1
36582,,1,1.0,0.998268,0.999134,1,1,1
36587,,1,0.999797,0.999993,0.999895,1,1,1
36588,,1,1.0,1.0,1.0,1,1,1
36601,,1,0.900395,0.944368,0.922382,1,1,1
36602,,1,0.531851,0.930347,0.731099,1,1,1
36606,,1,1.0,1.0,1.0,1,1,1
36609,,1,0.999797,0.999993,0.999895,1,1,1
36610,,1,1.0,0.998268,0.999134,1,1,1
36611,,1,1.0,0.99481,0.997405,1,1,1
36614,,1,1.0,0.999962,0.999981,1,1,1
36634,,1,0.999921,0.999993,0.999957,1,1,1
36635,,1,1.0,0.999994,0.999997,1,1,1
36642,,1,0.111605,0.117329,0.114467,0,0,0
36648,,1,0.990523,0.925518,0.958021,1,1,1
36651,,1,1.0,0.999997,0.999998,1,1,1
36656,,1,1.0,0.999994,0.999997,1,1,1
36658,,1,0.999921,0.999993,0.999957,1,1,1
36668,,1,1.0,0.999994,0.999997,1,1,1
36669,,1,1.0,0.999993,0.999997,1,1,1
36675,,1,1.0,1.0,1.0,1,1,1
36688,,1,1.0,0.999962,0.999981,1,1,1
36690,,1,1.0,0.97156,0.98578,1,1,1
36695,,1,1.0,0.991048,0.995524,1,1,1
36697,,1,0.99,0.517712,0.753856,1,1,1
36702,,1,1.0,0.999994,0.999997,1,1,1
36705,,1,0.990523,0.925518,0.958021,1,1,1
36710,,1,0.990523,0.925518,0.958021,1,1,1
36711,,1,1.0,0.999994,0.999997,1,1,1
36722,,1,0.991,0.386003,0.688501,1,0,1
36724,,1,0.990523,0.926709,0.958616,1,1,1
36733,,1,1.0,0.999895,0.999947,1,1,1
36734,,1,0.999797,0.999993,0.999895,1,1,1
36739,,1,0.990523,0.926709,0.958616,1,1,1
36755,,1,0.990523,0.926709,0.958616,1,1,1
36773,,1,0.999797,0.999993,0.999895,1,1,1
36776,,1,1.0,0.999992,0.999996,1,1,1
36782,,1,0.94,1.0,0.97,1,1,1
36785,,1,0.990523,0.925518,0.958021,1,1,1
36791,,1,1.0,0.999997,0.999998,1,1,1
36803,,0,0.003378,0.010408,0.006893,0,0,0
36805,,1,1.0,0.95138,0.97569,1,1,1
36806,,1,0.999797,0.999993,0.999895,1,1,1
36807,,1,1.0,0.893133,0.946567,1,1,1
36813,,1,1.0,0.999995,0.999997,1,1,1
36823,,1,0.999797,0.999993,0.999895,1,1,1
36827,,1,1.0,0.999582,0.999791,1,1,1
36829,,1,0.900395,0.944368,0.922382,1,1,1
36830,,1,0.999921,0.999993,0.999957,1,1,1
36832,,1,1.0,1.0,1.0,1,1,1
36834,,1,1.0,0.999994,0.999997,1,1,1
36837,,1,1.0,1.0,1.0,1,1,1
36839,,1,0.990523,0.926709,0.958616,1,1,1
36840,,1,1.0,0.955759,0.977879,1,1,1
36858,,1,1.0,0.999218,0.999609,1,1,1
36866,,1,0.999797,0.999993,0.999895,1,1,1
36873,,1,1.0,0.999996,0.999998,1,1,1
36875,,1,0.990523,0.925518,0.958021,1,1,1
36880,,1,0.999921,0.999993,0.999957,1,1,1
36890,,1,0.966491,0.187792,0.577141,1,0,1
36909,,1,0.990523,0.925518,0.958021,1,1,1
36911,,1,0.990523,0.925518,0.958021,1,1,1
36913,,1,1.0,0.995986,0.997993,1,1,1
36917,,1,1.0,1.0,1.0,1,1,1
36919,,1,0.990523,0.926709,0.958616,1,1,1
36922,,1,0.990523,0.925518,0.958021,1,1,1
36932,,1,1.0,0.891299,0.945649,1,1,1
36936,,1,1.0,0.891307,0.945653,1,1,1
36942,,1,1.0,0.999994,0.999997,1,1,1
36944,,1,0.900395,0.944368,0.922382,1,1,1
36946,,1,1.0,1.0,1.0,1,1,1
36948,,1,1.0,0.998268,0.999134,1,1,1
36949,,1,0.999797,0.999993,0.999895,1,1,1
36958,,1,0.990523,0.925518,0.958021,1,1,1
36962,,1,1.0,0.999934,0.999967,1,1,1
36963,,1,0.999921,0.999993,0.999957,1,1,1
36967,,1,1.0,1.0,1.0,1,1,1
36968,,1,0.990523,0.925518,0.958021,1,1,1
36973,,1,0.990523,0.926709,0.958616,1,1,1
36977,,1,1.0,0.999994,0.999997,1,1,1
36979,,1,1.0,1.0,1.0,1,1,1
36980,,1,0.990523,0.926709,0.958616,1,1,1
36982,,1,1.0,0.998268,0.999134,1,1,1
36987,,1,0.990523,0.926709,0.958616,1,1,1
36991,,1,1.0,1.0,1.0,1,1,1
37002,,1,0.990523,0.926709,0.958616,1,1,1
37011,,1,1.0,0.999995,0.999997,1,1,1
37013,,1,0.999169,0.998269,0.998719,1,1,1
37016,,1,0.991003,0.612606,0.801804,1,1,1
37019,,1,0.301175,0.106519,0.203847,0,0,0
37023,,1,0.999797,0.999993,0.999895,1,1,1
37040,,1,1.0,0.999995,0.999997,1,1,1
37046,,1,0.990523,0.926709,0.958616,1,1,1
37052,,1,0.999797,0.999993,0.999895,1,1,1
37053,,1,0.999921,0.999993,0.999957,1,1,1
37063,,1,1.0,1.0,1.0,1,1,1
37066,,1,1.0,1.0,1.0,1,1,1
37067,,1,0.900395,0.944368,0.922382,1,1,1
37068,,1,0.990523,0.925518,0.958021,1,1,1
37076,,1,1.0,0.999994,0.999997,1,1,1
37080,,1,1.0,1.0,1.0,1,1,1
37083,,1,1.0,1.0,1.0,1,1,1
37087,,1,1.0,1.0,1.0,1,1,1
37092,,1,1.0,0.998438,0.999219,1,1,1
37099,,1,0.990523,0.925518,0.958021,1,1,1
37101,,1,1.0,0.996963,0.998481,1,1,1
37104,,1,0.990523,0.925518,0.958021,1,1,1
37107,,1,0.99,0.848971,0.919486,1,1,1
37111,,1,0.990523,0.925518,0.958021,1,1,1
37113,,1,0.999797,0.999993,0.999895,1,1,1
37114,,1,0.999797,0.999993,0.999895,1,1,1
37119,,1,1.0,0.998267,0.999134,1,1,1
37124,,1,1.0,0.998268,0.999134,1,1,1
37125,,0,0.003378,0.062915,0.033146,0,0,0
37133,,1,1.0,1.0,1.0,1,1,1
37136,,1,1.0,0.999973,0.999986,1,1,1
37142,,1,1.0,0.999987,0.999993,1,1,1
37155,,1,1.0,1.0,1.0,1,1,1
37159,,1,0.990523,0.925518,0.958021,1,1,1
37163,,1,0.990523,0.926709,0.958616,1,1,1
37165,,1,1.0,0.998268,0.999134,1,1,1
37180,,1,0.990523,0.925518,0.958021,1,1,1
37187,,1,0.999921,0.999993,0.999957,1,1,1
37189,,1,0.990523,0.925518,0.958021,1,1,1
37192,,1,0.990523,0.926709,0.958616,1,1,1
37208,,1,1.0,0.985031,0.992516,1,1,1
37212,,1,0.999797,0.999993,0.999895,1,1,1
37216,,1,0.990523,0.926709,0.958616,1,1,1
37220,,1,0.991003,0.99875,0.994876,1,1,1
37221,,1,0.990523,0.925518,0.958021,1,1,1
37222,,1,0.98,0.999604,0.989802,1,1,1
37227,,1,1.0,0.999994,0.999997,1,1,1
37228,,1,0.301175,0.106519,0.203847,0,0,0
37230,,1,0.990523,0.926709,0.958616,1,1,1
37236,,1,1.0,1.0,1.0,1,1,1
37246,,1,1.0,1.0,1.0,1,1,1
37250,,1,0.301175,0.106519,0.203847,0,0,0
37251,,1,1.0,0.453179,0.72659,1,0,1
37254,,1,0.999797,0.999993,0.999895,1,1,1
37256,,1,0.990523,0.925518,0.958021,1,1,1
37258,,1,1.0,0.995527,0.997764,1,1,1
37261,,1,0.900395,0.944368,0.922382,1,1,1
37265,,1,0.990523,0.926709,0.958616,1,1,1
37272,,1,1.0,0.892965,0.946483,1,1,1
37274,,1,1.0,0.999866,0.999933,1,1,1
37275,,1,1.0,0.998077,0.999038,1,1,1
37277,,1,1.0,0.998059,0.99903,1,1,1
37286,,1,0.988408,0.803109,0.895758,1,1,1
37287,,1,0.990523,0.926709,0.958616,1,1,1
37288,,1,1.0,0.998268,0.999134,1,1,1
37295,,1,1.0,0.99999,0.999995,1,1,1
37303,,1,0.990523,0.925518,0.958021,1,1,1
37307,,1,1.0,0.998268,0.999134,1,1,1
37309,,1,1.0,0.586127,0.793063,1,1,1
37317,,1,1.0,1.0,1.0,1,1,1
37318,,1,0.990523,0.926709,0.958616,1,1,1
37324,,1,0.999169,0.998269,0.998719,1,1,1
37325,,1,1.0,0.89176,0.94588,1,1,1
37329,,1,0.990523,0.925518,0.958021,1,1,1
37331,,1,1.0,0.988671,0.994336,1,1,1
37351,,1,0.990523,0.925518,0.958021,1,1,1
37357,,1,0.990523,0.926709,0.958616,1,1,1
37365,,1,1.0,0.998268,0.999134,1,1,1
37395,,1,1.0,0.982859,0.99143,1,1,1
37401,,1,0.990523,0.925518,0.958021,1,1,1
37403,,1,1.0,0.999995,0.999997,1,1,1
37406,,1,0.990523,0.925518,0.958021,1,1,1
37407,,1,1.0,0.999957,0.999979,1,1,1
37423,,0,0.0,0.007611,0.003805,0,0,0
37425,,1,1.0,0.981749,0.990875,1,1,1
37430,,1,1.0,0.998265,0.999132,1,1,1
37434,,1,0.990523,0.926709,0.958616,1,1,1
37440,,1,0.999797,0.999993,0.999895,1,1,1
37443,,1,0.990523,0.925518,0.958021,1,1,1
37447,,1,1.0,0.965228,0.982614,1,1,1
37457,,1,1.0,0.999994,0.999997,1,1,1
37459,,1,0.999797,0.999993,0.999895,1,1,1
37465,,1,1.0,1.0,1.0,1,1,1
37468,,1,1.0,0.999994,0.999997,1,1,1
37470,,1,1.0,1.0,1.0,1,1,1
37474,,1,0.990523,0.925518,0.958021,1,1,1
37484,,1,1.0,0.999969,0.999984,1,1,1
37489,,1,0.999797,0.999993,0.999895,1,1,1
37491,,1,0.990523,0.925518,0.958021,1,1,1
37500,,1,1.0,1.0,1.0,1,1,1
37505,,1,0.990523,0.926709,0.958616,1,1,1
37509,,1,1.0,0.951322,0.975661,1,1,1
37510,,1,0.999169,0.998269,0.998719,1,1,1
37515,,1,0.999797,0.999993,0.999895,1,1,1
37525,,1,1.0,0.999626,0.999813,1,1,1
37526,,1,1.0,0.999995,0.999997,1,1,1
37529,,1,1.0,0.996063,0.998031,1,1,1
37543,,1,1.0,0.996975,0.998488,1,1,1
37551,,1,0.990523,0.925518,0.958021,1,1,1
37552,,1,0.990523,0.926709,0.958616,1,1,1
37558,,1,0.990523,0.926709,0.958616,1,1,1
37559,,1,1.0,0.998882,0.999441,1,1,1
37563,,0,0.281003,0.660957,0.47098,0,1,0
37574,,1,0.999921,0.999993,0.999957,1,1,1
37575,,1,1.0,0.999995,0.999997,1,1,1
37577,,1,0.990523,0.926709,0.958616,1,1,1
37578,,1,0.990523,0.925518,0.958021,1,1,1
37591,,1,1.0,0.998268,0.999134,1,1,1
37594,,1,1.0,0.999994,0.999997,1,1,1
37595,,1,1.0,0.999201,0.999601,1,1,1
37613,,1,0.990523,0.925518,0.958021,1,1,1
37618,,1,1.0,0.453179,0.72659,1,0,1
37622,,1,0.999797,0.999993,0.999895,1,1,1
37625,,1,1.0,0.996824,0.998412,1,1,1
37646,,1,0.990523,0.925518,0.958021,1,1,1
37652,,1,1.0,1.0,1.0,1,1,1
37667,,1,1.0,1.0,1.0,1,1,1
37669,,1,0.999921,0.999993,0.999957,1,1,1
37679,,1,0.990523,0.925518,0.958021,1,1,1
37681,,1,1.0,0.999446,0.999723,1,1,1
37691,,0,0.003378,0.019458,0.011418,0,0,0
37692,,1,1.0,0.998104,0.999052,1,1,1
37694,,1,1.0,0.990978,0.995489,1,1,1
37703,,1,1.0,1.0,1.0,1,1,1
37709,,1,1.0,0.965964,0.982982,1,1,1
37716,,0,0.015351,0.923056,0.469203,0,1,0
37724,,1,1.0,0.999959,0.999979,1,1,1
37725,,1,0.990523,0.926709,0.958616,1,1,1
37730,,1,1.0,0.991046,0.995523,1,1,1
37734,,1,1.0,1.0,1.0,1,1,1
37737,,1,0.999921,0.999993,0.999957,1,1,1
37744,,1,1.0,0.998262,0.999131,1,1,1
37748,,1,1.0,0.895574,0.947787,1,1,1
37755,,1,0.999797,0.999993,0.999895,1,1,1
37756,,1,1.0,1.0,1.0,1,1,1
37760,,1,0.990523,0.925518,0.958021,1,1,1
37767,,1,1.0,0.953827,0.976914,1,1,1
37769,,1,1.0,1.0,1.0,1,1,1
37770,,1,1.0,0.997218,0.998609,1,1,1
37780,,1,1.0,0.999957,0.999978,1,1,1
37783,,1,1.0,1.0,1.0,1,1,1
37785,,1,0.990523,0.925518,0.958021,1,1,1
37787,,1,0.990523,0.925518,0.958021,1,1,1
37789,,1,1.0,0.999998,0.999999,1,1,1
37792,,1,0.990523,0.925518,0.958021,1,1,1
37793,,1,0.990523,0.925518,0.958021,1,1,1
37798,,1,0.990523,0.925518,0.958021,1,1,1
37807,,1,1.0,0.747492,0.873746,1,1,1
37809,,1,1.0,1.0,1.0,1,1,1
37824,,1,1.0,0.991176,0.995588,1,1,1
37825,,1,0.999169,0.998269,0.998719,1,1,1
37834,,1,1.0,0.999993,0.999996,1,1,1
37835,,1,1.0,0.999997,0.999999,1,1,1
37837,,1,0.990523,0.926709,0.958616,1,1,1
37851,,1,0.99,0.922188,0.956094,1,1,1
37853,,1,0.999797,0.999993,0.999895,1,1,1
37857,,1,0.301175,0.106519,0.203847,0,0,0
37860,,1,1.0,0.91487,0.957435,1,1,1
37863,,1,0.301175,0.106519,0.203847,0,0,0
37864,,1,1.0,0.998312,0.999156,1,1,1
37871,,1,1.0,1.0,1.0,1,1,1
37879,,1,1.0,0.999997,0.999998,1,1,1
37885,,1,1.0,1.0,1.0,1,1,1
37890,,1,0.990523,0.925518,0.958021,1,1,1
37891,,1,0.990523,0.926709,0.958616,1,1,1
37896,,0,0.0,0.036776,0.018388,0,0,0
37904,,1,0.999797,0.999993,0.999895,1,1,1
37905,,1,0.999921,0.999993,0.999957,1,1,1
37913,,1,1.0,0.949558,0.974779,1,1,1
37914,,1,0.990523,0.925518,0.958021,1,1,1
37916,,1,1.0,1.0,1.0,1,1,1
37919,,1,1.0,0.998268,0.999134,1,1,1
37922,,1,0.990523,0.926709,0.958616,1,1,1
37926,,1,1.0,0.985792,0.992896,1,1,1
37932,,1,0.999797,0.999993,0.999895,1,1,1
37956,,1,1.0,1.0,1.0,1,1,1
37959,,1,0.999169,0.998269,0.998719,1,1,1
37962,,1,0.990523,0.926709,0.958616,1,1,1
37976,,1,0.966491,0.137445,0.551968,1,0,1
37979,,1,0.990523,0.925518,0.958021,1,1,1
37980,,1,0.999921,0.999993,0.999957,1,1,1
37983,,1,0.999797,0.999993,0.999895,1,1,1
37992,,1,1.0,0.999994,0.999997,1,1,1
37995,,1,0.999797,0.999993,0.999895,1,1,1
37996,,1,1.0,1.0,1.0,1,1,1
38010,,1,1.0,1.0,1.0,1,1,1
38011,,1,0.990523,0.925518,0.958021,1,1,1
38014,,1,0.999797,0.999993,0.999895,1,1,1
38020,,1,0.990523,0.925518,0.958021,1,1,1
38026,,1,1.0,0.999934,0.999967,1,1,1
38027,,1,1.0,0.999994,0.999997,1,1,1
38028,,1,1.0,0.998267,0.999134,1,1,1
38034,,1,0.966491,0.187785,0.577138,1,0,1
38042,,1,0.990523,0.925518,0.958021,1,1,1
38045,,1,1.0,1.0,1.0,1,1,1
38050,,1,1.0,1.0,1.0,1,1,1
38054,,1,0.999169,0.998269,0.998719,1,1,1
38058,,1,1.0,0.873347,0.936673,1,1,1
38073,,1,1.0,0.999995,0.999997,1,1,1
38076,,1,0.999169,0.998269,0.998719,1,1,1
38079,,1,0.84,0.070673,0.455336,1,0,0
38113,,1,1.0,0.953835,0.976918,1,1,1
38123,,1,0.999797,0.999993,0.999895,1,1,1
38140,,1,0.990523,0.926709,0.958616,1,1,1
38145,,1,1.0,1.0,1.0,1,1,1
38147,,1,1.0,0.99323,0.996615,1,1,1
38158,,1,0.999797,0.999993,0.999895,1,1,1
38159,,1,0.999797,0.999993,0.999895,1,1,1
38160,,1,0.990523,0.925518,0.958021,1,1,1
38163,,1,0.990523,0.926709,0.958616,1,1,1
38166,,1,1.0,0.998105,0.999052,1,1,1
38176,,1,1.0,0.996951,0.998476,1,1,1
38177,,1,1.0,1.0,1.0,1,1,1
38178,,1,1.0,1.0,1.0,1,1,1
38179,,1,0.990523,0.925518,0.958021,1,1,1
38187,,1,1.0,0.999993,0.999997,1,1,1
38192,,1,1.0,0.991043,0.995522,1,1,1
38199,,1,1.0,0.999968,0.999984,1,1,1
38214,,1,0.999797,0.999993,0.999895,1,1,1
38231,,1,1.0,0.978001,0.989001,1,1,1
38240,,1,1.0,0.876845,0.938422,1,1,1
38244,,1,0.999169,0.748323,0.873746,1,1,1
38248,,1,1.0,0.950086,0.975043,1,1,1
38251,,1,1.0,1.0,1.0,1,1,1
38252,,1,1.0,0.998269,0.999134,1,1,1
38267,,1,0.999921,0.999993,0.999957,1,1,1
38268,,1,1.0,0.999959,0.99998,1,1,1
38275,,1,1.0,0.998218,0.999109,1,1,1
38276,,1,1.0,0.999801,0.999901,1,1,1
38291,,1,1.0,0.999949,0.999975,1,1,1
38297,,1,0.301175,0.106519,0.203847,0,0,0
38300,,1,0.990523,0.926709,0.958616,1,1,1
38305,,1,1.0,0.998268,0.999134,1,1,1
38310,,1,1.0,1.0,1.0,1,1,1
38311,,1,0.999797,0.999993,0.999895,1,1,1
38317,,1,0.999797,0.999993,0.999895,1,1,1
38321,,1,1.0,1.0,1.0,1,1,1
38329,,1,1.0,1.0,1.0,1,1,1
38334,,1,0.990523,0.926709,0.958616,1,1,1
38335,,1,0.999921,0.999993,0.999957,1,1,1
38350,,1,1.0,0.999304,0.999652,1,1,1
38351,,1,1.0,0.998264,0.999132,1,1,1
38353,,1,0.990523,0.925518,0.958021,1,1,1
38354,,1,1.0,0.999994,0.999997,1,1,1
38358,,1,0.990523,0.925518,0.958021,1,1,1
38364,,1,0.990523,0.926709,0.958616,1,1,1
38384,,0,0.0,0.007409,0.003704,0,0,0
38391,,1,0.990523,0.926709,0.958616,1,1,1
38399,,1,1.0,0.965964,0.982982,1,1,1
38409,,1,0.999921,0.999993,0.999957,1,1,1
38411,,1,0.990523,0.925518,0.958021,1,1,1
38419,,1,1.0,0.998034,0.999017,1,1,1
38421,,1,0.99,0.997223,0.993611,1,1,1
38432,,1,0.990523,0.925518,0.958021,1,1,1
38435,,1,1.0,0.965964,0.982982,1,1,1
38450,,1,1.0,0.999994,0.999997,1,1,1
38451,,1,1.0,0.964901,0.982451,1,1,1
38460,,1,1.0,1.0,1.0,1,1,1
38468,,1,1.0,0.99996,0.99998,1,1,1
38470,,1,1.0,0.998268,0.999134,1,1,1
38475,,1,0.990523,0.926709,0.958616,1,1,1
38484,,1,0.900395,0.944368,0.922382,1,1,1
38486,,1,1.0,0.999968,0.999984,1,1,1
38490,,1,0.999169,0.998269,0.998719,1,1,1
38495,,1,1.0,0.999995,0.999997,1,1,1
38496,,1,1.0,0.998422,0.999211,1,1,1
38509,,1,1.0,0.999906,0.999953,1,1,1
38511,,1,1.0,0.999413,0.999706,1,1,1
38513,,1,1.0,0.99697,0.998485,1,1,1
38514,,1,1.0,0.999993,0.999997,1,1,1
38515,,1,1.0,1.0,1.0,1,1,1
38518,,1,0.999797,0.999993,0.999895,1,1,1
38522,,1,0.966491,0.137442,0.551966,1,0,1
38527,,1,1.0,0.999997,0.999998,1,1,1
38537,,1,1.0,0.999994,0.999997,1,1,1
38540,,1,0.999797,0.999993,0.999895,1,1,1
38543,,1,0.999169,0.998269,0.998719,1,1,1
38546,,1,1.0,1.0,1.0,1,1,1
38547,,1,0.900395,0.944368,0.922382,1,1,1
38557,,1,0.990523,0.926709,0.958616,1,1,1
38561,,1,1.0,0.999993,0.999996,1,1,1
38563,,1,0.999797,0.999993,0.999895,1,1,1
38566,,0,0.111605,0.117329,0.114467,0,0,0
38568,,1,1.0,0.999613,0.999806,1,1,1
38571,,1,0.999797,0.999993,0.999895,1,1,1
38587,,1,0.900395,0.944368,0.922382,1,1,1
38589,,1,0.990523,0.925518,0.958021,1,1,1
38590,,1,0.987643,0.797984,0.892814,1,1,1
38600,,1,1.0,0.893045,0.946523,1,1,1
38609,,1,0.999797,0.999993,0.999895,1,1,1
38612,,1,0.999797,0.999993,0.999895,1,1,1
38616,,1,1.0,0.995916,0.997958,1,1,1
38619,,1,1.0,1.0,1.0,1,1,1
38620,,1,0.99,0.999897,0.994949,1,1,1
38624,,1,0.966491,0.187807,0.577149,1,0,1
38625,,1,0.990523,0.926709,0.958616,1,1,1
38626,,1,1.0,0.998268,0.999134,1,1,1
38627,,1,0.990523,0.925518,0.958021,1,1,1
38640,,1,1.0,0.999995,0.999997,1,1,1
38655,,1,0.531851,0.930347,0.731099,1,1,1
38657,,1,0.999169,0.998269,0.998719,1,1,1
38659,,1,0.999797,0.999993,0.999895,1,1,1
38666,,1,0.111605,0.117329,0.114467,0,0,0
38673,,1,1.0,0.999904,0.999952,1,1,1
38676,,1,0.990523,0.925518,0.958021,1,1,1
38677,,1,1.0,0.999994,0.999997,1,1,1
38679,,1,0.999921,0.999993,0.999957,1,1,1
38710,,1,0.900395,0.944368,0.922382,1,1,1
38713,,1,0.990523,0.926709,0.958616,1,1,1
38717,,1,0.999797,0.999993,0.999895,1,1,1
38724,,0,0.0,0.007561,0.003781,0,0,0
38725,,1,0.999921,0.999993,0.999957,1,1,1
38732,,1,0.990523,0.925518,0.958021,1,1,1
38743,,1,0.990523,0.926709,0.958616,1,1,1
38747,,1,1.0,0.891462,0.945731,1,1,1
38748,,1,0.999797,0.999993,0.999895,1,1,1
38752,,1,1.0,0.999393,0.999696,1,1,1
38753,,1,1.0,0.996655,0.998327,1,1,1
38756,,1,1.0,0.961758,0.980879,1,1,1
38763,,1,0.990523,0.926709,0.958616,1,1,1
38769,,1,0.95,0.999023,0.974511,1,1,1
38770,,1,0.99,1.0,0.995,1,1,1
38771,,1,1.0,1.0,1.0,1,1,1
38774,,1,0.990523,0.926709,0.958616,1,1,1
38779,,1,0.990523,0.925518,0.958021,1,1,1
38796,,1,0.993138,0.797731,0.895435,1,1,1
38797,,1,1.0,0.998268,0.999134,1,1,1
38808,,1,0.993138,0.797945,0.895541,1,1,1
38810,,1,1.0,0.453179,0.72659,1,0,1
38815,,1,1.0,1.0,1.0,1,1,1
38826,,1,0.990523,0.925518,0.958021,1,1,1
38828,,1,1.0,0.999995,0.999997,1,1,1
38829,,1,1.0,0.998268,0.999134,1,1,1
38832,,1,1.0,0.999293,0.999647,1,1,1
38837,,1,1.0,0.999969,0.999985,1,1,1
38839,,1,1.0,0.999943,0.999971,1,1,1
38840,,1,1.0,0.998268,0.999134,1,1,1
38842,,1,1.0,0.996401,0.9982,1,1,1
38845,,1,1.0,0.939396,0.969698,1,1,1
38848,,1,0.531851,0.930347,0.731099,1,1,1
38849,,1,1.0,1.0,1.0,1,1,1
38850,,1,0.990523,0.926709,0.958616,1,1,1
38852,,1,1.0,0.999919,0.999959,1,1,1
38860,,1,0.990523,0.926709,0.958616,1,1,1
38861,,1,1.0,0.999994,0.999997,1,1,1
38863,,1,1.0,0.453179,0.72659,1,0,1
38870,,0,0.003378,0.002132,0.002755,0,0,0
38873,,1,1.0,0.982904,0.991452,1,1,1
38875,,1,1.0,1.0,1.0,1,1,1
38880,,1,1.0,0.999993,0.999996,1,1,1
38881,,1,0.990523,0.926709,0.958616,1,1,1
38893,,1,0.990523,0.925518,0.958021,1,1,1
38901,,1,1.0,0.998264,0.999132,1,1,1
38904,,1,0.999797,0.999993,0.999895,1,1,1
38908,,1,1.0,0.999995,0.999997,1,1,1
38911,,1,1.0,1.0,1.0,1,1,1
38916,,1,1.0,0.891516,0.945758,1,1,1
38919,,1,0.999921,0.999993,0.999957,1,1,1
38929,,1,1.0,1.0,1.0,1,1,1
38930,,1,0.990523,0.926709,0.958616,1,1,1
38932,,1,1.0,1.0,1.0,1,1,1
38934,,1,0.999797,0.999993,0.999895,1,1,1
38936,,1,1.0,0.746468,0.873234,1,1,1
38938,,1,1.0,0.453179,0.72659,1,0,1
38940,,1,0.990523,0.926709,0.958616,1,1,1
38944,,1,1.0,0.950056,0.975028,1,1,1
38946,,1,1.0,0.999994,0.999997,1,1,1
38952,,1,1.0,1.0,1.0,1,1,1
38953,,1,0.990523,0.925518,0.958021,1,1,1
38957,,1,1.0,0.914885,0.957443,1,1,1
38969,,1,0.990523,0.926709,0.958616,1,1,1
38970,,1,0.990523,0.925518,0.958021,1,1,1
38989,,1,0.990523,0.926709,0.958616,1,1,1
38993,,1,1.0,0.744792,0.872396,1,1,1
38998,,1,1.0,1.0,1.0,1,1,1
39004,,1,1.0,0.999994,0.999997,1,1,1
39007,,1,0.999797,0.999993,0.999895,1,1,1
39024,,1,0.653378,0.012978,0.333178,1,0,0
39028,,1,1.0,0.736062,0.868031,1,1,1
39029,,1,1.0,0.999999,0.999999,1,1,1
39031,,1,1.0,0.998066,0.999033,1,1,1
39040,,1,0.993138,0.797815,0.895477,1,1,1
39042,,1,0.990523,0.925518,0.958021,1,1,1
39044,,1,0.999797,0.999993,0.999895,1,1,1
39053,,1,1.0,0.950067,0.975033,1,1,1
39054,,1,1.0,1.0,1.0,1,1,1
39069,,1,0.990523,0.926709,0.958616,1,1,1
39075,,1,1.0,0.999995,0.999997,1,1,1
39078,,1,0.301175,0.106519,0.203847,0,0,0
39085,,1,1.0,1.0,1.0,1,1,1
39091,,1,1.0,0.999994,0.999997,1,1,1
39107,,1,1.0,0.914936,0.957468,1,1,1
39112,,1,1.0,1.0,1.0,1,1,1
39114,,1,0.99,1.0,0.995,1,1,1
39118,,1,1.0,0.998954,0.999477,1,1,1
39119,,1,1.0,0.985775,0.992887,1,1,1
39122,,1,1.0,0.980591,0.990296,1,1,1
39123,,1,1.0,0.996974,0.998487,1,1,1
39125,,1,0.999797,0.999993,0.999895,1,1,1
39139,,1,0.990523,0.925518,0.958021,1,1,1
39141,,1,0.999797,0.999993,0.999895,1,1,1
39147,,1,0.999921,0.999993,0.999957,1,1,1
39160,,1,1.0,0.999994,0.999997,1,1,1
39161,,1,1.0,0.999999,0.999999,1,1,1
39167,,1,1.0,0.982666,0.991333,1,1,1
39170,,1,0.999797,0.999993,0.999895,1,1,1
39176,,1,1.0,0.893533,0.946766,1,1,1
39177,,1,1.0,1.0,1.0,1,1,1
39178,,1,1.0,1.0,1.0,1,1,1
39182,,1,1.0,0.736002,0.868001,1,1,1
39183,,1,0.988408,0.803113,0.89576,1,1,1
39185,,1,0.986325,0.795378,0.890851,1,1,1
39188,,1,0.999797,0.999993,0.999895,1,1,1
39193,,1,1.0,0.999893,0.999947,1,1,1
39194,,1,1.0,0.999957,0.999978,1,1,1
39203,,1,1.0,0.999965,0.999982,1,1,1
39207,,1,1.0,0.999995,0.999997,1,1,1
39208,,1,0.999169,0.998269,0.998719,1,1,1
39209,,1,1.0,0.99995,0.999975,1,1,1
39210,,1,1.0,0.48438,0.74219,1,0,1
39215,,1,1.0,0.998268,0.999134,1,1,1
39216,,1,0.999797,0.999993,0.999895,1,1,1
39223,,1,1.0,0.999995,0.999997,1,1,1
39224,,1,1.0,1.0,1.0,1,1,1
39228,,1,0.999797,0.999993,0.999895,1,1,1
39245,,1,0.999797,0.999993,0.999895,1,1,1
39252,,1,1.0,0.999904,0.999952,1,1,1
39254,,1,1.0,0.999995,0.999997,1,1,1
39257,,1,1.0,0.999994,0.999997,1,1,1
39260,,1,1.0,0.999987,0.999994,1,1,1
39264,,1,1.0,1.0,1.0,1,1,1
39267,,1,0.98,0.294788,0.637394,1,0,1
39278,,1,0.900395,0.944368,0.922382,1,1,1
39283,,1,0.999921,0.999993,0.999957,1,1,1
39293,,1,0.999797,0.999993,0.999895,1,1,1
39296,,1,1.0,1.0,1.0,1,1,1
39297,,1,1.0,0.999994,0.999997,1,1,1
39298,,1,1.0,1.0,1.0,1,1,1
39302,,1,1.0,0.998265,0.999133,1,1,1
39303,,1,0.990523,0.925518,0.958021,1,1,1
39305,,1,0.990523,0.925518,0.958021,1,1,1
39306,,1,0.990523,0.926709,0.958616,1,1,1
39309,,1,1.0,1.0,1.0,1,1,1
39310,,1,1.0,0.996972,0.998486,1,1,1
39311,,0,0.033648,0.408475,0.221061,0,0,0
39315,,1,0.999797,0.999993,0.999895,1,1,1
39317,,1,0.990523,0.925518,0.958021,1,1,1
39319,,1,0.990523,0.926709,0.958616,1,1,1
39330,,1,1.0,1.0,1.0,1,1,1
39333,,1,0.990523,0.926709,0.958616,1,1,1
39337,,1,1.0,0.965964,0.982982,1,1,1
39340,,1,1.0,0.996981,0.99849,1,1,1
39343,,1,1.0,0.999366,0.999683,1,1,1
39344,,1,1.0,0.999997,0.999998,1,1,1
39345,,1,1.0,0.999996,0.999998,1,1,1
39347,,1,1.0,0.999995,0.999997,1,1,1
39350,,1,1.0,0.996973,0.998486,1,1,1
39363,,1,0.999797,0.999993,0.999895,1,1,1
39370,,1,0.999797,0.999993,0.999895,1,1,1
39377,,1,0.990523,0.925518,0.958021,1,1,1
39386,,1,1.0,0.996915,0.998457,1,1,1
39390,,1,0.999797,0.999993,0.999895,1,1,1
39394,,1,1.0,0.999996,0.999998,1,1,1
39395,,1,0.999797,0.999993,0.999895,1,1,1
39407,,1,0.988408,0.803056,0.895732,1,1,1
39410,,1,1.0,0.998097,0.999048,1,1,1
39411,,1,1.0,1.0,1.0,1,1,1
39415,,1,0.990523,0.925518,0.958021,1,1,1
39416,,0,0.003378,0.024739,0.014058,0,0,0
39418,,1,0.111605,0.117329,0.114467,0,0,0
39425,,1,1.0,1.0,1.0,1,1,1
39426,,1,0.990523,0.926709,0.958616,1,1,1
39428,,1,0.990523,0.926709,0.958616,1,1,1
39432,,1,0.999921,0.999993,0.999957,1,1,1
39455,,1,1.0,0.985815,0.992908,1,1,1
39460,,1,0.990523,0.926709,0.958616,1,1,1
39463,,1,1.0,1.0,1.0,1,1,1
39464,,1,0.900395,0.944368,0.922382,1,1,1
39466,,1,1.0,0.998268,0.999134,1,1,1
39468,,1,1.0,0.99826,0.99913,1,1,1
39469,,1,1.0,0.999987,0.999993,1,1,1
39479,,1,1.0,0.999995,0.999997,1,1,1
39480,,1,0.999921,0.999993,0.999957,1,1,1
39483,,1,1.0,1.0,1.0,1,1,1
39488,,1,1.0,0.999994,0.999997,1,1,1
39499,,1,0.999797,0.999993,0.999895,1,1,1
39500,,1,0.990523,0.925518,0.958021,1,1,1
39507,,1,0.990523,0.926709,0.958616,1,1,1
39510,,1,0.990523,0.925518,0.958021,1,1,1
39516,,1,0.999797,0.999993,0.999895,1,1,1
39521,,1,0.999797,0.999993,0.999895,1,1,1
39526,,1,0.990523,0.925518,0.958021,1,1,1
39537,,1,0.990523,0.926709,0.958616,1,1,1
39544,,1,1.0,0.994779,0.997389,1,1,1
39545,,1,0.993138,0.79788,0.895509,1,1,1
39561,,1,1.0,1.0,1.0,1,1,1
39563,,1,0.999797,0.999993,0.999895,1,1,1
39569,,1,0.999797,0.999993,0.999895,1,1,1
39573,,1,1.0,0.999994,0.999997,1,1,1
39578,,1,1.0,0.996952,0.998476,1,1,1
39586,,1,0.990523,0.925518,0.958021,1,1,1
39593,,1,1.0,0.965429,0.982714,1,1,1
39599,,1,0.990523,0.925518,0.958021,1,1,1
39604,,1,1.0,0.999999,0.999999,1,1,1
39606,,1,0.990523,0.925518,0.958021,1,1,1
39624,,1,0.999797,0.999993,0.999895,1,1,1
39629,,1,1.0,1.0,1.0,1,1,1
39630,,1,1.0,0.965964,0.982982,1,1,1
39633,,1,0.999797,0.999993,0.999895,1,1,1
39641,,1,0.92,0.471244,0.695622,1,0,1
39645,,1,1.0,0.999995,0.999997,1,1,1
39647,,1,1.0,0.999493,0.999746,1,1,1
39651,,1,0.990523,0.925518,0.958021,1,1,1
39652,,1,1.0,0.874581,0.93729,1,1,1
39653,,1,0.990523,0.926709,0.958616,1,1,1
39656,,1,1.0,0.999994,0.999997,1,1,1
39657,,1,0.94,0.201842,0.570921,1,0,1
39659,,1,0.990523,0.926709,0.958616,1,1,1
39672,,1,0.999169,0.998269,0.998719,1,1,1
39675,,1,1.0,0.950079,0.975039,1,1,1
39689,,1,1.0,0.776793,0.888396,1,1,1
39701,,1,0.990523,0.926709,0.958616,1,1,1
39710,,1,0.988408,0.803102,0.895755,1,1,1
39713,,1,0.999797,0.999993,0.999895,1,1,1
39717,,1,1.0,0.999956,0.999978,1,1,1
39719,,1,0.990523,0.926709,0.958616,1,1,1
39724,,1,1.0,0.999995,0.999997,1,1,1
39725,,1,0.999797,0.999993,0.999895,1,1,1
39727,,0,0.0,0.007539,0.003769,0,0,0
39731,,1,0.999797,0.999993,0.999895,1,1,1
39738,,1,0.990523,0.925518,0.958021,1,1,1
39741,,1,1.0,0.991048,0.995524,1,1,1
39753,,1,0.990523,0.925518,0.958021,1,1,1
39758,,1,1.0,0.999995,0.999997,1,1,1
39769,,1,1.0,0.895068,0.947534,1,1,1
39771,,1,1.0,0.996062,0.998031,1,1,1
39772,,1,1.0,0.991039,0.99552,1,1,1
39774,,1,1.0,0.959707,0.979854,1,1,1
39789,,1,0.999797,0.999993,0.999895,1,1,1
39790,,1,1.0,1.0,1.0,1,1,1
39791,,1,1.0,0.999997,0.999999,1,1,1
39794,,1,1.0,0.999994,0.999997,1,1,1
39796,,1,0.999921,0.999993,0.999957,1,1,1
39798,,1,0.990523,0.926709,0.958616,1,1,1
39803,,1,1.0,0.876409,0.938205,1,1,1
39805,,1,1.0,0.999995,0.999997,1,1,1
39810,,1,1.0,0.990972,0.995486,1,1,1
39811,,1,1.0,1.0,1.0,1,1,1
39813,,1,1.0,0.999994,0.999997,1,1,1
39815,,1,1.0,0.914936,0.957468,1,1,1
39823,,1,1.0,1.0,1.0,1,1,1
39826,,1,1.0,0.999911,0.999956,1,1,1
39830,,1,0.988408,0.803101,0.895754,1,1,1
39839,,1,0.990523,0.926709,0.958616,1,1,1
39851,,1,1.0,0.965964,0.982982,1,1,1
39852,,1,0.900395,0.944368,0.922382,1,1,1
39857,,1,1.0,0.997616,0.998808,1,1,1
39862,,1,1.0,1.0,1.0,1,1,1
39875,,1,1.0,0.963974,0.981987,1,1,1
39881,,1,1.0,0.99683,0.998415,1,1,1
39884,,1,0.990523,0.925518,0.958021,1,1,1
39885,,0,0.111605,0.117329,0.114467,0,0,0
39894,,1,1.0,0.999994,0.999997,1,1,1
39896,,1,0.990523,0.926709,0.958616,1,1,1
39901,,1,1.0,0.999994,0.999997,1,1,1
39902,,1,1.0,0.996824,0.998412,1,1,1
39907,,1,0.993138,0.797862,0.8955,1,1,1
39908,,1,0.990523,0.925518,0.958021,1,1,1
39912,,1,1.0,1.0,1.0,1,1,1
39915,,1,1.0,0.453179,0.72659,1,0,1
39930,,1,0.993138,0.797819,0.895479,1,1,1
39948,,1,0.990523,0.925518,0.958021,1,1,1
39954,,0,0.301175,0.106519,0.203847,0,0,0
39956,,1,1.0,0.998268,0.999134,1,1,1
39958,,1,0.990523,0.925518,0.958021,1,1,1
39960,,1,0.999797,0.999993,0.999895,1,1,1
39967,,1,0.990523,0.926709,0.958616,1,1,1
39971,,1,1.0,0.999994,0.999997,1,1,1
39972,,1,0.301175,0.106519,0.203847,0,0,0
39975,,1,0.999797,0.999993,0.999895,1,1,1
39976,,1,0.999797,0.999993,0.999895,1,1,1
39980,,1,0.900395,0.944368,0.922382,1,1,1
39991,,1,1.0,1.0,1.0,1,1,1
39993,,1,1.0,0.999994,0.999997,1,1,1
39994,,1,0.990523,0.925518,0.958021,1,1,1
39996,,1,0.990523,0.926709,0.958616,1,1,1
40003,,0,0.003378,0.024739,0.014058,0,0,0
40006,,1,0.999797,0.999993,0.999895,1,1,1
40018,,1,0.301175,0.106519,0.203847,0,0,0
40029,,1,1.0,0.972818,0.986409,1,1,1
40030,,1,0.990523,0.925518,0.958021,1,1,1
40033,,1,0.999797,0.999993,0.999895,1,1,1
40041,,1,0.990523,0.925518,0.958021,1,1,1
40046,,1,0.990523,0.926709,0.958616,1,1,1
40047,,1,0.979492,0.802326,0.890909,1,1,1
40053,,1,1.0,0.999994,0.999997,1,1,1
40054,,1,0.89,0.115566,0.502783,1,0,1
40060,,1,1.0,0.999994,0.999997,1,1,1
40061,,1,1.0,0.98581,0.992905,1,1,1
40067,,1,0.999921,0.999993,0.999957,1,1,1
40069,,1,1.0,0.999999,1.0,1,1,1
40073,,0,0.0,0.353386,0.176693,0,0,0
40080,,1,0.990523,0.926709,0.958616,1,1,1
40100,,1,1.0,1.0,1.0,1,1,1
40103,,1,0.531851,0.930347,0.731099,1,1,1
40104,,1,0.900395,0.944368,0.922382,1,1,1
40106,,1,0.999797,0.999993,0.999895,1,1,1
40108,,1,0.991003,0.998794,0.994898,1,1,1
40124,,1,1.0,1.0,1.0,1,1,1
40125,,1,0.988408,0.803108,0.895758,1,1,1
40131,,1,0.990523,0.925518,0.958021,1,1,1
40133,,1,0.990523,0.925518,0.958021,1,1,1
40137,,1,0.999921,0.999993,0.999957,1,1,1
40138,,1,0.990523,0.925518,0.958021,1,1,1
40142,,1,0.990523,0.926709,0.958616,1,1,1
40145,,1,1.0,0.998269,0.999134,1,1,1
40148,,1,1.0,0.999921,0.999961,1,1,1
40154,,1,0.993138,0.797832,0.895485,1,1,1
40161,,1,1.0,0.996956,0.998478,1,1,1
40166,,1,0.301175,0.106519,0.203847,0,0,0
40173,,1,1.0,0.999993,0.999997,1,1,1
40181,,1,1.0,1.0,1.0,1,1,1
40183,,1,0.990523,0.926709,0.958616,1,1,1
40185,,1,0.990523,0.926709,0.958616,1,1,1
40186,,1,0.990523,0.925518,0.958021,1,1,1
40188,,1,1.0,0.999918,0.999959,1,1,1
40190,,1,0.990523,0.925518,0.958021,1,1,1
40195,,1,1.0,0.998547,0.999274,1,1,1
40201,,1,1.0,0.922326,0.961163,1,1,1
40202,,1,1.0,0.996971,0.998486,1,1,1
40211,,1,1.0,1.0,1.0,1,1,1
40216,,1,1.0,0.949686,0.974843,1,1,1
40220,,1,0.990523,0.926709,0.958616,1,1,1
40225,,1,0.900395,0.944368,0.922382,1,1,1
40229,,1,1.0,0.999994,0.999997,1,1,1
40231,,1,1.0,0.95891,0.979455,1,1,1
40232,,1,1.0,1.0,1.0,1,1,1
40235,,1,0.993138,0.797861,0.8955,1,1,1
40239,,1,1.0,1.0,1.0,1,1,1
40252,,1,1.0,0.999951,0.999976,1,1,1
40259,,1,1.0,1.0,1.0,1,1,1
40264,,1,1.0,0.999994,0.999997,1,1,1
40276,,1,0.999797,0.999993,0.999895,1,1,1
40283,,1,0.999921,0.999993,0.999957,1,1,1
40290,,0,0.0,0.00746,0.00373,0,0,0
40291,,1,0.990523,0.926709,0.958616,1,1,1
40305,,1,1.0,0.999994,0.999997,1,1,1
40306,,1,0.993138,0.79743,0.895284,1,1,1
40312,,1,0.990523,0.925518,0.958021,1,1,1
40322,,1,0.990523,0.925518,0.958021,1,1,1
40326,,1,0.301175,0.106519,0.203847,0,0,0
40327,,1,0.990523,0.925518,0.958021,1,1,1
40333,,1,0.999797,0.999993,0.999895,1,1,1
40336,,1,0.990523,0.926709,0.958616,1,1,1
40340,,1,1.0,0.048351,0.524176,1,0,1
40348,,1,0.89,0.020358,0.455179,1,0,0
40356,,1,0.990523,0.925518,0.958021,1,1,1
40362,,1,0.990523,0.925518,0.958021,1,1,1
40366,,1,0.993138,0.797739,0.895439,1,1,1
40368,,1,1.0,0.998268,0.999134,1,1,1
40376,,1,1.0,0.999994,0.999997,1,1,1
40380,,1,1.0,1.0,1.0,1,1,1
40387,,1,1.0,1.0,1.0,1,1,1
40388,,1,0.999921,0.999993,0.999957,1,1,1
40391,,1,1.0,0.999995,0.999997,1,1,1
40395,,1,0.900395,0.944368,0.922382,1,1,1
40397,,1,0.999797,0.999993,0.999895,1,1,1
40398,,1,1.0,0.999538,0.999769,1,1,1
40402,,1,1.0,0.999994,0.999997,1,1,1
40403,,1,1.0,0.998268,0.999134,1,1,1
40407,,0,0.003378,0.002132,0.002755,0,0,0
40417,,1,0.990523,0.925518,0.958021,1,1,1
40425,,1,1.0,0.999997,0.999999,1,1,1
40428,,1,1.0,0.99105,0.995525,1,1,1
40434,,1,0.990523,0.925518,0.958021,1,1,1
40439,,1,1.0,0.999999,1.0,1,1,1
40441,,1,1.0,0.999995,0.999997,1,1,1
40443,,1,0.990523,0.926709,0.958616,1,1,1
40447,,1,0.99,1.0,0.995,1,1,1
40449,,1,0.301175,0.106519,0.203847,0,0,0
40451,,1,0.990523,0.925518,0.958021,1,1,1
40456,,1,1.0,0.981517,0.990759,1,1,1
40483,,1,1.0,0.999992,0.999996,1,1,1
40490,,1,1.0,0.998268,0.999134,1,1,1
40497,,1,1.0,1.0,1.0,1,1,1
40498,,1,0.988408,0.803066,0.895737,1,1,1
40499,,1,1.0,1.0,1.0,1,1,1
40507,,0,0.0,0.000429,0.000214,0,0,0
40513,,1,0.990523,0.926709,0.958616,1,1,1
40516,,1,1.0,0.998268,0.999134,1,1,1
40517,,1,1.0,1.0,1.0,1,1,1
40518,,1,1.0,0.999999,1.0,1,1,1
40539,,1,0.999797,0.999993,0.999895,1,1,1
40540,,1,1.0,0.999994,0.999997,1,1,1
40543,,1,1.0,0.012077,0.506038,1,0,1
40547,,1,1.0,0.999613,0.999806,1,1,1
40550,,1,0.990523,0.925518,0.958021,1,1,1
40553,,1,0.999921,0.999993,0.999957,1,1,1
40555,,1,1.0,0.999969,0.999985,1,1,1
40556,,1,0.990523,0.926709,0.958616,1,1,1
40557,,1,1.0,0.999997,0.999999,1,1,1
40559,,1,0.990523,0.925518,0.958021,1,1,1
40572,,1,0.990523,0.926709,0.958616,1,1,1
40586,,1,1.0,0.999999,1.0,1,1,1
40588,,1,1.0,1.0,1.0,1,1,1
40593,,1,0.990523,0.925518,0.958021,1,1,1
40596,,1,1.0,0.965963,0.982982,1,1,1
40597,,1,0.990523,0.926709,0.958616,1,1,1
40605,,1,0.990523,0.926709,0.958616,1,1,1
40617,,1,1.0,0.999994,0.999997,1,1,1
40635,,1,0.999797,0.999993,0.999895,1,1,1
40636,,1,0.990523,0.925518,0.958021,1,1,1
40640,,1,0.990523,0.926709,0.958616,1,1,1
40641,,1,0.999797,0.999993,0.999895,1,1,1
40644,,1,1.0,0.999995,0.999997,1,1,1
40650,,1,0.990523,0.925518,0.958021,1,1,1
40652,,1,0.301175,0.106519,0.203847,0,0,0
40658,,1,1.0,0.999995,0.999997,1,1,1
40659,,1,0.990523,0.926709,0.958616,1,1,1
40663,,1,1.0,0.998268,0.999134,1,1,1
40669,,1,0.999797,0.999993,0.999895,1,1,1
40672,,1,0.990523,0.926709,0.958616,1,1,1
40674,,1,1.0,0.999995,0.999997,1,1,1
40675,,1,1.0,1.0,1.0,1,1,1
40677,,1,0.990523,0.925518,0.958021,1,1,1
40679,,1,0.999921,0.999993,0.999957,1,1,1
40687,,1,0.990523,0.925518,0.958021,1,1,1
40688,,1,0.990523,0.925518,0.958021,1,1,1
40698,,1,1.0,1.0,1.0,1,1,1
40699,,1,0.990523,0.926709,0.958616,1,1,1
40710,,1,1.0,0.926455,0.963227,1,1,1
40713,,1,0.990523,0.925518,0.958021,1,1,1
40715,,1,0.991003,0.999959,0.995481,1,1,1
40725,,1,1.0,0.998268,0.999134,1,1,1
40728,,1,0.999169,0.998269,0.998719,1,1,1
40731,,1,0.96,0.999996,0.979998,1,1,1
40737,,1,1.0,0.890983,0.945492,1,1,1
40738,,1,0.990523,0.925518,0.958021,1,1,1
40739,,1,0.999797,0.999993,0.999895,1,1,1
40746,,1,1.0,0.998267,0.999134,1,1,1
40753,,1,0.990523,0.925518,0.958021,1,1,1
40758,,1,0.999921,0.999993,0.999957,1,1,1
40761,,1,1.0,0.991013,0.995506,1,1,1
40764,,1,0.999921,0.999993,0.999957,1,1,1
40767,,1,1.0,0.682295,0.841147,1,1,1
40772,,0,0.39,0.394099,0.392049,0,0,0
40777,,1,0.999169,0.998269,0.998719,1,1,1
40784,,1,0.990523,0.926709,0.958616,1,1,1
40789,,1,0.990523,0.925518,0.958021,1,1,1
40792,,1,1.0,0.999934,0.999967,1,1,1
40802,,0,0.003378,0.024739,0.014058,0,0,0
40806,,1,1.0,0.999994,0.999997,1,1,1
40811,,1,1.0,0.950071,0.975036,1,1,1
40818,,1,1.0,0.999905,0.999952,1,1,1
40821,,1,1.0,0.999995,0.999997,1,1,1
40836,,1,1.0,0.998268,0.999134,1,1,1
40837,,1,0.999797,0.999993,0.999895,1,1,1
40847,,1,1.0,0.996972,0.998486,1,1,1
40858,,1,0.900395,0.944368,0.922382,1,1,1
40861,,1,0.990523,0.925518,0.958021,1,1,1
40872,,1,0.999797,0.999993,0.999895,1,1,1
40873,,1,0.999921,0.999993,0.999957,1,1,1
40878,,1,1.0,1.0,1.0,1,1,1
40881,,1,1.0,0.998268,0.999134,1,1,1
40882,,1,0.988408,0.80309,0.895749,1,1,1
40897,,1,1.0,0.999994,0.999997,1,1,1
40901,,1,0.999797,0.999993,0.999895,1,1,1
40904,,1,0.900395,0.944368,0.922382,1,1,1
40908,,0,0.0,0.000419,0.000209,0,0,0
40911,,1,0.990523,0.925518,0.958021,1,1,1
40925,,1,1.0,0.96596,0.98298,1,1,1
40927,,1,1.0,0.999995,0.999997,1,1,1
40929,,1,1.0,0.999995,0.999997,1,1,1
40931,,1,0.990523,0.925518,0.958021,1,1,1
40949,,1,0.990523,0.926709,0.958616,1,1,1
40952,,1,1.0,0.998077,0.999038,1,1,1
40970,,1,1.0,1.0,1.0,1,1,1
40983,,1,0.993138,0.797755,0.895447,1,1,1
40985,,1,0.999797,0.999993,0.999895,1,1,1
40986,,1,1.0,0.873924,0.936962,1,1,1
40993,,1,1.0,0.999995,0.999997,1,1,1
41003,,1,1.0,0.996974,0.998487,1,1,1
41005,,1,0.990523,0.925518,0.958021,1,1,1
41008,,1,1.0,0.999521,0.999761,1,1,1
41020,,1,0.990523,0.925518,0.958021,1,1,1
41023,,1,0.990523,0.926709,0.958616,1,1,1
41027,,1,0.999797,0.999993,0.999895,1,1,1
41039,,1,1.0,1.0,1.0,1,1,1
41050,,1,0.990523,0.925518,0.958021,1,1,1
41051,,1,0.990523,0.925518,0.958021,1,1,1
41052,,1,1.0,0.999994,0.999997,1,1,1
41053,,1,1.0,0.991049,0.995525,1,1,1
41061,,1,1.0,1.0,1.0,1,1,1
41062,,1,0.990523,0.925518,0.958021,1,1,1
41065,,1,0.999169,0.998269,0.998719,1,1,1
41084,,1,0.999797,0.999993,0.999895,1,1,1
41085,,1,0.990523,0.926709,0.958616,1,1,1
41087,,1,0.990523,0.925518,0.958021,1,1,1
41094,,1,1.0,0.998268,0.999134,1,1,1
41105,,1,0.990523,0.926709,0.958616,1,1,1
41117,,1,0.999797,0.999993,0.999895,1,1,1
41122,,1,0.990523,0.926709,0.958616,1,1,1
41123,,1,1.0,1.0,1.0,1,1,1
41128,,1,1.0,0.891076,0.945538,1,1,1
41129,,1,0.531851,0.930347,0.731099,1,1,1
41134,,1,1.0,0.985804,0.992902,1,1,1
41135,,1,1.0,1.0,1.0,1,1,1
41136,,1,1.0,0.998268,0.999134,1,1,1
41146,,1,1.0,1.0,1.0,1,1,1
41154,,1,1.0,0.998268,0.999134,1,1,1
41156,,1,1.0,1.0,1.0,1,1,1
41157,,1,0.990523,0.926709,0.958616,1,1,1
41158,,1,0.999797,0.999993,0.999895,1,1,1
41161,,1,1.0,0.999994,0.999997,1,1,1
41164,,1,1.0,1.0,1.0,1,1,1
41174,,1,1.0,0.999994,0.999997,1,1,1
41178,,1,0.531851,0.930347,0.731099,1,1,1
41182,,1,0.990523,0.926709,0.958616,1,1,1
41192,,1,1.0,1.0,1.0,1,1,1
41197,,1,0.990523,0.926709,0.958616,1,1,1
41198,,1,0.999797,0.999993,0.999895,1,1,1
41207,,1,0.990523,0.925518,0.958021,1,1,1
41211,,1,0.010523,0.124964,0.067744,0,0,0
41218,,1,0.301175,0.106519,0.203847,0,0,0
41224,,1,0.988408,0.803155,0.895781,1,1,1
41228,,1,1.0,0.964816,0.982408,1,1,1
41230,,1,1.0,0.999911,0.999956,1,1,1
41233,,0,0.003378,0.024739,0.014058,0,0,0
41234,,0,0.003378,0.024739,0.014058,0,0,0
41245,,0,0.111605,0.117329,0.114467,0,0,0
41248,,1,1.0,0.999998,0.999999,1,1,1
41249,,1,1.0,0.893484,0.946742,1,1,1
41255,,1,0.990523,0.925518,0.958021,1,1,1
41263,,0,0.003378,0.000554,0.001966,0,0,0
41266,,1,0.999921,0.999993,0.999957,1,1,1
41270,,1,1.0,0.999996,0.999998,1,1,1
41273,,1,1.0,0.999443,0.999721,1,1,1
41280,,1,0.990523,0.926709,0.958616,1,1,1
41290,,0,0.0,0.0,0.0,0,0,0
41293,,1,0.990523,0.926709,0.958616,1,1,1
41294,,1,0.999797,0.999993,0.999895,1,1,1
41299,,1,0.999797,0.999993,0.999895,1,1,1
41301,,1,1.0,1.0,1.0,1,1,1
41305,,1,1.0,0.999994,0.999997,1,1,1
41315,,0,0.003378,0.024739,0.014058,0,0,0
41318,,1,0.900395,0.944368,0.922382,1,1,1
41319,,1,1.0,0.999379,0.999689,1,1,1
41320,,1,1.0,0.999992,0.999996,1,1,1
41327,,1,1.0,0.998268,0.999134,1,1,1
41328,,1,0.999169,0.998269,0.998719,1,1,1
41331,,1,0.990523,0.926709,0.958616,1,1,1
41343,,1,1.0,0.999994,0.999997,1,1,1
41348,,1,1.0,0.999866,0.999933,1,1,1
41351,,1,0.990523,0.926709,0.958616,1,1,1
41362,,1,0.990523,0.926709,0.958616,1,1,1
41364,,1,1.0,0.998268,0.999134,1,1,1
41373,,1,1.0,0.800688,0.900344,1,1,1
41377,,1,1.0,1.0,1.0,1,1,1
41380,,1,1.0,0.991049,0.995525,1,1,1
41381,,1,1.0,1.0,1.0,1,1,1
41384,,1,1.0,0.999995,0.999997,1,1,1
41386,,1,0.990523,0.925518,0.958021,1,1,1
41389,,1,1.0,0.999996,0.999998,1,1,1
41392,,1,1.0,0.999892,0.999946,1,1,1
41393,,1,0.999169,0.998269,0.998719,1,1,1
41409,,1,0.991003,0.999953,0.995478,1,1,1
41418,,1,1.0,0.999997,0.999998,1,1,1
41425,,1,0.990523,0.926709,0.958616,1,1,1
41428,,1,0.990523,0.926709,0.958616,1,1,1
41431,,1,0.99,0.908867,0.949434,1,1,1
41436,,1,1.0,0.999408,0.999704,1,1,1
41437,,1,1.0,1.0,1.0,1,1,1
41450,,1,0.990523,0.926709,0.958616,1,1,1
41451,,1,1.0,0.999922,0.999961,1,1,1
41457,,1,1.0,0.999995,0.999997,1,1,1
41466,,1,1.0,0.98286,0.99143,1,1,1
41467,,1,1.0,0.999993,0.999996,1,1,1
41469,,1,0.999169,0.998269,0.998719,1,1,1
41481,,1,0.990523,0.926709,0.958616,1,1,1
41486,,0,0.05,0.007389,0.028695,0,0,0
41487,,1,1.0,1.0,1.0,1,1,1
41491,,1,0.993138,0.797701,0.89542,1,1,1
41493,,1,1.0,1.0,1.0,1,1,1
41498,,1,1.0,1.0,1.0,1,1,1
41500,,1,1.0,0.999995,0.999997,1,1,1
41503,,1,1.0,0.999993,0.999996,1,1,1
41508,,0,0.0,0.353474,0.176737,0,0,0
41512,,1,1.0,0.965961,0.982981,1,1,1
41514,,1,1.0,0.997175,0.998587,1,1,1
41515,,1,0.900395,0.944368,0.922382,1,1,1
41518,,1,1.0,0.951363,0.975682,1,1,1
41519,,1,0.999921,0.999993,0.999957,1,1,1
41522,,1,1.0,0.999995,0.999997,1,1,1
41527,,1,1.0,1.0,1.0,1,1,1
41535,,1,1.0,0.999995,0.999997,1,1,1
41537,,1,1.0,0.999368,0.999684,1,1,1
41553,,1,0.990523,0.925518,0.958021,1,1,1
41554,,1,0.999921,0.999993,0.999957,1,1,1
41569,,1,1.0,0.913898,0.956949,1,1,1
41571,,1,0.990523,0.926709,0.958616,1,1,1
41575,,1,0.455188,0.60547,0.530329,0,1,1
41576,,1,1.0,0.999994,0.999997,1,1,1
41577,,1,1.0,1.0,1.0,1,1,1
41578,,1,0.999921,0.999993,0.999957,1,1,1
41587,,1,0.999921,0.999993,0.999957,1,1,1
41588,,1,0.990523,0.925518,0.958021,1,1,1
41591,,1,1.0,0.999995,0.999997,1,1,1
41593,,1,0.999797,0.999993,0.999895,1,1,1
41600,,1,0.999797,0.999993,0.999895,1,1,1
41611,,1,1.0,0.999995,0.999997,1,1,1
41619,,1,1.0,0.994665,0.997332,1,1,1
41623,,1,0.990523,0.926709,0.958616,1,1,1
41627,,1,0.993138,0.797856,0.895497,1,1,1
41635,,1,1.0,0.914777,0.957388,1,1,1
41639,,1,0.990523,0.926709,0.958616,1,1,1
41643,,1,1.0,1.0,1.0,1,1,1
41650,,1,0.990523,0.926709,0.958616,1,1,1
41652,,0,0.0,0.006738,0.003369,0,0,0
41664,,1,0.999797,0.999993,0.999895,1,1,1
41668,,1,0.999797,0.999993,0.999895,1,1,1
41676,,1,1.0,1.0,1.0,1,1,1
41683,,1,1.0,0.999225,0.999612,1,1,1
41684,,1,0.999797,0.999993,0.999895,1,1,1
41685,,1,1.0,0.99947,0.999735,1,1,1
41697,,1,0.999797,0.999993,0.999895,1,1,1
41710,,1,0.999797,0.999993,0.999895,1,1,1
41716,,1,0.990523,0.926709,0.958616,1,1,1
41728,,1,1.0,0.453179,0.72659,1,0,1
41742,,1,1.0,0.99999,0.999995,1,1,1
41744,,0,0.010894,0.005623,0.008258,0,0,0
41754,,1,0.111605,0.117329,0.114467,0,0,0
41756,,1,0.990523,0.925518,0.958021,1,1,1
41758,,1,1.0,0.995011,0.997506,1,1,1
41762,,1,0.961117,0.13716,0.549139,1,0,1
41767,,1,0.999921,0.999993,0.999957,1,1,1
41782,,1,0.999921,0.999993,0.999957,1,1,1
41783,,1,1.0,1.0,1.0,1,1,1
41799,,1,0.999169,0.998269,0.998719,1,1,1
41810,,1,1.0,1.0,1.0,1,1,1
41814,,1,1.0,1.0,1.0,1,1,1
41823,,1,0.999797,0.999993,0.999895,1,1,1
41827,,1,1.0,0.936623,0.968311,1,1,1
41828,,1,0.999921,0.999993,0.999957,1,1,1
41829,,1,0.999797,0.999993,0.999895,1,1,1
41832,,1,0.990523,0.926709,0.958616,1,1,1
41833,,1,1.0,0.998268,0.999134,1,1,1
41835,,1,1.0,1.0,1.0,1,1,1
41839,,1,0.999797,0.999993,0.999895,1,1,1
41842,,0,0.0,0.0,0.0,0,0,0
41855,,1,1.0,0.914913,0.957457,1,1,1
41856,,1,0.999797,0.999993,0.999895,1,1,1
41857,,0,0.003378,0.013777,0.008577,0,0,0
41867,,1,0.993138,0.797823,0.895481,1,1,1
41871,,1,1.0,0.999995,0.999997,1,1,1
41875,,1,0.999921,0.999993,0.999957,1,1,1
41876,,1,1.0,0.999957,0.999978,1,1,1
41905,,1,0.990523,0.925518,0.958021,1,1,1
41908,,1,0.990523,0.926709,0.958616,1,1,1
41910,,1,1.0,0.999979,0.99999,1,1,1
41912,,1,1.0,0.989339,0.99467,1,1,1
41919,,1,0.999921,0.999993,0.999957,1,1,1
41931,,1,1.0,0.511399,0.7557,1,1,1
41932,,1,1.0,0.999935,0.999968,1,1,1
41933,,1,0.999797,0.999993,0.999895,1,1,1
41945,,1,0.990523,0.925518,0.958021,1,1,1
41948,,1,1.0,0.998269,0.999134,1,1,1
41954,,1,0.999921,0.999993,0.999957,1,1,1
41955,,1,0.990523,0.925518,0.958021,1,1,1
41957,,1,1.0,0.999993,0.999996,1,1,1
41963,,1,1.0,1.0,1.0,1,1,1
41965,,1,1.0,0.483724,0.741862,1,0,1
41967,,1,0.999921,0.999993,0.999957,1,1,1
41968,,1,1.0,0.950076,0.975038,1,1,1
41971,,1,0.999169,0.998269,0.998719,1,1,1
41972,,1,0.999921,0.999993,0.999957,1,1,1
41973,,1,0.301175,0.106519,0.203847,0,0,0
41976,,1,1.0,1.0,1.0,1,1,1
41977,,1,0.988408,0.802952,0.89568,1,1,1
41978,,1,1.0,0.996355,0.998177,1,1,1
41979,,1,0.999797,0.999993,0.999895,1,1,1
41982,,1,0.990523,0.925518,0.958021,1,1,1
41986,,1,1.0,0.999994,0.999997,1,1,1
41999,,1,1.0,1.0,1.0,1,1,1
42001,,1,0.999921,0.999993,0.999957,1,1,1
42003,,0,0.0,0.007501,0.00375,0,0,0
42005,,1,0.966491,0.187777,0.577134,1,0,1
42014,,1,0.98,0.843032,0.911516,1,1,1
42016,,1,0.979492,0.802413,0.890952,1,1,1
42017,,1,1.0,0.999995,0.999997,1,1,1
42021,,1,1.0,1.0,1.0,1,1,1
42035,,1,0.990523,0.925518,0.958021,1,1,1
42036,,1,1.0,1.0,1.0,1,1,1
42038,,1,0.999797,0.999993,0.999895,1,1,1
42039,,1,0.990523,0.926709,0.958616,1,1,1
42045,,1,0.990523,0.925518,0.958021,1,1,1
42047,,1,1.0,1.0,1.0,1,1,1
42054,,0,0.010523,0.927865,0.469194,0,1,0
42058,,1,1.0,1.0,1.0,1,1,1
42064,,1,0.81,0.192695,0.501348,1,0,1
42071,,1,0.999797,0.999993,0.999895,1,1,1
42081,,1,1.0,1.0,1.0,1,1,1
42093,,1,0.999797,0.999993,0.999895,1,1,1
42107,,1,1.0,0.999996,0.999998,1,1,1
42110,,1,0.990523,0.925518,0.958021,1,1,1
42116,,1,1.0,0.999995,0.999997,1,1,1
42122,,1,1.0,0.985802,0.992901,1,1,1
42123,,1,1.0,0.965964,0.982982,1,1,1
42126,,1,0.990523,0.926709,0.958616,1,1,1
42127,,1,1.0,0.999995,0.999997,1,1,1
42129,,1,1.0,0.896592,0.948296,1,1,1
42131,,1,1.0,0.999994,0.999997,1,1,1
42139,,1,0.301175,0.106519,0.203847,0,0,0
42140,,1,1.0,0.989254,0.994627,1,1,1
42141,,1,0.990523,0.925518,0.958021,1,1,1
42142,,1,1.0,0.999818,0.999909,1,1,1
42148,,1,0.990523,0.925518,0.958021,1,1,1
42151,,1,1.0,0.998268,0.999134,1,1,1
42152,,1,0.455188,0.60547,0.530329,0,1,1
42154,,1,0.990523,0.925518,0.958021,1,1,1
42159,,1,1.0,0.998268,0.999134,1,1,1
42185,,1,0.999921,0.999993,0.999957,1,1,1
42187,,1,1.0,0.997245,0.998622,1,1,1
42190,,1,0.88,0.999995,0.939997,1,1,1
42191,,1,0.999797,0.999993,0.999895,1,1,1
42194,,1,1.0,0.998268,0.999134,1,1,1
42202,,1,1.0,0.999995,0.999997,1,1,1
42210,,1,1.0,0.999995,0.999997,1,1,1
42219,,1,1.0,0.999994,0.999997,1,1,1
42226,,1,0.990523,0.925518,0.958021,1,1,1
42232,,1,1.0,0.890978,0.945489,1,1,1
42239,,1,1.0,0.998266,0.999133,1,1,1
42240,,1,0.97,0.731506,0.850753,1,1,1
42241,,1,0.990523,0.925518,0.958021,1,1,1
42246,,1,1.0,0.999994,0.999997,1,1,1
42247,,1,1.0,0.999994,0.999997,1,1,1
42254,,1,1.0,0.999993,0.999996,1,1,1
42260,,1,0.990523,0.926709,0.958616,1,1,1
42262,,1,0.990523,0.926709,0.958616,1,1,1
42264,,1,1.0,0.996827,0.998414,1,1,1
42265,,1,0.999921,0.999993,0.999957,1,1,1
42266,,1,1.0,0.999717,0.999859,1,1,1
42270,,1,1.0,1.0,1.0,1,1,1
42285,,1,0.990523,0.925518,0.958021,1,1,1
42289,,0,0.01,0.007593,0.008797,0,0,0
42293,,1,1.0,1.0,1.0,1,1,1
42296,,1,0.883613,0.751651,0.817632,1,1,1
42304,,1,0.990523,0.926709,0.958616,1,1,1
42313,,1,0.990523,0.925518,0.958021,1,1,1
42314,,1,0.999921,0.999993,0.999957,1,1,1
42316,,1,1.0,1.0,1.0,1,1,1
42318,,1,1.0,0.999995,0.999997,1,1,1
42322,,1,1.0,0.998196,0.999098,1,1,1
42330,,1,1.0,0.998268,0.999134,1,1,1
42359,,1,0.990523,0.925518,0.958021,1,1,1
42362,,1,0.999797,0.999993,0.999895,1,1,1
42370,,1,1.0,0.991051,0.995525,1,1,1
42379,,1,1.0,0.999997,0.999999,1,1,1
42385,,1,1.0,0.999942,0.999971,1,1,1
42386,,1,1.0,0.999995,0.999997,1,1,1
42390,,1,1.0,0.914705,0.957352,1,1,1
42399,,1,0.990523,0.925518,0.958021,1,1,1
42401,,1,1.0,0.999995,0.999997,1,1,1
42402,,1,0.990028,0.782173,0.886101,1,1,1
42403,,1,1.0,0.999926,0.999963,1,1,1
42416,,1,0.999797,0.999993,0.999895,1,1,1
42417,,1,0.95,0.950288,0.950144,1,1,1
42421,,1,1.0,0.985812,0.992906,1,1,1
42429,,1,1.0,0.991043,0.995521,1,1,1
42445,,1,0.990523,0.925518,0.958021,1,1,1
42454,,1,0.990523,0.926709,0.958616,1,1,1
42467,,1,0.990523,0.925518,0.958021,1,1,1
42469,,1,0.990523,0.925518,0.958021,1,1,1
42477,,1,0.999921,0.999993,0.999957,1,1,1
42479,,1,1.0,0.999944,0.999972,1,1,1
42487,,1,0.990523,0.926709,0.958616,1,1,1
42495,,1,0.999169,0.998269,0.998719,1,1,1
42496,,1,0.990523,0.925518,0.958021,1,1,1
42497,,1,0.999797,0.999993,0.999895,1,1,1
42499,,1,0.990523,0.925518,0.958021,1,1,1
42517,,0,0.003378,0.024739,0.014058,0,0,0
42544,,1,1.0,0.999995,0.999997,1,1,1
42549,,1,0.301175,0.106519,0.203847,0,0,0
42558,,1,1.0,0.977724,0.988862,1,1,1
42568,,1,0.990523,0.925518,0.958021,1,1,1
42572,,1,1.0,0.999995,0.999997,1,1,1
42573,,1,1.0,0.997119,0.998559,1,1,1
42581,,1,0.990523,0.925518,0.958021,1,1,1
42585,,1,1.0,0.998835,0.999417,1,1,1
42587,,1,0.999797,0.999993,0.999895,1,1,1
42600,,1,0.301175,0.106519,0.203847,0,0,0
42609,,1,1.0,0.999993,0.999997,1,1,1
42612,,1,0.990523,0.925518,0.958021,1,1,1
42616,,1,0.999169,0.998269,0.998719,1,1,1
42619,,1,0.990523,0.926709,0.958616,1,1,1
42624,,1,0.83,1.0,0.915,1,1,1
42629,,1,1.0,0.965958,0.982979,1,1,1
42636,,1,0.999921,0.999993,0.999957,1,1,1
42651,,1,0.990523,0.926709,0.958616,1,1,1
42656,,1,0.301175,0.106519,0.203847,0,0,0
42658,,1,1.0,0.746906,0.873453,1,1,1
42660,,1,1.0,0.999993,0.999996,1,1,1
42665,,0,0.003378,0.000554,0.001966,0,0,0
42671,,1,1.0,1.0,1.0,1,1,1
42674,,1,1.0,0.999866,0.999933,1,1,1
42680,,1,1.0,0.999995,0.999997,1,1,1
42683,,1,1.0,0.995994,0.997997,1,1,1
42689,,1,1.0,0.998268,0.999134,1,1,1
42698,,1,0.999921,0.999993,0.999957,1,1,1
42700,,1,1.0,0.999995,0.999997,1,1,1
42702,,1,1.0,0.999995,0.999997,1,1,1
42703,,1,1.0,1.0,1.0,1,1,1
42707,,1,0.061463,0.084763,0.073113,0,0,0
42709,,1,1.0,0.999994,0.999997,1,1,1
42715,,1,1.0,0.993646,0.996823,1,1,1
42721,,1,1.0,0.989541,0.994771,1,1,1
42722,,1,0.990523,0.925518,0.958021,1,1,1
42733,,1,1.0,0.985755,0.992878,1,1,1
42734,,1,0.999797,0.999993,0.999895,1,1,1
42744,,1,1.0,0.999995,0.999997,1,1,1
42753,,1,1.0,0.999995,0.999997,1,1,1
42754,,1,1.0,0.999995,0.999997,1,1,1
42755,,1,0.990523,0.925518,0.958021,1,1,1
42764,,1,1.0,0.999995,0.999997,1,1,1
42765,,1,1.0,0.453179,0.72659,1,0,1
42780,,1,0.98,0.96758,0.97379,1,1,1
42782,,1,1.0,0.998268,0.999134,1,1,1
42786,,1,1.0,0.999995,0.999997,1,1,1
42787,,1,1.0,0.893468,0.946734,1,1,1
42794,,1,0.999797,0.999993,0.999895,1,1,1
42795,,1,0.990523,0.926709,0.958616,1,1,1
42801,,1,1.0,0.999999,1.0,1,1,1
42803,,1,1.0,0.999876,0.999938,1,1,1
42808,,0,0.02,0.035871,0.027935,0,0,0
42815,,1,1.0,0.999994,0.999997,1,1,1
42820,,1,1.0,1.0,1.0,1,1,1
42821,,1,0.900395,0.944368,0.922382,1,1,1
42822,,1,0.999797,0.999993,0.999895,1,1,1
42824,,1,0.999797,0.999993,0.999895,1,1,1
42826,,1,1.0,0.998269,0.999134,1,1,1
42828,,1,0.999169,0.998269,0.998719,1,1,1
42833,,1,0.999797,0.999993,0.999895,1,1,1
42835,,1,1.0,0.997211,0.998606,1,1,1
42843,,1,0.990523,0.925518,0.958021,1,1,1
42848,,1,0.999169,0.998269,0.998719,1,1,1
42855,,1,1.0,1.0,1.0,1,1,1
42859,,1,0.990523,0.926709,0.958616,1,1,1
42860,,1,1.0,0.998421,0.999211,1,1,1
42861,,1,1.0,1.0,1.0,1,1,1
42863,,1,1.0,0.999553,0.999777,1,1,1
42873,,1,0.999797,0.999993,0.999895,1,1,1
42875,,1,0.990523,0.925518,0.958021,1,1,1
42889,,1,1.0,0.999994,0.999997,1,1,1
42892,,1,1.0,0.999996,0.999998,1,1,1
42900,,1,0.990523,0.926709,0.958616,1,1,1
42903,,1,0.982912,0.803244,0.893078,1,1,1
42905,,1,0.990523,0.926709,0.958616,1,1,1
42913,,1,0.990523,0.926709,0.958616,1,1,1
42926,,0,0.0,0.000263,0.000131,0,0,0
42928,,1,1.0,0.999995,0.999997,1,1,1
42931,,1,1.0,0.999915,0.999957,1,1,1
42935,,1,0.999797,0.999993,0.999895,1,1,1
42941,,1,0.999797,0.999993,0.999895,1,1,1
42956,,1,0.999797,0.999993,0.999895,1,1,1
42959,,1,1.0,1.0,1.0,1,1,1
42968,,1,1.0,0.999994,0.999997,1,1,1
42975,,1,1.0,0.999995,0.999997,1,1,1
42978,,1,1.0,0.999552,0.999776,1,1,1
42981,,1,0.990523,0.926709,0.958616,1,1,1
42990,,1,1.0,0.999997,0.999998,1,1,1
42993,,1,0.990523,0.925518,0.958021,1,1,1
42995,,1,0.999797,0.999993,0.999895,1,1,1
42996,,1,1.0,0.999992,0.999996,1,1,1
42999,,1,0.999797,0.999993,0.999895,1,1,1
43003,,1,1.0,1.0,1.0,1,1,1
43007,,1,0.990523,0.926709,0.958616,1,1,1
43008,,1,1.0,0.999995,0.999997,1,1,1
43009,,1,1.0,0.996832,0.998416,1,1,1
43013,,1,1.0,1.0,1.0,1,1,1
43026,,1,1.0,1.0,1.0,1,1,1
43034,,1,0.990523,0.926709,0.958616,1,1,1
43035,,1,1.0,0.999995,0.999997,1,1,1
43045,,1,1.0,0.999995,0.999997,1,1,1
43058,,1,0.993138,0.797832,0.895485,1,1,1
43061,,1,1.0,1.0,1.0,1,1,1
43062,,1,1.0,1.0,1.0,1,1,1
43069,,1,0.990523,0.925518,0.958021,1,1,1
43071,,1,0.990523,0.925518,0.958021,1,1,1
43088,,1,0.990523,0.925518,0.958021,1,1,1
43092,,1,1.0,0.999956,0.999978,1,1,1
43111,,1,1.0,0.999995,0.999997,1,1,1
43114,,1,0.990523,0.926709,0.958616,1,1,1
43118,,1,0.999169,0.998269,0.998719,1,1,1
43127,,1,0.999921,0.999993,0.999957,1,1,1
43130,,1,1.0,0.776784,0.888392,1,1,1
43135,,1,1.0,0.453179,0.72659,1,0,1
43139,,0,0.0,0.036773,0.018387,0,0,0
43143,,1,0.990523,0.925518,0.958021,1,1,1
43144,,1,1.0,0.996729,0.998364,1,1,1
43150,,1,0.111605,0.117329,0.114467,0,0,0
43159,,1,0.999169,0.998269,0.998719,1,1,1
43166,,1,1.0,1.0,1.0,1,1,1
43167,,1,0.990523,0.925518,0.958021,1,1,1
43180,,1,0.999921,0.999993,0.999957,1,1,1
43188,,1,1.0,1.0,1.0,1,1,1
43195,,1,0.999797,0.999993,0.999895,1,1,1
43196,,1,0.999797,0.999993,0.999895,1,1,1
43199,,1,0.990523,0.925518,0.958021,1,1,1
43206,,1,1.0,0.999995,0.999997,1,1,1
43218,,1,1.0,0.453179,0.72659,1,0,1
43219,,1,1.0,0.999995,0.999997,1,1,1
43220,,1,1.0,0.970812,0.985406,1,1,1
43225,,1,1.0,1.0,1.0,1,1,1
43226,,1,0.990523,0.925518,0.958021,1,1,1
43234,,1,1.0,0.453179,0.72659,1,0,1
43239,,1,1.0,0.999968,0.999984,1,1,1
43240,,1,1.0,0.999974,0.999987,1,1,1
43252,,1,0.999797,0.999993,0.999895,1,1,1
43261,,1,1.0,0.998268,0.999134,1,1,1
43272,,1,0.990523,0.925518,0.958021,1,1,1
43284,,1,0.999921,0.999993,0.999957,1,1,1
43287,,1,1.0,0.999994,0.999997,1,1,1
43291,,1,1.0,1.0,1.0,1,1,1
43305,,1,0.999797,0.999993,0.999895,1,1,1
43309,,1,1.0,0.998267,0.999133,1,1,1
43312,,1,1.0,1.0,1.0,1,1,1
43315,,1,0.999921,0.999993,0.999957,1,1,1
43320,,1,0.301175,0.106519,0.203847,0,0,0
43321,,1,1.0,0.998268,0.999134,1,1,1
43333,,1,0.990523,0.926709,0.958616,1,1,1
43338,,1,1.0,0.985799,0.9929,1,1,1
43340,,1,1.0,1.0,1.0,1,1,1
43342,,1,0.999921,0.999993,0.999957,1,1,1
43346,,1,1.0,1.0,1.0,1,1,1
43350,,1,1.0,0.999981,0.999991,1,1,1
43353,,1,1.0,0.999994,0.999997,1,1,1
43359,,1,0.999797,0.999993,0.999895,1,1,1
43369,,1,0.993138,0.797752,0.895445,1,1,1
43370,,0,0.111605,0.117329,0.114467,0,0,0
43371,,1,1.0,1.0,1.0,1,1,1
43372,,1,0.999921,0.999993,0.999957,1,1,1
43373,,1,1.0,0.99982,0.99991,1,1,1
43382,,1,1.0,0.999994,0.999997,1,1,1
43392,,1,1.0,1.0,1.0,1,1,1
43400,,1,0.990523,0.925518,0.958021,1,1,1
43403,,0,0.061381,0.262393,0.161887,0,0,0
43405,,1,0.990523,0.925518,0.958021,1,1,1
43414,,1,1.0,0.991047,0.995523,1,1,1
43416,,1,1.0,0.999994,0.999997,1,1,1
43424,,1,0.999797,0.999993,0.999895,1,1,1
43426,,1,0.990523,0.925518,0.958021,1,1,1
43428,,1,0.999797,0.999993,0.999895,1,1,1
43436,,1,1.0,0.999987,0.999994,1,1,1
43441,,1,0.999921,0.999993,0.999957,1,1,1
43444,,1,1.0,0.965964,0.982982,1,1,1
43453,,1,1.0,1.0,1.0,1,1,1
43457,,0,0.003378,0.0,0.001689,0,0,0
43467,,0,0.003378,0.002376,0.002877,0,0,0
43468,,1,0.999169,0.998269,0.998719,1,1,1
43477,,1,1.0,0.991039,0.99552,1,1,1
43478,,0,0.003378,0.024739,0.014058,0,0,0
43482,,1,1.0,0.998267,0.999134,1,1,1
43483,,1,1.0,0.999995,0.999997,1,1,1
43484,,1,0.990523,0.926709,0.958616,1,1,1
43488,,1,0.990523,0.925518,0.958021,1,1,1
43490,,1,1.0,0.894956,0.947478,1,1,1
43495,,1,1.0,0.950083,0.975041,1,1,1
43501,,1,1.0,1.0,1.0,1,1,1
43502,,1,0.999921,0.999993,0.999957,1,1,1
43504,,1,1.0,0.998268,0.999134,1,1,1
43510,,1,1.0,0.999997,0.999998,1,1,1
43514,,1,1.0,0.991384,0.995692,1,1,1
43515,,1,0.990523,0.925518,0.958021,1,1,1
43521,,1,0.999797,0.999993,0.999895,1,1,1
43544,,1,0.999797,0.999993,0.999895,1,1,1
43553,,1,1.0,0.892349,0.946175,1,1,1
43554,,1,1.0,0.99856,0.99928,1,1,1
43567,,1,1.0,0.998268,0.999134,1,1,1
43573,,1,0.990523,0.925518,0.958021,1,1,1
43575,,1,0.990523,0.925518,0.958021,1,1,1
43587,,1,1.0,0.892877,0.946438,1,1,1
43592,,1,0.990523,0.925518,0.958021,1,1,1
43595,,1,1.0,1.0,1.0,1,1,1
43596,,1,1.0,0.965524,0.982762,1,1,1
43602,,1,0.999797,0.999993,0.999895,1,1,1
43603,,1,0.999797,0.999993,0.999895,1,1,1
43609,,1,1.0,1.0,1.0,1,1,1
43612,,1,1.0,0.999918,0.999959,1,1,1
43622,,1,0.999921,0.999993,0.999957,1,1,1
43623,,1,1.0,0.998083,0.999041,1,1,1
43632,,1,1.0,1.0,1.0,1,1,1
43650,,1,1.0,0.999995,0.999997,1,1,1
43652,,1,1.0,0.996991,0.998496,1,1,1
43653,,1,1.0,0.998268,0.999134,1,1,1
43655,,1,0.990523,0.925518,0.958021,1,1,1
43656,,1,1.0,0.999956,0.999978,1,1,1
43658,,1,0.999797,0.999993,0.999895,1,1,1
43661,,1,1.0,1.0,1.0,1,1,1
43665,,1,1.0,0.999995,0.999997,1,1,1
43667,,0,0.010523,0.120468,0.065496,0,0,0
43675,,0,0.975473,0.006456,0.490965,1,0,0
43683,,1,1.0,1.0,1.0,1,1,1
43691,,1,0.990523,0.926709,0.958616,1,1,1
43694,,1,1.0,1.0,1.0,1,1,1
43701,,1,1.0,0.999995,0.999997,1,1,1
43711,,1,1.0,0.998268,0.999134,1,1,1
43713,,1,0.999921,0.999993,0.999957,1,1,1
43714,,1,0.999797,0.999993,0.999895,1,1,1
43730,,1,1.0,0.998091,0.999046,1,1,1
43734,,1,0.900395,0.944368,0.922382,1,1,1
43743,,1,0.999797,0.999993,0.999895,1,1,1
43753,,1,1.0,0.99992,0.99996,1,1,1
43759,,1,0.96,0.999438,0.979719,1,1,1
43762,,1,0.990523,0.925518,0.958021,1,1,1
43767,,1,0.999169,0.998269,0.998719,1,1,1
43768,,0,0.001003,0.110207,0.055605,0,0,0
43772,,0,0.111605,0.117329,0.114467,0,0,0
43793,,1,1.0,0.905978,0.952989,1,1,1
43794,,1,0.999797,0.999993,0.999895,1,1,1
43797,,1,0.990523,0.926709,0.958616,1,1,1
43800,,1,1.0,0.999969,0.999985,1,1,1
43810,,1,1.0,0.999995,0.999997,1,1,1
43816,,1,1.0,0.99981,0.999905,1,1,1
43821,,1,1.0,0.997896,0.998948,1,1,1
43822,,0,0.003378,0.024739,0.014058,0,0,0
43827,,1,0.990523,0.925518,0.958021,1,1,1
43839,,1,0.990523,0.926709,0.958616,1,1,1
43840,,1,1.0,0.998174,0.999087,1,1,1
43843,,1,0.990523,0.926709,0.958616,1,1,1
43845,,1,0.999921,0.999993,0.999957,1,1,1
43853,,1,0.78,0.449133,0.614566,1,0,1
43860,,1,1.0,0.998041,0.99902,1,1,1
43865,,1,0.999921,0.999993,0.999957,1,1,1
43869,,1,1.0,0.999057,0.999529,1,1,1
43870,,1,1.0,0.996974,0.998487,1,1,1
43871,,1,0.990523,0.925518,0.958021,1,1,1
43872,,0,0.0,0.020029,0.010015,0,0,0
43881,,1,1.0,1.0,1.0,1,1,1
43882,,1,1.0,1.0,1.0,1,1,1
43883,,1,1.0,0.998586,0.999293,1,1,1
43884,,1,0.990523,0.926709,0.958616,1,1,1
43885,,1,0.990523,0.925518,0.958021,1,1,1
43895,,1,1.0,0.999994,0.999997,1,1,1
43896,,1,1.0,1.0,1.0,1,1,1
43903,,1,0.999797,0.999993,0.999895,1,1,1
43907,,1,1.0,0.991031,0.995515,1,1,1
43908,,1,0.999797,0.999993,0.999895,1,1,1
43918,,1,0.990523,0.925518,0.958021,1,1,1
43927,,1,1.0,0.99588,0.99794,1,1,1
43928,,1,0.990523,0.925518,0.958021,1,1,1
43938,,1,1.0,1.0,1.0,1,1,1
43939,,1,1.0,1.0,1.0,1,1,1
43942,,1,1.0,1.0,1.0,1,1,1
43946,,1,0.999797,0.999993,0.999895,1,1,1
43948,,1,1.0,0.999872,0.999936,1,1,1
43949,,1,0.999921,0.999993,0.999957,1,1,1
43965,,1,1.0,1.0,1.0,1,1,1
43967,,1,0.531851,0.930347,0.731099,1,1,1
43973,,1,0.988408,0.8031,0.895754,1,1,1
43975,,1,1.0,1.0,1.0,1,1,1
43979,,1,0.999921,0.999993,0.999957,1,1,1
43981,,1,1.0,0.999998,0.999999,1,1,1
43983,,1,1.0,1.0,1.0,1,1,1
43986,,0,0.07,0.053258,0.061629,0,0,0
43988,,1,1.0,0.999269,0.999635,1,1,1
43995,,1,0.999921,0.999993,0.999957,1,1,1
43997,,1,1.0,0.999995,0.999997,1,1,1
43999,,1,1.0,0.998268,0.999134,1,1,1
44003,,1,1.0,0.999994,0.999997,1,1,1
44005,,1,0.999921,0.999993,0.999957,1,1,1
44013,,1,0.061463,0.084763,0.073113,0,0,0
44018,,1,0.999921,0.999993,0.999957,1,1,1
44020,,1,0.999921,0.999993,0.999957,1,1,1
44023,,1,1.0,0.999994,0.999997,1,1,1
44025,,1,0.999797,0.999993,0.999895,1,1,1
44029,,1,1.0,0.999484,0.999742,1,1,1
44031,,1,1.0,0.89101,0.945505,1,1,1
44032,,1,0.990523,0.926709,0.958616,1,1,1
44045,,1,1.0,1.0,1.0,1,1,1
44049,,1,0.999797,0.999993,0.999895,1,1,1
44054,,1,0.990523,0.925518,0.958021,1,1,1
44055,,1,1.0,0.892228,0.946114,1,1,1
44061,,1,0.999921,0.999993,0.999957,1,1,1
44062,,1,1.0,1.0,1.0,1,1,1
44066,,1,0.999797,0.999993,0.999895,1,1,1
44069,,1,1.0,1.0,1.0,1,1,1
44071,,1,0.990523,0.926709,0.958616,1,1,1
44073,,1,1.0,0.985322,0.992661,1,1,1
44075,,1,0.993138,0.797855,0.895497,1,1,1
44081,,1,1.0,1.0,1.0,1,1,1
44090,,1,1.0,1.0,1.0,1,1,1
44098,,1,0.999797,0.999993,0.999895,1,1,1
44099,,1,1.0,0.950086,0.975043,1,1,1
44100,,1,1.0,0.999999,0.999999,1,1,1
44104,,1,1.0,0.999811,0.999905,1,1,1
44110,,1,1.0,0.999033,0.999516,1,1,1
44111,,1,1.0,0.998124,0.999062,1,1,1
44114,,1,0.999797,0.999993,0.999895,1,1,1
44126,,1,0.301175,0.106519,0.203847,0,0,0
44131,,1,0.990523,0.926709,0.958616,1,1,1
44134,,1,0.990523,0.925518,0.958021,1,1,1
44140,,1,1.0,1.0,1.0,1,1,1
44148,,1,0.301175,0.106519,0.203847,0,0,0
44151,,1,0.999921,0.999993,0.999957,1,1,1
44152,,1,1.0,1.0,1.0,1,1,1
44156,,1,1.0,0.746855,0.873428,1,1,1
44171,,1,0.900395,0.944368,0.922382,1,1,1
44173,,1,1.0,0.965959,0.98298,1,1,1
44175,,1,1.0,0.975634,0.987817,1,1,1
44178,,1,0.900395,0.944368,0.922382,1,1,1
44181,,0,0.0,0.007628,0.003814,0,0,0
44184,,1,0.990523,0.926709,0.958616,1,1,1
44189,,1,1.0,0.999525,0.999763,1,1,1
44191,,1,1.0,0.956577,0.978289,1,1,1
44192,,1,1.0,0.999952,0.999976,1,1,1
44193,,1,0.990523,0.926709,0.958616,1,1,1
44194,,1,0.999921,0.999993,0.999957,1,1,1
44196,,1,0.990523,0.925518,0.958021,1,1,1
44198,,1,0.990523,0.925518,0.958021,1,1,1
44205,,1,0.999797,0.999993,0.999895,1,1,1
44208,,0,0.27,0.012928,0.141464,0,0,0
44210,,1,1.0,1.0,1.0,1,1,1
44211,,1,1.0,1.0,1.0,1,1,1
44214,,1,1.0,0.999997,0.999998,1,1,1
44223,,1,0.966491,0.18776,0.577125,1,0,1
44246,,0,0.003378,0.002132,0.002755,0,0,0
44248,,1,0.999169,0.998269,0.998719,1,1,1
44254,,1,1.0,0.998268,0.999134,1,1,1
44261,,1,1.0,1.0,1.0,1,1,1
44263,,1,0.999797,0.999993,0.999895,1,1,1
44264,,1,1.0,0.504341,0.75217,1,1,1
44267,,1,1.0,1.0,1.0,1,1,1
44270,,1,1.0,0.996963,0.998482,1,1,1
44272,,1,0.900395,0.944368,0.922382,1,1,1
44280,,1,1.0,0.998056,0.999028,1,1,1
44283,,1,0.999797,0.999993,0.999895,1,1,1
44285,,1,1.0,0.999993,0.999996,1,1,1
44292,,1,0.990523,0.926709,0.958616,1,1,1
44294,,1,1.0,0.999993,0.999996,1,1,1
44295,,1,1.0,0.999994,0.999997,1,1,1
44303,,1,1.0,0.951112,0.975556,1,1,1
44308,,1,1.0,1.0,1.0,1,1,1
44326,,0,0.003378,0.024739,0.014058,0,0,0
44344,,0,0.010523,0.120227,0.065375,0,0,0
44348,,1,1.0,0.999869,0.999935,1,1,1
44358,,1,1.0,0.991051,0.995526,1,1,1
44359,,1,1.0,0.996974,0.998487,1,1,1
44368,,1,0.988408,0.803208,0.895808,1,1,1
44373,,1,1.0,0.999941,0.999971,1,1,1
44378,,1,1.0,0.999995,0.999997,1,1,1
44407,,1,0.900395,0.944368,0.922382,1,1,1
44411,,1,1.0,0.999996,0.999998,1,1,1
44419,,1,0.999797,0.999993,0.999895,1,1,1
44420,,1,0.999921,0.999993,0.999957,1,1,1
44423,,1,0.990523,0.925518,0.958021,1,1,1
44445,,1,0.999169,0.998269,0.998719,1,1,1
44449,,1,1.0,0.999968,0.999984,1,1,1
44452,,1,1.0,1.0,1.0,1,1,1
44454,,1,0.990523,0.925518,0.958021,1,1,1
44459,,1,1.0,1.0,1.0,1,1,1
44460,,1,1.0,1.0,1.0,1,1,1
44466,,1,0.990523,0.926709,0.958616,1,1,1
44471,,1,0.990523,0.926709,0.958616,1,1,1
44472,,1,1.0,0.999995,0.999997,1,1,1
44476,,1,1.0,0.999995,0.999997,1,1,1
44478,,1,0.999797,0.999993,0.999895,1,1,1
44483,,1,0.990523,0.926709,0.958616,1,1,1
44489,,1,0.990523,0.926709,0.958616,1,1,1
44492,,1,1.0,1.0,1.0,1,1,1
44494,,1,1.0,0.999995,0.999997,1,1,1
44500,,1,0.990523,0.925518,0.958021,1,1,1
44502,,1,0.999797,0.999993,0.999895,1,1,1
44505,,1,0.990523,0.925518,0.958021,1,1,1
44515,,1,0.999921,0.999993,0.999957,1,1,1
44520,,1,1.0,0.951376,0.975688,1,1,1
44524,,1,0.990523,0.925518,0.958021,1,1,1
44532,,1,0.990523,0.925518,0.958021,1,1,1
44546,,1,1.0,0.991049,0.995524,1,1,1
44549,,1,0.999797,0.999993,0.999895,1,1,1
44557,,1,1.0,0.999904,0.999952,1,1,1
44563,,1,1.0,0.999994,0.999997,1,1,1
44580,,1,0.990523,0.926709,0.958616,1,1,1
44586,,1,1.0,1.0,1.0,1,1,1
44588,,1,1.0,0.999995,0.999997,1,1,1
44593,,1,1.0,0.453179,0.72659,1,0,1
44594,,1,1.0,1.0,1.0,1,1,1
44603,,1,1.0,0.998268,0.999134,1,1,1
44604,,1,0.990523,0.925518,0.958021,1,1,1
44616,,1,1.0,0.99824,0.99912,1,1,1
44622,,1,1.0,0.998268,0.999134,1,1,1
44629,,0,0.04,0.05263,0.046315,0,0,0
44637,,1,1.0,0.999999,0.999999,1,1,1
44639,,1,0.999921,0.999993,0.999957,1,1,1
44645,,1,1.0,0.99847,0.999235,1,1,1
44648,,1,0.97,0.997592,0.983796,1,1,1
44654,,1,0.993138,0.797371,0.895255,1,1,1
44656,,1,1.0,0.999614,0.999807,1,1,1
44658,,1,0.990523,0.925518,0.958021,1,1,1
44661,,1,1.0,1.0,1.0,1,1,1
44662,,1,0.990523,0.925518,0.958021,1,1,1
44670,,1,0.999797,0.999993,0.999895,1,1,1
44674,,1,0.301175,0.106519,0.203847,0,0,0
44709,,1,1.0,0.999995,0.999997,1,1,1
44714,,1,0.990523,0.925518,0.958021,1,1,1
44718,,1,0.990523,0.926709,0.958616,1,1,1
44722,,1,1.0,1.0,1.0,1,1,1
44732,,1,0.990523,0.925518,0.958021,1,1,1
44733,,1,0.900395,0.944368,0.922382,1,1,1
44736,,1,0.999797,0.999993,0.999895,1,1,1
44742,,1,1.0,0.999995,0.999997,1,1,1
44748,,1,1.0,0.998266,0.999133,1,1,1
44750,,0,0.0,0.010667,0.005334,0,0,0
44755,,1,1.0,0.999995,0.999997,1,1,1
44762,,1,1.0,0.985785,0.992892,1,1,1
44768,,0,0.003378,0.00093,0.002154,0,0,0
44778,,1,0.999169,0.998269,0.998719,1,1,1
44782,,1,0.990523,0.926709,0.958616,1,1,1
44790,,1,0.990523,0.925518,0.958021,1,1,1
44800,,1,0.92,0.976653,0.948326,1,1,1
44814,,1,1.0,0.99938,0.99969,1,1,1
44819,,1,0.999797,0.999993,0.999895,1,1,1
44820,,1,0.999797,0.999993,0.999895,1,1,1
44823,,1,1.0,0.999994,0.999997,1,1,1
44830,,1,1.0,0.999995,0.999997,1,1,1
44838,,1,0.999169,0.998269,0.998719,1,1,1
44844,,1,0.990523,0.925518,0.958021,1,1,1
44846,,1,0.900395,0.944368,0.922382,1,1,1
44847,,1,0.990523,0.925518,0.958021,1,1,1
44849,,1,1.0,0.999994,0.999997,1,1,1
44853,,1,1.0,1.0,1.0,1,1,1
44860,,1,1.0,0.978019,0.989009,1,1,1
44866,,1,1.0,0.999995,0.999997,1,1,1
44872,,1,0.990523,0.925518,0.958021,1,1,1
44877,,1,0.999921,0.999993,0.999957,1,1,1
44886,,1,1.0,0.914901,0.957451,1,1,1
44894,,1,0.988408,0.803118,0.895763,1,1,1
44896,,1,0.301175,0.106519,0.203847,0,0,0
44898,,1,0.999797,0.999993,0.999895,1,1,1
44901,,1,0.999797,0.999993,0.999895,1,1,1
44906,,1,1.0,0.998269,0.999134,1,1,1
44913,,1,0.531851,0.930347,0.731099,1,1,1
44915,,1,1.0,0.999968,0.999984,1,1,1
44924,,1,1.0,1.0,1.0,1,1,1
44930,,1,1.0,0.998737,0.999368,1,1,1
44932,,1,1.0,0.999992,0.999996,1,1,1
44941,,1,0.531851,0.930347,0.731099,1,1,1
44944,,1,1.0,0.935287,0.967644,1,1,1
44963,,1,0.990523,0.925518,0.958021,1,1,1
44967,,1,0.990523,0.926709,0.958616,1,1,1
44969,,1,0.999797,0.999993,0.999895,1,1,1
44970,,1,0.999797,0.999993,0.999895,1,1,1
44972,,0,0.111605,0.117329,0.114467,0,0,0
44976,,1,0.999797,0.999993,0.999895,1,1,1
44979,,1,1.0,1.0,1.0,1,1,1
44988,,1,0.999921,0.999993,0.999957,1,1,1
44990,,1,1.0,1.0,1.0,1,1,1
44994,,0,0.003378,0.012548,0.007963,0,0,0
45000,,1,0.990523,0.926709,0.958616,1,1,1
45006,,1,0.99,0.602389,0.796195,1,1,1
45010,,1,1.0,0.999995,0.999997,1,1,1
45018,,1,1.0,1.0,1.0,1,1,1
45019,,1,0.89,0.116908,0.503454,1,0,1
45020,,1,1.0,0.999995,0.999997,1,1,1
45023,,1,1.0,0.998133,0.999067,1,1,1
45025,,1,0.990523,0.926709,0.958616,1,1,1
45027,,1,1.0,0.999995,0.999997,1,1,1
45031,,1,1.0,1.0,1.0,1,1,1
45034,,1,1.0,0.95007,0.975035,1,1,1
45053,,1,0.990523,0.925518,0.958021,1,1,1
45056,,1,1.0,0.993945,0.996973,1,1,1
45060,,1,1.0,0.903621,0.95181,1,1,1
45082,,1,1.0,1.0,1.0,1,1,1
45083,,1,0.999921,0.999993,0.999957,1,1,1
45089,,1,0.990523,0.925518,0.958021,1,1,1
45091,,1,1.0,0.999889,0.999944,1,1,1
45096,,1,0.990523,0.925518,0.958021,1,1,1
45099,,1,1.0,1.0,1.0,1,1,1
45100,,1,0.999921,0.999993,0.999957,1,1,1
45101,,1,1.0,0.999281,0.99964,1,1,1
45106,,1,1.0,0.999986,0.999993,1,1,1
45112,,1,1.0,1.0,1.0,1,1,1
45113,,1,0.990523,0.925518,0.958021,1,1,1
45115,,1,0.990523,0.926709,0.958616,1,1,1
45117,,1,1.0,0.999992,0.999996,1,1,1
45118,,1,0.999797,0.999993,0.999895,1,1,1
45125,,1,1.0,0.998264,0.999132,1,1,1
45127,,1,1.0,0.950435,0.975218,1,1,1
45133,,1,1.0,0.998268,0.999134,1,1,1
45139,,1,0.990523,0.926709,0.958616,1,1,1
45141,,1,1.0,0.999994,0.999997,1,1,1
45146,,1,1.0,0.999995,0.999997,1,1,1
45149,,1,0.990523,0.926709,0.958616,1,1,1
45151,,1,0.999797,0.999993,0.999895,1,1,1
45161,,1,1.0,0.611195,0.805598,1,1,1
45169,,1,0.990523,0.926709,0.958616,1,1,1
45173,,1,1.0,0.99865,0.999325,1,1,1
45175,,1,0.990523,0.926709,0.958616,1,1,1
45176,,1,1.0,0.999995,0.999997,1,1,1
45186,,1,1.0,0.453179,0.72659,1,0,1
45192,,1,0.999797,0.999993,0.999895,1,1,1
45193,,1,1.0,0.991035,0.995518,1,1,1
45201,,1,1.0,0.999947,0.999973,1,1,1
45205,,1,1.0,0.999995,0.999997,1,1,1
45206,,1,1.0,1.0,1.0,1,1,1
45213,,1,0.993138,0.797839,0.895489,1,1,1
45220,,1,1.0,0.991046,0.995523,1,1,1
45223,,1,0.999921,0.999993,0.999957,1,1,1
45225,,1,1.0,1.0,1.0,1,1,1
45226,,0,0.01,0.055213,0.032606,0,0,0
45229,,1,0.990523,0.925518,0.958021,1,1,1
45230,,0,0.003378,0.002132,0.002755,0,0,0
45234,,1,1.0,0.087826,0.543913,1,0,1
45239,,1,0.993138,0.797814,0.895476,1,1,1
45240,,1,0.999797,0.999993,0.999895,1,1,1
45241,,1,0.990523,0.926709,0.958616,1,1,1
45265,,1,1.0,1.0,1.0,1,1,1
45270,,1,0.999797,0.999993,0.999895,1,1,1
45271,,1,1.0,1.0,1.0,1,1,1
45272,,1,0.990523,0.926709,0.958616,1,1,1
45273,,1,0.979492,0.802477,0.890985,1,1,1
45275,,1,0.360364,0.019316,0.18984,0,0,0
45278,,1,0.990523,0.926709,0.958616,1,1,1
45283,,1,1.0,0.999995,0.999997,1,1,1
45284,,1,1.0,0.999995,0.999997,1,1,1
45285,,1,0.990523,0.926709,0.958616,1,1,1
45295,,1,1.0,1.0,1.0,1,1,1
45303,,1,0.999797,0.999993,0.999895,1,1,1
45309,,1,0.99,1.0,0.995,1,1,1
45315,,1,0.999797,0.999993,0.999895,1,1,1
45317,,1,0.999921,0.999993,0.999957,1,1,1
45318,,1,0.999797,0.999993,0.999895,1,1,1
45319,,1,0.990523,0.925518,0.958021,1,1,1
45323,,1,0.111605,0.117329,0.114467,0,0,0
45334,,1,0.999797,0.999993,0.999895,1,1,1
45337,,1,1.0,0.96566,0.98283,1,1,1
45343,,1,0.999797,0.999993,0.999895,1,1,1
45354,,1,0.990523,0.925518,0.958021,1,1,1
45359,,1,1.0,0.999995,0.999997,1,1,1
45362,,1,1.0,0.999995,0.999997,1,1,1
45365,,1,1.0,0.999995,0.999997,1,1,1
45367,,1,0.990523,0.925518,0.958021,1,1,1
45369,,1,1.0,0.996723,0.998362,1,1,1
45385,,1,1.0,0.996975,0.998487,1,1,1
45386,,1,1.0,0.998268,0.999134,1,1,1
45388,,1,1.0,0.999957,0.999979,1,1,1
45390,,1,1.0,0.998268,0.999134,1,1,1
45393,,1,1.0,0.997218,0.998609,1,1,1
45396,,1,0.99,0.957998,0.973999,1,1,1
45402,,1,1.0,0.453179,0.72659,1,0,1
45403,,1,0.990523,0.926709,0.958616,1,1,1
45404,,1,1.0,1.0,1.0,1,1,1
45409,,1,0.900395,0.944368,0.922382,1,1,1
45411,,1,0.999169,0.998269,0.998719,1,1,1
45412,,1,0.999921,0.999993,0.999957,1,1,1
45414,,1,1.0,1.0,1.0,1,1,1
45415,,1,0.990523,0.925518,0.958021,1,1,1
45421,,1,1.0,0.487642,0.743821,1,0,1
45424,,1,1.0,1.0,1.0,1,1,1
45427,,1,1.0,0.999994,0.999997,1,1,1
45435,,1,0.999169,0.998269,0.998719,1,1,1
45436,,1,1.0,1.0,1.0,1,1,1
45442,,1,1.0,1.0,1.0,1,1,1
45446,,1,1.0,1.0,1.0,1,1,1
45451,,1,1.0,0.991022,0.995511,1,1,1
45457,,1,1.0,0.999995,0.999997,1,1,1
45459,,1,0.990523,0.925518,0.958021,1,1,1
45462,,1,1.0,1.0,1.0,1,1,1
45466,,1,0.999921,0.999993,0.999957,1,1,1
45482,,1,1.0,0.999994,0.999997,1,1,1
45483,,1,1.0,0.998268,0.999134,1,1,1
45484,,1,1.0,0.999995,0.999997,1,1,1
45490,,1,0.999169,0.998269,0.998719,1,1,1
45495,,1,0.990523,0.926709,0.958616,1,1,1
45513,,1,0.990523,0.926709,0.958616,1,1,1
45516,,1,0.301175,0.106519,0.203847,0,0,0
45520,,1,1.0,0.987159,0.99358,1,1,1
45531,,1,1.0,1.0,1.0,1,1,1
45534,,1,0.98,0.108048,0.544024,1,0,1
45535,,1,0.999797,0.999993,0.999895,1,1,1
45538,,1,0.990523,0.925518,0.958021,1,1,1
45539,,1,1.0,1.0,1.0,1,1,1
45542,,1,0.990523,0.925518,0.958021,1,1,1
45544,,1,1.0,0.999882,0.999941,1,1,1
45551,,1,1.0,0.999995,0.999997,1,1,1
45556,,1,0.990523,0.926709,0.958616,1,1,1
45560,,0,0.003378,0.002519,0.002948,0,0,0
45561,,1,1.0,0.748296,0.874148,1,1,1
45562,,1,1.0,0.999994,0.999997,1,1,1
45570,,0,0.003378,0.002519,0.002948,0,0,0
45579,,1,0.990523,0.925518,0.958021,1,1,1
45582,,1,1.0,1.0,1.0,1,1,1
45591,,1,0.999169,0.998269,0.998719,1,1,1
45594,,1,1.0,0.914878,0.957439,1,1,1
45597,,1,1.0,0.999998,0.999999,1,1,1
45601,,1,0.999921,0.999993,0.999957,1,1,1
45604,,1,0.999169,0.998269,0.998719,1,1,1
45606,,1,1.0,1.0,1.0,1,1,1
45610,,1,1.0,0.998268,0.999134,1,1,1
45611,,1,1.0,0.999995,0.999997,1,1,1
45617,,1,0.999921,0.999993,0.999957,1,1,1
45623,,1,1.0,0.99997,0.999985,1,1,1
45624,,1,0.900395,0.944368,0.922382,1,1,1
45632,,1,0.999797,0.999993,0.999895,1,1,1
45638,,1,1.0,0.999999,0.999999,1,1,1
45641,,1,1.0,0.479543,0.739772,1,0,1
45652,,1,0.990523,0.926709,0.958616,1,1,1
45655,,1,0.990523,0.926709,0.958616,1,1,1
45657,,1,1.0,0.991024,0.995512,1,1,1
45658,,1,1.0,1.0,1.0,1,1,1
45660,,1,1.0,0.891331,0.945666,1,1,1
45666,,0,0.034791,0.408486,0.221639,0,0,0
45667,,1,1.0,1.0,1.0,1,1,1
45668,,1,0.990523,0.926709,0.958616,1,1,1
45690,,1,0.999797,0.999993,0.999895,1,1,1
45694,,1,1.0,0.999994,0.999997,1,1,1
45695,,1,1.0,0.999994,0.999997,1,1,1
45702,,1,0.990523,0.926709,0.958616,1,1,1
45704,,1,1.0,0.9999,0.99995,1,1,1
45705,,1,1.0,0.999995,0.999997,1,1,1
45709,,1,1.0,0.891129,0.945564,1,1,1
45711,,1,0.990523,0.925518,0.958021,1,1,1
45720,,0,0.301175,0.106519,0.203847,0,0,0
45724,,1,1.0,0.999998,0.999999,1,1,1
45725,,1,1.0,0.999997,0.999999,1,1,1
45729,,1,0.301175,0.106519,0.203847,0,0,0
45740,,1,0.990523,0.925518,0.958021,1,1,1
45741,,1,1.0,1.0,1.0,1,1,1
45742,,1,0.993138,0.797563,0.89535,1,1,1
45744,,1,1.0,1.0,1.0,1,1,1
45765,,1,0.999797,0.999993,0.999895,1,1,1
45767,,1,1.0,0.999996,0.999998,1,1,1
45772,,1,0.999797,0.999993,0.999895,1,1,1
45773,,1,0.999169,0.998269,0.998719,1,1,1
45775,,1,1.0,0.996974,0.998487,1,1,1
45776,,1,1.0,0.996926,0.998463,1,1,1
45787,,1,0.999797,0.999993,0.999895,1,1,1
45790,,1,0.990523,0.925518,0.958021,1,1,1
45791,,1,0.999921,0.999993,0.999957,1,1,1
45812,,1,0.990523,0.926709,0.958616,1,1,1
45816,,1,0.999797,0.999993,0.999895,1,1,1
45823,,1,1.0,0.999995,0.999997,1,1,1
45826,,1,1.0,0.998082,0.999041,1,1,1
45833,,1,1.0,0.999992,0.999996,1,1,1
45834,,1,0.990523,0.926709,0.958616,1,1,1
45847,,1,1.0,0.999994,0.999997,1,1,1
45849,,1,0.99,0.685358,0.837679,1,1,1
45851,,1,1.0,0.995839,0.997919,1,1,1
45861,,1,0.999921,0.999993,0.999957,1,1,1
45864,,1,0.999921,0.999993,0.999957,1,1,1
45895,,1,0.301175,0.106519,0.203847,0,0,0
45898,,0,0.12,0.00216,0.06108,0,0,0
45899,,1,0.990523,0.925518,0.958021,1,1,1
45900,,1,0.990523,0.926709,0.958616,1,1,1
45901,,1,0.990523,0.925518,0.958021,1,1,1
45906,,1,0.999797,0.999993,0.999895,1,1,1
45907,,1,1.0,0.999995,0.999997,1,1,1
45912,,1,0.999797,0.999993,0.999895,1,1,1
45913,,1,0.999169,0.998269,0.998719,1,1,1
45922,,1,0.990523,0.925518,0.958021,1,1,1
45928,,1,0.990523,0.926709,0.958616,1,1,1
45930,,1,1.0,0.985778,0.992889,1,1,1
45931,,1,0.990523,0.926709,0.958616,1,1,1
45932,,1,0.990523,0.926709,0.958616,1,1,1
45935,,1,1.0,0.453179,0.72659,1,0,1
45938,,1,0.988408,0.803025,0.895716,1,1,1
45939,,1,1.0,0.998265,0.999132,1,1,1
45943,,1,1.0,1.0,1.0,1,1,1
45944,,1,1.0,1.0,1.0,1,1,1
45950,,1,1.0,0.999994,0.999997,1,1,1
45952,,1,1.0,1.0,1.0,1,1,1
45956,,1,1.0,0.996964,0.998482,1,1,1
45961,,1,1.0,0.998267,0.999134,1,1,1
45977,,1,1.0,0.999989,0.999995,1,1,1
45981,,1,0.301175,0.106519,0.203847,0,0,0
45982,,1,1.0,0.748251,0.874125,1,1,1
45983,,1,1.0,0.996971,0.998485,1,1,1
46003,,0,0.003378,0.024739,0.014058,0,0,0
46004,,1,0.999169,0.998269,0.998719,1,1,1
46024,,1,0.999797,0.999993,0.999895,1,1,1
46043,,1,1.0,0.999991,0.999996,1,1,1
46044,,1,0.990523,0.926709,0.958616,1,1,1
46045,,1,1.0,0.999993,0.999997,1,1,1
46049,,1,1.0,0.999941,0.99997,1,1,1
46050,,1,0.999797,0.999993,0.999895,1,1,1
46057,,1,1.0,1.0,1.0,1,1,1
46069,,0,0.0,0.007518,0.003759,0,0,0
46071,,1,1.0,0.998268,0.999134,1,1,1
46083,,1,0.999921,0.999993,0.999957,1,1,1
46089,,1,1.0,1.0,1.0,1,1,1
46095,,1,0.990523,0.925518,0.958021,1,1,1
46111,,1,0.990523,0.926709,0.958616,1,1,1
46112,,1,1.0,0.999428,0.999714,1,1,1
46116,,1,1.0,0.999995,0.999997,1,1,1
46119,,1,1.0,0.999996,0.999998,1,1,1
46120,,1,0.999797,0.999993,0.999895,1,1,1
46124,,1,1.0,1.0,1.0,1,1,1
46127,,1,0.999797,0.999993,0.999895,1,1,1
46139,,1,0.982912,0.803244,0.893078,1,1,1
46148,,1,0.999797,0.999993,0.999895,1,1,1
46156,,1,0.990523,0.926709,0.958616,1,1,1
46157,,1,1.0,0.998269,0.999134,1,1,1
46158,,1,1.0,1.0,1.0,1,1,1
46160,,1,0.999169,0.998269,0.998719,1,1,1
46173,,1,1.0,1.0,1.0,1,1,1
46175,,1,0.999797,0.999993,0.999895,1,1,1
46179,,1,0.990523,0.925518,0.958021,1,1,1
46182,,1,1.0,0.999993,0.999997,1,1,1
46193,,1,1.0,0.992208,0.996104,1,1,1
46204,,1,0.999797,0.999993,0.999895,1,1,1
46207,,1,0.990523,0.926709,0.958616,1,1,1
46208,,1,0.999921,0.999993,0.999957,1,1,1
46218,,1,0.999921,0.999993,0.999957,1,1,1
46219,,1,1.0,1.0,1.0,1,1,1
46242,,1,1.0,1.0,1.0,1,1,1
46244,,1,1.0,0.999974,0.999987,1,1,1
46245,,1,0.990523,0.925518,0.958021,1,1,1
46258,,1,1.0,0.999994,0.999997,1,1,1
46261,,1,0.999797,0.999993,0.999895,1,1,1
46262,,1,0.999169,0.998269,0.998719,1,1,1
46264,,1,1.0,0.999994,0.999997,1,1,1
46269,,1,1.0,1.0,1.0,1,1,1
46274,,1,0.987643,0.797984,0.892814,1,1,1
46275,,1,0.990523,0.925518,0.958021,1,1,1
46276,,1,0.999921,0.999993,0.999957,1,1,1
46279,,1,1.0,0.999995,0.999997,1,1,1
46291,,1,1.0,0.999991,0.999996,1,1,1
46302,,1,0.900395,0.944368,0.922382,1,1,1
46309,,1,0.900395,0.944368,0.922382,1,1,1
46319,,1,1.0,0.965404,0.982702,1,1,1
46333,,1,0.95,0.999944,0.974972,1,1,1
46339,,1,1.0,1.0,1.0,1,1,1
46341,,1,0.990523,0.925518,0.958021,1,1,1
46345,,1,0.990523,0.925518,0.958021,1,1,1
46348,,0,0.004651,0.106519,0.055585,0,0,0
46363,,1,0.993138,0.797583,0.895361,1,1,1
46367,,1,1.0,0.999994,0.999997,1,1,1
46381,,1,0.988408,0.803089,0.895748,1,1,1
46384,,1,1.0,0.999993,0.999996,1,1,1
46398,,1,0.990523,0.926709,0.958616,1,1,1
46408,,1,1.0,0.999995,0.999997,1,1,1
46417,,1,0.990523,0.925518,0.958021,1,1,1
46431,,1,1.0,0.998116,0.999058,1,1,1
46433,,1,1.0,0.999995,0.999998,1,1,1
46434,,1,1.0,0.998285,0.999143,1,1,1
46435,,1,0.301175,0.106519,0.203847,0,0,0
46441,,1,0.990523,0.925518,0.958021,1,1,1
46443,,1,0.999797,0.999993,0.999895,1,1,1
46464,,1,1.0,1.0,1.0,1,1,1
46470,,1,0.990523,0.925518,0.958021,1,1,1
46479,,1,1.0,0.999995,0.999997,1,1,1
46481,,1,0.990523,0.925518,0.958021,1,1,1
46485,,1,0.900395,0.944368,0.922382,1,1,1
46488,,1,0.999921,0.999993,0.999957,1,1,1
46500,,1,0.999797,0.999993,0.999895,1,1,1
46501,,1,1.0,0.999994,0.999997,1,1,1
46512,,1,1.0,0.999939,0.999969,1,1,1
46524,,0,0.003378,0.010912,0.007145,0,0,0
46525,,0,0.003378,0.000827,0.002102,0,0,0
46526,,1,1.0,1.0,1.0,1,1,1
46535,,1,0.999169,0.998269,0.998719,1,1,1
46546,,1,0.990523,0.925518,0.958021,1,1,1
46553,,1,0.999921,0.999993,0.999957,1,1,1
46557,,1,0.999921,0.999993,0.999957,1,1,1
46558,,1,1.0,0.998268,0.999134,1,1,1
46565,,1,1.0,0.999994,0.999997,1,1,1
46571,,1,1.0,1.0,1.0,1,1,1
46581,,1,0.986325,0.796821,0.891573,1,1,1
46595,,1,1.0,0.999975,0.999987,1,1,1
46602,,1,1.0,0.998269,0.999134,1,1,1
46603,,1,0.990523,0.925518,0.958021,1,1,1
46605,,1,1.0,0.996958,0.998479,1,1,1
46609,,1,0.999797,0.999993,0.999895,1,1,1
46614,,1,1.0,1.0,1.0,1,1,1
46621,,1,0.900395,0.944368,0.922382,1,1,1
46626,,1,0.990523,0.925518,0.958021,1,1,1
46627,,1,1.0,0.99684,0.99842,1,1,1
46630,,1,0.990523,0.926709,0.958616,1,1,1
46635,,1,0.999169,0.998269,0.998719,1,1,1
46638,,1,1.0,0.999994,0.999997,1,1,1
46640,,1,1.0,0.999994,0.999997,1,1,1
46650,,1,1.0,0.999994,0.999997,1,1,1
46651,,1,0.993138,0.797762,0.89545,1,1,1
46652,,1,1.0,0.890476,0.945238,1,1,1
46654,,1,1.0,1.0,1.0,1,1,1
46661,,1,0.96,0.489382,0.724691,1,0,1
46665,,1,1.0,0.990935,0.995468,1,1,1
46667,,1,1.0,0.999996,0.999998,1,1,1
46668,,1,0.990523,0.925518,0.958021,1,1,1
46670,,1,1.0,1.0,1.0,1,1,1
46671,,1,0.982912,0.803244,0.893078,1,1,1
46688,,1,0.999797,0.999993,0.999895,1,1,1
46693,,1,0.999797,0.999993,0.999895,1,1,1
46699,,1,1.0,0.965964,0.982982,1,1,1
46704,,1,1.0,0.996969,0.998485,1,1,1
46707,,1,0.990523,0.925518,0.958021,1,1,1
46713,,0,0.0,0.036757,0.018379,0,0,0
46719,,1,0.999797,0.999993,0.999895,1,1,1
46723,,1,0.999921,0.999993,0.999957,1,1,1
46724,,1,0.301175,0.106519,0.203847,0,0,0
46733,,1,0.999797,0.999993,0.999895,1,1,1
46738,,1,1.0,0.447406,0.723703,1,0,1
46739,,1,0.99,0.999999,0.995,1,1,1
46741,,1,0.999169,0.998269,0.998719,1,1,1
46746,,1,1.0,1.0,1.0,1,1,1
46749,,1,1.0,1.0,1.0,1,1,1
46752,,1,1.0,0.999994,0.999997,1,1,1
46753,,1,0.531851,0.930347,0.731099,1,1,1
46754,,1,0.999797,0.999993,0.999895,1,1,1
46757,,1,0.990523,0.925518,0.958021,1,1,1
46759,,1,0.999797,0.999993,0.999895,1,1,1
46760,,1,0.990523,0.926709,0.958616,1,1,1
46769,,1,0.993138,0.797863,0.895501,1,1,1
46779,,1,0.900395,0.944368,0.922382,1,1,1
46783,,1,0.999169,0.998269,0.998719,1,1,1
46785,,1,1.0,0.999955,0.999978,1,1,1
46787,,1,0.999797,0.999993,0.999895,1,1,1
46797,,1,0.999921,0.999993,0.999957,1,1,1
46809,,1,0.990523,0.926709,0.958616,1,1,1
46814,,1,1.0,0.999995,0.999997,1,1,1
46816,,0,0.0,0.007502,0.003751,0,0,0
46817,,1,1.0,0.965962,0.982981,1,1,1
46845,,1,0.76,0.002349,0.381174,1,0,0
46851,,0,0.301175,0.106519,0.203847,0,0,0
46852,,0,0.004651,0.106519,0.055585,0,0,0
46855,,1,1.0,0.996969,0.998484,1,1,1
46859,,1,0.993138,0.797585,0.895361,1,1,1
46868,,0,0.003378,0.024739,0.014058,0,0,0
46872,,1,1.0,0.993549,0.996775,1,1,1
46873,,1,0.990523,0.925518,0.958021,1,1,1
46878,,1,0.990523,0.926709,0.958616,1,1,1
46882,,1,1.0,1.0,1.0,1,1,1
46883,,1,0.990523,0.926709,0.958616,1,1,1
46886,,0,0.0,0.001452,0.000726,0,0,0
46888,,1,1.0,0.998268,0.999134,1,1,1
46891,,1,0.990523,0.925518,0.958021,1,1,1
46894,,1,1.0,1.0,1.0,1,1,1
46896,,1,1.0,0.999999,0.999999,1,1,1
46901,,1,0.999797,0.999993,0.999895,1,1,1
46902,,1,1.0,0.892103,0.946051,1,1,1
46904,,1,1.0,1.0,1.0,1,1,1
46923,,1,0.988408,0.803101,0.895754,1,1,1
46933,,1,1.0,0.999168,0.999584,1,1,1
46936,,1,1.0,0.997934,0.998967,1,1,1
46940,,1,0.999797,0.999993,0.999895,1,1,1
46943,,1,0.990523,0.926709,0.958616,1,1,1
46950,,1,1.0,1.0,1.0,1,1,1
46954,,0,0.001003,0.20549,0.103246,0,0,0
46955,,1,1.0,0.949651,0.974826,1,1,1
46957,,1,0.988408,0.803065,0.895736,1,1,1
46960,,1,1.0,1.0,1.0,1,1,1
46963,,1,0.999797,0.999993,0.999895,1,1,1
46968,,1,0.990523,0.925518,0.958021,1,1,1
46969,,1,0.990523,0.925518,0.958021,1,1,1
46974,,1,1.0,0.9982,0.9991,1,1,1
46975,,1,0.999797,0.999993,0.999895,1,1,1
46976,,1,1.0,0.999995,0.999997,1,1,1
46981,,1,1.0,0.999973,0.999986,1,1,1
46989,,1,1.0,0.999995,0.999997,1,1,1
46992,,1,1.0,0.998269,0.999134,1,1,1
47000,,1,1.0,1.0,1.0,1,1,1
47005,,1,1.0,1.0,1.0,1,1,1
47007,,1,0.990523,0.925518,0.958021,1,1,1
47017,,1,0.99,0.097335,0.543667,1,0,1
47021,,1,0.987643,0.797984,0.892814,1,1,1
47026,,1,0.990523,0.925518,0.958021,1,1,1
47029,,0,0.004651,0.106519,0.055585,0,0,0
47032,,1,1.0,0.999994,0.999997,1,1,1
47046,,1,0.990523,0.925518,0.958021,1,1,1
47047,,1,0.990523,0.925518,0.958021,1,1,1
47053,,1,1.0,0.914859,0.957429,1,1,1
47055,,1,1.0,0.994779,0.997389,1,1,1
47061,,1,1.0,0.994774,0.997387,1,1,1
47068,,1,1.0,0.999994,0.999997,1,1,1
47076,,1,0.990523,0.925518,0.958021,1,1,1
47080,,1,0.990523,0.926709,0.958616,1,1,1
47088,,1,1.0,0.999996,0.999998,1,1,1
47089,,1,0.969691,0.386003,0.677847,1,0,1
47090,,1,1.0,0.993791,0.996896,1,1,1
47092,,1,0.999921,0.999993,0.999957,1,1,1
47100,,1,1.0,0.998268,0.999134,1,1,1
47109,,1,1.0,0.999559,0.99978,1,1,1
47110,,1,0.95,0.994339,0.97217,1,1,1
47117,,1,0.999797,0.999993,0.999895,1,1,1
47121,,1,0.990523,0.925518,0.958021,1,1,1
47122,,1,1.0,0.91387,0.956935,1,1,1
47124,,1,0.999797,0.999993,0.999895,1,1,1
47129,,1,1.0,1.0,1.0,1,1,1
47131,,1,0.990523,0.925518,0.958021,1,1,1
47132,,1,0.301175,0.106519,0.203847,0,0,0
47133,,1,1.0,1.0,1.0,1,1,1
47143,,1,0.990523,0.926709,0.958616,1,1,1
47150,,1,1.0,0.998078,0.999039,1,1,1
47153,,1,1.0,0.999994,0.999997,1,1,1
47156,,1,0.999797,0.999993,0.999895,1,1,1
47164,,1,1.0,0.996965,0.998483,1,1,1
47171,,0,0.003378,0.002352,0.002865,0,0,0
47172,,1,1.0,0.999993,0.999996,1,1,1
47179,,1,1.0,0.999994,0.999997,1,1,1
47183,,1,0.990523,0.926709,0.958616,1,1,1
47186,,1,1.0,1.0,1.0,1,1,1
47194,,1,1.0,0.991452,0.995726,1,1,1
47196,,1,0.99,0.986957,0.988478,1,1,1
47198,,1,1.0,0.991039,0.99552,1,1,1
47199,,1,0.999921,0.999993,0.999957,1,1,1
47200,,1,1.0,0.995498,0.997749,1,1,1
47201,,1,1.0,0.998734,0.999367,1,1,1
47202,,1,1.0,0.999968,0.999984,1,1,1
47204,,1,0.999169,0.998269,0.998719,1,1,1
47211,,1,1.0,0.999995,0.999997,1,1,1
47234,,1,0.990523,0.925518,0.958021,1,1,1
47236,,1,1.0,0.999956,0.999978,1,1,1
47241,,1,1.0,1.0,1.0,1,1,1
47243,,1,0.988408,0.803175,0.895791,1,1,1
47244,,1,1.0,0.998268,0.999134,1,1,1
47246,,1,0.990523,0.926709,0.958616,1,1,1
47257,,1,0.990523,0.926709,0.958616,1,1,1
47259,,1,1.0,0.999414,0.999707,1,1,1
47265,,1,0.999797,0.999993,0.999895,1,1,1
47273,,1,1.0,0.999995,0.999997,1,1,1
47276,,1,0.990523,0.926709,0.958616,1,1,1
47277,,1,0.990523,0.925518,0.958021,1,1,1
47286,,1,0.988408,0.803106,0.895757,1,1,1
47288,,0,0.001514,4.3e-05,0.000779,0,0,0
47297,,1,1.0,0.999975,0.999988,1,1,1
47301,,1,1.0,0.999956,0.999978,1,1,1
47303,,1,1.0,0.998268,0.999134,1,1,1
47305,,1,1.0,0.996962,0.998481,1,1,1
47316,,1,0.999797,0.999993,0.999895,1,1,1
47322,,1,0.999921,0.999993,0.999957,1,1,1
47328,,1,0.990523,0.926709,0.958616,1,1,1
47329,,1,1.0,0.999991,0.999996,1,1,1
47334,,1,0.990523,0.925518,0.958021,1,1,1
47335,,1,1.0,0.99105,0.995525,1,1,1
47342,,1,0.990523,0.925518,0.958021,1,1,1
47354,,1,0.999797,0.999993,0.999895,1,1,1
47359,,1,0.990523,0.926709,0.958616,1,1,1
47373,,1,1.0,0.999975,0.999987,1,1,1
47379,,1,0.99,0.942601,0.966301,1,1,1
47381,,1,0.999797,0.999993,0.999895,1,1,1
47384,,1,0.301175,0.106519,0.203847,0,0,0
47391,,1,1.0,0.999998,0.999999,1,1,1
47410,,1,1.0,0.999312,0.999656,1,1,1
47414,,1,0.999921,0.999993,0.999957,1,1,1
47416,,1,1.0,0.999955,0.999977,1,1,1
47422,,1,0.990523,0.926709,0.958616,1,1,1
47425,,1,1.0,0.937795,0.968897,1,1,1
47436,,1,0.990523,0.925518,0.958021,1,1,1
47441,,1,1.0,0.999267,0.999633,1,1,1
47443,,1,0.999797,0.999993,0.999895,1,1,1
47454,,1,0.990523,0.925518,0.958021,1,1,1
47460,,1,0.988408,0.803087,0.895747,1,1,1
47462,,1,1.0,0.999995,0.999997,1,1,1
47466,,1,1.0,0.999994,0.999997,1,1,1
47478,,1,0.999169,0.998269,0.998719,1,1,1
47481,,0,0.0,0.007504,0.003752,0,0,0
47482,,1,0.990523,0.925518,0.958021,1,1,1
47489,,1,0.999797,0.999993,0.999895,1,1,1
47490,,1,0.990523,0.926709,0.958616,1,1,1
47512,,1,0.999921,0.999993,0.999957,1,1,1
47513,,1,1.0,1.0,1.0,1,1,1
47517,,1,0.999797,0.999993,0.999895,1,1,1
47522,,1,1.0,0.999995,0.999997,1,1,1
47524,,1,0.990523,0.925518,0.958021,1,1,1
47529,,1,0.999921,0.999993,0.999957,1,1,1
47531,,1,1.0,0.999896,0.999948,1,1,1
47538,,1,0.98,0.994972,0.987486,1,1,1
47540,,1,1.0,0.998268,0.999134,1,1,1
47542,,1,0.990523,0.926709,0.958616,1,1,1
47545,,1,1.0,0.999427,0.999713,1,1,1
47557,,1,1.0,0.999994,0.999997,1,1,1
47560,,1,1.0,0.998942,0.999471,1,1,1
47561,,1,0.990523,0.926709,0.958616,1,1,1
47562,,1,1.0,0.999995,0.999997,1,1,1
47565,,1,0.999797,0.999993,0.999895,1,1,1
47567,,1,1.0,0.999995,0.999997,1,1,1
47573,,1,1.0,0.999994,0.999997,1,1,1
47575,,1,0.990523,0.926709,0.958616,1,1,1
47576,,1,1.0,0.892097,0.946048,1,1,1
47579,,1,1.0,0.999993,0.999996,1,1,1
47585,,1,1.0,0.965964,0.982982,1,1,1
47606,,1,1.0,0.999994,0.999997,1,1,1
47608,,1,0.999797,0.999993,0.999895,1,1,1
47614,,1,1.0,0.991048,0.995524,1,1,1
47617,,1,0.531851,0.930347,0.731099,1,1,1
47631,,1,0.990523,0.926709,0.958616,1,1,1
47646,,1,0.99,0.999991,0.994995,1,1,1
47657,,1,1.0,0.996797,0.998398,1,1,1
47660,,1,1.0,1.0,1.0,1,1,1
47664,,1,0.999797,0.999993,0.999895,1,1,1
47666,,1,1.0,0.998267,0.999133,1,1,1
47671,,1,0.990523,0.925518,0.958021,1,1,1
47679,,1,0.999169,0.998269,0.998719,1,1,1
47681,,1,1.0,0.999998,0.999999,1,1,1
47686,,1,0.999797,0.999993,0.999895,1,1,1
47689,,1,1.0,0.998268,0.999134,1,1,1
47692,,1,1.0,1.0,1.0,1,1,1
47694,,1,0.990523,0.926709,0.958616,1,1,1
47697,,1,0.990523,0.926709,0.958616,1,1,1
47698,,1,0.999797,0.999993,0.999895,1,1,1
47708,,1,0.301175,0.106519,0.203847,0,0,0
47711,,1,0.990523,0.925518,0.958021,1,1,1
47712,,1,0.990523,0.925518,0.958021,1,1,1
47717,,1,0.990523,0.926709,0.958616,1,1,1
47728,,1,1.0,1.0,1.0,1,1,1
47732,,1,1.0,0.998268,0.999134,1,1,1
47742,,1,1.0,0.034155,0.517077,1,0,1
47745,,1,1.0,0.999995,0.999997,1,1,1
47748,,0,0.0,0.00745,0.003725,0,0,0
47755,,1,0.990523,0.926709,0.958616,1,1,1
47764,,1,1.0,1.0,1.0,1,1,1
47769,,1,1.0,0.999994,0.999997,1,1,1
47771,,1,1.0,0.998279,0.999139,1,1,1
47772,,1,1.0,1.0,1.0,1,1,1
47773,,1,0.990523,0.926709,0.958616,1,1,1
47778,,1,0.990523,0.925518,0.958021,1,1,1
47783,,1,0.988408,0.803082,0.895745,1,1,1
47786,,1,1.0,0.999995,0.999997,1,1,1
47793,,1,0.98,0.958614,0.969307,1,1,1
47795,,1,0.999797,0.999993,0.999895,1,1,1
47801,,1,0.990523,0.925518,0.958021,1,1,1
47808,,1,0.990523,0.925518,0.958021,1,1,1
47809,,1,1.0,0.998267,0.999134,1,1,1
47813,,1,1.0,0.991047,0.995523,1,1,1
47815,,1,0.999797,0.999993,0.999895,1,1,1
47820,,1,1.0,0.999536,0.999768,1,1,1
47832,,1,0.990523,0.925518,0.958021,1,1,1
47839,,1,1.0,1.0,1.0,1,1,1
47840,,1,1.0,0.998268,0.999134,1,1,1
47845,,1,1.0,0.998269,0.999134,1,1,1
47846,,1,1.0,1.0,1.0,1,1,1
47859,,1,0.900395,0.944368,0.922382,1,1,1
47860,,1,1.0,1.0,1.0,1,1,1
47865,,0,0.003378,0.002206,0.002792,0,0,0
47870,,1,0.900395,0.944368,0.922382,1,1,1
47873,,1,0.010523,0.124964,0.067744,0,0,0
47875,,1,1.0,1.0,1.0,1,1,1
47883,,1,1.0,0.914889,0.957444,1,1,1
47895,,1,1.0,1.0,1.0,1,1,1
47898,,1,0.999797,0.999993,0.999895,1,1,1
47905,,1,1.0,0.999995,0.999997,1,1,1
47920,,0,0.0,0.010667,0.005334,0,0,0
47936,,1,0.999797,0.999993,0.999895,1,1,1
47939,,1,1.0,0.964596,0.982298,1,1,1
47943,,1,1.0,0.993854,0.996927,1,1,1
47944,,1,0.990523,0.925518,0.958021,1,1,1
47948,,1,1.0,0.999995,0.999997,1,1,1
47959,,1,1.0,0.998268,0.999134,1,1,1
47977,,1,1.0,0.998268,0.999134,1,1,1
47980,,1,1.0,1.0,1.0,1,1,1
47982,,1,0.991003,0.998751,0.994877,1,1,1
47984,,1,0.990523,0.925518,0.958021,1,1,1
47985,,1,0.990523,0.926709,0.958616,1,1,1
47986,,1,0.990523,0.925518,0.958021,1,1,1
47987,,1,1.0,0.965964,0.982982,1,1,1
47988,,1,0.990523,0.925518,0.958021,1,1,1
47989,,1,0.990523,0.925518,0.958021,1,1,1
48013,,1,0.999921,0.999993,0.999957,1,1,1
48015,,1,0.982912,0.803244,0.893078,1,1,1
48026,,1,0.990523,0.926709,0.958616,1,1,1
48033,,1,1.0,1.0,1.0,1,1,1
48037,,1,0.999921,0.999993,0.999957,1,1,1
48043,,1,1.0,0.998268,0.999134,1,1,1
48049,,1,1.0,1.0,1.0,1,1,1
48071,,1,1.0,0.998084,0.999042,1,1,1
48075,,1,0.990523,0.926709,0.958616,1,1,1
48077,,1,0.999797,0.999993,0.999895,1,1,1
48082,,1,1.0,0.999994,0.999997,1,1,1
48092,,1,0.111605,0.117329,0.114467,0,0,0
48099,,1,1.0,0.996971,0.998486,1,1,1
48111,,1,1.0,0.999974,0.999987,1,1,1
48125,,1,0.990523,0.925518,0.958021,1,1,1
48138,,1,1.0,0.893922,0.946961,1,1,1
48139,,1,0.990523,0.925518,0.958021,1,1,1
48141,,1,0.999921,0.999993,0.999957,1,1,1
48142,,1,0.990523,0.926709,0.958616,1,1,1
48150,,1,1.0,0.991029,0.995514,1,1,1
48152,,1,0.97,0.941611,0.955806,1,1,1
48155,,1,0.990523,0.926709,0.958616,1,1,1
48158,,1,0.999921,0.999993,0.999957,1,1,1
48164,,1,1.0,0.999531,0.999765,1,1,1
48173,,1,1.0,0.999992,0.999996,1,1,1
48182,,1,1.0,0.999995,0.999997,1,1,1
48188,,1,0.993138,0.797851,0.895494,1,1,1
48193,,1,1.0,0.999909,0.999954,1,1,1
48201,,1,0.999921,0.999993,0.999957,1,1,1
48202,,1,0.999921,0.999993,0.999957,1,1,1
48204,,1,0.990523,0.926709,0.958616,1,1,1
48206,,1,0.990523,0.926709,0.958616,1,1,1
48207,,1,1.0,0.999996,0.999998,1,1,1
48210,,1,0.990523,0.925518,0.958021,1,1,1
48214,,1,0.990523,0.925518,0.958021,1,1,1
48218,,1,1.0,0.99979,0.999895,1,1,1
48234,,1,1.0,0.999525,0.999763,1,1,1
48235,,1,1.0,0.890572,0.945286,1,1,1
48254,,1,0.42,0.013873,0.216936,0,0,0
48256,,1,1.0,0.999996,0.999998,1,1,1
48261,,1,1.0,0.453179,0.72659,1,0,1
48262,,1,0.999797,0.999993,0.999895,1,1,1
48263,,1,1.0,0.999939,0.999969,1,1,1
48265,,1,0.990523,0.926709,0.958616,1,1,1
48269,,1,1.0,1.0,1.0,1,1,1
48278,,1,0.990523,0.925518,0.958021,1,1,1
48283,,1,0.966491,0.1878,0.577145,1,0,1
48287,,1,1.0,1.0,1.0,1,1,1
48293,,1,0.990523,0.925518,0.958021,1,1,1
48297,,1,1.0,0.996972,0.998486,1,1,1
48304,,1,0.999797,0.999993,0.999895,1,1,1
48305,,1,0.991003,0.999954,0.995478,1,1,1
48312,,1,1.0,0.998823,0.999412,1,1,1
48314,,0,0.004651,0.106519,0.055585,0,0,0
48316,,1,1.0,1.0,1.0,1,1,1
48322,,1,1.0,1.0,1.0,1,1,1
48323,,1,1.0,0.999995,0.999997,1,1,1
48325,,1,0.990523,0.926709,0.958616,1,1,1
48329,,1,0.990523,0.926709,0.958616,1,1,1
48335,,1,0.903378,0.089087,0.496233,1,0,0
48338,,1,0.531851,0.930347,0.731099,1,1,1
48339,,1,1.0,0.999993,0.999996,1,1,1
48343,,1,1.0,0.999451,0.999726,1,1,1
48344,,1,1.0,1.0,1.0,1,1,1
48345,,1,0.993138,0.797843,0.895491,1,1,1
48354,,1,0.990523,0.926709,0.958616,1,1,1
48360,,1,1.0,0.487568,0.743784,1,0,1
48364,,1,1.0,1.0,1.0,1,1,1
48370,,1,0.990523,0.926709,0.958616,1,1,1
48374,,1,0.990523,0.925518,0.958021,1,1,1
48380,,1,0.999797,0.999993,0.999895,1,1,1
48386,,1,1.0,0.993111,0.996556,1,1,1
48389,,1,0.999797,0.999993,0.999895,1,1,1
48390,,1,0.993138,0.797839,0.895489,1,1,1
48398,,1,0.990523,0.925518,0.958021,1,1,1
48401,,1,0.990523,0.926709,0.958616,1,1,1
48404,,1,0.990523,0.925518,0.958021,1,1,1
48410,,1,1.0,1.0,1.0,1,1,1
48418,,1,0.999921,0.999993,0.999957,1,1,1
48422,,1,0.301175,0.106519,0.203847,0,0,0
48424,,0,0.0,0.262721,0.131361,0,0,0
48425,,1,0.999797,0.999993,0.999895,1,1,1
48428,,1,1.0,0.999995,0.999997,1,1,1
48434,,1,1.0,1.0,1.0,1,1,1
48437,,0,0.003378,0.000652,0.002015,0,0,0
48444,,1,1.0,0.965964,0.982982,1,1,1
48448,,1,0.990523,0.925518,0.958021,1,1,1
48458,,1,0.990523,0.925518,0.958021,1,1,1
48466,,1,1.0,0.998268,0.999134,1,1,1
48467,,1,1.0,0.999988,0.999994,1,1,1
48480,,1,0.990523,0.926709,0.958616,1,1,1
48481,,1,0.061463,0.084763,0.073113,0,0,0
48483,,1,0.900395,0.944368,0.922382,1,1,1
48489,,1,1.0,0.999194,0.999597,1,1,1
48497,,1,0.99,0.999603,0.994801,1,1,1
48504,,1,1.0,0.998268,0.999134,1,1,1
48505,,1,0.531851,0.930347,0.731099,1,1,1
48509,,1,0.990523,0.926709,0.958616,1,1,1
48512,,1,0.999797,0.999993,0.999895,1,1,1
48513,,1,0.999169,0.998269,0.998719,1,1,1
48514,,1,1.0,0.776782,0.888391,1,1,1
48515,,1,0.990523,0.926709,0.958616,1,1,1
48516,,1,0.990523,0.925518,0.958021,1,1,1
48518,,1,1.0,1.0,1.0,1,1,1
48523,,1,0.988408,0.802735,0.895571,1,1,1
48528,,1,1.0,0.999994,0.999997,1,1,1
48535,,0,0.013378,0.056719,0.035048,0,0,0
48549,,1,1.0,0.992851,0.996425,1,1,1
48571,,1,0.990523,0.925518,0.958021,1,1,1
48610,,1,1.0,0.996048,0.998024,1,1,1
48613,,1,1.0,1.0,1.0,1,1,1
48614,,1,0.990523,0.926709,0.958616,1,1,1
48618,,1,1.0,0.999997,0.999999,1,1,1
48624,,1,1.0,0.999995,0.999997,1,1,1
48625,,1,1.0,0.997998,0.998999,1,1,1
48636,,1,1.0,1.0,1.0,1,1,1
48642,,1,0.990523,0.926709,0.958616,1,1,1
48644,,1,0.990523,0.925518,0.958021,1,1,1
48645,,1,1.0,0.999994,0.999997,1,1,1
48650,,1,0.999921,0.999993,0.999957,1,1,1
48655,,1,0.531851,0.930347,0.731099,1,1,1
48659,,1,1.0,0.998029,0.999014,1,1,1
48666,,1,0.999169,0.998269,0.998719,1,1,1
48687,,1,1.0,0.999533,0.999766,1,1,1
48690,,1,1.0,0.999994,0.999997,1,1,1
48691,,1,0.999797,0.999993,0.999895,1,1,1
48693,,1,1.0,0.998268,0.999134,1,1,1
48699,,1,1.0,0.914877,0.957438,1,1,1
48703,,1,0.990523,0.926709,0.958616,1,1,1
48707,,1,1.0,1.0,1.0,1,1,1
48713,,1,0.990523,0.925518,0.958021,1,1,1
48720,,1,0.990523,0.926709,0.958616,1,1,1
48724,,1,1.0,1.0,1.0,1,1,1
48733,,1,0.301175,0.106519,0.203847,0,0,0
48759,,1,1.0,0.999549,0.999775,1,1,1
48764,,1,0.301175,0.106519,0.203847,0,0,0
48769,,1,0.999921,0.999993,0.999957,1,1,1
48771,,1,1.0,0.999999,0.999999,1,1,1
48778,,1,1.0,0.999998,0.999999,1,1,1
48784,,1,1.0,0.999996,0.999998,1,1,1
48785,,1,0.990523,0.925518,0.958021,1,1,1
48790,,1,1.0,1.0,1.0,1,1,1
48795,,1,0.990523,0.926709,0.958616,1,1,1
48800,,1,1.0,0.999986,0.999993,1,1,1
48802,,1,1.0,1.0,1.0,1,1,1
48803,,1,1.0,0.999994,0.999997,1,1,1
48808,,1,1.0,0.999862,0.999931,1,1,1
48816,,1,0.999169,0.998269,0.998719,1,1,1
48819,,1,0.999797,0.999993,0.999895,1,1,1
48820,,1,1.0,0.999995,0.999997,1,1,1
48831,,1,1.0,0.892589,0.946295,1,1,1
48834,,1,1.0,1.0,1.0,1,1,1
48836,,1,1.0,0.999997,0.999998,1,1,1
48851,,1,0.990523,0.925518,0.958021,1,1,1
48852,,1,0.999797,0.999993,0.999895,1,1,1
48853,,1,1.0,0.965964,0.982982,1,1,1
48856,,1,1.0,1.0,1.0,1,1,1
48858,,1,1.0,0.999995,0.999997,1,1,1
48862,,1,1.0,0.893697,0.946849,1,1,1
48872,,1,0.999921,0.999993,0.999957,1,1,1
48873,,1,1.0,1.0,1.0,1,1,1
48874,,1,1.0,0.950065,0.975032,1,1,1
48887,,1,0.990523,0.925518,0.958021,1,1,1
48893,,1,0.999797,0.999993,0.999895,1,1,1
48897,,1,1.0,0.999994,0.999997,1,1,1
48898,,1,0.990523,0.926709,0.958616,1,1,1
48901,,1,1.0,0.999995,0.999997,1,1,1
48903,,1,1.0,0.95066,0.97533,1,1,1
48907,,1,0.990523,0.925518,0.958021,1,1,1
48908,,1,0.966491,0.187782,0.577136,1,0,1
48919,,1,1.0,0.453179,0.72659,1,0,1
48921,,1,1.0,0.998065,0.999033,1,1,1
48928,,1,1.0,1.0,1.0,1,1,1
48934,,1,0.990523,0.925518,0.958021,1,1,1
48939,,1,1.0,0.999995,0.999997,1,1,1
48965,,1,0.990523,0.925518,0.958021,1,1,1
48971,,1,1.0,0.998268,0.999134,1,1,1
48974,,1,0.97,0.869773,0.919886,1,1,1
48978,,1,1.0,1.0,1.0,1,1,1
48982,,1,0.988408,0.802946,0.895677,1,1,1
48986,,1,1.0,0.999998,0.999999,1,1,1
48990,,1,0.990523,0.925518,0.958021,1,1,1
48994,,1,1.0,0.999925,0.999963,1,1,1
48995,,1,0.999797,0.999993,0.999895,1,1,1
48997,,1,0.990523,0.925518,0.958021,1,1,1
48999,,1,0.97,0.999998,0.984999,1,1,1
49007,,1,1.0,0.998269,0.999134,1,1,1
49015,,1,1.0,0.999536,0.999768,1,1,1
49018,,1,1.0,0.997132,0.998566,1,1,1
49020,,0,0.301175,0.106519,0.203847,0,0,0
49042,,1,1.0,0.99104,0.99552,1,1,1
49043,,1,1.0,0.999994,0.999997,1,1,1
49044,,1,1.0,0.999997,0.999998,1,1,1
49051,,1,1.0,0.998268,0.999134,1,1,1
49067,,1,1.0,0.998268,0.999134,1,1,1
49068,,1,1.0,0.999995,0.999997,1,1,1
49070,,1,1.0,0.999844,0.999922,1,1,1
49079,,1,0.999921,0.999993,0.999957,1,1,1
49080,,1,1.0,1.0,1.0,1,1,1
49086,,1,1.0,0.999995,0.999997,1,1,1
49089,,1,0.95,0.025638,0.487819,1,0,0
49091,,1,1.0,0.999994,0.999997,1,1,1
49098,,1,0.999797,0.999993,0.999895,1,1,1
49099,,1,1.0,0.999996,0.999998,1,1,1
49100,,1,0.987643,0.797984,0.892814,1,1,1
49102,,1,0.990523,0.926709,0.958616,1,1,1
49104,,1,0.999797,0.999993,0.999895,1,1,1
49109,,1,1.0,0.991628,0.995814,1,1,1
49118,,1,0.999921,0.999993,0.999957,1,1,1
49132,,1,0.990523,0.925518,0.958021,1,1,1
49133,,1,0.990523,0.925518,0.958021,1,1,1
49138,,0,0.003378,0.000378,0.001878,0,0,0
49141,,1,1.0,0.999958,0.999979,1,1,1
49143,,1,1.0,0.999995,0.999997,1,1,1
49144,,1,1.0,1.0,1.0,1,1,1
49146,,1,0.999797,0.999993,0.999895,1,1,1
49147,,1,0.990523,0.926709,0.958616,1,1,1
49148,,1,1.0,1.0,1.0,1,1,1
49164,,1,0.990523,0.925518,0.958021,1,1,1
49165,,1,1.0,1.0,1.0,1,1,1
49183,,1,0.990523,0.926709,0.958616,1,1,1
49186,,1,1.0,0.985826,0.992913,1,1,1
49194,,1,1.0,0.914889,0.957445,1,1,1
49197,,1,1.0,0.997225,0.998613,1,1,1
49202,,1,1.0,0.998268,0.999134,1,1,1
49209,,1,0.990523,0.925518,0.958021,1,1,1
49216,,1,1.0,0.96911,0.984555,1,1,1
49230,,1,1.0,1.0,1.0,1,1,1
49231,,1,0.990523,0.925518,0.958021,1,1,1
49236,,1,1.0,0.99696,0.99848,1,1,1
49248,,1,0.900395,0.944368,0.922382,1,1,1
49252,,1,1.0,0.999994,0.999997,1,1,1
49254,,1,0.999797,0.999993,0.999895,1,1,1
49261,,1,0.990523,0.926709,0.958616,1,1,1
49262,,1,1.0,0.999995,0.999997,1,1,1
49265,,1,0.990523,0.925518,0.958021,1,1,1
49268,,1,1.0,0.99999,0.999995,1,1,1
49270,,1,1.0,0.997881,0.998941,1,1,1
49273,,1,0.999797,0.999993,0.999895,1,1,1
49293,,1,0.999797,0.999993,0.999895,1,1,1
49294,,1,0.990523,0.926709,0.958616,1,1,1
49299,,1,1.0,1.0,1.0,1,1,1
49300,,1,1.0,0.999994,0.999997,1,1,1
49307,,1,1.0,0.99997,0.999985,1,1,1
49310,,1,1.0,0.950063,0.975031,1,1,1
49315,,1,1.0,0.999994,0.999997,1,1,1
49332,,1,1.0,0.999872,0.999936,1,1,1
49335,,1,1.0,1.0,1.0,1,1,1
49336,,1,0.999921,0.999993,0.999957,1,1,1
49341,,1,1.0,0.950059,0.975029,1,1,1
49345,,1,0.79,0.438005,0.614003,1,0,1
49348,,1,1.0,0.891203,0.945601,1,1,1
49349,,1,1.0,0.999936,0.999968,1,1,1
49351,,1,0.990523,0.925518,0.958021,1,1,1
49352,,1,1.0,0.999994,0.999997,1,1,1
49355,,1,0.999797,0.999993,0.999895,1,1,1
49356,,1,0.86,1.0,0.93,1,1,1
49360,,1,1.0,1.0,1.0,1,1,1
49362,,1,0.990523,0.926709,0.958616,1,1,1
49365,,1,1.0,1.0,1.0,1,1,1
49369,,1,1.0,0.999994,0.999997,1,1,1
49370,,1,1.0,0.999892,0.999946,1,1,1
49371,,1,1.0,0.999995,0.999997,1,1,1
49375,,1,1.0,0.914893,0.957447,1,1,1
49378,,1,1.0,0.999922,0.999961,1,1,1
49381,,1,1.0,0.998268,0.999134,1,1,1
49387,,1,0.999797,0.999993,0.999895,1,1,1
49393,,1,0.990523,0.926709,0.958616,1,1,1
49398,,0,1.8e-05,0.00011,6.4e-05,0,0,0
49411,,1,0.990523,0.925518,0.958021,1,1,1
49415,,1,1.0,0.998268,0.999134,1,1,1
49419,,1,1.0,0.999499,0.99975,1,1,1
49420,,1,0.99,0.726263,0.858132,1,1,1
49429,,1,1.0,0.999423,0.999712,1,1,1
49432,,1,1.0,0.990854,0.995427,1,1,1
49435,,1,0.990523,0.925518,0.958021,1,1,1
49440,,1,1.0,0.998268,0.999134,1,1,1
49445,,1,1.0,0.999994,0.999997,1,1,1
49447,,1,1.0,0.994838,0.997419,1,1,1
49448,,1,1.0,0.999995,0.999997,1,1,1
49453,,1,0.990523,0.926709,0.958616,1,1,1
49454,,1,1.0,0.98934,0.99467,1,1,1
49457,,1,0.990523,0.925518,0.958021,1,1,1
49464,,1,0.990523,0.925518,0.958021,1,1,1
49468,,1,0.999921,0.999993,0.999957,1,1,1
49471,,1,0.966491,0.137407,0.551949,1,0,1
49473,,1,0.999797,0.999993,0.999895,1,1,1
49481,,1,0.99,0.999321,0.994661,1,1,1
49486,,1,0.990523,0.925518,0.958021,1,1,1
49487,,1,0.990523,0.925518,0.958021,1,1,1
49488,,1,0.301175,0.106519,0.203847,0,0,0
49491,,1,0.990523,0.926709,0.958616,1,1,1
49496,,1,0.990523,0.926709,0.958616,1,1,1
49506,,1,0.0991,0.453179,0.27614,0,0,0
49512,,1,0.999797,0.999993,0.999895,1,1,1
49513,,1,0.999921,0.999993,0.999957,1,1,1
49518,,1,0.990523,0.925518,0.958021,1,1,1
49523,,1,1.0,1.0,1.0,1,1,1
49528,,1,1.0,1.0,1.0,1,1,1
49538,,1,1.0,0.033969,0.516984,1,0,1
49547,,1,1.0,1.0,1.0,1,1,1
49563,,1,1.0,0.985723,0.992861,1,1,1
49568,,1,1.0,0.999885,0.999943,1,1,1
49575,,1,1.0,0.504474,0.752237,1,1,1
49583,,1,1.0,0.999905,0.999952,1,1,1
49587,,1,1.0,0.999994,0.999997,1,1,1
49591,,1,1.0,0.999995,0.999997,1,1,1
49596,,1,0.999921,0.999993,0.999957,1,1,1
49601,,1,1.0,0.999995,0.999997,1,1,1
49604,,1,1.0,1.0,1.0,1,1,1
49605,,1,1.0,1.0,1.0,1,1,1
49610,,1,1.0,0.999995,0.999997,1,1,1
49611,,1,1.0,0.985804,0.992902,1,1,1
49615,,1,1.0,0.998268,0.999134,1,1,1
49627,,1,0.990523,0.926709,0.958616,1,1,1
49628,,1,0.301175,0.106519,0.203847,0,0,0
49630,,1,1.0,0.999334,0.999667,1,1,1
49632,,1,0.99,0.996184,0.993092,1,1,1
49635,,1,1.0,0.990985,0.995492,1,1,1
49637,,1,0.988408,0.80305,0.895729,1,1,1
49638,,1,1.0,0.999994,0.999997,1,1,1
49642,,1,0.990523,0.925518,0.958021,1,1,1
49648,,1,1.0,0.999994,0.999997,1,1,1
49654,,1,1.0,0.999998,0.999999,1,1,1
49656,,1,0.990523,0.925518,0.958021,1,1,1
49659,,1,0.999921,0.999993,0.999957,1,1,1
49667,,1,1.0,0.999995,0.999997,1,1,1
49669,,1,0.999797,0.999993,0.999895,1,1,1
49672,,1,0.990523,0.926709,0.958616,1,1,1
49687,,1,0.999921,0.999993,0.999957,1,1,1
49692,,1,1.0,0.999994,0.999997,1,1,1
49694,,1,1.0,0.944648,0.972324,1,1,1
49695,,1,0.990523,0.926709,0.958616,1,1,1
49697,,1,0.999921,0.999993,0.999957,1,1,1
49703,,1,0.999921,0.999993,0.999957,1,1,1
49714,,1,1.0,1.0,1.0,1,1,1
49715,,1,1.0,0.999996,0.999998,1,1,1
49720,,1,1.0,0.999995,0.999997,1,1,1
49728,,1,1.0,0.998953,0.999476,1,1,1
49731,,1,0.999797,0.999993,0.999895,1,1,1
49735,,1,0.990523,0.926709,0.958616,1,1,1
49744,,1,1.0,1.0,1.0,1,1,1
49748,,1,1.0,0.999998,0.999999,1,1,1
49754,,1,1.0,1.0,1.0,1,1,1
49762,,1,0.990523,0.925518,0.958021,1,1,1
49772,,1,0.990523,0.925518,0.958021,1,1,1
49776,,1,0.990523,0.926709,0.958616,1,1,1
49777,,1,0.988408,0.803125,0.895766,1,1,1
49787,,1,1.0,0.999994,0.999997,1,1,1
49794,,1,0.999797,0.999993,0.999895,1,1,1
49811,,1,1.0,0.999997,0.999998,1,1,1
49815,,0,0.003378,0.012413,0.007895,0,0,0
49817,,1,1.0,0.999995,0.999997,1,1,1
49818,,1,0.999797,0.999993,0.999895,1,1,1
49828,,1,0.999797,0.999993,0.999895,1,1,1
49831,,1,0.999797,0.999993,0.999895,1,1,1
49836,,1,1.0,1.0,1.0,1,1,1
49837,,1,0.990523,0.925518,0.958021,1,1,1
49842,,1,0.999797,0.999993,0.999895,1,1,1
49847,,1,1.0,1.0,1.0,1,1,1
49850,,1,1.0,0.999995,0.999997,1,1,1
49851,,1,1.0,0.999994,0.999997,1,1,1
49852,,1,0.853378,0.048761,0.451069,1,0,0
49861,,1,1.0,0.997949,0.998974,1,1,1
49862,,1,0.990523,0.926709,0.958616,1,1,1
49863,,1,1.0,0.998269,0.999134,1,1,1
49872,,1,1.0,0.985791,0.992896,1,1,1
49894,,1,1.0,0.998081,0.999041,1,1,1
49903,,1,0.990523,0.925518,0.958021,1,1,1
49911,,1,0.301175,0.106519,0.203847,0,0,0
49920,,1,1.0,0.999995,0.999997,1,1,1
49931,,1,1.0,0.926239,0.963119,1,1,1
49935,,1,1.0,0.999993,0.999996,1,1,1
49940,,1,1.0,0.999995,0.999997,1,1,1
49942,,1,1.0,1.0,1.0,1,1,1
49946,,1,1.0,0.453179,0.72659,1,0,1
49952,,1,1.0,0.999994,0.999997,1,1,1
49954,,1,0.999797,0.999993,0.999895,1,1,1
49960,,1,1.0,0.999995,0.999997,1,1,1
49963,,1,1.0,1.0,1.0,1,1,1
49965,,1,0.999797,0.999993,0.999895,1,1,1
49967,,1,0.990523,0.925518,0.958021,1,1,1
49968,,1,1.0,0.99999,0.999995,1,1,1
49969,,1,0.900395,0.944368,0.922382,1,1,1
49970,,1,1.0,1.0,1.0,1,1,1
49980,,1,0.999797,0.999993,0.999895,1,1,1
49993,,1,1.0,0.990567,0.995283,1,1,1
49996,,1,0.990523,0.926709,0.958616,1,1,1
