sample_id,domain,y_true,p_rf,p_cnn,p_hybrid,pred_rf,pred_cnn,pred_hybrid
2,ton_iot,0,0.009395,0.329451,0.169423,0,0,0
5,ton_iot,1,1.0,0.999447,0.999724,1,1,1
6,ton_iot,1,0.999395,0.991846,0.99562,1,1,1
7,ton_iot,1,0.99977,0.993725,0.996748,1,1,1
13,ton_iot,1,1.0,0.999989,0.999994,1,1,1
14,ton_iot,1,1.0,0.998675,0.999337,1,1,1
17,ton_iot,1,0.93,0.359376,0.644688,1,0,1
20,ton_iot,1,1.0,0.999989,0.999994,1,1,1
23,ton_iot,1,0.999395,0.991457,0.995426,1,1,1
39,ton_iot,1,1.0,0.998675,0.999337,1,1,1
40,ton_iot,1,0.99618,0.998902,0.997541,1,1,1
43,ton_iot,1,0.98,0.779029,0.879515,1,1,1
45,ton_iot,1,1.0,0.79457,0.897285,1,1,1
49,ton_iot,1,1.0,0.999989,0.999994,1,1,1
52,ton_iot,1,1.0,0.995946,0.997973,1,1,1
58,ton_iot,1,0.83129,0.329451,0.58037,1,0,1
59,ton_iot,1,0.999395,0.991846,0.99562,1,1,1
74,ton_iot,1,1.0,0.952216,0.976108,1,1,1
75,ton_iot,1,1.0,0.999989,0.999994,1,1,1
77,ton_iot,1,1.0,0.997492,0.998746,1,1,1
79,ton_iot,1,1.0,0.999989,0.999994,1,1,1
85,ton_iot,1,1.0,0.999988,0.999994,1,1,1
87,ton_iot,1,0.83129,0.329451,0.58037,1,0,1
88,ton_iot,1,0.99977,0.993725,0.996748,1,1,1
95,ton_iot,1,0.338387,0.177638,0.258013,0,0,0
105,ton_iot,1,1.0,0.999575,0.999788,1,1,1
106,ton_iot,1,1.0,0.994547,0.997274,1,1,1
115,ton_iot,1,1.0,0.999989,0.999994,1,1,1
118,ton_iot,1,0.99977,0.993725,0.996748,1,1,1
122,ton_iot,1,0.99977,0.993725,0.996748,1,1,1
128,ton_iot,1,0.999395,0.991457,0.995426,1,1,1
131,ton_iot,0,0.0,0.020885,0.010442,0,0,0
147,ton_iot,1,1.0,0.994873,0.997436,1,1,1
151,ton_iot,1,1.0,0.948565,0.974282,1,1,1
163,ton_iot,1,0.999395,0.991846,0.99562,1,1,1
168,ton_iot,1,1.0,0.969775,0.984887,1,1,1
175,ton_iot,1,1.0,0.995914,0.997957,1,1,1
179,ton_iot,1,1.0,0.995184,0.997592,1,1,1
182,ton_iot,1,1.0,0.919844,0.959922,1,1,1
184,ton_iot,1,0.999383,0.92377,0.961576,1,1,1
191,ton_iot,1,1.0,0.99486,0.99743,1,1,1
192,ton_iot,1,1.0,0.947402,0.973701,1,1,1
193,ton_iot,1,1.0,0.995427,0.997713,1,1,1
196,ton_iot,1,1.0,0.999879,0.99994,1,1,1
198,ton_iot,0,0.0,0.010592,0.005296,0,0,0
204,ton_iot,1,1.0,0.990409,0.995204,1,1,1
205,ton_iot,1,1.0,0.999987,0.999994,1,1,1
206,ton_iot,1,1.0,0.999989,0.999994,1,1,1
208,ton_iot,1,0.99977,0.994542,0.997156,1,1,1
210,ton_iot,1,0.99977,0.994542,0.997156,1,1,1
216,ton_iot,1,1.0,0.999989,0.999994,1,1,1
218,ton_iot,1,0.999395,0.991457,0.995426,1,1,1
220,ton_iot,1,0.999395,0.991457,0.995426,1,1,1
222,ton_iot,1,1.0,0.99486,0.99743,1,1,1
224,ton_iot,1,1.0,0.995465,0.997732,1,1,1
234,ton_iot,1,1.0,0.999991,0.999995,1,1,1
238,ton_iot,1,1.0,0.994543,0.997271,1,1,1
244,ton_iot,1,1.0,0.999991,0.999995,1,1,1
245,ton_iot,1,0.999395,0.991846,0.99562,1,1,1
246,ton_iot,1,1.0,0.999989,0.999994,1,1,1
252,ton_iot,1,1.0,0.990981,0.99549,1,1,1
257,ton_iot,1,1.0,0.99486,0.99743,1,1,1
270,ton_iot,1,1.0,0.9949,0.99745,1,1,1
272,ton_iot,1,0.99977,0.993725,0.996748,1,1,1
281,ton_iot,1,1.0,0.999989,0.999994,1,1,1
283,ton_iot,1,0.83129,0.329451,0.58037,1,0,1
295,ton_iot,1,1.0,0.919834,0.959917,1,1,1
297,ton_iot,1,0.999395,0.991457,0.995426,1,1,1
299,ton_iot,1,0.999395,0.991457,0.995426,1,1,1
301,ton_iot,1,0.99977,0.993725,0.996748,1,1,1
304,ton_iot,1,0.99977,0.994541,0.997156,1,1,1
310,ton_iot,1,0.999395,0.991457,0.995426,1,1,1
317,ton_iot,1,1.0,0.99486,0.99743,1,1,1
330,ton_iot,1,0.999395,0.991846,0.99562,1,1,1
332,ton_iot,1,0.999395,0.991846,0.99562,1,1,1
333,ton_iot,1,0.999395,0.991457,0.995426,1,1,1
335,ton_iot,1,0.999395,0.991457,0.995426,1,1,1
339,ton_iot,1,1.0,0.99486,0.99743,1,1,1
340,ton_iot,1,0.999395,0.991846,0.99562,1,1,1
342,ton_iot,1,0.999395,0.991846,0.99562,1,1,1
348,ton_iot,1,0.999395,0.991457,0.995426,1,1,1
349,ton_iot,1,1.0,0.995249,0.997625,1,1,1
353,ton_iot,1,0.99977,0.994541,0.997156,1,1,1
357,ton_iot,1,0.999395,0.991457,0.995426,1,1,1
366,ton_iot,1,1.0,0.99486,0.99743,1,1,1
375,ton_iot,1,0.99977,0.993725,0.996748,1,1,1
379,ton_iot,1,0.99977,0.993725,0.996748,1,1,1
381,ton_iot,1,1.0,0.999989,0.999994,1,1,1
387,ton_iot,1,1.0,0.989476,0.994738,1,1,1
388,ton_iot,0,0.597853,0.364916,0.481385,1,0,0
391,ton_iot,1,1.0,0.988224,0.994112,1,1,1
392,ton_iot,1,1.0,0.405414,0.702707,1,0,1
393,ton_iot,1,0.99977,0.993725,0.996748,1,1,1
398,ton_iot,1,1.0,0.995441,0.99772,1,1,1
402,ton_iot,1,0.99979,0.995179,0.997484,1,1,1
408,ton_iot,1,1.0,0.547369,0.773685,1,1,1
410,ton_iot,1,0.98,0.99777,0.988885,1,1,1
411,ton_iot,1,0.999395,0.991457,0.995426,1,1,1
415,ton_iot,1,0.999395,0.991846,0.99562,1,1,1
416,ton_iot,1,1.0,0.990142,0.995071,1,1,1
422,ton_iot,1,0.99,0.929752,0.959876,1,1,1
426,ton_iot,1,0.99977,0.993725,0.996748,1,1,1
427,ton_iot,1,1.0,0.995225,0.997613,1,1,1
438,ton_iot,1,0.99,0.999999,0.995,1,1,1
439,ton_iot,1,1.0,0.999988,0.999994,1,1,1
443,ton_iot,1,1.0,0.99486,0.99743,1,1,1
447,ton_iot,1,1.0,0.995221,0.99761,1,1,1
448,ton_iot,1,1.0,0.999988,0.999994,1,1,1
451,ton_iot,1,0.999395,0.991457,0.995426,1,1,1
454,ton_iot,1,1.0,0.947411,0.973705,1,1,1
488,ton_iot,1,0.99977,0.993725,0.996748,1,1,1
491,ton_iot,1,1.0,0.99486,0.99743,1,1,1
495,ton_iot,1,0.99977,0.993725,0.996748,1,1,1
509,ton_iot,1,0.999395,0.991457,0.995426,1,1,1
512,ton_iot,1,1.0,0.948577,0.974289,1,1,1
515,ton_iot,1,0.99977,0.993725,0.996748,1,1,1
520,ton_iot,1,0.99977,0.993725,0.996748,1,1,1
529,ton_iot,1,1.0,0.994284,0.997142,1,1,1
534,ton_iot,1,1.0,0.99404,0.99702,1,1,1
537,ton_iot,1,0.99,0.995528,0.992764,1,1,1
544,ton_iot,0,0.0,0.947604,0.473802,0,1,0
563,ton_iot,1,0.999395,0.991846,0.99562,1,1,1
569,ton_iot,1,1.0,0.936307,0.968153,1,1,1
575,ton_iot,1,0.009395,0.115979,0.062687,0,0,0
583,ton_iot,1,0.99977,0.993725,0.996748,1,1,1
589,ton_iot,1,0.999395,0.991846,0.99562,1,1,1
590,ton_iot,1,1.0,0.948561,0.974281,1,1,1
597,ton_iot,1,0.999395,0.991457,0.995426,1,1,1
605,ton_iot,1,1.0,0.999988,0.999994,1,1,1
606,ton_iot,1,1.0,0.991424,0.995712,1,1,1
607,ton_iot,1,0.999395,0.991846,0.99562,1,1,1
608,ton_iot,1,1.0,0.990996,0.995498,1,1,1
610,ton_iot,1,0.99618,0.998902,0.997541,1,1,1
612,ton_iot,1,1.0,0.993151,0.996575,1,1,1
618,ton_iot,1,0.99977,0.993725,0.996748,1,1,1
623,ton_iot,1,0.999395,0.991457,0.995426,1,1,1
626,ton_iot,1,0.999395,0.991457,0.995426,1,1,1
628,ton_iot,1,0.99977,0.995178,0.997474,1,1,1
629,ton_iot,1,1.0,0.999991,0.999995,1,1,1
631,ton_iot,1,0.99977,0.995178,0.997474,1,1,1
637,ton_iot,1,1.0,0.947396,0.973698,1,1,1
657,ton_iot,1,1.0,0.999191,0.999595,1,1,1
658,ton_iot,1,0.99977,0.994542,0.997156,1,1,1
661,ton_iot,1,1.0,0.952269,0.976135,1,1,1
675,ton_iot,1,0.999994,0.999524,0.999759,1,1,1
677,ton_iot,1,1.0,0.948563,0.974281,1,1,1
681,ton_iot,0,0.009395,0.369507,0.189451,0,0,0
687,ton_iot,1,1.0,0.995258,0.997629,1,1,1
689,ton_iot,0,0.0,0.215129,0.107565,0,0,0
690,ton_iot,1,0.99977,0.995178,0.997474,1,1,1
700,ton_iot,1,1.0,0.995461,0.99773,1,1,1
706,ton_iot,1,0.99977,0.993725,0.996748,1,1,1
708,ton_iot,1,0.99977,0.995178,0.997474,1,1,1
710,ton_iot,1,1.0,0.950057,0.975028,1,1,1
711,ton_iot,1,0.99977,0.993725,0.996748,1,1,1
713,ton_iot,1,1.0,0.994703,0.997351,1,1,1
715,ton_iot,1,0.99977,0.995178,0.997474,1,1,1
720,ton_iot,1,1.0,0.999416,0.999708,1,1,1
738,ton_iot,1,0.99977,0.995178,0.997474,1,1,1
740,ton_iot,1,0.99977,0.994541,0.997156,1,1,1
744,ton_iot,1,0.99977,0.993725,0.996748,1,1,1
747,ton_iot,1,1.0,0.937746,0.968873,1,1,1
751,ton_iot,1,0.99977,0.993725,0.996748,1,1,1
752,ton_iot,1,0.99977,0.993725,0.996748,1,1,1
754,ton_iot,1,1.0,0.99486,0.99743,1,1,1
759,ton_iot,1,0.999395,0.991846,0.99562,1,1,1
761,ton_iot,1,0.999395,0.991846,0.99562,1,1,1
766,ton_iot,1,1.0,0.99486,0.99743,1,1,1
768,ton_iot,1,1.0,0.993962,0.996981,1,1,1
771,ton_iot,1,0.99977,0.993725,0.996748,1,1,1
772,ton_iot,1,1.0,0.999991,0.999995,1,1,1
780,ton_iot,0,0.39,0.074446,0.232223,0,0,0
783,ton_iot,1,1.0,0.78603,0.893015,1,1,1
793,ton_iot,1,1.0,0.995188,0.997594,1,1,1
796,ton_iot,1,0.999395,0.991846,0.99562,1,1,1
797,ton_iot,1,1.0,0.933719,0.966859,1,1,1
799,ton_iot,1,1.0,0.992621,0.996311,1,1,1
805,ton_iot,1,1.0,0.993962,0.996981,1,1,1
807,ton_iot,1,1.0,0.986511,0.993256,1,1,1
812,ton_iot,1,0.999395,0.991846,0.99562,1,1,1
822,ton_iot,1,1.0,0.994563,0.997282,1,1,1
827,ton_iot,1,1.0,0.998675,0.999337,1,1,1
830,ton_iot,1,0.999395,0.991457,0.995426,1,1,1
839,ton_iot,1,1.0,0.993956,0.996978,1,1,1
840,ton_iot,1,0.99977,0.993725,0.996748,1,1,1
842,ton_iot,1,0.99977,0.993725,0.996748,1,1,1
843,ton_iot,1,0.999395,0.991457,0.995426,1,1,1
848,ton_iot,1,1.0,0.994861,0.997431,1,1,1
858,ton_iot,1,0.99618,0.998902,0.997541,1,1,1
865,ton_iot,1,1.0,0.992391,0.996195,1,1,1
868,ton_iot,1,0.83129,0.329451,0.58037,1,0,1
878,ton_iot,1,0.999395,0.991457,0.995426,1,1,1
881,ton_iot,1,1.0,0.952266,0.976133,1,1,1
890,ton_iot,1,0.99977,0.995178,0.997474,1,1,1
894,ton_iot,1,1.0,0.994861,0.99743,1,1,1
900,ton_iot,1,0.999395,0.991457,0.995426,1,1,1
903,ton_iot,1,0.99618,0.998902,0.997541,1,1,1
904,ton_iot,1,0.999395,0.991457,0.995426,1,1,1
905,ton_iot,1,0.999395,0.991846,0.99562,1,1,1
908,ton_iot,1,0.999395,0.991457,0.995426,1,1,1
909,ton_iot,1,1.0,0.961107,0.980554,1,1,1
918,ton_iot,1,1.0,0.999492,0.999746,1,1,1
929,ton_iot,1,1.0,0.99486,0.99743,1,1,1
930,ton_iot,1,0.999395,0.991457,0.995426,1,1,1
931,ton_iot,1,0.959904,0.992526,0.976215,1,1,1
941,ton_iot,1,0.999395,0.991846,0.99562,1,1,1
943,ton_iot,1,0.99977,0.993725,0.996748,1,1,1
947,ton_iot,1,1.0,0.39061,0.695305,1,0,1
959,ton_iot,1,0.99977,0.993725,0.996748,1,1,1
962,ton_iot,1,0.99977,0.993725,0.996748,1,1,1
972,ton_iot,1,1.0,0.999989,0.999994,1,1,1
987,ton_iot,1,1.0,0.999987,0.999993,1,1,1
988,ton_iot,1,1.0,0.975527,0.987763,1,1,1
997,ton_iot,1,0.99977,0.993725,0.996748,1,1,1
1005,ton_iot,1,0.99977,0.993725,0.996748,1,1,1
1008,ton_iot,1,1.0,0.726913,0.863457,1,1,1
1010,ton_iot,1,0.99977,0.993725,0.996748,1,1,1
1012,ton_iot,1,1.0,0.805134,0.902567,1,1,1
1019,ton_iot,1,0.999395,0.991457,0.995426,1,1,1
1020,ton_iot,1,0.999395,0.991846,0.99562,1,1,1
1023,ton_iot,1,0.99977,0.993725,0.996748,1,1,1
1024,ton_iot,1,1.0,0.9996,0.9998,1,1,1
1029,ton_iot,1,0.999395,0.991846,0.99562,1,1,1
1030,ton_iot,1,1.0,1.0,1.0,1,1,1
1031,ton_iot,1,0.99977,0.994542,0.997156,1,1,1
1036,ton_iot,1,0.999395,0.991457,0.995426,1,1,1
1040,ton_iot,1,0.999395,0.991457,0.995426,1,1,1
1043,ton_iot,1,0.959904,0.992526,0.976215,1,1,1
1056,ton_iot,1,0.99977,0.993725,0.996748,1,1,1
1062,ton_iot,1,1.0,0.999265,0.999633,1,1,1
1063,ton_iot,1,1.0,0.999194,0.999597,1,1,1
1080,ton_iot,1,0.99977,0.993725,0.996748,1,1,1
1081,ton_iot,1,0.999395,0.991846,0.99562,1,1,1
1087,ton_iot,1,0.99977,0.995178,0.997474,1,1,1
1093,ton_iot,1,0.99977,0.995178,0.997474,1,1,1
1094,ton_iot,1,0.99977,0.993725,0.996748,1,1,1
1096,ton_iot,1,0.999395,0.991457,0.995426,1,1,1
1108,ton_iot,1,0.999395,0.991846,0.99562,1,1,1
1112,ton_iot,1,0.999783,0.993725,0.996754,1,1,1
1118,ton_iot,1,0.999395,0.991846,0.99562,1,1,1
1121,ton_iot,1,0.99977,0.993725,0.996748,1,1,1
1129,ton_iot,1,1.0,0.995994,0.997997,1,1,1
1133,ton_iot,1,0.999988,0.923772,0.96188,1,1,1
1140,ton_iot,1,1.0,0.930972,0.965486,1,1,1
1141,ton_iot,1,0.999395,0.991846,0.99562,1,1,1
1151,ton_iot,1,1.0,0.993962,0.996981,1,1,1
1162,ton_iot,1,0.999395,0.991457,0.995426,1,1,1
1176,ton_iot,1,0.99977,0.994541,0.997156,1,1,1
1178,ton_iot,1,1.0,0.999988,0.999994,1,1,1
1180,ton_iot,0,0.0,0.016963,0.008482,0,0,0
1185,ton_iot,1,1.0,0.994544,0.997272,1,1,1
1188,ton_iot,1,1.0,0.683775,0.841888,1,1,1
1193,ton_iot,1,1.0,0.99486,0.99743,1,1,1
1203,ton_iot,1,1.0,0.999501,0.99975,1,1,1
1204,ton_iot,1,0.999395,0.991846,0.99562,1,1,1
1206,ton_iot,1,1.0,0.99486,0.99743,1,1,1
1210,ton_iot,1,1.0,0.998675,0.999337,1,1,1
1214,ton_iot,1,1.0,0.999989,0.999994,1,1,1
1215,ton_iot,1,0.999395,0.991846,0.99562,1,1,1
1218,ton_iot,1,1.0,0.993793,0.996896,1,1,1
1219,ton_iot,1,0.99618,0.998902,0.997541,1,1,1
1235,ton_iot,1,1.0,0.98315,0.991575,1,1,1
1242,ton_iot,1,1.0,0.991624,0.995812,1,1,1
1248,ton_iot,1,0.99977,0.993725,0.996748,1,1,1
1250,ton_iot,1,1.0,0.998469,0.999234,1,1,1
1251,ton_iot,1,0.999395,0.991846,0.99562,1,1,1
1254,ton_iot,1,1.0,0.991957,0.995978,1,1,1
1258,ton_iot,1,0.99977,0.993725,0.996748,1,1,1
1264,ton_iot,1,0.99,0.999871,0.994936,1,1,1
1265,ton_iot,0,0.009395,0.990687,0.500041,0,1,1
1270,ton_iot,1,1.0,0.999989,0.999994,1,1,1
1277,ton_iot,1,0.999395,0.991457,0.995426,1,1,1
1279,ton_iot,1,0.99977,0.994541,0.997156,1,1,1
1283,ton_iot,1,1.0,0.999989,0.999994,1,1,1
1300,ton_iot,1,0.99618,0.998902,0.997541,1,1,1
1301,ton_iot,1,1.0,0.992908,0.996454,1,1,1
1303,ton_iot,1,1.0,0.994544,0.997272,1,1,1
1308,ton_iot,1,0.999395,0.991846,0.99562,1,1,1
1314,ton_iot,1,0.999395,0.991846,0.99562,1,1,1
1323,ton_iot,1,1.0,0.994861,0.99743,1,1,1
1330,ton_iot,1,0.999395,0.991457,0.995426,1,1,1
1331,ton_iot,1,0.99977,0.993725,0.996748,1,1,1
1333,ton_iot,1,0.999395,0.991457,0.995426,1,1,1
1340,ton_iot,1,1.0,0.547369,0.773685,1,1,1
1342,ton_iot,1,0.99977,0.993725,0.996748,1,1,1
1343,ton_iot,1,1.0,0.948569,0.974285,1,1,1
1345,ton_iot,1,0.959904,0.992526,0.976215,1,1,1
1347,ton_iot,1,0.99977,0.993725,0.996748,1,1,1
1351,ton_iot,1,1.0,0.993727,0.996864,1,1,1
1353,ton_iot,1,0.99977,0.995178,0.997474,1,1,1
1355,ton_iot,1,0.99,1.0,0.995,1,1,1
1358,ton_iot,1,0.99977,0.993725,0.996748,1,1,1
1364,ton_iot,0,0.27,0.490486,0.380243,0,0,0
1366,ton_iot,1,0.999395,0.991457,0.995426,1,1,1
1368,ton_iot,1,1.0,0.998978,0.999489,1,1,1
1369,ton_iot,1,1.0,0.99486,0.99743,1,1,1
1370,ton_iot,1,0.999395,0.991457,0.995426,1,1,1
1374,ton_iot,1,1.0,0.99486,0.99743,1,1,1
1390,ton_iot,1,1.0,0.997615,0.998807,1,1,1
1396,ton_iot,1,1.0,0.947402,0.973701,1,1,1
1397,ton_iot,1,0.999395,0.991457,0.995426,1,1,1
1402,ton_iot,1,0.999395,0.991846,0.99562,1,1,1
1406,ton_iot,1,0.99977,0.995179,0.997474,1,1,1
1417,ton_iot,1,1.0,0.994542,0.997271,1,1,1
1419,ton_iot,1,1.0,0.999989,0.999994,1,1,1
1446,ton_iot,1,1.0,0.999898,0.999949,1,1,1
1451,ton_iot,1,1.0,0.999987,0.999994,1,1,1
1456,ton_iot,1,0.99977,0.995178,0.997474,1,1,1
1461,ton_iot,1,1.0,0.994861,0.99743,1,1,1
1464,ton_iot,1,1.0,0.948556,0.974278,1,1,1
1465,ton_iot,1,0.99977,0.995178,0.997474,1,1,1
1474,ton_iot,1,0.999395,0.991846,0.99562,1,1,1
1478,ton_iot,1,1.0,0.99486,0.99743,1,1,1
1483,ton_iot,0,0.0,0.380251,0.190125,0,0,0
1491,ton_iot,1,1.0,0.948563,0.974281,1,1,1
1492,ton_iot,1,0.99977,0.993725,0.996748,1,1,1
1497,ton_iot,1,1.0,0.99486,0.99743,1,1,1
1500,ton_iot,1,1.0,0.955261,0.97763,1,1,1
1507,ton_iot,1,1.0,0.999166,0.999583,1,1,1
1508,ton_iot,1,1.0,0.99486,0.99743,1,1,1
1509,ton_iot,1,1.0,0.995179,0.99759,1,1,1
1512,ton_iot,1,1.0,0.936227,0.968114,1,1,1
1518,ton_iot,1,0.99977,0.993725,0.996748,1,1,1
1527,ton_iot,1,1.0,0.975925,0.987963,1,1,1
1530,ton_iot,1,1.0,0.947402,0.973701,1,1,1
1531,ton_iot,1,0.98,0.890141,0.935071,1,1,1
1535,ton_iot,1,0.999395,0.991457,0.995426,1,1,1
1537,ton_iot,1,1.0,0.998801,0.9994,1,1,1
1543,ton_iot,1,0.99977,0.996362,0.998066,1,1,1
1544,ton_iot,1,0.999395,0.991846,0.99562,1,1,1
1545,ton_iot,1,1.0,0.99486,0.99743,1,1,1
1547,ton_iot,1,1.0,0.991372,0.995686,1,1,1
1563,ton_iot,1,0.99618,0.998902,0.997541,1,1,1
1566,ton_iot,1,0.99977,0.993725,0.996748,1,1,1
1573,ton_iot,1,1.0,0.995181,0.99759,1,1,1
1574,ton_iot,1,0.99977,0.993725,0.996748,1,1,1
1576,ton_iot,1,0.999395,0.991457,0.995426,1,1,1
1577,ton_iot,1,1.0,0.947405,0.973703,1,1,1
1578,ton_iot,1,1.0,0.993951,0.996976,1,1,1
1581,ton_iot,1,1.0,0.998675,0.999337,1,1,1
1583,ton_iot,1,1.0,0.994544,0.997272,1,1,1
1587,ton_iot,1,0.99977,0.993725,0.996748,1,1,1
1588,ton_iot,1,1.0,0.994558,0.997279,1,1,1
1592,ton_iot,1,1.0,0.961289,0.980644,1,1,1
1597,ton_iot,1,1.0,0.993726,0.996863,1,1,1
1606,ton_iot,1,0.999395,0.991457,0.995426,1,1,1
1607,ton_iot,1,0.99977,0.993725,0.996748,1,1,1
1614,ton_iot,1,0.99977,0.995179,0.997474,1,1,1
1616,ton_iot,1,0.999395,0.991457,0.995426,1,1,1
1630,ton_iot,1,0.999395,0.991846,0.99562,1,1,1
1637,ton_iot,1,0.99977,0.994541,0.997156,1,1,1
1641,ton_iot,1,0.999395,0.991457,0.995426,1,1,1
1649,ton_iot,1,0.99977,0.993725,0.996748,1,1,1
1655,ton_iot,1,0.999395,0.991457,0.995426,1,1,1
1661,ton_iot,1,0.99977,0.994542,0.997156,1,1,1
1663,ton_iot,1,0.999395,0.991457,0.995426,1,1,1
1665,ton_iot,1,1.0,0.955525,0.977763,1,1,1
1674,ton_iot,1,0.999395,0.991457,0.995426,1,1,1
1676,ton_iot,1,1.0,0.993767,0.996884,1,1,1
1679,ton_iot,1,0.99977,0.993725,0.996748,1,1,1
1680,ton_iot,1,0.999395,0.991846,0.99562,1,1,1
1682,ton_iot,1,1.0,0.993017,0.996508,1,1,1
1697,ton_iot,1,1.0,0.906522,0.953261,1,1,1
1700,ton_iot,1,0.98,0.820128,0.900064,1,1,1
1703,ton_iot,1,0.999395,0.991846,0.99562,1,1,1
1705,ton_iot,1,1.0,0.688695,0.844347,1,1,1
1708,ton_iot,0,0.710611,0.993652,0.852131,1,1,1
1713,ton_iot,1,1.0,0.992823,0.996411,1,1,1
1719,ton_iot,1,1.0,0.999993,0.999996,1,1,1
1721,ton_iot,1,1.0,0.993956,0.996978,1,1,1
1722,ton_iot,1,0.999395,0.991457,0.995426,1,1,1
1729,ton_iot,1,1.0,0.999597,0.999798,1,1,1
1737,ton_iot,1,0.99977,0.993725,0.996748,1,1,1
1745,ton_iot,1,0.999395,0.991457,0.995426,1,1,1
1755,ton_iot,1,1.0,0.907037,0.953519,1,1,1
1759,ton_iot,1,0.999395,0.991846,0.99562,1,1,1
1761,ton_iot,1,0.999395,0.991846,0.99562,1,1,1
1772,ton_iot,1,1.0,0.999443,0.999722,1,1,1
1773,ton_iot,1,1.0,0.954985,0.977492,1,1,1
1774,ton_iot,1,1.0,0.99486,0.99743,1,1,1
1786,ton_iot,1,1.0,0.951647,0.975823,1,1,1
1791,ton_iot,1,1.0,0.993098,0.996549,1,1,1
1793,ton_iot,1,0.99977,0.993725,0.996748,1,1,1
1797,ton_iot,1,1.0,0.947405,0.973703,1,1,1
1803,ton_iot,1,0.99977,0.995178,0.997474,1,1,1
1807,ton_iot,1,0.999395,0.991457,0.995426,1,1,1
1812,ton_iot,1,1.0,0.971647,0.985824,1,1,1
1818,ton_iot,1,1.0,0.995919,0.997959,1,1,1
1831,ton_iot,1,1.0,0.907687,0.953844,1,1,1
1832,ton_iot,1,1.0,0.999989,0.999994,1,1,1
1833,ton_iot,1,1.0,0.996369,0.998185,1,1,1
1835,ton_iot,1,1.0,0.995466,0.997733,1,1,1
1846,ton_iot,1,1.0,0.995184,0.997592,1,1,1
1848,ton_iot,1,1.0,0.994703,0.997352,1,1,1
1850,ton_iot,1,1.0,0.992138,0.996069,1,1,1
1863,ton_iot,1,1.0,0.670008,0.835004,1,1,1
1865,ton_iot,1,1.0,0.954969,0.977485,1,1,1
1867,ton_iot,1,1.0,0.9988,0.9994,1,1,1
1869,ton_iot,1,1.0,0.990319,0.995159,1,1,1
1878,ton_iot,1,0.99977,0.993725,0.996748,1,1,1
1879,ton_iot,1,1.0,0.90649,0.953245,1,1,1
1886,ton_iot,1,0.999395,0.991457,0.995426,1,1,1
1888,ton_iot,1,0.999383,0.92377,0.961576,1,1,1
1892,ton_iot,1,0.999395,0.991457,0.995426,1,1,1
1897,ton_iot,1,0.999395,0.991457,0.995426,1,1,1
1903,ton_iot,0,0.0,0.001654,0.000827,0,0,0
1909,ton_iot,1,1.0,0.961115,0.980558,1,1,1
1910,ton_iot,1,1.0,0.999989,0.999994,1,1,1
1912,ton_iot,1,1.0,0.998675,0.999337,1,1,1
1919,ton_iot,1,0.999395,0.991457,0.995426,1,1,1
1924,ton_iot,1,1.0,0.999991,0.999996,1,1,1
1954,ton_iot,1,0.999395,0.991846,0.99562,1,1,1
1956,ton_iot,1,1.0,0.999989,0.999994,1,1,1
1958,ton_iot,1,0.99977,0.995179,0.997474,1,1,1
1963,ton_iot,1,0.99977,0.993725,0.996748,1,1,1
1964,ton_iot,1,0.999395,0.991457,0.995426,1,1,1
1974,ton_iot,1,0.99977,0.993725,0.996748,1,1,1
1984,ton_iot,1,0.99977,0.993725,0.996748,1,1,1
1986,ton_iot,1,1.0,0.924036,0.962018,1,1,1
1987,ton_iot,1,1.0,0.99486,0.99743,1,1,1
2003,ton_iot,1,0.999395,0.991846,0.99562,1,1,1
2011,ton_iot,1,1.0,0.993963,0.996982,1,1,1
2023,ton_iot,1,1.0,0.994593,0.997296,1,1,1
2029,ton_iot,1,0.999395,0.991846,0.99562,1,1,1
2037,ton_iot,1,0.999395,0.991457,0.995426,1,1,1
2040,ton_iot,1,0.99977,0.993725,0.996748,1,1,1
2049,ton_iot,1,1.0,0.547369,0.773685,1,1,1
2050,ton_iot,1,0.99977,0.993725,0.996748,1,1,1
2051,ton_iot,1,1.0,0.998802,0.999401,1,1,1
2053,ton_iot,1,0.999395,0.991457,0.995426,1,1,1
2058,ton_iot,1,0.99977,0.993725,0.996748,1,1,1
2066,ton_iot,1,1.0,0.989898,0.994949,1,1,1
2069,ton_iot,1,0.999395,0.991846,0.99562,1,1,1
2070,ton_iot,1,1.0,0.995184,0.997592,1,1,1
2078,ton_iot,1,1.0,1.0,1.0,1,1,1
2087,ton_iot,1,0.999395,0.991846,0.99562,1,1,1
2101,ton_iot,1,1.0,0.994543,0.997271,1,1,1
2103,ton_iot,1,1.0,0.99486,0.99743,1,1,1
2104,ton_iot,1,1.0,0.947395,0.973698,1,1,1
2108,ton_iot,1,1.0,1.0,1.0,1,1,1
2109,ton_iot,1,1.0,0.993726,0.996863,1,1,1
2110,ton_iot,1,0.99977,0.993725,0.996748,1,1,1
2113,ton_iot,1,1.0,0.99486,0.99743,1,1,1
2115,ton_iot,1,1.0,0.904443,0.952222,1,1,1
2118,ton_iot,1,0.99977,0.993725,0.996748,1,1,1
2119,ton_iot,1,1.0,0.220623,0.610312,1,0,1
2122,ton_iot,1,1.0,0.999987,0.999993,1,1,1
2125,ton_iot,1,0.99977,0.994542,0.997156,1,1,1
2133,ton_iot,1,1.0,0.99964,0.99982,1,1,1
2137,ton_iot,1,0.99977,0.993725,0.996748,1,1,1
2138,ton_iot,1,0.999395,0.991457,0.995426,1,1,1
2140,ton_iot,1,0.99,0.998987,0.994494,1,1,1
2141,ton_iot,1,0.999395,0.991457,0.995426,1,1,1
2142,ton_iot,1,0.99618,0.998902,0.997541,1,1,1
2148,ton_iot,1,0.99977,0.993725,0.996748,1,1,1
2151,ton_iot,1,0.99977,0.993725,0.996748,1,1,1
2155,ton_iot,1,0.99977,0.993725,0.996748,1,1,1
2162,ton_iot,1,0.99977,0.993725,0.996748,1,1,1
2163,ton_iot,1,1.0,0.999989,0.999994,1,1,1
2166,ton_iot,1,1.0,0.995549,0.997775,1,1,1
2171,ton_iot,0,0.76,0.393809,0.576904,1,0,1
2180,ton_iot,1,0.99977,0.995178,0.997474,1,1,1
2200,ton_iot,0,0.0,0.792157,0.396078,0,1,0
2203,ton_iot,1,0.99977,0.993725,0.996748,1,1,1
2204,ton_iot,1,1.0,0.993963,0.996981,1,1,1
2214,ton_iot,1,0.99977,0.996362,0.998066,1,1,1
2215,ton_iot,1,1.0,0.994558,0.997279,1,1,1
2216,ton_iot,1,0.99977,0.994541,0.997156,1,1,1
2222,ton_iot,1,0.99977,0.995179,0.997475,1,1,1
2224,ton_iot,1,1.0,0.9988,0.9994,1,1,1
2225,ton_iot,1,0.99618,0.998902,0.997541,1,1,1
2226,ton_iot,1,1.0,0.990775,0.995387,1,1,1
2229,ton_iot,1,0.999395,0.991457,0.995426,1,1,1
2237,ton_iot,1,0.999395,0.991846,0.99562,1,1,1
2240,ton_iot,0,0.77,0.99769,0.883845,1,1,1
2241,ton_iot,0,0.0,0.010592,0.005296,0,0,0
2254,ton_iot,1,0.999395,0.991457,0.995426,1,1,1
2260,ton_iot,1,1.0,0.994864,0.997432,1,1,1
2264,ton_iot,0,0.0,0.393637,0.196819,0,0,0
2265,ton_iot,1,0.999395,0.991457,0.995426,1,1,1
2268,ton_iot,1,1.0,0.999989,0.999994,1,1,1
2271,ton_iot,1,0.999395,0.991846,0.99562,1,1,1
2274,ton_iot,1,1.0,0.999524,0.999762,1,1,1
2284,ton_iot,1,1.0,0.999989,0.999994,1,1,1
2285,ton_iot,1,1.0,0.998791,0.999396,1,1,1
2293,ton_iot,1,0.99977,0.993725,0.996748,1,1,1
2296,ton_iot,1,1.0,0.999991,0.999995,1,1,1
2297,ton_iot,1,0.999395,0.991457,0.995426,1,1,1
2300,ton_iot,0,0.009395,0.124722,0.067058,0,0,0
2304,ton_iot,1,0.999395,0.991457,0.995426,1,1,1
2309,ton_iot,1,0.999395,0.991457,0.995426,1,1,1
2315,ton_iot,1,1.0,0.999989,0.999994,1,1,1
2323,ton_iot,1,1.0,0.998279,0.999139,1,1,1
2324,ton_iot,1,0.99977,0.993725,0.996748,1,1,1
2327,ton_iot,1,1.0,0.953206,0.976603,1,1,1
2335,ton_iot,1,1.0,0.995993,0.997997,1,1,1
2337,ton_iot,1,0.999395,0.991846,0.99562,1,1,1
2340,ton_iot,1,1.0,0.999991,0.999995,1,1,1
2343,ton_iot,1,1.0,0.906729,0.953364,1,1,1
2347,ton_iot,1,1.0,0.999989,0.999994,1,1,1
2354,ton_iot,1,0.999383,0.92377,0.961576,1,1,1
2365,ton_iot,1,1.0,0.999694,0.999847,1,1,1
2366,ton_iot,1,1.0,0.999989,0.999994,1,1,1
2370,ton_iot,1,0.999395,0.991457,0.995426,1,1,1
2390,ton_iot,1,1.0,0.99486,0.99743,1,1,1
2392,ton_iot,1,0.999395,0.991457,0.995426,1,1,1
2395,ton_iot,1,1.0,0.999987,0.999994,1,1,1
2402,ton_iot,1,1.0,0.998675,0.999337,1,1,1
2416,ton_iot,1,1.0,0.999989,0.999994,1,1,1
2421,ton_iot,1,1.0,0.99486,0.99743,1,1,1
2423,ton_iot,1,1.0,0.698846,0.849423,1,1,1
2425,ton_iot,1,1.0,0.99486,0.99743,1,1,1
2429,ton_iot,1,0.999395,0.991846,0.99562,1,1,1
2435,ton_iot,1,0.999395,0.991457,0.995426,1,1,1
2444,ton_iot,1,1.0,0.991305,0.995652,1,1,1
2448,ton_iot,1,1.0,0.989562,0.994781,1,1,1
2449,ton_iot,1,0.99977,0.994541,0.997156,1,1,1
2452,ton_iot,1,1.0,0.999988,0.999994,1,1,1
2460,ton_iot,1,0.99977,0.993725,0.996748,1,1,1
2462,ton_iot,1,0.99977,0.993725,0.996748,1,1,1
2469,ton_iot,1,0.999395,0.991457,0.995426,1,1,1
2487,ton_iot,1,0.999395,0.991457,0.995426,1,1,1
2488,ton_iot,1,1.0,0.995183,0.997592,1,1,1
2494,ton_iot,1,1.0,0.996697,0.998348,1,1,1
2500,ton_iot,1,1.0,0.936355,0.968177,1,1,1
2502,ton_iot,1,0.93,0.988149,0.959075,1,1,1
2504,ton_iot,1,1.0,0.999989,0.999994,1,1,1
2510,ton_iot,1,1.0,0.994562,0.997281,1,1,1
2516,ton_iot,0,0.009395,0.329451,0.169423,0,0,0
2523,ton_iot,1,0.99977,0.994541,0.997156,1,1,1
2528,ton_iot,1,1.0,0.98976,0.99488,1,1,1
2533,ton_iot,1,1.0,0.999886,0.999943,1,1,1
2534,ton_iot,0,0.001143,0.029451,0.015297,0,0,0
2537,ton_iot,1,0.999395,0.991457,0.995426,1,1,1
2548,ton_iot,1,0.338387,0.177638,0.258013,0,0,0
2551,ton_iot,1,1.0,0.94742,0.97371,1,1,1
2552,ton_iot,1,0.99977,0.993725,0.996748,1,1,1
2557,ton_iot,1,1.0,0.995347,0.997674,1,1,1
2562,ton_iot,1,0.99977,0.993725,0.996748,1,1,1
2576,ton_iot,1,1.0,0.99486,0.99743,1,1,1
2577,ton_iot,1,1.0,0.947404,0.973702,1,1,1
2579,ton_iot,1,1.0,0.996607,0.998304,1,1,1
2584,ton_iot,1,1.0,0.947395,0.973698,1,1,1
2594,ton_iot,1,0.999395,0.991457,0.995426,1,1,1
2595,ton_iot,1,0.99977,0.995178,0.997474,1,1,1
2603,ton_iot,1,0.999395,0.991457,0.995426,1,1,1
2605,ton_iot,1,1.0,0.989685,0.994842,1,1,1
2606,ton_iot,1,0.99977,0.993725,0.996748,1,1,1
2622,ton_iot,1,1.0,0.993971,0.996985,1,1,1
2629,ton_iot,1,1.0,0.99486,0.99743,1,1,1
2642,ton_iot,1,1.0,0.996385,0.998193,1,1,1
2646,ton_iot,1,1.0,0.908391,0.954195,1,1,1
2649,ton_iot,1,1.0,0.993011,0.996506,1,1,1
2658,ton_iot,1,0.63,0.906447,0.768224,1,1,1
2662,ton_iot,1,1.0,0.994596,0.997298,1,1,1
2665,ton_iot,1,0.99977,0.994542,0.997156,1,1,1
2667,ton_iot,1,0.83129,0.329451,0.58037,1,0,1
2670,ton_iot,1,1.0,0.999989,0.999994,1,1,1
2676,ton_iot,1,1.0,0.99486,0.99743,1,1,1
2690,ton_iot,0,0.0,0.002047,0.001023,0,0,0
2702,ton_iot,1,0.99977,0.994541,0.997156,1,1,1
2704,ton_iot,1,1.0,0.995197,0.997599,1,1,1
2710,ton_iot,1,1.0,0.999988,0.999994,1,1,1
2714,ton_iot,1,0.99977,0.993725,0.996748,1,1,1
2715,ton_iot,1,1.0,0.998675,0.999337,1,1,1
2735,ton_iot,1,1.0,0.999989,0.999994,1,1,1
2736,ton_iot,1,1.0,0.999988,0.999994,1,1,1
2744,ton_iot,1,1.0,0.999185,0.999592,1,1,1
2754,ton_iot,1,0.99977,0.993725,0.996748,1,1,1
2756,ton_iot,1,1.0,0.220634,0.610317,1,0,1
2758,ton_iot,1,1.0,0.999986,0.999993,1,1,1
2762,ton_iot,1,1.0,0.805133,0.902567,1,1,1
2774,ton_iot,1,0.999395,0.991457,0.995426,1,1,1
2782,ton_iot,1,0.99,1.0,0.995,1,1,1
2789,ton_iot,1,1.0,0.996363,0.998182,1,1,1
2795,ton_iot,1,1.0,0.999696,0.999848,1,1,1
2803,ton_iot,1,1.0,1.0,1.0,1,1,1
2824,ton_iot,1,0.999395,0.991457,0.995426,1,1,1
2832,ton_iot,1,0.99977,0.993725,0.996748,1,1,1
2842,ton_iot,1,1.0,0.961092,0.980546,1,1,1
2844,ton_iot,1,1.0,0.952333,0.976167,1,1,1
2848,ton_iot,1,1.0,0.99486,0.99743,1,1,1
2856,ton_iot,1,1.0,0.99271,0.996355,1,1,1
2861,ton_iot,0,0.597853,0.364916,0.481385,1,0,0
2873,ton_iot,1,0.999395,0.991457,0.995426,1,1,1
2879,ton_iot,1,0.999395,0.991457,0.995426,1,1,1
2885,ton_iot,1,0.99977,0.995178,0.997474,1,1,1
2886,ton_iot,0,0.0,0.170865,0.085433,0,0,0
2888,ton_iot,1,0.999395,0.991846,0.99562,1,1,1
2893,ton_iot,1,0.999395,0.991846,0.99562,1,1,1
2896,ton_iot,1,0.99977,0.993725,0.996748,1,1,1
2909,ton_iot,1,0.99977,0.994542,0.997156,1,1,1
2912,ton_iot,1,0.99977,0.993725,0.996748,1,1,1
2935,ton_iot,1,0.99977,0.994542,0.997156,1,1,1
2940,ton_iot,1,0.99977,0.993725,0.996748,1,1,1
2941,ton_iot,1,0.99977,0.993725,0.996748,1,1,1
2959,ton_iot,1,1.0,0.998675,0.999337,1,1,1
2960,ton_iot,1,0.99977,0.993725,0.996748,1,1,1
2963,ton_iot,1,0.93,0.999995,0.964997,1,1,1
2967,ton_iot,1,0.99977,0.993725,0.996748,1,1,1
2970,ton_iot,1,0.999395,0.991457,0.995426,1,1,1
2977,ton_iot,1,1.0,0.998872,0.999436,1,1,1
2999,ton_iot,1,1.0,0.852741,0.926371,1,1,1
3006,ton_iot,1,1.0,0.99486,0.99743,1,1,1
3009,ton_iot,1,0.999395,0.991457,0.995426,1,1,1
3013,ton_iot,1,0.999395,0.991457,0.995426,1,1,1
3014,ton_iot,1,1.0,0.996012,0.998006,1,1,1
3016,ton_iot,1,0.959904,0.992526,0.976215,1,1,1
3017,ton_iot,1,1.0,0.999989,0.999994,1,1,1
3022,ton_iot,1,0.999395,0.991457,0.995426,1,1,1
3023,ton_iot,1,0.99977,0.993725,0.996748,1,1,1
3027,ton_iot,1,1.0,0.987214,0.993607,1,1,1
3028,ton_iot,1,1.0,0.989722,0.994861,1,1,1
3033,ton_iot,1,1.0,1.0,1.0,1,1,1
3035,ton_iot,1,1.0,0.932596,0.966298,1,1,1
3036,ton_iot,1,0.999395,0.991457,0.995426,1,1,1
3046,ton_iot,1,0.99618,0.998902,0.997541,1,1,1
3050,ton_iot,1,1.0,0.99486,0.99743,1,1,1
3053,ton_iot,0,0.0,0.010592,0.005296,0,0,0
3055,ton_iot,1,0.99977,0.993725,0.996748,1,1,1
3064,ton_iot,1,0.99,0.920031,0.955015,1,1,1
3066,ton_iot,1,0.999395,0.991457,0.995426,1,1,1
3076,ton_iot,1,1.0,0.99518,0.99759,1,1,1
3077,ton_iot,1,0.99977,0.993725,0.996748,1,1,1
3081,ton_iot,1,0.96,0.999995,0.979997,1,1,1
3084,ton_iot,1,0.999395,0.991457,0.995426,1,1,1
3091,ton_iot,0,0.12,0.00746,0.06373,0,0,0
3100,ton_iot,1,1.0,0.998801,0.9994,1,1,1
3102,ton_iot,1,0.99977,0.993725,0.996748,1,1,1
3120,ton_iot,1,0.99977,0.993725,0.996748,1,1,1
3127,ton_iot,1,0.99977,0.994542,0.997156,1,1,1
3134,ton_iot,1,1.0,0.99821,0.999105,1,1,1
3135,ton_iot,1,1.0,0.993953,0.996976,1,1,1
3144,ton_iot,1,0.99977,0.994541,0.997156,1,1,1
3150,ton_iot,1,1.0,0.999989,0.999994,1,1,1
3155,ton_iot,1,1.0,0.821926,0.910963,1,1,1
3158,ton_iot,1,1.0,0.99491,0.997455,1,1,1
3168,ton_iot,1,1.0,0.999164,0.999582,1,1,1
3169,ton_iot,1,0.99977,0.994541,0.997156,1,1,1
3174,ton_iot,1,0.999395,0.991457,0.995426,1,1,1
3177,ton_iot,1,0.99977,0.995178,0.997474,1,1,1
3182,ton_iot,1,1.0,0.999991,0.999996,1,1,1
3183,ton_iot,1,0.99977,0.993725,0.996748,1,1,1
3186,ton_iot,1,0.99977,0.996362,0.998066,1,1,1
3187,ton_iot,1,1.0,0.998675,0.999337,1,1,1
3194,ton_iot,1,1.0,0.999989,0.999994,1,1,1
3196,ton_iot,1,1.0,0.999988,0.999994,1,1,1
3200,ton_iot,1,1.0,0.994863,0.997431,1,1,1
3206,ton_iot,1,0.999395,0.991457,0.995426,1,1,1
3208,ton_iot,1,0.99977,0.993725,0.996748,1,1,1
3224,ton_iot,1,0.999395,0.991457,0.995426,1,1,1
3230,ton_iot,1,0.999395,0.991457,0.995426,1,1,1
3235,ton_iot,1,0.99977,0.993725,0.996748,1,1,1
3237,ton_iot,1,1.0,0.923357,0.961678,1,1,1
3239,ton_iot,1,0.999395,0.991457,0.995426,1,1,1
3240,ton_iot,1,0.83129,0.329451,0.58037,1,0,1
3241,ton_iot,1,0.999395,0.991846,0.99562,1,1,1
3243,ton_iot,1,1.0,0.909008,0.954504,1,1,1
3246,ton_iot,1,0.99977,0.995178,0.997474,1,1,1
3255,ton_iot,1,0.99977,0.993725,0.996748,1,1,1
3261,ton_iot,1,1.0,0.994551,0.997276,1,1,1
3266,ton_iot,1,1.0,0.961052,0.980526,1,1,1
3276,ton_iot,1,0.99977,0.993725,0.996748,1,1,1
3280,ton_iot,1,1.0,0.99486,0.99743,1,1,1
3282,ton_iot,1,1.0,0.951155,0.975578,1,1,1
3294,ton_iot,1,1.0,0.999989,0.999994,1,1,1
3295,ton_iot,1,0.99977,0.996362,0.998066,1,1,1
3298,ton_iot,1,1.0,0.99486,0.99743,1,1,1
3315,ton_iot,1,0.999395,0.991457,0.995426,1,1,1
3317,ton_iot,1,0.999395,0.991846,0.99562,1,1,1
3324,ton_iot,1,0.99977,0.993725,0.996748,1,1,1
3326,ton_iot,1,0.99977,0.993725,0.996748,1,1,1
3338,ton_iot,1,1.0,0.99486,0.99743,1,1,1
3345,ton_iot,1,0.99977,0.993725,0.996748,1,1,1
3356,ton_iot,1,0.999395,0.991846,0.99562,1,1,1
3360,ton_iot,1,0.999395,0.991457,0.995426,1,1,1
3371,ton_iot,1,1.0,0.936317,0.968159,1,1,1
3374,ton_iot,1,1.0,0.958706,0.979353,1,1,1
3377,ton_iot,1,1.0,0.999172,0.999586,1,1,1
3379,ton_iot,1,0.99977,0.994541,0.997156,1,1,1
3382,ton_iot,1,0.999395,0.991846,0.99562,1,1,1
3389,ton_iot,1,1.0,0.999665,0.999833,1,1,1
3390,ton_iot,1,1.0,0.999989,0.999994,1,1,1
3393,ton_iot,1,1.0,0.999989,0.999994,1,1,1
3396,ton_iot,1,1.0,0.999989,0.999994,1,1,1
3401,ton_iot,1,1.0,0.996374,0.998187,1,1,1
3407,ton_iot,1,0.99977,0.995178,0.997474,1,1,1
3412,ton_iot,1,0.999395,0.991846,0.99562,1,1,1
3429,ton_iot,1,1.0,0.999171,0.999586,1,1,1
3437,ton_iot,1,1.0,0.994005,0.997002,1,1,1
3444,ton_iot,1,0.999395,0.991846,0.99562,1,1,1
3454,ton_iot,1,1.0,0.995181,0.997591,1,1,1
3461,ton_iot,1,1.0,0.99486,0.99743,1,1,1
3463,ton_iot,1,1.0,0.994023,0.997012,1,1,1
3464,ton_iot,1,0.99977,0.995178,0.997474,1,1,1
3465,ton_iot,1,0.99977,0.994541,0.997156,1,1,1
3468,ton_iot,1,1.0,0.999989,0.999994,1,1,1
3470,ton_iot,1,0.99618,0.998902,0.997541,1,1,1
3473,ton_iot,1,1.0,0.990373,0.995187,1,1,1
3475,ton_iot,1,0.999395,0.991846,0.99562,1,1,1
3487,ton_iot,1,1.0,0.998927,0.999463,1,1,1
3503,ton_iot,1,1.0,0.999991,0.999995,1,1,1
3505,ton_iot,1,1.0,0.828416,0.914208,1,1,1
3516,ton_iot,1,0.99977,0.993725,0.996748,1,1,1
3520,ton_iot,0,0.0,0.002048,0.001024,0,0,0
3521,ton_iot,1,0.99977,0.993725,0.996748,1,1,1
3523,ton_iot,1,0.99977,0.993725,0.996748,1,1,1
3534,ton_iot,1,0.999395,0.991457,0.995426,1,1,1
3536,ton_iot,1,0.99977,0.995178,0.997474,1,1,1
3537,ton_iot,1,1.0,0.547369,0.773685,1,1,1
3543,ton_iot,1,1.0,0.998675,0.999337,1,1,1
3551,ton_iot,1,1.0,0.999989,0.999994,1,1,1
3552,ton_iot,1,1.0,0.961092,0.980546,1,1,1
3559,ton_iot,1,0.99977,0.995178,0.997474,1,1,1
3560,ton_iot,1,0.99977,0.995178,0.997474,1,1,1
3564,ton_iot,1,0.99977,0.993725,0.996748,1,1,1
3567,ton_iot,1,1.0,0.936449,0.968225,1,1,1
3569,ton_iot,1,1.0,0.990744,0.995372,1,1,1
3575,ton_iot,1,1.0,0.999989,0.999994,1,1,1
3576,ton_iot,1,1.0,0.971703,0.985852,1,1,1
3596,ton_iot,1,0.99977,0.994541,0.997156,1,1,1
3598,ton_iot,1,0.96,0.989285,0.974642,1,1,1
3602,ton_iot,1,0.99977,0.993725,0.996748,1,1,1
3603,ton_iot,1,0.99977,0.993725,0.996748,1,1,1
3604,ton_iot,1,1.0,0.999949,0.999974,1,1,1
3610,ton_iot,1,0.999395,0.991457,0.995426,1,1,1
3617,ton_iot,1,1.0,0.961195,0.980598,1,1,1
3638,ton_iot,1,1.0,0.999989,0.999994,1,1,1
3647,ton_iot,1,1.0,0.948563,0.974281,1,1,1
3656,ton_iot,1,1.0,0.999991,0.999995,1,1,1
3657,ton_iot,1,0.999395,0.991457,0.995426,1,1,1
3659,ton_iot,1,0.99977,0.995178,0.997474,1,1,1
3667,ton_iot,1,1.0,0.993479,0.99674,1,1,1
3675,ton_iot,1,0.99977,0.994541,0.997156,1,1,1
3676,ton_iot,1,0.999395,0.991457,0.995426,1,1,1
3678,ton_iot,1,1.0,0.961618,0.980809,1,1,1
3679,ton_iot,1,1.0,0.999987,0.999994,1,1,1
3682,ton_iot,1,0.999395,0.991846,0.99562,1,1,1
3687,ton_iot,1,1.0,0.99543,0.997715,1,1,1
3690,ton_iot,1,0.99977,0.994541,0.997156,1,1,1
3694,ton_iot,1,1.0,1.0,1.0,1,1,1
3696,ton_iot,1,0.999395,0.991846,0.99562,1,1,1
3701,ton_iot,1,0.99977,0.995178,0.997474,1,1,1
3709,ton_iot,0,0.597853,0.364916,0.481385,1,0,0
3716,ton_iot,1,0.999395,0.991457,0.995426,1,1,1
3721,ton_iot,0,0.83129,0.329451,0.58037,1,0,1
3722,ton_iot,1,0.99,0.87959,0.934795,1,1,1
3724,ton_iot,1,1.0,0.995218,0.997609,1,1,1
3732,ton_iot,1,0.999395,0.991457,0.995426,1,1,1
3735,ton_iot,0,0.36,0.555461,0.45773,0,1,0
3736,ton_iot,1,0.99977,0.993725,0.996748,1,1,1
3740,ton_iot,1,0.99977,0.993725,0.996748,1,1,1
3742,ton_iot,1,0.999395,0.991846,0.99562,1,1,1
3748,ton_iot,1,0.999395,0.991457,0.995426,1,1,1
3753,ton_iot,1,0.999395,0.991846,0.99562,1,1,1
3758,ton_iot,1,1.0,0.935827,0.967914,1,1,1
3760,ton_iot,1,1.0,0.907673,0.953836,1,1,1
3763,ton_iot,1,1.0,0.99486,0.99743,1,1,1
3767,ton_iot,1,1.0,0.999989,0.999994,1,1,1
3772,ton_iot,1,1.0,0.99486,0.99743,1,1,1
3775,ton_iot,1,0.999395,0.991846,0.99562,1,1,1
3789,ton_iot,1,1.0,0.95227,0.976135,1,1,1
3791,ton_iot,1,0.99977,0.993725,0.996748,1,1,1
3797,ton_iot,1,1.0,0.961134,0.980567,1,1,1
3800,ton_iot,1,0.999395,0.991457,0.995426,1,1,1
3808,ton_iot,1,0.83129,0.329451,0.58037,1,0,1
3810,ton_iot,1,0.99977,0.993725,0.996748,1,1,1
3811,ton_iot,1,1.0,0.999213,0.999606,1,1,1
3814,ton_iot,1,0.99977,0.993725,0.996748,1,1,1
3821,ton_iot,1,1.0,0.999988,0.999994,1,1,1
3833,ton_iot,1,0.99977,0.993725,0.996748,1,1,1
3837,ton_iot,1,0.999395,0.991846,0.99562,1,1,1
3840,ton_iot,1,1.0,0.999991,0.999995,1,1,1
3845,ton_iot,1,0.999395,0.991457,0.995426,1,1,1
3846,ton_iot,1,1.0,0.952268,0.976134,1,1,1
3847,ton_iot,0,0.002133,0.19848,0.100306,0,0,0
3852,ton_iot,1,0.99618,0.998902,0.997541,1,1,1
3858,ton_iot,1,0.999395,0.991846,0.99562,1,1,1
3860,ton_iot,1,0.99977,0.993725,0.996748,1,1,1
3862,ton_iot,1,0.99977,0.993725,0.996748,1,1,1
3866,ton_iot,1,0.94,0.999075,0.969538,1,1,1
3869,ton_iot,1,0.99977,0.993725,0.996748,1,1,1
3875,ton_iot,1,1.0,0.994545,0.997272,1,1,1
3878,ton_iot,1,0.99977,0.995178,0.997474,1,1,1
3879,ton_iot,1,1.0,0.92382,0.96191,1,1,1
3884,ton_iot,1,1.0,1.0,1.0,1,1,1
3895,ton_iot,1,1.0,0.994393,0.997196,1,1,1
3905,ton_iot,1,0.99618,0.998902,0.997541,1,1,1
3914,ton_iot,1,0.999395,0.991846,0.99562,1,1,1
3920,ton_iot,1,1.0,0.952275,0.976137,1,1,1
3931,ton_iot,1,0.99977,0.993725,0.996748,1,1,1
3933,ton_iot,1,0.99618,0.998902,0.997541,1,1,1
3935,ton_iot,1,1.0,0.999989,0.999994,1,1,1
3947,ton_iot,1,1.0,0.992833,0.996417,1,1,1
3951,ton_iot,1,0.99977,0.995178,0.997474,1,1,1
3952,ton_iot,1,0.99977,0.993725,0.996748,1,1,1
3953,ton_iot,0,0.009395,0.087193,0.048294,0,0,0
3960,ton_iot,1,0.999395,0.991457,0.995426,1,1,1
3964,ton_iot,1,0.999395,0.991457,0.995426,1,1,1
3970,ton_iot,1,0.99977,0.993725,0.996748,1,1,1
3972,ton_iot,1,0.999395,0.991846,0.99562,1,1,1
3973,ton_iot,1,0.999395,0.991846,0.99562,1,1,1
3974,ton_iot,1,1.0,0.936228,0.968114,1,1,1
3986,ton_iot,1,0.99977,0.993725,0.996748,1,1,1
3988,ton_iot,1,1.0,0.995179,0.997589,1,1,1
3993,ton_iot,1,0.999395,0.991457,0.995426,1,1,1
3995,ton_iot,1,1.0,0.999336,0.999668,1,1,1
3997,ton_iot,1,0.99977,0.994541,0.997156,1,1,1
4000,ton_iot,1,1.0,0.99486,0.99743,1,1,1
4003,ton_iot,1,0.99977,0.993725,0.996748,1,1,1
4012,ton_iot,1,1.0,0.999989,0.999994,1,1,1
4016,ton_iot,1,1.0,0.990547,0.995274,1,1,1
4017,ton_iot,1,1.0,0.961089,0.980545,1,1,1
4023,ton_iot,1,1.0,0.952217,0.976108,1,1,1
4027,ton_iot,1,1.0,0.999988,0.999994,1,1,1
4029,ton_iot,1,0.999395,0.991457,0.995426,1,1,1
4032,ton_iot,1,1.0,0.952373,0.976186,1,1,1
4050,ton_iot,0,0.009395,0.124423,0.066909,0,0,0
4051,ton_iot,1,1.0,0.9988,0.9994,1,1,1
4058,ton_iot,1,1.0,0.999989,0.999994,1,1,1
4063,ton_iot,0,0.0,0.001654,0.000827,0,0,0
4065,ton_iot,1,0.999395,0.991457,0.995426,1,1,1
4066,ton_iot,1,1.0,0.678505,0.839253,1,1,1
4076,ton_iot,1,0.999395,0.991846,0.99562,1,1,1
4077,ton_iot,1,0.99977,0.993725,0.996748,1,1,1
4085,ton_iot,1,0.99977,0.993725,0.996748,1,1,1
4091,ton_iot,1,1.0,0.999985,0.999992,1,1,1
4092,ton_iot,1,0.99977,0.993725,0.996748,1,1,1
4094,ton_iot,1,0.959904,0.992526,0.976215,1,1,1
4096,ton_iot,1,1.0,0.923898,0.961949,1,1,1
4098,ton_iot,1,0.99977,0.993725,0.996748,1,1,1
4099,ton_iot,1,0.99977,0.993725,0.996748,1,1,1
4106,ton_iot,1,0.99,0.972505,0.981252,1,1,1
4110,ton_iot,0,0.02,0.019886,0.019943,0,0,0
4113,ton_iot,1,1.0,0.991284,0.995642,1,1,1
4128,ton_iot,1,1.0,0.547369,0.773685,1,1,1
4135,ton_iot,0,0.032516,0.094699,0.063608,0,0,0
4136,ton_iot,1,0.99977,0.995178,0.997474,1,1,1
4142,ton_iot,1,0.88,0.997838,0.938919,1,1,1
4147,ton_iot,1,1.0,0.99486,0.99743,1,1,1
4156,ton_iot,1,0.597853,0.364916,0.481385,1,0,0
4157,ton_iot,1,0.99977,0.995178,0.997474,1,1,1
4162,ton_iot,1,1.0,0.999989,0.999994,1,1,1
4164,ton_iot,1,1.0,0.99486,0.99743,1,1,1
4166,ton_iot,1,1.0,0.999989,0.999994,1,1,1
4174,ton_iot,1,0.999395,0.991846,0.99562,1,1,1
4176,ton_iot,1,1.0,0.992829,0.996415,1,1,1
4182,ton_iot,1,1.0,0.952339,0.976169,1,1,1
4192,ton_iot,1,1.0,0.999989,0.999994,1,1,1
4193,ton_iot,1,0.999395,0.991457,0.995426,1,1,1
4195,ton_iot,1,1.0,0.220629,0.610314,1,0,1
4196,ton_iot,0,0.0,0.215129,0.107565,0,0,0
4201,ton_iot,1,1.0,0.99486,0.99743,1,1,1
4204,ton_iot,1,0.99977,0.993725,0.996748,1,1,1
4205,ton_iot,1,0.338387,0.177638,0.258013,0,0,0
4209,ton_iot,1,0.99977,0.993725,0.996748,1,1,1
4210,ton_iot,1,1.0,0.999989,0.999994,1,1,1
4211,ton_iot,1,1.0,0.999989,0.999994,1,1,1
4212,ton_iot,1,1.0,0.999989,0.999994,1,1,1
4214,ton_iot,1,1.0,0.999989,0.999994,1,1,1
4217,ton_iot,1,0.999395,0.991846,0.99562,1,1,1
4218,ton_iot,1,0.99977,0.993725,0.996748,1,1,1
4221,ton_iot,1,1.0,0.99486,0.99743,1,1,1
4232,ton_iot,0,0.0,0.125724,0.062862,0,0,0
4234,ton_iot,1,0.99977,0.993725,0.996748,1,1,1
4237,ton_iot,1,1.0,0.99486,0.99743,1,1,1
4254,ton_iot,1,1.0,0.995882,0.997941,1,1,1
4265,ton_iot,1,1.0,0.99486,0.99743,1,1,1
4275,ton_iot,1,0.99977,0.994541,0.997156,1,1,1
4278,ton_iot,1,1.0,0.950035,0.975017,1,1,1
4281,ton_iot,1,0.999395,0.991846,0.99562,1,1,1
4288,ton_iot,1,1.0,0.993188,0.996594,1,1,1
4291,ton_iot,1,1.0,0.994567,0.997284,1,1,1
4297,ton_iot,1,0.99977,0.994541,0.997156,1,1,1
4305,ton_iot,1,1.0,0.99486,0.99743,1,1,1
4310,ton_iot,1,0.999395,0.991846,0.99562,1,1,1
4311,ton_iot,1,0.99977,0.995178,0.997474,1,1,1
4317,ton_iot,1,0.99977,0.993725,0.996748,1,1,1
4326,ton_iot,1,0.999395,0.991846,0.99562,1,1,1
4334,ton_iot,1,0.999395,0.991457,0.995426,1,1,1
4336,ton_iot,1,1.0,1.0,1.0,1,1,1
4341,ton_iot,1,0.99977,0.995178,0.997474,1,1,1
4344,ton_iot,1,1.0,0.999989,0.999994,1,1,1
4345,ton_iot,1,1.0,0.993186,0.996593,1,1,1
4347,ton_iot,1,0.999395,0.991457,0.995426,1,1,1
4349,ton_iot,1,0.99,1.0,0.995,1,1,1
4352,ton_iot,1,0.99977,0.996362,0.998066,1,1,1
4357,ton_iot,1,0.86,0.999673,0.929837,1,1,1
4366,ton_iot,1,0.83129,0.329451,0.58037,1,0,1
4368,ton_iot,1,1.0,0.952311,0.976156,1,1,1
4369,ton_iot,1,0.999395,0.991457,0.995426,1,1,1
4375,ton_iot,1,1.0,0.995466,0.997733,1,1,1
4380,ton_iot,1,0.99977,0.995178,0.997474,1,1,1
4387,ton_iot,1,1.0,0.999988,0.999994,1,1,1
4392,ton_iot,1,0.99977,0.995178,0.997474,1,1,1
4393,ton_iot,1,0.99977,0.993725,0.996748,1,1,1
4394,ton_iot,1,0.999383,0.92377,0.961576,1,1,1
4415,ton_iot,1,1.0,0.99486,0.99743,1,1,1
4417,ton_iot,1,0.999395,0.991457,0.995426,1,1,1
4419,ton_iot,1,1.0,0.995191,0.997596,1,1,1
4424,ton_iot,1,1.0,0.996159,0.998079,1,1,1
4427,ton_iot,1,1.0,0.99468,0.99734,1,1,1
4440,ton_iot,1,1.0,0.998807,0.999403,1,1,1
4444,ton_iot,1,0.597853,0.364916,0.481385,1,0,0
4458,ton_iot,1,0.959904,0.992526,0.976215,1,1,1
4460,ton_iot,1,1.0,0.925134,0.962567,1,1,1
4461,ton_iot,1,1.0,0.996282,0.998141,1,1,1
4465,ton_iot,0,0.0,0.003469,0.001734,0,0,0
4468,ton_iot,1,1.0,0.998675,0.999337,1,1,1
4473,ton_iot,1,1.0,0.999991,0.999996,1,1,1
4480,ton_iot,1,0.83129,0.329451,0.58037,1,0,1
4483,ton_iot,1,1.0,0.99486,0.99743,1,1,1
4485,ton_iot,1,0.99977,0.993725,0.996748,1,1,1
4493,ton_iot,1,1.0,0.999989,0.999994,1,1,1
4495,ton_iot,1,1.0,0.947401,0.9737,1,1,1
4497,ton_iot,1,0.999395,0.991457,0.995426,1,1,1
4502,ton_iot,1,0.999395,0.991457,0.995426,1,1,1
4509,ton_iot,1,0.99977,0.995178,0.997474,1,1,1
4513,ton_iot,1,0.999395,0.991457,0.995426,1,1,1
4516,ton_iot,1,0.99977,0.995178,0.997474,1,1,1
4518,ton_iot,1,1.0,0.999989,0.999994,1,1,1
4528,ton_iot,1,0.999395,0.991457,0.995426,1,1,1
4532,ton_iot,0,0.0,0.038169,0.019084,0,0,0
4535,ton_iot,1,0.999395,0.991457,0.995426,1,1,1
4536,ton_iot,1,1.0,0.995233,0.997616,1,1,1
4541,ton_iot,1,1.0,0.999298,0.999649,1,1,1
4542,ton_iot,1,1.0,0.999818,0.999909,1,1,1
4543,ton_iot,0,0.0,0.012083,0.006042,0,0,0
4553,ton_iot,1,1.0,0.999265,0.999633,1,1,1
4554,ton_iot,1,1.0,0.855568,0.927784,1,1,1
4559,ton_iot,1,1.0,0.547369,0.773685,1,1,1
4560,ton_iot,1,0.99977,0.993725,0.996748,1,1,1
4562,ton_iot,1,1.0,0.999188,0.999594,1,1,1
4563,ton_iot,1,0.99977,0.993725,0.996748,1,1,1
4574,ton_iot,1,0.83129,0.329451,0.58037,1,0,1
4578,ton_iot,1,0.99977,0.995178,0.997474,1,1,1
4582,ton_iot,1,0.999395,0.991457,0.995426,1,1,1
4586,ton_iot,1,1.0,0.947408,0.973704,1,1,1
4590,ton_iot,1,1.0,0.948556,0.974278,1,1,1
4593,ton_iot,1,0.99977,0.993725,0.996748,1,1,1
4595,ton_iot,1,0.83129,0.329451,0.58037,1,0,1
4597,ton_iot,1,0.99977,0.993725,0.996748,1,1,1
4599,ton_iot,1,1.0,0.823772,0.911886,1,1,1
4602,ton_iot,1,0.999395,0.991846,0.99562,1,1,1
4604,ton_iot,0,0.0,0.033284,0.016642,0,0,0
4607,ton_iot,1,0.99977,0.993725,0.996748,1,1,1
4610,ton_iot,1,1.0,0.996976,0.998488,1,1,1
4622,ton_iot,1,1.0,0.925121,0.96256,1,1,1
4626,ton_iot,1,1.0,0.992633,0.996317,1,1,1
4629,ton_iot,1,1.0,0.99486,0.99743,1,1,1
4632,ton_iot,1,0.99977,0.993725,0.996748,1,1,1
4633,ton_iot,1,1.0,0.680196,0.840098,1,1,1
4634,ton_iot,1,1.0,1.0,1.0,1,1,1
4636,ton_iot,1,0.99618,0.998902,0.997541,1,1,1
4641,ton_iot,1,0.99,1.0,0.995,1,1,1
4650,ton_iot,1,1.0,0.953002,0.976501,1,1,1
4652,ton_iot,1,1.0,0.993919,0.996959,1,1,1
4656,ton_iot,1,0.99977,0.993725,0.996748,1,1,1
4661,ton_iot,1,1.0,0.993959,0.996979,1,1,1
4665,ton_iot,1,0.999395,0.991457,0.995426,1,1,1
4667,ton_iot,1,1.0,0.989713,0.994857,1,1,1
4668,ton_iot,1,0.999395,0.991457,0.995426,1,1,1
4674,ton_iot,1,0.99977,0.996362,0.998066,1,1,1
4676,ton_iot,1,1.0,0.995181,0.99759,1,1,1
4677,ton_iot,1,1.0,0.96199,0.980995,1,1,1
4679,ton_iot,1,1.0,0.999712,0.999856,1,1,1
4706,ton_iot,1,1.0,0.849953,0.924976,1,1,1
4707,ton_iot,1,0.99977,0.993725,0.996748,1,1,1
4713,ton_iot,1,1.0,0.999177,0.999589,1,1,1
4715,ton_iot,1,0.959904,0.992526,0.976215,1,1,1
4722,ton_iot,1,0.999395,0.991457,0.995426,1,1,1
4724,ton_iot,1,0.99977,0.993725,0.996748,1,1,1
4725,ton_iot,1,1.0,0.99468,0.99734,1,1,1
4726,ton_iot,1,1.0,0.85641,0.928205,1,1,1
4728,ton_iot,1,1.0,0.999989,0.999994,1,1,1
4730,ton_iot,1,0.999395,0.991846,0.99562,1,1,1
4736,ton_iot,1,0.99977,0.993725,0.996748,1,1,1
4741,ton_iot,1,0.99977,0.993725,0.996748,1,1,1
4744,ton_iot,1,0.99977,0.995178,0.997474,1,1,1
4747,ton_iot,1,0.99977,0.993725,0.996748,1,1,1
4755,ton_iot,1,1.0,0.948575,0.974288,1,1,1
4765,ton_iot,1,0.99977,0.994541,0.997156,1,1,1
4769,ton_iot,1,1.0,0.997598,0.998799,1,1,1
4771,ton_iot,1,1.0,0.952415,0.976208,1,1,1
4777,ton_iot,1,1.0,0.999438,0.999719,1,1,1
4788,ton_iot,1,1.0,0.961099,0.98055,1,1,1
4789,ton_iot,1,1.0,0.994701,0.99735,1,1,1
4792,ton_iot,1,0.83129,0.329451,0.58037,1,0,1
4807,ton_iot,1,0.98,0.22062,0.60031,1,0,1
4810,ton_iot,1,1.0,0.974629,0.987314,1,1,1
4812,ton_iot,1,0.99977,0.994541,0.997156,1,1,1
4816,ton_iot,1,1.0,0.919839,0.95992,1,1,1
4819,ton_iot,1,0.99977,0.993725,0.996748,1,1,1
4836,ton_iot,1,0.999395,0.991457,0.995426,1,1,1
4838,ton_iot,0,0.0,0.040833,0.020416,0,0,0
4863,ton_iot,1,1.0,0.99486,0.99743,1,1,1
4865,ton_iot,1,0.99977,0.995178,0.997474,1,1,1
4866,ton_iot,1,1.0,0.999988,0.999994,1,1,1
4868,ton_iot,1,0.99977,0.993725,0.996748,1,1,1
4869,ton_iot,1,0.99977,0.995178,0.997474,1,1,1
4871,ton_iot,1,0.999395,0.991846,0.99562,1,1,1
4875,ton_iot,1,1.0,0.952319,0.97616,1,1,1
4877,ton_iot,1,1.0,0.994018,0.997009,1,1,1
4883,ton_iot,1,0.999395,0.991457,0.995426,1,1,1
4885,ton_iot,1,1.0,0.925126,0.962563,1,1,1
4892,ton_iot,1,1.0,0.948564,0.974282,1,1,1
4894,ton_iot,1,1.0,0.993726,0.996863,1,1,1
4902,ton_iot,1,0.99977,0.993725,0.996748,1,1,1
4905,ton_iot,1,1.0,0.547369,0.773685,1,1,1
4907,ton_iot,1,0.99977,0.995178,0.997474,1,1,1
4908,ton_iot,1,0.99977,0.994541,0.997156,1,1,1
4909,ton_iot,1,0.999395,0.991457,0.995426,1,1,1
4910,ton_iot,1,0.99977,0.993725,0.996748,1,1,1
4911,ton_iot,1,1.0,0.99486,0.99743,1,1,1
4912,ton_iot,1,1.0,0.999987,0.999994,1,1,1
4920,ton_iot,1,1.0,0.961436,0.980718,1,1,1
4936,ton_iot,1,0.999395,0.991457,0.995426,1,1,1
4939,ton_iot,1,0.999395,0.991457,0.995426,1,1,1
4943,ton_iot,1,0.999395,0.991846,0.99562,1,1,1
4948,ton_iot,1,0.99977,0.995178,0.997474,1,1,1
4949,ton_iot,1,1.0,0.99486,0.99743,1,1,1
4951,ton_iot,1,1.0,0.989722,0.994861,1,1,1
4952,ton_iot,1,1.0,0.993964,0.996982,1,1,1
4955,ton_iot,1,0.597853,0.364916,0.481385,1,0,0
4969,ton_iot,1,1.0,0.998675,0.999337,1,1,1
4972,ton_iot,1,1.0,0.948562,0.974281,1,1,1
4973,ton_iot,1,0.73,0.802275,0.766137,1,1,1
4974,ton_iot,1,1.0,0.994861,0.99743,1,1,1
4975,ton_iot,1,0.99977,0.993725,0.996748,1,1,1
4978,ton_iot,1,0.99977,0.993725,0.996748,1,1,1
4980,ton_iot,1,1.0,0.999989,0.999994,1,1,1
4984,ton_iot,1,0.999395,0.991457,0.995426,1,1,1
4991,ton_iot,1,0.999395,0.991846,0.99562,1,1,1
4997,ton_iot,1,1.0,0.948562,0.974281,1,1,1
5005,ton_iot,0,0.0,0.215116,0.107558,0,0,0
5007,ton_iot,1,1.0,0.99997,0.999985,1,1,1
5020,ton_iot,1,0.99977,0.993725,0.996748,1,1,1
5024,ton_iot,1,1.0,0.999903,0.999951,1,1,1
5025,ton_iot,1,0.999783,0.993725,0.996754,1,1,1
5026,ton_iot,1,0.99977,0.993725,0.996748,1,1,1
5027,ton_iot,1,1.0,0.99486,0.99743,1,1,1
5028,ton_iot,1,1.0,0.961111,0.980555,1,1,1
5033,ton_iot,1,1.0,0.995494,0.997747,1,1,1
5036,ton_iot,1,1.0,1.0,1.0,1,1,1
5042,ton_iot,1,0.999395,0.991846,0.99562,1,1,1
5043,ton_iot,1,1.0,0.835462,0.917731,1,1,1
5047,ton_iot,1,1.0,0.991859,0.995929,1,1,1
5059,ton_iot,1,1.0,0.404591,0.702295,1,0,1
5060,ton_iot,1,0.999395,0.991457,0.995426,1,1,1
5062,ton_iot,1,1.0,0.836054,0.918027,1,1,1
5086,ton_iot,1,0.999395,0.991457,0.995426,1,1,1
5088,ton_iot,1,0.999395,0.991457,0.995426,1,1,1
5091,ton_iot,1,0.999395,0.991457,0.995426,1,1,1
5092,ton_iot,1,0.999395,0.991457,0.995426,1,1,1
5104,ton_iot,1,1.0,1.0,1.0,1,1,1
5112,ton_iot,1,1.0,0.99518,0.99759,1,1,1
5114,ton_iot,1,0.999395,0.991457,0.995426,1,1,1
5119,ton_iot,1,1.0,0.999992,0.999996,1,1,1
5122,ton_iot,1,1.0,1.0,1.0,1,1,1
5124,ton_iot,1,0.99977,0.993725,0.996748,1,1,1
5125,ton_iot,1,0.99977,0.993725,0.996748,1,1,1
5129,ton_iot,1,0.99977,0.995178,0.997474,1,1,1
5135,ton_iot,1,0.83129,0.329451,0.58037,1,0,1
5141,ton_iot,1,1.0,0.99486,0.99743,1,1,1
5150,ton_iot,1,0.999395,0.991846,0.99562,1,1,1
5151,ton_iot,1,1.0,0.999989,0.999994,1,1,1
5152,ton_iot,1,0.99977,0.995178,0.997474,1,1,1
5159,ton_iot,1,0.99977,0.995178,0.997474,1,1,1
5170,ton_iot,1,1.0,0.999989,0.999994,1,1,1
5174,ton_iot,1,1.0,0.959918,0.979959,1,1,1
5183,ton_iot,1,1.0,0.999989,0.999994,1,1,1
5184,ton_iot,1,1.0,0.99486,0.99743,1,1,1
5187,ton_iot,1,1.0,0.999987,0.999994,1,1,1
5188,ton_iot,1,0.99977,0.993725,0.996748,1,1,1
5197,ton_iot,1,0.99977,0.993725,0.996748,1,1,1
5216,ton_iot,1,0.999395,0.991457,0.995426,1,1,1
5219,ton_iot,1,1.0,0.998802,0.999401,1,1,1
5221,ton_iot,0,0.99618,0.998902,0.997541,1,1,1
5224,ton_iot,1,1.0,0.994583,0.997292,1,1,1
5238,ton_iot,1,0.99977,0.993725,0.996748,1,1,1
5240,ton_iot,1,1.0,0.948566,0.974283,1,1,1
5247,ton_iot,1,1.0,0.999989,0.999994,1,1,1
5252,ton_iot,1,0.99977,0.994541,0.997156,1,1,1
5254,ton_iot,1,1.0,0.670119,0.83506,1,1,1
5260,ton_iot,1,0.99977,0.993725,0.996748,1,1,1
5262,ton_iot,1,0.959904,0.992526,0.976215,1,1,1
5265,ton_iot,1,0.99977,0.994541,0.997156,1,1,1
5275,ton_iot,1,1.0,0.995857,0.997928,1,1,1
5277,ton_iot,1,1.0,0.974626,0.987313,1,1,1
5282,ton_iot,1,0.99977,0.993725,0.996748,1,1,1
5287,ton_iot,1,1.0,0.994575,0.997288,1,1,1
5288,ton_iot,1,0.99618,0.998902,0.997541,1,1,1
5292,ton_iot,1,1.0,0.926864,0.963432,1,1,1
5296,ton_iot,1,1.0,0.99976,0.99988,1,1,1
5304,ton_iot,1,0.999383,0.92377,0.961576,1,1,1
5310,ton_iot,1,1.0,0.998583,0.999292,1,1,1
5312,ton_iot,1,0.959904,0.992526,0.976215,1,1,1
5316,ton_iot,1,1.0,0.994282,0.997141,1,1,1
5327,ton_iot,1,0.999395,0.991457,0.995426,1,1,1
5333,ton_iot,1,0.999395,0.991846,0.99562,1,1,1
5337,ton_iot,1,1.0,0.986287,0.993144,1,1,1
5339,ton_iot,1,1.0,0.948563,0.974281,1,1,1
5343,ton_iot,1,1.0,0.992763,0.996382,1,1,1
5344,ton_iot,1,0.999395,0.991457,0.995426,1,1,1
5345,ton_iot,0,0.002133,0.19848,0.100306,0,0,0
5350,ton_iot,0,0.0,0.010592,0.005296,0,0,0
5353,ton_iot,1,1.0,0.995179,0.997589,1,1,1
5354,ton_iot,1,0.99977,0.993725,0.996748,1,1,1
5366,ton_iot,1,1.0,0.999916,0.999958,1,1,1
5369,ton_iot,1,1.0,0.999989,0.999994,1,1,1
5377,ton_iot,1,0.959904,0.992526,0.976215,1,1,1
5380,ton_iot,1,1.0,0.994682,0.997341,1,1,1
5385,ton_iot,1,1.0,0.993964,0.996982,1,1,1
5389,ton_iot,1,0.999395,0.991457,0.995426,1,1,1
5400,ton_iot,1,1.0,0.99919,0.999595,1,1,1
5401,ton_iot,1,0.99,0.948589,0.969294,1,1,1
5406,ton_iot,1,0.999395,0.991457,0.995426,1,1,1
5407,ton_iot,1,1.0,0.999989,0.999994,1,1,1
5410,ton_iot,1,0.99977,0.993725,0.996748,1,1,1
5412,ton_iot,0,0.0,0.037915,0.018957,0,0,0
5413,ton_iot,1,1.0,0.993963,0.996981,1,1,1
5414,ton_iot,1,1.0,0.99486,0.99743,1,1,1
5425,ton_iot,1,0.999395,0.991846,0.99562,1,1,1
5431,ton_iot,1,0.99977,0.993725,0.996748,1,1,1
5432,ton_iot,1,0.99977,0.994541,0.997156,1,1,1
5437,ton_iot,1,1.0,0.99486,0.99743,1,1,1
5442,ton_iot,0,0.0,0.792187,0.396093,0,1,0
5445,ton_iot,1,0.99977,0.995178,0.997474,1,1,1
5447,ton_iot,1,1.0,0.989666,0.994833,1,1,1
5448,ton_iot,1,1.0,0.994551,0.997275,1,1,1
5449,ton_iot,1,1.0,0.948583,0.974291,1,1,1
5458,ton_iot,1,1.0,0.808841,0.90442,1,1,1
5459,ton_iot,1,1.0,0.999988,0.999994,1,1,1
5475,ton_iot,1,1.0,0.993006,0.996503,1,1,1
5479,ton_iot,1,0.999395,0.991846,0.99562,1,1,1
5489,ton_iot,1,1.0,0.994384,0.997192,1,1,1
5495,ton_iot,1,0.999395,0.991846,0.99562,1,1,1
5496,ton_iot,1,0.999395,0.991846,0.99562,1,1,1
5499,ton_iot,1,0.999395,0.991457,0.995426,1,1,1
5502,ton_iot,1,1.0,0.159552,0.579776,1,0,1
5506,ton_iot,1,1.0,0.966525,0.983263,1,1,1
5515,ton_iot,1,1.0,0.989648,0.994824,1,1,1
5518,ton_iot,1,0.999395,0.991846,0.99562,1,1,1
5520,ton_iot,1,1.0,0.936174,0.968087,1,1,1
5527,ton_iot,1,0.999395,0.991846,0.99562,1,1,1
5528,ton_iot,1,0.999395,0.991846,0.99562,1,1,1
5530,ton_iot,1,1.0,0.999187,0.999593,1,1,1
5537,ton_iot,1,0.99977,0.993725,0.996748,1,1,1
5539,ton_iot,1,1.0,0.952264,0.976132,1,1,1
5542,ton_iot,1,0.999395,0.991457,0.995426,1,1,1
5545,ton_iot,1,0.99977,0.993725,0.996748,1,1,1
5553,ton_iot,1,1.0,0.999989,0.999994,1,1,1
5556,ton_iot,1,0.99977,0.993725,0.996748,1,1,1
5560,ton_iot,1,0.99977,0.993725,0.996748,1,1,1
5565,ton_iot,1,0.999395,0.991846,0.99562,1,1,1
5567,ton_iot,1,0.999395,0.991846,0.99562,1,1,1
5571,ton_iot,1,0.99618,0.998902,0.997541,1,1,1
5573,ton_iot,1,1.0,0.995551,0.997775,1,1,1
5575,ton_iot,1,1.0,0.990915,0.995457,1,1,1
5578,ton_iot,1,0.999395,0.991846,0.99562,1,1,1
5584,ton_iot,1,0.99977,0.993725,0.996748,1,1,1
5586,ton_iot,1,1.0,0.995181,0.99759,1,1,1
5590,ton_iot,1,0.99977,0.993725,0.996748,1,1,1
5604,ton_iot,1,0.99977,0.995178,0.997474,1,1,1
5605,ton_iot,0,0.002516,0.095526,0.049021,0,0,0
5608,ton_iot,1,1.0,0.947403,0.973701,1,1,1
5637,ton_iot,1,0.999395,0.991457,0.995426,1,1,1
5648,ton_iot,1,0.999395,0.991457,0.995426,1,1,1
5655,ton_iot,1,0.99,0.98607,0.988035,1,1,1
5661,ton_iot,1,0.999395,0.991457,0.995426,1,1,1
5664,ton_iot,0,0.597853,0.364916,0.481385,1,0,0
5671,ton_iot,1,0.99977,0.995178,0.997474,1,1,1
5680,ton_iot,1,1.0,0.998505,0.999253,1,1,1
5689,ton_iot,1,0.999395,0.991457,0.995426,1,1,1
5692,ton_iot,1,0.999988,0.989606,0.994797,1,1,1
5693,ton_iot,1,1.0,0.993962,0.996981,1,1,1
5708,ton_iot,1,0.99977,0.995178,0.997474,1,1,1
5711,ton_iot,1,1.0,0.99486,0.99743,1,1,1
5714,ton_iot,1,0.999395,0.991457,0.995426,1,1,1
5721,ton_iot,0,0.012516,0.09532,0.053918,0,0,0
5730,ton_iot,1,0.99977,0.993725,0.996748,1,1,1
5732,ton_iot,1,1.0,0.936344,0.968172,1,1,1
5733,ton_iot,1,0.99,0.998062,0.994031,1,1,1
5736,ton_iot,1,1.0,0.993727,0.996863,1,1,1
5740,ton_iot,1,0.99977,0.993725,0.996748,1,1,1
5743,ton_iot,1,1.0,0.952264,0.976132,1,1,1
5749,ton_iot,0,0.0,0.002605,0.001303,0,0,0
5750,ton_iot,1,1.0,0.999458,0.999729,1,1,1
5753,ton_iot,1,1.0,0.996164,0.998082,1,1,1
5758,ton_iot,1,0.99977,0.993725,0.996748,1,1,1
5760,ton_iot,1,1.0,0.99486,0.99743,1,1,1
5761,ton_iot,1,1.0,0.994542,0.997271,1,1,1
5762,ton_iot,1,1.0,0.999988,0.999994,1,1,1
5764,ton_iot,1,0.99977,0.993725,0.996748,1,1,1
5765,ton_iot,1,1.0,0.995179,0.997589,1,1,1
5766,ton_iot,1,1.0,0.952293,0.976147,1,1,1
5769,ton_iot,1,0.99977,0.994542,0.997156,1,1,1
5786,ton_iot,1,0.999395,0.991457,0.995426,1,1,1
5789,ton_iot,1,0.99977,0.993725,0.996748,1,1,1
5792,ton_iot,0,0.002516,0.095526,0.049021,0,0,0
5793,ton_iot,1,1.0,0.46617,0.733085,1,0,1
5795,ton_iot,1,1.0,0.998161,0.999081,1,1,1
5797,ton_iot,1,0.999395,0.991457,0.995426,1,1,1
5806,ton_iot,1,1.0,0.994518,0.997259,1,1,1
5808,ton_iot,1,1.0,0.99396,0.99698,1,1,1
5811,ton_iot,1,1.0,0.999987,0.999994,1,1,1
5825,ton_iot,0,0.002133,0.19848,0.100306,0,0,0
5832,ton_iot,1,0.99977,0.994542,0.997156,1,1,1
5834,ton_iot,1,0.999395,0.991457,0.995426,1,1,1
5846,ton_iot,1,1.0,0.948565,0.974282,1,1,1
5854,ton_iot,1,0.99618,0.998902,0.997541,1,1,1
5865,ton_iot,1,1.0,0.995687,0.997844,1,1,1
5866,ton_iot,0,0.999395,0.364916,0.682155,1,0,1
5879,ton_iot,1,1.0,0.947405,0.973702,1,1,1
5887,ton_iot,1,1.0,0.994688,0.997344,1,1,1
5889,ton_iot,1,0.99,0.855711,0.922855,1,1,1
5895,ton_iot,1,0.999395,0.991457,0.995426,1,1,1
5901,ton_iot,1,0.999395,0.991846,0.99562,1,1,1
5903,ton_iot,1,1.0,0.999988,0.999994,1,1,1
5908,ton_iot,0,0.13,0.844331,0.487166,0,1,0
5909,ton_iot,1,0.99977,0.994541,0.997156,1,1,1
5912,ton_iot,1,1.0,0.995179,0.997589,1,1,1
5921,ton_iot,1,0.999395,0.991846,0.99562,1,1,1
5923,ton_iot,1,0.999395,0.991846,0.99562,1,1,1
5928,ton_iot,1,1.0,0.99486,0.99743,1,1,1
5936,ton_iot,1,1.0,0.99486,0.99743,1,1,1
5937,ton_iot,1,1.0,0.998869,0.999434,1,1,1
5938,ton_iot,1,0.99977,0.993725,0.996748,1,1,1
5943,ton_iot,1,0.99977,0.993725,0.996748,1,1,1
5950,ton_iot,1,0.999395,0.991457,0.995426,1,1,1
5956,ton_iot,1,1.0,0.999194,0.999597,1,1,1
5964,ton_iot,1,1.0,0.99486,0.99743,1,1,1
5970,ton_iot,1,0.99977,0.994541,0.997156,1,1,1
5973,ton_iot,1,1.0,0.96112,0.98056,1,1,1
5974,ton_iot,1,1.0,0.991262,0.995631,1,1,1
5979,ton_iot,1,0.99977,0.993725,0.996748,1,1,1
5981,ton_iot,1,0.99977,0.993725,0.996748,1,1,1
5983,ton_iot,1,0.999395,0.991457,0.995426,1,1,1
5990,ton_iot,1,0.99977,0.993725,0.996748,1,1,1
5997,ton_iot,1,0.99977,0.995178,0.997474,1,1,1
6002,ton_iot,1,0.98,0.990291,0.985145,1,1,1
6004,ton_iot,1,1.0,0.99518,0.99759,1,1,1
6006,ton_iot,1,0.999395,0.991457,0.995426,1,1,1
6009,ton_iot,1,1.0,0.805133,0.902566,1,1,1
6011,ton_iot,1,0.99977,0.995178,0.997474,1,1,1
6012,ton_iot,1,1.0,0.996363,0.998182,1,1,1
6014,ton_iot,1,0.99977,0.993725,0.996748,1,1,1
6015,ton_iot,1,1.0,0.94857,0.974285,1,1,1
6016,ton_iot,1,1.0,0.999092,0.999546,1,1,1
6025,ton_iot,1,0.99977,0.993725,0.996748,1,1,1
6032,ton_iot,1,0.99977,0.993725,0.996748,1,1,1
6037,ton_iot,1,0.99977,0.993725,0.996748,1,1,1
6043,ton_iot,1,0.999395,0.991846,0.99562,1,1,1
6044,ton_iot,1,1.0,0.999991,0.999995,1,1,1
6048,ton_iot,1,0.999395,0.991846,0.99562,1,1,1
6053,ton_iot,1,1.0,0.998238,0.999119,1,1,1
6061,ton_iot,1,0.999395,0.991457,0.995426,1,1,1
6065,ton_iot,1,1.0,0.913484,0.956742,1,1,1
6068,ton_iot,1,1.0,0.999989,0.999994,1,1,1
6069,ton_iot,0,0.000107,0.121771,0.060939,0,0,0
6070,ton_iot,1,0.99977,0.995178,0.997474,1,1,1
6073,ton_iot,1,1.0,0.952839,0.97642,1,1,1
6074,ton_iot,1,0.999383,0.92377,0.961576,1,1,1
6076,ton_iot,1,1.0,0.996362,0.998181,1,1,1
6080,ton_iot,1,0.99977,0.993725,0.996748,1,1,1
6084,ton_iot,1,1.0,0.998802,0.999401,1,1,1
6087,ton_iot,1,1.0,0.994694,0.997347,1,1,1
6093,ton_iot,1,0.999395,0.991457,0.995426,1,1,1
6095,ton_iot,1,0.999395,0.991846,0.99562,1,1,1
6098,ton_iot,1,1.0,0.999989,0.999994,1,1,1
6106,ton_iot,1,1.0,1.0,1.0,1,1,1
6112,ton_iot,1,1.0,0.989797,0.994899,1,1,1
6124,ton_iot,1,1.0,0.995179,0.99759,1,1,1
6132,ton_iot,1,0.999395,0.991457,0.995426,1,1,1
6134,ton_iot,1,1.0,0.995454,0.997727,1,1,1
6137,ton_iot,1,0.99977,0.995178,0.997474,1,1,1
6140,ton_iot,1,1.0,0.995457,0.997728,1,1,1
6151,ton_iot,1,0.99,0.989926,0.989963,1,1,1
6157,ton_iot,1,1.0,0.995186,0.997593,1,1,1
6159,ton_iot,1,1.0,0.68013,0.840065,1,1,1
6165,ton_iot,1,0.99977,0.993725,0.996748,1,1,1
6171,ton_iot,1,1.0,0.999396,0.999698,1,1,1
6173,ton_iot,1,0.99977,0.994541,0.997156,1,1,1
6177,ton_iot,1,1.0,0.999988,0.999994,1,1,1
6178,ton_iot,1,0.999395,0.991457,0.995426,1,1,1
6179,ton_iot,1,0.99618,0.998902,0.997541,1,1,1
6180,ton_iot,1,0.99977,0.994541,0.997156,1,1,1
6192,ton_iot,1,0.99977,0.996362,0.998066,1,1,1
6193,ton_iot,1,1.0,0.999991,0.999996,1,1,1
6202,ton_iot,1,1.0,0.99486,0.99743,1,1,1
6203,ton_iot,1,1.0,0.993114,0.996557,1,1,1
6213,ton_iot,1,1.0,0.997552,0.998776,1,1,1
6222,ton_iot,1,1.0,0.99992,0.99996,1,1,1
6229,ton_iot,0,0.000268,0.093739,0.047003,0,0,0
6235,ton_iot,1,0.99,0.985286,0.987643,1,1,1
6237,ton_iot,1,1.0,0.993727,0.996864,1,1,1
6241,ton_iot,1,1.0,0.99787,0.998935,1,1,1
6246,ton_iot,1,0.999395,0.991846,0.99562,1,1,1
6264,ton_iot,1,0.99977,0.994542,0.997156,1,1,1
6267,ton_iot,1,1.0,0.999157,0.999579,1,1,1
6268,ton_iot,1,1.0,0.948556,0.974278,1,1,1
6269,ton_iot,1,1.0,0.995153,0.997577,1,1,1
6273,ton_iot,1,0.999395,0.991457,0.995426,1,1,1
6280,ton_iot,1,1.0,0.99486,0.99743,1,1,1
6293,ton_iot,1,1.0,0.999991,0.999996,1,1,1
6294,ton_iot,1,1.0,0.993729,0.996864,1,1,1
6300,ton_iot,1,0.99618,0.998902,0.997541,1,1,1
6301,ton_iot,1,0.999395,0.991457,0.995426,1,1,1
6308,ton_iot,1,0.999395,0.991457,0.995426,1,1,1
6311,ton_iot,1,0.99977,0.993725,0.996748,1,1,1
6324,ton_iot,1,1.0,0.99119,0.995595,1,1,1
6326,ton_iot,1,0.99977,0.995178,0.997474,1,1,1
6333,ton_iot,0,0.01,0.215167,0.112583,0,0,0
6336,ton_iot,1,0.597853,0.364916,0.481385,1,0,0
6342,ton_iot,1,1.0,0.999989,0.999994,1,1,1
6344,ton_iot,1,0.959904,0.992526,0.976215,1,1,1
6354,ton_iot,1,1.0,0.999991,0.999995,1,1,1
6361,ton_iot,1,1.0,0.99486,0.99743,1,1,1
6362,ton_iot,1,1.0,0.862811,0.931405,1,1,1
6365,ton_iot,1,0.83129,0.329451,0.58037,1,0,1
6367,ton_iot,1,0.999395,0.991846,0.99562,1,1,1
6373,ton_iot,1,1.0,0.999665,0.999833,1,1,1
6392,ton_iot,1,0.999395,0.991457,0.995426,1,1,1
6406,ton_iot,1,1.0,0.999987,0.999994,1,1,1
6408,ton_iot,1,0.99977,0.994541,0.997156,1,1,1
6415,ton_iot,1,0.99977,0.993725,0.996748,1,1,1
6418,ton_iot,1,0.99977,0.993725,0.996748,1,1,1
6425,ton_iot,1,1.0,0.999141,0.999571,1,1,1
6432,ton_iot,1,0.999395,0.991457,0.995426,1,1,1
6434,ton_iot,1,0.99977,0.993725,0.996748,1,1,1
6439,ton_iot,1,1.0,0.999989,0.999994,1,1,1
6442,ton_iot,1,0.999395,0.991846,0.99562,1,1,1
6451,ton_iot,1,1.0,0.9927,0.99635,1,1,1
6459,ton_iot,1,1.0,0.952216,0.976108,1,1,1
6467,ton_iot,1,1.0,0.992947,0.996474,1,1,1
6473,ton_iot,1,1.0,0.990739,0.995369,1,1,1
6474,ton_iot,1,0.99977,0.995178,0.997474,1,1,1
6476,ton_iot,1,0.597853,0.364916,0.481385,1,0,0
6489,ton_iot,1,1.0,0.955254,0.977627,1,1,1
6492,ton_iot,1,1.0,0.995585,0.997792,1,1,1
6499,ton_iot,1,1.0,0.998338,0.999169,1,1,1
6504,ton_iot,1,0.999395,0.991457,0.995426,1,1,1
6505,ton_iot,1,1.0,0.670015,0.835007,1,1,1
6513,ton_iot,1,1.0,0.937544,0.968772,1,1,1
6516,ton_iot,1,0.999395,0.991457,0.995426,1,1,1
6530,ton_iot,1,0.999395,0.991846,0.99562,1,1,1
6538,ton_iot,1,0.999395,0.991457,0.995426,1,1,1
6543,ton_iot,1,1.0,0.999991,0.999996,1,1,1
6553,ton_iot,1,1.0,0.999989,0.999994,1,1,1
6554,ton_iot,1,0.999395,0.991457,0.995426,1,1,1
6560,ton_iot,1,1.0,0.923802,0.961901,1,1,1
6567,ton_iot,1,0.999395,0.991846,0.99562,1,1,1
6570,ton_iot,1,0.99977,0.993725,0.996748,1,1,1
6573,ton_iot,1,0.96,0.888568,0.924284,1,1,1
6582,ton_iot,1,1.0,0.994601,0.997301,1,1,1
6583,ton_iot,1,0.999395,0.991457,0.995426,1,1,1
6591,ton_iot,1,1.0,0.916857,0.958429,1,1,1
6595,ton_iot,1,1.0,0.99486,0.99743,1,1,1
6596,ton_iot,0,0.0,0.215115,0.107558,0,0,0
6619,ton_iot,1,0.999395,0.991846,0.99562,1,1,1
6629,ton_iot,1,0.99977,0.993725,0.996748,1,1,1
6631,ton_iot,1,0.999395,0.991457,0.995426,1,1,1
6633,ton_iot,1,1.0,0.989746,0.994873,1,1,1
6635,ton_iot,1,0.99977,0.993725,0.996748,1,1,1
6641,ton_iot,1,0.99977,0.993725,0.996748,1,1,1
6644,ton_iot,1,1.0,0.991158,0.995579,1,1,1
6654,ton_iot,1,0.99977,0.993725,0.996748,1,1,1
6657,ton_iot,1,0.99977,0.993725,0.996748,1,1,1
6664,ton_iot,1,1.0,0.993099,0.99655,1,1,1
6666,ton_iot,1,0.99977,0.993725,0.996748,1,1,1
6669,ton_iot,1,0.99977,0.993725,0.996748,1,1,1
6672,ton_iot,0,0.015,0.010832,0.012916,0,0,0
6675,ton_iot,1,0.999395,0.991846,0.99562,1,1,1
6679,ton_iot,1,0.99977,0.993725,0.996748,1,1,1
6683,ton_iot,1,0.99977,0.993725,0.996748,1,1,1
6694,ton_iot,1,0.999395,0.991846,0.99562,1,1,1
6700,ton_iot,1,1.0,0.993726,0.996863,1,1,1
6706,ton_iot,1,1.0,0.99486,0.99743,1,1,1
6707,ton_iot,1,0.99977,0.993725,0.996748,1,1,1
6715,ton_iot,1,0.99977,0.993725,0.996748,1,1,1
6719,ton_iot,1,0.959904,0.992526,0.976215,1,1,1
6727,ton_iot,1,1.0,0.220618,0.610309,1,0,1
6731,ton_iot,1,0.999395,0.991457,0.995426,1,1,1
6732,ton_iot,1,1.0,0.999988,0.999994,1,1,1
6734,ton_iot,1,1.0,0.999276,0.999638,1,1,1
6739,ton_iot,1,1.0,0.999173,0.999586,1,1,1
6741,ton_iot,1,0.999395,0.991457,0.995426,1,1,1
6742,ton_iot,1,0.999395,0.991457,0.995426,1,1,1
6755,ton_iot,1,1.0,0.982723,0.991362,1,1,1
6757,ton_iot,1,0.99977,0.993725,0.996748,1,1,1
6765,ton_iot,1,1.0,0.99486,0.99743,1,1,1
6767,ton_iot,1,0.99977,0.993725,0.996748,1,1,1
6770,ton_iot,1,0.999395,0.991457,0.995426,1,1,1
6771,ton_iot,1,0.99977,0.993725,0.996748,1,1,1
6775,ton_iot,1,1.0,0.947447,0.973724,1,1,1
6782,ton_iot,1,0.999383,0.92377,0.961576,1,1,1
6784,ton_iot,1,1.0,0.99486,0.99743,1,1,1
6788,ton_iot,1,1.0,0.952289,0.976145,1,1,1
6805,ton_iot,1,0.999395,0.991846,0.99562,1,1,1
6810,ton_iot,1,1.0,1.0,1.0,1,1,1
6811,ton_iot,1,1.0,0.99486,0.99743,1,1,1
6819,ton_iot,1,0.99977,0.993725,0.996748,1,1,1
6821,ton_iot,1,0.999395,0.991846,0.99562,1,1,1
6822,ton_iot,1,1.0,0.999989,0.999994,1,1,1
6834,ton_iot,1,1.0,0.999988,0.999994,1,1,1
6842,ton_iot,1,1.0,0.996773,0.998386,1,1,1
6844,ton_iot,1,0.982516,1.0,0.991258,1,1,1
6863,ton_iot,0,0.52,0.924491,0.722246,1,1,1
6868,ton_iot,1,1.0,0.818092,0.909046,1,1,1
6870,ton_iot,1,0.99977,0.993725,0.996748,1,1,1
6874,ton_iot,1,0.99977,0.993725,0.996748,1,1,1
6875,ton_iot,1,0.99977,0.995178,0.997474,1,1,1
6885,ton_iot,1,0.999395,0.991457,0.995426,1,1,1
6893,ton_iot,1,0.99977,0.993725,0.996748,1,1,1
6900,ton_iot,1,1.0,0.999737,0.999868,1,1,1
6906,ton_iot,1,0.999395,0.991457,0.995426,1,1,1
6908,ton_iot,1,1.0,0.998675,0.999337,1,1,1
6911,ton_iot,1,0.99977,0.993725,0.996748,1,1,1
6918,ton_iot,1,0.999395,0.991457,0.995426,1,1,1
6922,ton_iot,1,0.999395,0.991846,0.99562,1,1,1
6927,ton_iot,1,1.0,0.999991,0.999995,1,1,1
6955,ton_iot,1,0.999395,0.991457,0.995426,1,1,1
6957,ton_iot,1,1.0,0.989706,0.994853,1,1,1
6964,ton_iot,1,0.999395,0.991457,0.995426,1,1,1
6969,ton_iot,1,1.0,0.993101,0.99655,1,1,1
6976,ton_iot,1,1.0,0.998268,0.999134,1,1,1
6981,ton_iot,1,0.99977,0.993725,0.996748,1,1,1
6983,ton_iot,1,0.999395,0.991846,0.99562,1,1,1
6987,ton_iot,1,0.99977,0.993725,0.996748,1,1,1
6992,ton_iot,1,0.999395,0.991457,0.995426,1,1,1
7000,ton_iot,1,1.0,0.999991,0.999995,1,1,1
7004,ton_iot,0,0.0,0.215121,0.10756,0,0,0
7008,ton_iot,1,1.0,0.954827,0.977414,1,1,1
7016,ton_iot,1,0.999395,0.991457,0.995426,1,1,1
7019,ton_iot,1,1.0,0.999187,0.999593,1,1,1
7024,ton_iot,1,0.959904,0.992526,0.976215,1,1,1
7026,ton_iot,1,0.99977,0.993725,0.996748,1,1,1
7029,ton_iot,1,1.0,0.16211,0.581055,1,0,1
7031,ton_iot,1,0.99977,0.995178,0.997474,1,1,1
7040,ton_iot,1,1.0,0.952264,0.976132,1,1,1
7051,ton_iot,1,0.999395,0.991457,0.995426,1,1,1
7055,ton_iot,1,0.99977,0.996362,0.998066,1,1,1
7056,ton_iot,1,1.0,0.999989,0.999994,1,1,1
7061,ton_iot,1,0.999395,0.991846,0.99562,1,1,1
7064,ton_iot,1,0.99977,0.993725,0.996748,1,1,1
7066,ton_iot,1,1.0,0.99486,0.99743,1,1,1
7070,ton_iot,1,0.99977,0.993725,0.996748,1,1,1
7079,ton_iot,0,0.0,0.010592,0.005296,0,0,0
7083,ton_iot,1,0.999395,0.991457,0.995426,1,1,1
7084,ton_iot,1,0.99977,0.994541,0.997156,1,1,1
7102,ton_iot,1,0.999395,0.991457,0.995426,1,1,1
7104,ton_iot,1,0.999395,0.991457,0.995426,1,1,1
7109,ton_iot,1,0.99977,0.993725,0.996748,1,1,1
7116,ton_iot,1,0.99977,0.993725,0.996748,1,1,1
7126,ton_iot,1,0.99977,0.995178,0.997474,1,1,1
7144,ton_iot,1,0.999395,0.999999,0.999697,1,1,1
7145,ton_iot,1,0.999988,0.923772,0.96188,1,1,1
7153,ton_iot,1,0.999395,0.991457,0.995426,1,1,1
7157,ton_iot,1,1.0,0.835381,0.917691,1,1,1
7172,ton_iot,1,1.0,0.99486,0.99743,1,1,1
7173,ton_iot,1,0.99977,0.995178,0.997474,1,1,1
7178,ton_iot,1,1.0,0.99486,0.99743,1,1,1
7182,ton_iot,1,0.99977,0.994541,0.997156,1,1,1
7187,ton_iot,1,1.0,0.995189,0.997595,1,1,1
7188,ton_iot,1,1.0,0.925597,0.962798,1,1,1
7190,ton_iot,1,0.99977,0.993725,0.996748,1,1,1
7199,ton_iot,1,0.99977,0.993725,0.996748,1,1,1
7201,ton_iot,1,0.999395,0.991846,0.99562,1,1,1
7202,ton_iot,1,1.0,0.999989,0.999994,1,1,1
7206,ton_iot,1,0.999395,0.991846,0.99562,1,1,1
7210,ton_iot,1,0.999395,0.991846,0.99562,1,1,1
7214,ton_iot,1,1.0,0.907914,0.953957,1,1,1
7217,ton_iot,1,1.0,0.9983,0.99915,1,1,1
7222,ton_iot,1,0.999395,0.991846,0.99562,1,1,1
7226,ton_iot,1,0.999395,0.991846,0.99562,1,1,1
7232,ton_iot,1,1.0,0.994564,0.997282,1,1,1
7233,ton_iot,0,0.06,0.905934,0.482967,0,1,0
7234,ton_iot,1,0.99977,0.993725,0.996748,1,1,1
7236,ton_iot,1,1.0,0.947403,0.973701,1,1,1
7239,ton_iot,1,0.99977,0.993725,0.996748,1,1,1
7241,ton_iot,1,1.0,0.999208,0.999604,1,1,1
7246,ton_iot,1,0.999395,0.991846,0.99562,1,1,1
7249,ton_iot,1,0.99977,0.993725,0.996748,1,1,1
7253,ton_iot,1,1.0,0.995836,0.997918,1,1,1
7254,ton_iot,0,0.009395,0.990687,0.500041,0,1,1
7266,ton_iot,1,1.0,0.9959,0.99795,1,1,1
7273,ton_iot,1,1.0,0.952246,0.976123,1,1,1
7278,ton_iot,0,0.597853,0.364916,0.481385,1,0,0
7279,ton_iot,1,0.999395,0.991457,0.995426,1,1,1
7289,ton_iot,1,1.0,0.999989,0.999994,1,1,1
7294,ton_iot,1,0.999395,0.991846,0.99562,1,1,1
7299,ton_iot,1,0.99977,0.993725,0.996748,1,1,1
7302,ton_iot,1,1.0,0.99486,0.99743,1,1,1
7308,ton_iot,0,0.0,0.215131,0.107565,0,0,0
7315,ton_iot,1,1.0,0.9988,0.9994,1,1,1
7317,ton_iot,1,0.999395,0.991846,0.99562,1,1,1
7324,ton_iot,1,1.0,0.99486,0.99743,1,1,1
7335,ton_iot,1,1.0,0.999989,0.999994,1,1,1
7336,ton_iot,1,0.99977,0.994541,0.997156,1,1,1
7342,ton_iot,1,0.99977,0.993725,0.996748,1,1,1
7348,ton_iot,1,1.0,0.999989,0.999994,1,1,1
7359,ton_iot,1,1.0,0.994328,0.997164,1,1,1
7360,ton_iot,1,0.99977,0.994541,0.997156,1,1,1
7362,ton_iot,1,0.959904,0.992526,0.976215,1,1,1
7374,ton_iot,1,1.0,0.898666,0.949333,1,1,1
7377,ton_iot,1,0.99977,0.993725,0.996748,1,1,1
7393,ton_iot,1,1.0,0.999989,0.999994,1,1,1
7399,ton_iot,1,0.999395,0.991457,0.995426,1,1,1
7400,ton_iot,1,1.0,0.961104,0.980552,1,1,1
7403,ton_iot,1,1.0,0.995195,0.997597,1,1,1
7408,ton_iot,1,1.0,0.992138,0.996069,1,1,1
7411,ton_iot,1,1.0,0.998801,0.9994,1,1,1
7415,ton_iot,1,0.99977,0.993725,0.996748,1,1,1
7417,ton_iot,1,1.0,0.906842,0.953421,1,1,1
7424,ton_iot,1,1.0,0.952284,0.976142,1,1,1
7427,ton_iot,1,0.99977,0.993725,0.996748,1,1,1
7429,ton_iot,1,1.0,0.99486,0.99743,1,1,1
7435,ton_iot,1,0.999395,0.991846,0.99562,1,1,1
7438,ton_iot,1,1.0,0.952217,0.976109,1,1,1
7446,ton_iot,1,1.0,0.999989,0.999994,1,1,1
7448,ton_iot,1,0.999395,0.991457,0.995426,1,1,1
7449,ton_iot,1,0.999395,0.991846,0.99562,1,1,1
7454,ton_iot,1,0.999395,0.991846,0.99562,1,1,1
7456,ton_iot,1,1.0,0.994861,0.99743,1,1,1
7464,ton_iot,1,0.99977,0.995178,0.997474,1,1,1
7470,ton_iot,1,0.99977,0.995178,0.997474,1,1,1
7482,ton_iot,1,0.97,0.852817,0.911408,1,1,1
7500,ton_iot,1,1.0,0.93925,0.969625,1,1,1
7506,ton_iot,1,1.0,0.99486,0.99743,1,1,1
7509,ton_iot,1,0.99977,0.995178,0.997474,1,1,1
7515,ton_iot,1,1.0,0.99486,0.99743,1,1,1
7527,ton_iot,1,0.999988,0.923772,0.96188,1,1,1
7535,ton_iot,1,0.99977,0.995178,0.997474,1,1,1
7540,ton_iot,1,0.99977,0.994542,0.997156,1,1,1
7548,ton_iot,1,0.999395,0.991846,0.99562,1,1,1
7558,ton_iot,1,1.0,0.99486,0.99743,1,1,1
7559,ton_iot,1,0.999395,0.991457,0.995426,1,1,1
7564,ton_iot,1,1.0,0.999989,0.999994,1,1,1
7569,ton_iot,1,1.0,1.0,1.0,1,1,1
7575,ton_iot,1,1.0,0.999989,0.999994,1,1,1
7577,ton_iot,1,1.0,0.99486,0.99743,1,1,1
7583,ton_iot,1,0.999395,0.991846,0.99562,1,1,1
7587,ton_iot,1,0.99,0.948646,0.969323,1,1,1
7594,ton_iot,1,0.999988,0.993726,0.996857,1,1,1
7599,ton_iot,1,1.0,0.936225,0.968113,1,1,1
7603,ton_iot,1,0.999395,0.991846,0.99562,1,1,1
7607,ton_iot,1,1.0,0.94856,0.97428,1,1,1
7610,ton_iot,1,1.0,0.994687,0.997343,1,1,1
7611,ton_iot,1,0.99,0.987888,0.988944,1,1,1
7613,ton_iot,1,1.0,0.999989,0.999994,1,1,1
7620,ton_iot,1,1.0,0.99486,0.99743,1,1,1
7624,ton_iot,1,0.99977,0.995178,0.997474,1,1,1
7625,ton_iot,1,1.0,0.989625,0.994812,1,1,1
7649,ton_iot,1,1.0,0.994666,0.997333,1,1,1
7664,ton_iot,1,0.99977,0.993725,0.996748,1,1,1
7669,ton_iot,1,1.0,0.405401,0.702701,1,0,1
7670,ton_iot,1,0.98,0.669967,0.824983,1,1,1
7671,ton_iot,1,0.999395,0.991846,0.99562,1,1,1
7672,ton_iot,1,1.0,1.0,1.0,1,1,1
7674,ton_iot,1,0.99977,0.993725,0.996748,1,1,1
7687,ton_iot,1,0.999395,0.991846,0.99562,1,1,1
7691,ton_iot,1,0.999395,0.991457,0.995426,1,1,1
7693,ton_iot,1,0.999395,0.991846,0.99562,1,1,1
7701,ton_iot,1,0.999395,0.991457,0.995426,1,1,1
7703,ton_iot,1,0.999395,0.991457,0.995426,1,1,1
7704,ton_iot,1,1.0,0.989093,0.994547,1,1,1
7706,ton_iot,1,0.999395,0.991457,0.995426,1,1,1
7708,ton_iot,1,1.0,0.670056,0.835028,1,1,1
7709,ton_iot,1,1.0,0.995179,0.997589,1,1,1
7710,ton_iot,1,0.99977,0.993725,0.996748,1,1,1
7711,ton_iot,1,1.0,0.999988,0.999994,1,1,1
7713,ton_iot,1,0.99977,0.993725,0.996748,1,1,1
7720,ton_iot,0,0.002516,0.095526,0.049021,0,0,0
7726,ton_iot,1,0.999395,0.991457,0.995426,1,1,1
7727,ton_iot,1,0.999395,0.991457,0.995426,1,1,1
7732,ton_iot,1,0.99977,0.993725,0.996748,1,1,1
7737,ton_iot,1,1.0,0.99518,0.99759,1,1,1
7740,ton_iot,1,1.0,0.994547,0.997273,1,1,1
7744,ton_iot,1,1.0,0.994862,0.997431,1,1,1
7746,ton_iot,1,0.999395,0.991846,0.99562,1,1,1
7748,ton_iot,1,1.0,0.995577,0.997789,1,1,1
7759,ton_iot,1,1.0,0.819421,0.909711,1,1,1
7761,ton_iot,1,0.999395,0.991457,0.995426,1,1,1
7768,ton_iot,1,0.99977,0.993725,0.996748,1,1,1
7772,ton_iot,1,0.999395,0.991457,0.995426,1,1,1
7773,ton_iot,1,0.999383,0.92377,0.961576,1,1,1
7776,ton_iot,1,0.99977,0.994542,0.997156,1,1,1
7777,ton_iot,1,1.0,0.947401,0.9737,1,1,1
7779,ton_iot,1,1.0,0.956296,0.978148,1,1,1
7781,ton_iot,0,0.597853,0.364916,0.481385,1,0,0
7782,ton_iot,1,0.999988,0.923774,0.961881,1,1,1
7786,ton_iot,1,0.99977,0.995178,0.997474,1,1,1
7788,ton_iot,1,0.999395,0.991846,0.99562,1,1,1
7794,ton_iot,1,0.999395,0.991457,0.995426,1,1,1
7802,ton_iot,1,1.0,0.994542,0.997271,1,1,1
7803,ton_iot,1,1.0,0.972232,0.986116,1,1,1
7806,ton_iot,1,0.999395,0.991846,0.99562,1,1,1
7808,ton_iot,1,0.999395,0.991457,0.995426,1,1,1
7817,ton_iot,1,0.99977,0.995178,0.997474,1,1,1
7824,ton_iot,1,1.0,0.682168,0.841084,1,1,1
7829,ton_iot,1,1.0,0.999989,0.999994,1,1,1
7832,ton_iot,1,1.0,0.990979,0.99549,1,1,1
7841,ton_iot,1,0.999395,0.991846,0.99562,1,1,1
7849,ton_iot,0,0.02,0.379361,0.19968,0,0,0
7851,ton_iot,1,1.0,0.995966,0.997983,1,1,1
7853,ton_iot,1,0.99977,0.993725,0.996748,1,1,1
7862,ton_iot,1,1.0,0.993966,0.996983,1,1,1
7864,ton_iot,1,0.99618,0.998902,0.997541,1,1,1
7875,ton_iot,1,0.99977,0.993725,0.996748,1,1,1
7886,ton_iot,1,1.0,0.999178,0.999589,1,1,1
7889,ton_iot,1,1.0,0.99486,0.99743,1,1,1
7896,ton_iot,1,1.0,0.403088,0.701544,1,0,1
7898,ton_iot,1,1.0,0.999987,0.999994,1,1,1
7900,ton_iot,1,1.0,0.999989,0.999994,1,1,1
7903,ton_iot,1,0.999395,0.991457,0.995426,1,1,1
7905,ton_iot,1,1.0,1.0,1.0,1,1,1
7914,ton_iot,1,1.0,0.96272,0.98136,1,1,1
7920,ton_iot,1,0.99977,0.993725,0.996748,1,1,1
7925,ton_iot,1,1.0,1.0,1.0,1,1,1
7928,ton_iot,1,0.99977,0.995178,0.997474,1,1,1
7930,ton_iot,1,0.99977,0.994541,0.997156,1,1,1
7937,ton_iot,1,0.94,0.963327,0.951663,1,1,1
7942,ton_iot,1,1.0,0.99486,0.99743,1,1,1
7944,ton_iot,1,0.999395,0.991457,0.995426,1,1,1
7945,ton_iot,1,1.0,0.670063,0.835032,1,1,1
7950,ton_iot,1,0.98801,0.996362,0.992186,1,1,1
7957,ton_iot,1,1.0,0.999989,0.999994,1,1,1
7961,ton_iot,1,1.0,0.994861,0.99743,1,1,1
7967,ton_iot,1,1.0,0.999989,0.999994,1,1,1
7969,ton_iot,1,0.999395,0.991846,0.99562,1,1,1
7971,ton_iot,1,0.83129,0.329451,0.58037,1,0,1
7978,ton_iot,1,1.0,0.948566,0.974283,1,1,1
7984,ton_iot,1,1.0,0.988757,0.994378,1,1,1
7987,ton_iot,1,1.0,0.994543,0.997271,1,1,1
7997,ton_iot,1,0.99977,0.993725,0.996748,1,1,1
7999,ton_iot,1,0.999395,0.991846,0.99562,1,1,1
8011,ton_iot,1,1.0,0.994555,0.997278,1,1,1
8017,ton_iot,1,1.0,0.922008,0.961004,1,1,1
8018,ton_iot,1,1.0,0.815604,0.907802,1,1,1
8020,ton_iot,1,1.0,0.99882,0.99941,1,1,1
8028,ton_iot,1,0.999395,0.991457,0.995426,1,1,1
8033,ton_iot,1,1.0,0.997525,0.998763,1,1,1
8036,ton_iot,1,1.0,0.999988,0.999994,1,1,1
8050,ton_iot,1,1.0,0.999384,0.999692,1,1,1
8055,ton_iot,1,1.0,0.947402,0.973701,1,1,1
8079,ton_iot,1,0.999395,0.991457,0.995426,1,1,1
8080,ton_iot,1,0.999395,0.991457,0.995426,1,1,1
8087,ton_iot,0,0.597853,0.364916,0.481385,1,0,0
8091,ton_iot,1,0.999395,0.991846,0.99562,1,1,1
8096,ton_iot,1,0.999395,0.991457,0.995426,1,1,1
8100,ton_iot,1,0.99977,0.993725,0.996748,1,1,1
8102,ton_iot,1,0.999395,0.991457,0.995426,1,1,1
8106,ton_iot,1,0.99977,0.993725,0.996748,1,1,1
8119,ton_iot,1,0.99977,0.994541,0.997156,1,1,1
8121,ton_iot,1,1.0,0.961087,0.980543,1,1,1
8123,ton_iot,1,0.99977,0.995178,0.997474,1,1,1
8126,ton_iot,1,1.0,0.999989,0.999994,1,1,1
8133,ton_iot,1,0.999395,0.991846,0.99562,1,1,1
8136,ton_iot,1,0.99977,0.993725,0.996748,1,1,1
8137,ton_iot,1,1.0,0.993727,0.996863,1,1,1
8145,ton_iot,1,0.99977,0.994541,0.997156,1,1,1
8147,ton_iot,1,0.999395,0.991457,0.995426,1,1,1
8152,ton_iot,1,1.0,0.850747,0.925373,1,1,1
8154,ton_iot,1,1.0,0.936241,0.968121,1,1,1
8162,ton_iot,0,0.06,0.926399,0.493199,0,1,0
8182,ton_iot,1,0.99977,0.993725,0.996748,1,1,1
8188,ton_iot,1,1.0,0.999989,0.999994,1,1,1
8218,ton_iot,1,0.99977,0.993725,0.996748,1,1,1
8226,ton_iot,1,1.0,0.94116,0.97058,1,1,1
8229,ton_iot,1,0.999988,0.923772,0.96188,1,1,1
8230,ton_iot,1,0.999395,0.991846,0.99562,1,1,1
8237,ton_iot,1,1.0,0.906692,0.953346,1,1,1
8244,ton_iot,1,1.0,0.998959,0.99948,1,1,1
8249,ton_iot,1,0.999395,0.991457,0.995426,1,1,1
8250,ton_iot,1,1.0,0.999991,0.999995,1,1,1
8252,ton_iot,1,1.0,0.995471,0.997736,1,1,1
8254,ton_iot,1,0.999395,0.991457,0.995426,1,1,1
8255,ton_iot,1,1.0,0.936172,0.968086,1,1,1
8258,ton_iot,0,0.009395,0.329451,0.169423,0,0,0
8259,ton_iot,1,0.99,0.955677,0.972838,1,1,1
8266,ton_iot,1,0.999395,0.991846,0.99562,1,1,1
8272,ton_iot,1,1.0,0.999987,0.999994,1,1,1
8275,ton_iot,1,0.999395,0.991846,0.99562,1,1,1
8282,ton_iot,1,1.0,0.999991,0.999995,1,1,1
8298,ton_iot,1,1.0,0.998675,0.999337,1,1,1
8308,ton_iot,1,0.99618,0.998902,0.997541,1,1,1
8310,ton_iot,1,0.99977,0.996362,0.998066,1,1,1
8314,ton_iot,1,0.99977,0.994541,0.997156,1,1,1
8322,ton_iot,1,0.999988,0.923777,0.961882,1,1,1
8323,ton_iot,1,0.99977,0.995178,0.997474,1,1,1
8333,ton_iot,1,1.0,0.9474,0.9737,1,1,1
8350,ton_iot,1,0.999395,0.991457,0.995426,1,1,1
8355,ton_iot,0,0.002133,0.19848,0.100306,0,0,0
8363,ton_iot,1,1.0,0.948556,0.974278,1,1,1
8364,ton_iot,1,0.99977,0.993725,0.996748,1,1,1
8371,ton_iot,1,0.999395,0.991457,0.995426,1,1,1
8373,ton_iot,1,0.99977,0.993725,0.996748,1,1,1
8378,ton_iot,1,0.99977,0.995178,0.997474,1,1,1
8380,ton_iot,1,0.99977,0.993725,0.996748,1,1,1
8386,ton_iot,1,0.999395,0.991457,0.995426,1,1,1
8391,ton_iot,1,1.0,0.999469,0.999735,1,1,1
8397,ton_iot,1,1.0,1.0,1.0,1,1,1
8406,ton_iot,1,0.999395,0.991457,0.995426,1,1,1
8409,ton_iot,1,1.0,0.998801,0.999401,1,1,1
8410,ton_iot,1,0.999395,0.991457,0.995426,1,1,1
8431,ton_iot,1,0.99977,0.993725,0.996748,1,1,1
8435,ton_iot,0,0.0,0.010774,0.005387,0,0,0
8441,ton_iot,1,1.0,0.955927,0.977964,1,1,1
8452,ton_iot,1,1.0,0.99486,0.99743,1,1,1
8460,ton_iot,1,0.999395,0.991457,0.995426,1,1,1
8466,ton_iot,1,1.0,0.94857,0.974285,1,1,1
8468,ton_iot,1,1.0,0.952285,0.976143,1,1,1
8478,ton_iot,1,1.0,0.995179,0.99759,1,1,1
8479,ton_iot,1,0.99977,0.993725,0.996748,1,1,1
8483,ton_iot,1,1.0,0.999989,0.999994,1,1,1
8485,ton_iot,1,1.0,0.999987,0.999993,1,1,1
8492,ton_iot,1,0.99618,0.998902,0.997541,1,1,1
8494,ton_iot,1,1.0,0.99486,0.99743,1,1,1
8498,ton_iot,1,0.99977,0.993725,0.996748,1,1,1
8504,ton_iot,1,0.99977,0.993725,0.996748,1,1,1
8505,ton_iot,1,0.99977,0.993725,0.996748,1,1,1
8508,ton_iot,1,1.0,0.994548,0.997274,1,1,1
8516,ton_iot,1,1.0,0.994877,0.997439,1,1,1
8530,ton_iot,1,0.999395,0.991846,0.99562,1,1,1
8535,ton_iot,1,1.0,0.998855,0.999428,1,1,1
8537,ton_iot,1,1.0,0.907091,0.953546,1,1,1
8546,ton_iot,1,0.99977,0.994541,0.997156,1,1,1
8547,ton_iot,1,0.99977,0.993725,0.996748,1,1,1
8548,ton_iot,1,0.999395,0.991457,0.995426,1,1,1
8554,ton_iot,1,0.999395,0.991846,0.99562,1,1,1
8558,ton_iot,1,1.0,0.999192,0.999596,1,1,1
8561,ton_iot,0,0.002133,0.19848,0.100306,0,0,0
8567,ton_iot,1,0.999994,0.999265,0.999629,1,1,1
8577,ton_iot,1,1.0,0.999989,0.999994,1,1,1
8581,ton_iot,1,0.99977,0.993725,0.996748,1,1,1
8583,ton_iot,1,0.79,0.756505,0.773253,1,1,1
8585,ton_iot,1,0.99977,0.993725,0.996748,1,1,1
8591,ton_iot,1,0.99977,0.993725,0.996748,1,1,1
8592,ton_iot,1,1.0,0.999987,0.999994,1,1,1
8597,ton_iot,1,0.999395,0.991457,0.995426,1,1,1
8602,ton_iot,1,1.0,0.99486,0.99743,1,1,1
8604,ton_iot,1,0.999395,0.991457,0.995426,1,1,1
8612,ton_iot,1,0.999395,0.991846,0.99562,1,1,1
8622,ton_iot,1,1.0,0.999989,0.999994,1,1,1
8623,ton_iot,1,0.999395,0.991846,0.99562,1,1,1
8625,ton_iot,1,0.999395,0.991846,0.99562,1,1,1
8636,ton_iot,1,0.99977,0.993725,0.996748,1,1,1
8650,ton_iot,1,1.0,0.993436,0.996718,1,1,1
8653,ton_iot,1,1.0,0.948564,0.974282,1,1,1
8656,ton_iot,1,1.0,0.99486,0.99743,1,1,1
8665,ton_iot,1,0.999395,0.991457,0.995426,1,1,1
8686,ton_iot,1,1.0,0.999991,0.999995,1,1,1
8696,ton_iot,1,1.0,0.948571,0.974286,1,1,1
8707,ton_iot,1,0.999395,0.991846,0.99562,1,1,1
8714,ton_iot,1,1.0,0.994583,0.997292,1,1,1
8720,ton_iot,1,0.979966,0.999203,0.989585,1,1,1
8729,ton_iot,1,1.0,0.991945,0.995973,1,1,1
8732,ton_iot,1,0.99977,0.995178,0.997474,1,1,1
8733,ton_iot,1,0.99977,0.993725,0.996748,1,1,1
8742,ton_iot,1,1.0,0.994867,0.997433,1,1,1
8745,ton_iot,1,0.999395,0.991457,0.995426,1,1,1
8752,ton_iot,1,1.0,0.999968,0.999984,1,1,1
8766,ton_iot,0,0.001143,0.040832,0.020987,0,0,0
8773,ton_iot,1,0.999395,0.991846,0.99562,1,1,1
8775,ton_iot,1,0.999395,0.991457,0.995426,1,1,1
8777,ton_iot,1,0.999395,0.991846,0.99562,1,1,1
8782,ton_iot,1,1.0,0.947395,0.973698,1,1,1
8785,ton_iot,1,0.999395,0.991457,0.995426,1,1,1
8792,ton_iot,1,0.999395,0.991846,0.99562,1,1,1
8794,ton_iot,1,1.0,0.99486,0.99743,1,1,1
8800,ton_iot,1,1.0,0.967583,0.983791,1,1,1
8805,ton_iot,1,1.0,0.999989,0.999994,1,1,1
8807,ton_iot,1,1.0,0.998351,0.999175,1,1,1
8812,ton_iot,1,1.0,0.999349,0.999674,1,1,1
8813,ton_iot,1,1.0,0.999703,0.999851,1,1,1
8814,ton_iot,1,1.0,0.999983,0.999992,1,1,1
8824,ton_iot,1,0.99977,0.995178,0.997474,1,1,1
8831,ton_iot,1,1.0,0.998883,0.999442,1,1,1
8832,ton_iot,1,1.0,0.999991,0.999995,1,1,1
8836,ton_iot,1,1.0,0.993963,0.996981,1,1,1
8837,ton_iot,1,0.999395,0.991846,0.99562,1,1,1
8858,ton_iot,1,0.99977,0.993725,0.996748,1,1,1
8864,ton_iot,1,1.0,0.999989,0.999994,1,1,1
8868,ton_iot,1,0.99977,0.993725,0.996748,1,1,1
8871,ton_iot,1,0.999395,0.991457,0.995426,1,1,1
8872,ton_iot,1,0.99977,0.993725,0.996748,1,1,1
8873,ton_iot,1,0.99977,0.993725,0.996748,1,1,1
8877,ton_iot,1,0.99977,0.993725,0.996748,1,1,1
8887,ton_iot,0,0.199636,0.0,0.099818,0,0,0
8889,ton_iot,1,0.99977,0.993725,0.996748,1,1,1
8893,ton_iot,1,1.0,0.99486,0.99743,1,1,1
8900,ton_iot,1,1.0,0.991234,0.995617,1,1,1
8904,ton_iot,0,0.002133,0.19848,0.100306,0,0,0
8906,ton_iot,1,1.0,0.996363,0.998182,1,1,1
8907,ton_iot,1,1.0,0.974627,0.987313,1,1,1
8910,ton_iot,1,1.0,0.999989,0.999994,1,1,1
8916,ton_iot,1,0.99977,0.993725,0.996748,1,1,1
8928,ton_iot,1,1.0,0.955269,0.977635,1,1,1
8947,ton_iot,1,1.0,1.0,1.0,1,1,1
8948,ton_iot,1,1.0,0.999989,0.999994,1,1,1
8949,ton_iot,1,0.83129,0.329451,0.58037,1,0,1
8953,ton_iot,1,1.0,0.994847,0.997423,1,1,1
8960,ton_iot,1,0.99977,0.993725,0.996748,1,1,1
8963,ton_iot,1,1.0,0.999989,0.999994,1,1,1
8969,ton_iot,1,1.0,0.961119,0.98056,1,1,1
8973,ton_iot,1,0.999395,0.991457,0.995426,1,1,1
8976,ton_iot,1,0.999395,0.991457,0.995426,1,1,1
8979,ton_iot,1,1.0,0.989922,0.994961,1,1,1
8987,ton_iot,1,1.0,0.983164,0.991582,1,1,1
8990,ton_iot,1,0.999395,0.991457,0.995426,1,1,1
8991,ton_iot,1,1.0,0.999991,0.999995,1,1,1
8996,ton_iot,1,0.999395,0.991846,0.99562,1,1,1
9003,ton_iot,1,0.83129,0.329451,0.58037,1,0,1
9015,ton_iot,1,0.99618,0.998902,0.997541,1,1,1
9016,ton_iot,1,0.99977,0.995178,0.997474,1,1,1
9020,ton_iot,1,0.99977,0.993725,0.996748,1,1,1
9025,ton_iot,1,0.99977,0.993725,0.996748,1,1,1
9027,ton_iot,1,0.83129,0.329451,0.58037,1,0,1
9030,ton_iot,1,0.999395,0.991846,0.99562,1,1,1
9032,ton_iot,1,0.99977,0.993725,0.996748,1,1,1
9033,ton_iot,1,1.0,0.9988,0.9994,1,1,1
9034,ton_iot,1,1.0,0.952263,0.976131,1,1,1
9039,ton_iot,1,0.999395,0.991457,0.995426,1,1,1
9049,ton_iot,1,0.99977,0.994542,0.997156,1,1,1
9056,ton_iot,1,0.98,0.931111,0.955555,1,1,1
9079,ton_iot,1,1.0,0.999989,0.999994,1,1,1
9081,ton_iot,1,1.0,0.993004,0.996502,1,1,1
9086,ton_iot,1,0.999395,0.991457,0.995426,1,1,1
9087,ton_iot,1,0.889395,0.436775,0.663085,1,0,1
9088,ton_iot,1,1.0,0.99486,0.99743,1,1,1
9096,ton_iot,1,1.0,0.999559,0.99978,1,1,1
9101,ton_iot,0,0.0,0.002313,0.001157,0,0,0
9103,ton_iot,1,1.0,0.999989,0.999994,1,1,1
9111,ton_iot,1,0.99977,0.995178,0.997474,1,1,1
9113,ton_iot,1,1.0,0.969988,0.984994,1,1,1
9121,ton_iot,1,0.999395,0.991457,0.995426,1,1,1
9129,ton_iot,1,1.0,0.250624,0.625312,1,0,1
9141,ton_iot,1,1.0,0.936183,0.968091,1,1,1
9151,ton_iot,1,0.98,0.93069,0.955345,1,1,1
9152,ton_iot,1,1.0,0.917042,0.958521,1,1,1
9153,ton_iot,1,0.999395,0.991846,0.99562,1,1,1
9156,ton_iot,1,1.0,0.936285,0.968142,1,1,1
9162,ton_iot,1,1.0,0.999989,0.999994,1,1,1
9175,ton_iot,1,1.0,0.998675,0.999337,1,1,1
9180,ton_iot,1,1.0,0.99638,0.99819,1,1,1
9188,ton_iot,1,1.0,0.99246,0.99623,1,1,1
9192,ton_iot,1,0.99618,0.998902,0.997541,1,1,1
9194,ton_iot,1,1.0,0.99518,0.99759,1,1,1
9197,ton_iot,1,1.0,0.994542,0.997271,1,1,1
9198,ton_iot,1,1.0,0.94856,0.97428,1,1,1
9199,ton_iot,1,1.0,1.0,1.0,1,1,1
9206,ton_iot,1,1.0,0.99486,0.99743,1,1,1
9207,ton_iot,1,1.0,0.994676,0.997338,1,1,1
9208,ton_iot,1,0.99977,0.994541,0.997156,1,1,1
9216,ton_iot,1,1.0,0.999989,0.999994,1,1,1
9227,ton_iot,1,1.0,0.994549,0.997274,1,1,1
9232,ton_iot,1,1.0,0.948566,0.974283,1,1,1
9233,ton_iot,1,1.0,0.994563,0.997282,1,1,1
9236,ton_iot,1,1.0,0.947412,0.973706,1,1,1
9244,ton_iot,1,1.0,0.994565,0.997283,1,1,1
9246,ton_iot,1,0.99977,0.993725,0.996748,1,1,1
9256,ton_iot,1,0.999395,0.991457,0.995426,1,1,1
9260,ton_iot,1,1.0,0.998801,0.9994,1,1,1
9264,ton_iot,1,0.999395,0.991457,0.995426,1,1,1
9267,ton_iot,1,0.99977,0.993725,0.996748,1,1,1
9283,ton_iot,1,1.0,0.993964,0.996982,1,1,1
9287,ton_iot,1,0.999395,0.991457,0.995426,1,1,1
9289,ton_iot,1,1.0,0.999989,0.999994,1,1,1
9294,ton_iot,1,1.0,0.99486,0.99743,1,1,1
9300,ton_iot,1,1.0,0.997588,0.998794,1,1,1
9306,ton_iot,1,1.0,0.670008,0.835004,1,1,1
9310,ton_iot,1,0.99977,0.993725,0.996748,1,1,1
9315,ton_iot,1,1.0,0.958247,0.979123,1,1,1
9324,ton_iot,1,0.99977,0.995178,0.997474,1,1,1
9326,ton_iot,1,1.0,0.95239,0.976195,1,1,1
9332,ton_iot,1,0.99977,0.995178,0.997474,1,1,1
9340,ton_iot,1,1.0,1.0,1.0,1,1,1
9347,ton_iot,1,0.99977,0.993725,0.996748,1,1,1
9349,ton_iot,1,0.999395,0.991846,0.99562,1,1,1
9357,ton_iot,1,0.99977,0.993725,0.996748,1,1,1
9358,ton_iot,1,1.0,0.993971,0.996986,1,1,1
9362,ton_iot,1,1.0,0.995179,0.997589,1,1,1
9363,ton_iot,1,1.0,0.999989,0.999994,1,1,1
9364,ton_iot,1,0.99977,0.996362,0.998066,1,1,1
9367,ton_iot,1,0.999383,0.92377,0.961576,1,1,1
9370,ton_iot,1,1.0,0.947395,0.973698,1,1,1
9378,ton_iot,1,0.99977,0.995178,0.997474,1,1,1
9382,ton_iot,1,1.0,0.99486,0.99743,1,1,1
9384,ton_iot,1,0.999395,0.991457,0.995426,1,1,1
9386,ton_iot,1,0.99977,0.995178,0.997474,1,1,1
9390,ton_iot,1,1.0,0.955258,0.977629,1,1,1
9395,ton_iot,1,1.0,0.999988,0.999994,1,1,1
9396,ton_iot,1,0.99977,0.994541,0.997156,1,1,1
9397,ton_iot,1,1.0,0.999989,0.999994,1,1,1
9399,ton_iot,1,1.0,0.99486,0.99743,1,1,1
9405,ton_iot,1,0.99977,0.995178,0.997474,1,1,1
9406,ton_iot,1,1.0,0.99486,0.99743,1,1,1
9407,ton_iot,0,0.002133,0.19848,0.100306,0,0,0
9408,ton_iot,1,1.0,0.547369,0.773685,1,1,1
9420,ton_iot,1,1.0,0.999336,0.999668,1,1,1
9434,ton_iot,1,0.99618,0.998902,0.997541,1,1,1
9442,ton_iot,0,0.0,0.791806,0.395903,0,1,0
9447,ton_iot,1,0.99977,0.993725,0.996748,1,1,1
9459,ton_iot,1,0.999395,0.991457,0.995426,1,1,1
9462,ton_iot,1,1.0,0.99486,0.99743,1,1,1
9465,ton_iot,1,0.999395,0.991846,0.99562,1,1,1
9467,ton_iot,1,0.999395,0.991457,0.995426,1,1,1
9484,ton_iot,1,0.99977,0.994541,0.997156,1,1,1
9493,ton_iot,1,0.99977,0.993725,0.996748,1,1,1
9502,ton_iot,1,0.99977,0.995178,0.997474,1,1,1
9542,ton_iot,1,0.99977,0.995178,0.997474,1,1,1
9550,ton_iot,1,0.99618,0.998902,0.997541,1,1,1
9552,ton_iot,1,1.0,0.961052,0.980526,1,1,1
9558,ton_iot,1,1.0,0.947403,0.973702,1,1,1
9562,ton_iot,1,0.999395,0.991457,0.995426,1,1,1
9579,ton_iot,1,1.0,0.961087,0.980544,1,1,1
9586,ton_iot,1,1.0,0.992154,0.996077,1,1,1
9588,ton_iot,1,0.99977,0.993725,0.996748,1,1,1
9593,ton_iot,1,0.99977,0.993725,0.996748,1,1,1
9594,ton_iot,1,1.0,0.547369,0.773685,1,1,1
9608,ton_iot,1,0.99977,0.993725,0.996748,1,1,1
9609,ton_iot,1,0.99977,0.995178,0.997474,1,1,1
9610,ton_iot,1,0.99977,0.994541,0.997156,1,1,1
9612,ton_iot,1,1.0,0.999987,0.999994,1,1,1
9619,ton_iot,1,1.0,0.99486,0.99743,1,1,1
9621,ton_iot,1,0.99977,0.993725,0.996748,1,1,1
9622,ton_iot,1,0.99977,0.995178,0.997474,1,1,1
9625,ton_iot,1,1.0,0.99486,0.99743,1,1,1
9626,ton_iot,1,0.99977,0.993725,0.996748,1,1,1
9636,ton_iot,1,1.0,0.999991,0.999995,1,1,1
9653,ton_iot,1,1.0,0.957198,0.978599,1,1,1
9655,ton_iot,1,1.0,0.993962,0.996981,1,1,1
9660,ton_iot,1,0.92,0.983751,0.951875,1,1,1
9666,ton_iot,1,1.0,0.999988,0.999994,1,1,1
9675,ton_iot,1,0.999395,0.991457,0.995426,1,1,1
9677,ton_iot,1,0.99977,0.994541,0.997156,1,1,1
9679,ton_iot,1,1.0,0.99486,0.99743,1,1,1
9697,ton_iot,1,1.0,0.999989,0.999994,1,1,1
9703,ton_iot,1,0.999395,0.991846,0.99562,1,1,1
9732,ton_iot,1,1.0,0.961096,0.980548,1,1,1
9734,ton_iot,1,0.99977,0.995178,0.997474,1,1,1
9736,ton_iot,1,0.999395,0.991457,0.995426,1,1,1
9743,ton_iot,1,1.0,0.999989,0.999994,1,1,1
9744,ton_iot,1,1.0,0.999905,0.999953,1,1,1
9749,ton_iot,1,0.99977,0.995178,0.997474,1,1,1
9758,ton_iot,1,0.99977,0.993725,0.996748,1,1,1
9764,ton_iot,1,0.99977,0.993725,0.996748,1,1,1
9768,ton_iot,1,0.99977,0.993725,0.996748,1,1,1
9774,ton_iot,1,1.0,0.952418,0.976209,1,1,1
9781,ton_iot,1,0.999395,0.991457,0.995426,1,1,1
9783,ton_iot,1,0.83129,0.329451,0.58037,1,0,1
9784,ton_iot,1,1.0,0.694299,0.847149,1,1,1
9797,ton_iot,1,1.0,0.999988,0.999994,1,1,1
9798,ton_iot,1,1.0,0.993958,0.996979,1,1,1
9803,ton_iot,1,0.999395,0.991846,0.99562,1,1,1
9805,ton_iot,1,0.999395,0.991457,0.995426,1,1,1
9814,ton_iot,1,0.99977,0.993725,0.996748,1,1,1
9815,ton_iot,1,0.99977,0.993725,0.996748,1,1,1
9821,ton_iot,1,0.99977,0.993725,0.996748,1,1,1
9827,ton_iot,1,0.99977,0.993725,0.996748,1,1,1
9828,ton_iot,1,1.0,0.991364,0.995682,1,1,1
9829,ton_iot,1,1.0,0.989745,0.994873,1,1,1
9843,ton_iot,1,1.0,0.999988,0.999994,1,1,1
9845,ton_iot,1,1.0,0.99486,0.99743,1,1,1
9846,ton_iot,1,0.99977,0.995178,0.997474,1,1,1
9853,ton_iot,1,1.0,0.968754,0.984377,1,1,1
9867,ton_iot,1,0.999395,0.991457,0.995426,1,1,1
9870,ton_iot,1,0.99977,0.994541,0.997156,1,1,1
9872,ton_iot,1,0.999395,0.991457,0.995426,1,1,1
9886,ton_iot,1,0.99977,0.993725,0.996748,1,1,1
9889,ton_iot,1,0.99977,0.993725,0.996748,1,1,1
9890,ton_iot,1,1.0,0.999989,0.999994,1,1,1
9891,ton_iot,1,0.99977,0.993725,0.996748,1,1,1
9892,ton_iot,1,1.0,0.994861,0.99743,1,1,1
9893,ton_iot,1,1.0,0.995179,0.997589,1,1,1
9902,ton_iot,1,1.0,0.999989,0.999994,1,1,1
9910,ton_iot,1,1.0,0.998675,0.999337,1,1,1
9913,ton_iot,1,1.0,0.948563,0.974281,1,1,1
9916,ton_iot,1,1.0,0.999989,0.999994,1,1,1
9923,ton_iot,1,0.999395,0.991457,0.995426,1,1,1
9927,ton_iot,1,0.999395,0.991457,0.995426,1,1,1
9930,ton_iot,1,1.0,0.99956,0.99978,1,1,1
9934,ton_iot,1,0.99977,0.994542,0.997156,1,1,1
9939,ton_iot,1,0.999395,0.991457,0.995426,1,1,1
9945,ton_iot,1,1.0,1.0,1.0,1,1,1
9953,ton_iot,1,0.99,0.999843,0.994921,1,1,1
9954,ton_iot,1,1.0,0.99486,0.99743,1,1,1
9956,ton_iot,1,0.91,0.182553,0.546276,1,0,1
9962,ton_iot,1,1.0,0.995252,0.997626,1,1,1
9972,ton_iot,1,1.0,0.995181,0.997591,1,1,1
9973,ton_iot,1,0.999395,0.991846,0.99562,1,1,1
9975,ton_iot,1,1.0,0.995467,0.997734,1,1,1
9980,ton_iot,1,0.99977,0.993725,0.996748,1,1,1
9982,ton_iot,1,0.999395,0.991846,0.99562,1,1,1
9983,ton_iot,1,0.999395,0.991457,0.995426,1,1,1
9988,ton_iot,1,1.0,0.994871,0.997436,1,1,1
9994,ton_iot,1,1.0,0.907121,0.95356,1,1,1
9998,ton_iot,0,0.338387,0.177638,0.258013,0,0,0
9999,ton_iot,1,1.0,0.98926,0.99463,1,1,1
10000,ton_iot,1,0.99977,0.993725,0.996748,1,1,1
10007,ton_iot,1,0.99977,0.993725,0.996748,1,1,1
10011,ton_iot,1,0.99977,0.994542,0.997156,1,1,1
10013,ton_iot,1,0.999395,0.991457,0.995426,1,1,1
10022,ton_iot,1,1.0,0.999992,0.999996,1,1,1
10027,ton_iot,0,0.597853,0.364916,0.481385,1,0,0
10028,ton_iot,0,0.09,0.381649,0.235824,0,0,0
10032,ton_iot,1,0.999395,0.991457,0.995426,1,1,1
10036,ton_iot,1,0.999395,0.991457,0.995426,1,1,1
10044,ton_iot,1,0.99977,0.993725,0.996748,1,1,1
10049,ton_iot,1,1.0,0.998616,0.999308,1,1,1
10051,ton_iot,1,0.99977,0.993725,0.996748,1,1,1
10056,ton_iot,1,1.0,0.99486,0.99743,1,1,1
10057,ton_iot,1,0.999395,0.991457,0.995426,1,1,1
10059,ton_iot,1,0.999395,0.991457,0.995426,1,1,1
10061,ton_iot,1,0.99977,0.993725,0.996748,1,1,1
10070,ton_iot,1,0.99977,0.994541,0.997156,1,1,1
10072,ton_iot,1,0.999395,0.991457,0.995426,1,1,1
10075,ton_iot,1,1.0,0.999989,0.999994,1,1,1
10083,ton_iot,1,1.0,0.993121,0.996561,1,1,1
10085,ton_iot,1,1.0,0.952281,0.976141,1,1,1
10092,ton_iot,1,1.0,0.993951,0.996976,1,1,1
10111,ton_iot,0,0.01,0.014549,0.012275,0,0,0
10115,ton_iot,1,1.0,0.994861,0.99743,1,1,1
10116,ton_iot,1,0.83129,0.329451,0.58037,1,0,1
10118,ton_iot,1,1.0,0.99486,0.99743,1,1,1
10123,ton_iot,1,0.99977,0.993725,0.996748,1,1,1
10124,ton_iot,1,1.0,0.993965,0.996982,1,1,1
10129,ton_iot,1,0.99977,0.993725,0.996748,1,1,1
10136,ton_iot,1,0.99977,0.993725,0.996748,1,1,1
10142,ton_iot,1,1.0,0.999988,0.999994,1,1,1
10144,ton_iot,1,0.99977,0.995178,0.997474,1,1,1
10145,ton_iot,1,1.0,0.924165,0.962082,1,1,1
10147,ton_iot,1,0.99977,0.995178,0.997474,1,1,1
10149,ton_iot,1,0.999395,0.991846,0.99562,1,1,1
10155,ton_iot,1,0.97,0.988745,0.979372,1,1,1
10156,ton_iot,1,0.99977,0.996362,0.998066,1,1,1
10175,ton_iot,1,0.99977,0.993725,0.996748,1,1,1
10176,ton_iot,1,1.0,0.996363,0.998181,1,1,1
10180,ton_iot,1,1.0,0.984223,0.992111,1,1,1
10188,ton_iot,1,0.999395,0.991846,0.99562,1,1,1
10189,ton_iot,1,0.99977,0.995178,0.997474,1,1,1
10191,ton_iot,1,1.0,0.906959,0.95348,1,1,1
10196,ton_iot,1,1.0,0.99918,0.99959,1,1,1
10197,ton_iot,1,0.99977,0.993725,0.996748,1,1,1
10199,ton_iot,1,0.999395,0.991846,0.99562,1,1,1
10200,ton_iot,0,0.0,0.002547,0.001273,0,0,0
10202,ton_iot,1,0.83129,0.329451,0.58037,1,0,1
10212,ton_iot,1,1.0,0.99486,0.99743,1,1,1
10216,ton_iot,1,0.99977,0.994541,0.997156,1,1,1
10218,ton_iot,1,0.99977,0.995178,0.997474,1,1,1
10221,ton_iot,1,1.0,0.992501,0.996251,1,1,1
10225,ton_iot,1,1.0,0.999989,0.999994,1,1,1
10226,ton_iot,1,1.0,0.994861,0.99743,1,1,1
10232,ton_iot,1,1.0,0.994543,0.997271,1,1,1
10238,ton_iot,1,0.959904,0.992526,0.976215,1,1,1
10241,ton_iot,1,1.0,0.999989,0.999994,1,1,1
10246,ton_iot,1,1.0,0.999989,0.999994,1,1,1
10249,ton_iot,1,1.0,0.547369,0.773685,1,1,1
10250,ton_iot,1,0.83129,0.329451,0.58037,1,0,1
10251,ton_iot,1,0.99977,0.993725,0.996748,1,1,1
10253,ton_iot,1,1.0,0.99639,0.998195,1,1,1
10265,ton_iot,1,0.99977,0.993725,0.996748,1,1,1
10266,ton_iot,1,1.0,0.993412,0.996706,1,1,1
10271,ton_iot,1,0.999395,0.991846,0.99562,1,1,1
10281,ton_iot,1,0.99,0.999979,0.99499,1,1,1
10283,ton_iot,1,1.0,0.9988,0.9994,1,1,1
10294,ton_iot,1,0.99977,0.993725,0.996748,1,1,1
10296,ton_iot,1,0.999395,0.991457,0.995426,1,1,1
10309,ton_iot,1,0.99977,0.995178,0.997474,1,1,1
10319,ton_iot,1,0.99977,0.995178,0.997474,1,1,1
10329,ton_iot,1,0.99,0.980113,0.985056,1,1,1
10334,ton_iot,1,0.99977,0.993725,0.996748,1,1,1
10336,ton_iot,1,1.0,0.994912,0.997456,1,1,1
10346,ton_iot,1,1.0,0.999989,0.999994,1,1,1
10355,ton_iot,1,0.999395,0.991846,0.99562,1,1,1
10356,ton_iot,1,0.99977,0.994541,0.997156,1,1,1
10363,ton_iot,1,1.0,0.994556,0.997278,1,1,1
10364,ton_iot,1,1.0,0.99486,0.99743,1,1,1
10368,ton_iot,1,1.0,0.999442,0.999721,1,1,1
10369,ton_iot,1,0.99977,0.994542,0.997156,1,1,1
10373,ton_iot,1,1.0,0.999989,0.999994,1,1,1
10378,ton_iot,1,0.99977,0.993725,0.996748,1,1,1
10383,ton_iot,1,0.99977,0.993725,0.996748,1,1,1
10391,ton_iot,1,0.999395,0.991846,0.99562,1,1,1
10394,ton_iot,1,0.83129,0.329451,0.58037,1,0,1
10402,ton_iot,1,1.0,0.999991,0.999995,1,1,1
10406,ton_iot,1,0.999395,0.364916,0.682155,1,0,1
10414,ton_iot,1,0.99977,0.995178,0.997474,1,1,1
10431,ton_iot,1,0.99977,0.993725,0.996748,1,1,1
10433,ton_iot,1,1.0,0.999991,0.999995,1,1,1
10435,ton_iot,1,1.0,0.999991,0.999996,1,1,1
10442,ton_iot,1,1.0,0.993496,0.996748,1,1,1
10449,ton_iot,1,1.0,0.999989,0.999994,1,1,1
10457,ton_iot,1,1.0,0.998801,0.9994,1,1,1
10465,ton_iot,1,0.99977,0.993725,0.996748,1,1,1
10474,ton_iot,1,0.99977,0.993725,0.996748,1,1,1
10482,ton_iot,1,1.0,0.932413,0.966207,1,1,1
10495,ton_iot,1,0.959904,0.992526,0.976215,1,1,1
10514,ton_iot,1,0.99977,0.995178,0.997474,1,1,1
10519,ton_iot,1,1.0,0.993727,0.996863,1,1,1
10529,ton_iot,1,0.99977,0.993725,0.996748,1,1,1
10537,ton_iot,1,0.99977,0.995178,0.997474,1,1,1
10558,ton_iot,1,0.99977,0.993725,0.996748,1,1,1
10562,ton_iot,1,1.0,0.999991,0.999995,1,1,1
10563,ton_iot,1,0.999395,0.991457,0.995426,1,1,1
10571,ton_iot,1,1.0,0.995433,0.997716,1,1,1
10574,ton_iot,1,1.0,0.999989,0.999994,1,1,1
10579,ton_iot,1,0.99977,0.995178,0.997474,1,1,1
10580,ton_iot,1,1.0,0.992762,0.996381,1,1,1
10592,ton_iot,1,0.999395,0.991457,0.995426,1,1,1
10599,ton_iot,1,0.999395,0.991457,0.995426,1,1,1
10608,ton_iot,1,1.0,0.952325,0.976163,1,1,1
10609,ton_iot,1,0.93,0.998921,0.96446,1,1,1
10614,ton_iot,1,1.0,0.989848,0.994924,1,1,1
10628,ton_iot,1,1.0,0.994542,0.997271,1,1,1
10630,ton_iot,1,0.99977,0.993725,0.996748,1,1,1
10645,ton_iot,1,1.0,0.99541,0.997705,1,1,1
10647,ton_iot,0,0.83129,0.329451,0.58037,1,0,1
10649,ton_iot,1,0.99977,0.993725,0.996748,1,1,1
10651,ton_iot,1,0.999395,0.991457,0.995426,1,1,1
10656,ton_iot,1,0.999395,0.247136,0.623265,1,0,1
10666,ton_iot,1,1.0,0.547369,0.773685,1,1,1
10671,ton_iot,1,1.0,0.999337,0.999669,1,1,1
10678,ton_iot,1,1.0,0.919863,0.959931,1,1,1
10701,ton_iot,1,0.999395,0.991457,0.995426,1,1,1
10705,ton_iot,1,1.0,0.998035,0.999017,1,1,1
10708,ton_iot,1,0.999395,0.991457,0.995426,1,1,1
10728,ton_iot,1,1.0,0.924254,0.962127,1,1,1
10729,ton_iot,1,0.99977,0.993725,0.996748,1,1,1
10733,ton_iot,1,1.0,0.93623,0.968115,1,1,1
10735,ton_iot,0,0.04,0.217029,0.128515,0,0,0
10737,ton_iot,1,1.0,0.939226,0.969613,1,1,1
10738,ton_iot,1,1.0,0.99486,0.99743,1,1,1
10739,ton_iot,0,0.05,0.383455,0.216728,0,0,0
10740,ton_iot,1,1.0,0.994544,0.997272,1,1,1
10745,ton_iot,1,0.999395,0.991846,0.99562,1,1,1
10751,ton_iot,1,0.83129,0.329451,0.58037,1,0,1
10752,ton_iot,1,0.999395,0.991457,0.995426,1,1,1
10753,ton_iot,1,1.0,0.993726,0.996863,1,1,1
10757,ton_iot,1,0.999395,0.991846,0.99562,1,1,1
10761,ton_iot,1,1.0,0.988399,0.9942,1,1,1
10762,ton_iot,1,0.999395,0.991846,0.99562,1,1,1
10763,ton_iot,1,1.0,0.992342,0.996171,1,1,1
10769,ton_iot,1,0.999395,0.991457,0.995426,1,1,1
10774,ton_iot,1,0.999395,0.991457,0.995426,1,1,1
10781,ton_iot,1,1.0,0.99486,0.99743,1,1,1
10787,ton_iot,1,1.0,0.995641,0.99782,1,1,1
10803,ton_iot,1,0.999395,0.991846,0.99562,1,1,1
10805,ton_iot,1,0.999395,0.991846,0.99562,1,1,1
10809,ton_iot,1,0.999395,0.991457,0.995426,1,1,1
10811,ton_iot,1,0.99977,0.995178,0.997474,1,1,1
10813,ton_iot,1,1.0,0.998948,0.999474,1,1,1
10816,ton_iot,1,1.0,0.961169,0.980585,1,1,1
10822,ton_iot,1,0.99977,0.993725,0.996748,1,1,1
10830,ton_iot,1,1.0,0.961084,0.980542,1,1,1
10835,ton_iot,0,0.0,0.009194,0.004597,0,0,0
10837,ton_iot,1,1.0,0.93617,0.968085,1,1,1
10844,ton_iot,1,1.0,0.999987,0.999994,1,1,1
10847,ton_iot,1,0.999395,0.991457,0.995426,1,1,1
10853,ton_iot,1,0.99618,0.998902,0.997541,1,1,1
10858,ton_iot,1,0.99977,0.993725,0.996748,1,1,1
10861,ton_iot,1,0.99977,0.995178,0.997474,1,1,1
10870,ton_iot,0,0.0,0.0116,0.0058,0,0,0
10874,ton_iot,1,0.99977,0.993725,0.996748,1,1,1
10876,ton_iot,1,0.99977,0.993725,0.996748,1,1,1
10886,ton_iot,1,1.0,0.994861,0.99743,1,1,1
10887,ton_iot,1,0.99977,0.993725,0.996748,1,1,1
10900,ton_iot,1,1.0,0.961097,0.980549,1,1,1
10903,ton_iot,1,1.0,0.999989,0.999994,1,1,1
10905,ton_iot,1,1.0,0.999989,0.999994,1,1,1
10908,ton_iot,1,0.999395,0.991457,0.995426,1,1,1
10909,ton_iot,1,0.999395,0.991457,0.995426,1,1,1
10910,ton_iot,1,0.999395,0.991457,0.995426,1,1,1
10914,ton_iot,1,0.97,1.0,0.985,1,1,1
10922,ton_iot,1,0.99977,0.993725,0.996748,1,1,1
10927,ton_iot,1,1.0,0.99486,0.99743,1,1,1
10931,ton_iot,1,1.0,0.998388,0.999194,1,1,1
10932,ton_iot,1,1.0,0.947403,0.973701,1,1,1
10935,ton_iot,1,1.0,0.999989,0.999994,1,1,1
10942,ton_iot,1,1.0,0.999989,0.999994,1,1,1
10943,ton_iot,1,1.0,0.99486,0.99743,1,1,1
10948,ton_iot,1,0.99977,0.993725,0.996748,1,1,1
10951,ton_iot,1,1.0,0.99486,0.99743,1,1,1
10956,ton_iot,1,1.0,0.991603,0.995802,1,1,1
10962,ton_iot,1,0.999395,0.991846,0.99562,1,1,1
10965,ton_iot,1,0.99977,0.993725,0.996748,1,1,1
10973,ton_iot,1,0.99,0.955337,0.972668,1,1,1
10988,ton_iot,1,0.99977,0.993725,0.996748,1,1,1
10990,ton_iot,1,1.0,0.852743,0.926371,1,1,1
10991,ton_iot,1,1.0,0.95553,0.977765,1,1,1
10999,ton_iot,1,1.0,0.99486,0.99743,1,1,1
11000,ton_iot,1,0.99977,0.996362,0.998066,1,1,1
11001,ton_iot,1,0.92,0.995801,0.957901,1,1,1
11003,ton_iot,1,1.0,0.961092,0.980546,1,1,1
11023,ton_iot,1,1.0,0.994677,0.997339,1,1,1
11024,ton_iot,1,0.99977,0.993725,0.996748,1,1,1
11026,ton_iot,1,1.0,0.998675,0.999337,1,1,1
11028,ton_iot,1,1.0,0.925129,0.962564,1,1,1
11038,ton_iot,1,1.0,0.992843,0.996421,1,1,1
11043,ton_iot,1,1.0,0.952261,0.976131,1,1,1
11046,ton_iot,1,1.0,0.46617,0.733085,1,0,1
11047,ton_iot,1,1.0,0.99486,0.99743,1,1,1
11048,ton_iot,1,0.999395,0.991457,0.995426,1,1,1
11056,ton_iot,1,0.999395,0.991457,0.995426,1,1,1
11066,ton_iot,1,0.99977,0.993725,0.996748,1,1,1
11067,ton_iot,1,1.0,0.999761,0.999881,1,1,1
11072,ton_iot,1,0.99,1.0,0.995,1,1,1
11074,ton_iot,1,0.99977,0.993725,0.996748,1,1,1
11078,ton_iot,1,0.99977,0.993725,0.996748,1,1,1
11082,ton_iot,1,1.0,0.999991,0.999995,1,1,1
11083,ton_iot,1,0.99977,0.993725,0.996748,1,1,1
11084,ton_iot,1,1.0,0.999989,0.999994,1,1,1
11086,ton_iot,1,0.999395,0.991457,0.995426,1,1,1
11094,ton_iot,1,0.99977,0.993725,0.996748,1,1,1
11100,ton_iot,1,0.999395,0.991457,0.995426,1,1,1
11104,ton_iot,1,0.999395,0.991846,0.99562,1,1,1
11124,ton_iot,1,1.0,0.99486,0.99743,1,1,1
11125,ton_iot,1,1.0,0.999989,0.999994,1,1,1
11129,ton_iot,1,1.0,0.999989,0.999994,1,1,1
11136,ton_iot,1,1.0,0.907017,0.953509,1,1,1
11152,ton_iot,1,0.99977,0.993725,0.996748,1,1,1
11156,ton_iot,1,1.0,0.994545,0.997273,1,1,1
11163,ton_iot,1,0.999395,0.991457,0.995426,1,1,1
11166,ton_iot,1,1.0,0.99272,0.99636,1,1,1
11167,ton_iot,1,0.99618,0.998902,0.997541,1,1,1
11177,ton_iot,1,0.999395,0.991457,0.995426,1,1,1
11179,ton_iot,1,0.999395,0.991846,0.99562,1,1,1
11200,ton_iot,1,0.999395,0.991457,0.995426,1,1,1
11204,ton_iot,1,1.0,0.999989,0.999994,1,1,1
11211,ton_iot,1,0.99977,0.993725,0.996748,1,1,1
11221,ton_iot,1,0.999395,0.364916,0.682155,1,0,1
11223,ton_iot,1,1.0,0.961105,0.980553,1,1,1
11225,ton_iot,1,0.99977,0.994541,0.997156,1,1,1
11235,ton_iot,1,0.999395,0.991457,0.995426,1,1,1
11239,ton_iot,1,0.999395,0.991457,0.995426,1,1,1
11243,ton_iot,1,1.0,0.99486,0.99743,1,1,1
11246,ton_iot,1,0.99977,0.993725,0.996748,1,1,1
11248,ton_iot,1,0.99977,0.993725,0.996748,1,1,1
11250,ton_iot,1,0.99977,0.993725,0.996748,1,1,1
11254,ton_iot,1,0.99977,0.993725,0.996748,1,1,1
11256,ton_iot,1,1.0,0.952286,0.976143,1,1,1
11261,ton_iot,1,0.99977,0.993725,0.996748,1,1,1
11264,ton_iot,1,0.99977,0.993725,0.996748,1,1,1
11267,ton_iot,1,1.0,0.999991,0.999995,1,1,1
11271,ton_iot,1,0.99977,0.995178,0.997474,1,1,1
11278,ton_iot,1,0.999395,0.991457,0.995426,1,1,1
11282,ton_iot,1,0.99977,0.993725,0.996748,1,1,1
11284,ton_iot,1,0.99977,0.995178,0.997474,1,1,1
11287,ton_iot,1,0.99977,0.993725,0.996748,1,1,1
11294,ton_iot,1,0.98,1.0,0.99,1,1,1
11296,ton_iot,1,0.99977,0.993725,0.996748,1,1,1
11297,ton_iot,1,1.0,0.999567,0.999784,1,1,1
11316,ton_iot,1,0.99977,0.993725,0.996748,1,1,1
11319,ton_iot,1,1.0,0.999989,0.999994,1,1,1
11329,ton_iot,1,0.999988,0.994542,0.997265,1,1,1
11333,ton_iot,1,0.99977,0.993725,0.996748,1,1,1
11334,ton_iot,1,0.83129,0.329451,0.58037,1,0,1
11352,ton_iot,1,1.0,0.995962,0.997981,1,1,1
11353,ton_iot,1,0.999395,0.991457,0.995426,1,1,1
11359,ton_iot,1,1.0,0.999989,0.999994,1,1,1
11360,ton_iot,1,0.99,0.99374,0.99187,1,1,1
11374,ton_iot,1,1.0,0.999991,0.999995,1,1,1
11397,ton_iot,1,1.0,0.993718,0.996859,1,1,1
11400,ton_iot,1,0.99977,0.995178,0.997474,1,1,1
11402,ton_iot,0,0.002133,0.19848,0.100306,0,0,0
11410,ton_iot,1,0.99,1.0,0.995,1,1,1
11423,ton_iot,1,1.0,0.919835,0.959917,1,1,1
11426,ton_iot,1,1.0,0.999989,0.999994,1,1,1
11428,ton_iot,1,1.0,0.99486,0.99743,1,1,1
11437,ton_iot,0,0.002133,0.19848,0.100306,0,0,0
11444,ton_iot,1,1.0,0.997492,0.998746,1,1,1
11446,ton_iot,1,0.99977,0.996362,0.998066,1,1,1
11450,ton_iot,1,0.99977,0.994541,0.997156,1,1,1
11451,ton_iot,1,0.99977,0.993725,0.996748,1,1,1
11454,ton_iot,1,1.0,0.991652,0.995826,1,1,1
11456,ton_iot,1,0.999395,0.991457,0.995426,1,1,1
11457,ton_iot,1,1.0,0.999445,0.999722,1,1,1
11458,ton_iot,1,0.999395,0.991457,0.995426,1,1,1
11462,ton_iot,1,1.0,0.999991,0.999996,1,1,1
11465,ton_iot,1,0.999395,0.991457,0.995426,1,1,1
11470,ton_iot,1,1.0,0.547369,0.773685,1,1,1
11474,ton_iot,1,0.99618,0.998902,0.997541,1,1,1
11477,ton_iot,1,1.0,0.805135,0.902567,1,1,1
11479,ton_iot,1,0.999395,0.991846,0.99562,1,1,1
11481,ton_iot,1,0.999395,0.991457,0.995426,1,1,1
11488,ton_iot,1,1.0,0.937503,0.968752,1,1,1
11491,ton_iot,1,0.99977,0.993725,0.996748,1,1,1
11496,ton_iot,1,1.0,0.948565,0.974282,1,1,1
11497,ton_iot,1,1.0,0.998377,0.999188,1,1,1
11500,ton_iot,1,0.99977,0.995178,0.997474,1,1,1
11502,ton_iot,1,1.0,0.220624,0.610312,1,0,1
11504,ton_iot,1,1.0,0.948556,0.974278,1,1,1
11509,ton_iot,1,0.99977,0.993725,0.996748,1,1,1
11512,ton_iot,1,1.0,0.999988,0.999994,1,1,1
11514,ton_iot,1,1.0,0.994548,0.997274,1,1,1
11517,ton_iot,1,0.99977,0.993725,0.996748,1,1,1
11527,ton_iot,1,1.0,0.99655,0.998275,1,1,1
11535,ton_iot,1,0.99977,0.995178,0.997474,1,1,1
11544,ton_iot,1,1.0,0.989996,0.994998,1,1,1
11547,ton_iot,1,1.0,0.999991,0.999995,1,1,1
11552,ton_iot,1,0.999395,0.991846,0.99562,1,1,1
11560,ton_iot,1,1.0,0.994861,0.99743,1,1,1
11561,ton_iot,0,0.002133,0.19848,0.100306,0,0,0
11568,ton_iot,1,0.99977,0.994541,0.997156,1,1,1
11571,ton_iot,1,0.99977,0.993725,0.996748,1,1,1
11572,ton_iot,1,1.0,0.993049,0.996525,1,1,1
11581,ton_iot,1,1.0,0.999988,0.999994,1,1,1
11585,ton_iot,1,0.999395,0.991846,0.99562,1,1,1
11595,ton_iot,1,1.0,1.0,1.0,1,1,1
11599,ton_iot,1,1.0,0.99486,0.99743,1,1,1
11602,ton_iot,1,0.99977,0.993725,0.996748,1,1,1
11607,ton_iot,1,1.0,0.994861,0.99743,1,1,1
11609,ton_iot,1,0.999395,0.991846,0.99562,1,1,1
11610,ton_iot,1,0.999395,0.991846,0.99562,1,1,1
11611,ton_iot,1,0.999395,0.991846,0.99562,1,1,1
11613,ton_iot,1,1.0,0.99486,0.99743,1,1,1
11615,ton_iot,1,1.0,0.948566,0.974283,1,1,1
11616,ton_iot,1,1.0,0.999989,0.999994,1,1,1
11618,ton_iot,1,0.999395,0.991457,0.995426,1,1,1
11620,ton_iot,1,0.99977,0.993725,0.996748,1,1,1
11621,ton_iot,1,1.0,0.961123,0.980562,1,1,1
11623,ton_iot,1,0.99977,0.993725,0.996748,1,1,1
11624,ton_iot,1,0.999395,0.991846,0.99562,1,1,1
11626,ton_iot,1,0.959904,0.992526,0.976215,1,1,1
11632,ton_iot,1,0.99977,0.993725,0.996748,1,1,1
11636,ton_iot,1,0.999395,0.991457,0.995426,1,1,1
11638,ton_iot,1,0.597853,0.364916,0.481385,1,0,0
11640,ton_iot,1,0.99977,0.993725,0.996748,1,1,1
11642,ton_iot,1,1.0,0.95228,0.97614,1,1,1
11650,ton_iot,1,1.0,0.998514,0.999257,1,1,1
11651,ton_iot,1,1.0,1.0,1.0,1,1,1
11659,ton_iot,1,1.0,0.994861,0.997431,1,1,1
11667,ton_iot,1,0.99977,0.993725,0.996748,1,1,1
11671,ton_iot,0,0.709395,0.113523,0.411459,1,0,0
11675,ton_iot,1,1.0,0.99486,0.99743,1,1,1
11680,ton_iot,1,1.0,0.99851,0.999255,1,1,1
11687,ton_iot,1,1.0,0.999989,0.999994,1,1,1
11690,ton_iot,1,1.0,0.936381,0.968191,1,1,1
11698,ton_iot,1,0.999395,0.991846,0.99562,1,1,1
11699,ton_iot,1,0.99977,0.993725,0.996748,1,1,1
11706,ton_iot,1,1.0,0.936263,0.968131,1,1,1
11711,ton_iot,1,0.999395,0.991457,0.995426,1,1,1
11716,ton_iot,1,0.99977,0.993725,0.996748,1,1,1
11719,ton_iot,1,0.99977,0.993725,0.996748,1,1,1
11724,ton_iot,1,0.99977,0.994541,0.997156,1,1,1
11725,ton_iot,1,1.0,0.999989,0.999994,1,1,1
11727,ton_iot,1,0.999395,0.991457,0.995426,1,1,1
11732,ton_iot,1,0.99977,0.995178,0.997474,1,1,1
11734,ton_iot,1,1.0,0.852853,0.926426,1,1,1
11738,ton_iot,1,1.0,0.93628,0.96814,1,1,1
11739,ton_iot,1,1.0,0.98973,0.994865,1,1,1
11742,ton_iot,1,1.0,0.999991,0.999995,1,1,1
11744,ton_iot,1,1.0,0.997733,0.998866,1,1,1
11745,ton_iot,1,0.999395,0.991457,0.995426,1,1,1
11746,ton_iot,1,1.0,0.961122,0.980561,1,1,1
11750,ton_iot,1,0.99977,0.995178,0.997474,1,1,1
11755,ton_iot,1,0.99977,0.993725,0.996748,1,1,1
11760,ton_iot,1,1.0,0.967573,0.983786,1,1,1
11763,ton_iot,1,1.0,0.993962,0.996981,1,1,1
11773,ton_iot,1,0.999395,0.991457,0.995426,1,1,1
11775,ton_iot,1,1.0,0.930798,0.965399,1,1,1
11779,ton_iot,1,0.99977,0.993725,0.996748,1,1,1
11790,ton_iot,1,0.99,0.988902,0.989451,1,1,1
11803,ton_iot,1,1.0,0.999932,0.999966,1,1,1
11804,ton_iot,1,0.99977,0.995178,0.997474,1,1,1
11824,ton_iot,1,0.999395,0.991457,0.995426,1,1,1
11828,ton_iot,1,0.338387,0.177638,0.258013,0,0,0
11829,ton_iot,1,0.99977,0.993725,0.996748,1,1,1
11830,ton_iot,1,0.999395,0.991457,0.995426,1,1,1
11831,ton_iot,1,0.999395,0.991457,0.995426,1,1,1
11833,ton_iot,1,0.99977,0.993725,0.996748,1,1,1
11837,ton_iot,1,1.0,0.952306,0.976153,1,1,1
11840,ton_iot,1,1.0,0.998054,0.999027,1,1,1
11844,ton_iot,1,0.99977,0.993725,0.996748,1,1,1
11846,ton_iot,1,0.999395,0.991846,0.99562,1,1,1
11860,ton_iot,1,1.0,0.994545,0.997272,1,1,1
11863,ton_iot,1,1.0,0.995731,0.997865,1,1,1
11864,ton_iot,1,0.999395,0.991846,0.99562,1,1,1
11866,ton_iot,1,0.999395,0.991457,0.995426,1,1,1
11867,ton_iot,1,1.0,0.961094,0.980547,1,1,1
11876,ton_iot,1,1.0,0.999991,0.999995,1,1,1
11885,ton_iot,1,0.98,0.999497,0.989748,1,1,1
11890,ton_iot,1,1.0,0.947403,0.973701,1,1,1
11903,ton_iot,1,1.0,0.999988,0.999994,1,1,1
11906,ton_iot,1,1.0,0.996867,0.998434,1,1,1
11910,ton_iot,1,0.99977,0.993725,0.996748,1,1,1
11921,ton_iot,1,1.0,0.99486,0.99743,1,1,1
11923,ton_iot,1,0.999395,0.991457,0.995426,1,1,1
11925,ton_iot,0,0.76,1.0,0.88,1,1,1
11927,ton_iot,1,1.0,0.218398,0.609199,1,0,1
11940,ton_iot,1,0.999988,0.923771,0.961879,1,1,1
11942,ton_iot,1,0.99977,0.994541,0.997156,1,1,1
11950,ton_iot,1,1.0,0.99486,0.99743,1,1,1
11957,ton_iot,1,0.99977,0.993725,0.996748,1,1,1
11963,ton_iot,1,0.99977,0.996362,0.998066,1,1,1
11985,ton_iot,1,1.0,0.670097,0.835049,1,1,1
11989,ton_iot,1,0.999395,0.991846,0.99562,1,1,1
11990,ton_iot,1,1.0,0.947408,0.973704,1,1,1
12001,ton_iot,1,1.0,0.99486,0.99743,1,1,1
12002,ton_iot,1,0.999395,0.991457,0.995426,1,1,1
12003,ton_iot,1,0.99977,0.993725,0.996748,1,1,1
12006,ton_iot,1,1.0,0.999989,0.999994,1,1,1
12007,ton_iot,1,1.0,0.99518,0.99759,1,1,1
12016,ton_iot,1,0.999395,0.991457,0.995426,1,1,1
12018,ton_iot,1,0.99977,0.993725,0.996748,1,1,1
12020,ton_iot,1,0.999395,0.991846,0.99562,1,1,1
12027,ton_iot,1,0.999395,0.991846,0.99562,1,1,1
12029,ton_iot,1,1.0,0.999989,0.999994,1,1,1
12033,ton_iot,1,0.999395,0.991457,0.995426,1,1,1
12035,ton_iot,1,1.0,0.99486,0.99743,1,1,1
12043,ton_iot,1,0.99977,0.993725,0.996748,1,1,1
12052,ton_iot,1,1.0,0.99994,0.99997,1,1,1
12056,ton_iot,1,0.999395,0.991457,0.995426,1,1,1
12059,ton_iot,1,1.0,0.999991,0.999995,1,1,1
12061,ton_iot,1,0.999395,0.991846,0.99562,1,1,1
12064,ton_iot,1,1.0,0.999336,0.999668,1,1,1
12066,ton_iot,1,0.999395,0.991846,0.99562,1,1,1
12068,ton_iot,1,0.999395,0.991846,0.99562,1,1,1
12073,ton_iot,1,0.999395,0.991846,0.99562,1,1,1
12081,ton_iot,1,0.99977,0.995178,0.997474,1,1,1
12086,ton_iot,1,1.0,0.999991,0.999996,1,1,1
12089,ton_iot,1,1.0,0.999989,0.999994,1,1,1
12103,ton_iot,1,1.0,0.986396,0.993198,1,1,1
12107,ton_iot,1,0.999395,0.991457,0.995426,1,1,1
12111,ton_iot,1,1.0,0.947402,0.973701,1,1,1
12119,ton_iot,1,0.99618,0.998902,0.997541,1,1,1
12123,ton_iot,1,1.0,0.924248,0.962124,1,1,1
12145,ton_iot,1,0.999395,0.991846,0.99562,1,1,1
12146,ton_iot,1,1.0,0.969039,0.98452,1,1,1
12149,ton_iot,1,0.999395,0.991457,0.995426,1,1,1
12151,ton_iot,1,0.99977,0.995178,0.997474,1,1,1
12154,ton_iot,1,1.0,0.994552,0.997276,1,1,1
12156,ton_iot,1,0.999395,0.991846,0.99562,1,1,1
12159,ton_iot,1,0.99977,0.993725,0.996748,1,1,1
12173,ton_iot,1,1.0,0.847181,0.923591,1,1,1
12174,ton_iot,1,1.0,0.995284,0.997642,1,1,1
12180,ton_iot,1,0.99977,0.993725,0.996748,1,1,1
12183,ton_iot,1,1.0,0.995188,0.997594,1,1,1
12194,ton_iot,1,0.98,1.0,0.99,1,1,1
12200,ton_iot,1,0.99977,0.995178,0.997474,1,1,1
12204,ton_iot,1,1.0,0.948564,0.974282,1,1,1
12213,ton_iot,1,1.0,0.99486,0.99743,1,1,1
12214,ton_iot,1,1.0,0.547369,0.773685,1,1,1
12221,ton_iot,1,0.98801,0.996362,0.992186,1,1,1
12223,ton_iot,1,1.0,0.999988,0.999994,1,1,1
12228,ton_iot,1,1.0,0.961054,0.980527,1,1,1
12232,ton_iot,1,0.99977,0.993725,0.996748,1,1,1
12234,ton_iot,1,0.999395,0.991846,0.99562,1,1,1
12237,ton_iot,1,0.99977,0.995178,0.997474,1,1,1
12238,ton_iot,1,1.0,0.993026,0.996513,1,1,1
12239,ton_iot,1,0.999395,0.991457,0.995426,1,1,1
12242,ton_iot,1,0.999395,0.991846,0.99562,1,1,1
12245,ton_iot,1,1.0,0.999319,0.99966,1,1,1
12248,ton_iot,1,1.0,0.947404,0.973702,1,1,1
12250,ton_iot,1,1.0,0.999213,0.999606,1,1,1
12251,ton_iot,1,1.0,0.99396,0.99698,1,1,1
12258,ton_iot,1,1.0,0.999989,0.999994,1,1,1
12259,ton_iot,1,0.99977,0.993725,0.996748,1,1,1
12260,ton_iot,1,0.999395,0.991457,0.995426,1,1,1
12261,ton_iot,1,0.97,0.681261,0.825631,1,1,1
12265,ton_iot,1,0.999395,0.991846,0.99562,1,1,1
12266,ton_iot,1,1.0,0.999818,0.999909,1,1,1
12267,ton_iot,1,1.0,0.999209,0.999605,1,1,1
12268,ton_iot,1,1.0,0.999991,0.999995,1,1,1
12290,ton_iot,1,1.0,0.99486,0.99743,1,1,1
12296,ton_iot,1,1.0,0.992779,0.99639,1,1,1
12302,ton_iot,1,0.999395,0.991846,0.99562,1,1,1
12303,ton_iot,1,0.99977,0.994541,0.997156,1,1,1
12304,ton_iot,1,1.0,0.947421,0.97371,1,1,1
12306,ton_iot,1,0.99977,0.993725,0.996748,1,1,1
12308,ton_iot,1,1.0,0.999989,0.999994,1,1,1
12313,ton_iot,1,0.999395,0.991846,0.99562,1,1,1
12322,ton_iot,1,1.0,0.999991,0.999996,1,1,1
12326,ton_iot,1,0.999395,0.991846,0.99562,1,1,1
12336,ton_iot,1,1.0,0.99486,0.99743,1,1,1
12337,ton_iot,1,0.999395,0.991457,0.995426,1,1,1
12343,ton_iot,1,1.0,0.999989,0.999994,1,1,1
12345,ton_iot,1,0.97,0.993453,0.981726,1,1,1
12347,ton_iot,1,0.99977,0.993725,0.996748,1,1,1
12348,ton_iot,1,0.99977,0.993725,0.996748,1,1,1
12352,ton_iot,1,0.999395,0.991846,0.99562,1,1,1
12353,ton_iot,1,1.0,0.937521,0.96876,1,1,1
12362,ton_iot,1,0.999395,0.991846,0.99562,1,1,1
12364,ton_iot,1,0.338387,0.177638,0.258013,0,0,0
12374,ton_iot,1,1.0,0.993004,0.996502,1,1,1
12395,ton_iot,1,0.999395,0.991457,0.995426,1,1,1
12396,ton_iot,1,0.99977,0.993725,0.996748,1,1,1
12397,ton_iot,1,1.0,0.999989,0.999994,1,1,1
12398,ton_iot,1,0.99977,0.993725,0.996748,1,1,1
12404,ton_iot,1,0.999395,0.991846,0.99562,1,1,1
12406,ton_iot,1,1.0,0.999989,0.999994,1,1,1
12432,ton_iot,1,0.96,0.999996,0.979998,1,1,1
12442,ton_iot,1,1.0,0.993727,0.996863,1,1,1
12448,ton_iot,1,1.0,0.937496,0.968748,1,1,1
12450,ton_iot,1,1.0,0.999988,0.999994,1,1,1
12452,ton_iot,1,1.0,0.999989,0.999994,1,1,1
12455,ton_iot,0,0.02,0.014331,0.017165,0,0,0
12464,ton_iot,1,1.0,0.990013,0.995006,1,1,1
12483,ton_iot,1,1.0,0.405412,0.702706,1,0,1
12484,ton_iot,1,0.99977,0.994541,0.997156,1,1,1
12486,ton_iot,1,0.99977,0.993725,0.996748,1,1,1
12492,ton_iot,1,0.99977,0.993725,0.996748,1,1,1
12493,ton_iot,1,0.99977,0.993725,0.996748,1,1,1
12494,ton_iot,1,0.999395,0.991457,0.995426,1,1,1
12495,ton_iot,1,0.99977,0.995178,0.997474,1,1,1
12521,ton_iot,1,1.0,0.994549,0.997275,1,1,1
12525,ton_iot,1,1.0,0.999989,0.999994,1,1,1
12534,ton_iot,1,0.999395,0.991457,0.995426,1,1,1
12536,ton_iot,1,0.999395,0.991846,0.99562,1,1,1
12541,ton_iot,1,1.0,0.961165,0.980583,1,1,1
12542,ton_iot,1,0.99977,0.993725,0.996748,1,1,1
12543,ton_iot,1,1.0,0.997833,0.998916,1,1,1
12544,ton_iot,1,1.0,0.993961,0.99698,1,1,1
12548,ton_iot,1,1.0,0.948563,0.974281,1,1,1
12551,ton_iot,1,1.0,0.998852,0.999426,1,1,1
12559,ton_iot,1,1.0,0.99486,0.99743,1,1,1
12569,ton_iot,1,0.99977,0.993725,0.996748,1,1,1
12571,ton_iot,1,1.0,0.952593,0.976297,1,1,1
12587,ton_iot,1,1.0,0.948563,0.974281,1,1,1
12597,ton_iot,1,1.0,0.999987,0.999994,1,1,1
12600,ton_iot,1,0.99977,0.993725,0.996748,1,1,1
12606,ton_iot,1,1.0,0.670034,0.835017,1,1,1
12608,ton_iot,1,1.0,1.0,1.0,1,1,1
12612,ton_iot,1,0.999395,0.991846,0.99562,1,1,1
12613,ton_iot,1,1.0,0.996727,0.998363,1,1,1
12621,ton_iot,1,0.99977,0.993725,0.996748,1,1,1
12626,ton_iot,1,1.0,0.999989,0.999994,1,1,1
12639,ton_iot,1,0.99977,0.993725,0.996748,1,1,1
12644,ton_iot,1,0.99977,0.993725,0.996748,1,1,1
12645,ton_iot,1,0.999395,0.991846,0.99562,1,1,1
12662,ton_iot,1,0.99977,0.993725,0.996748,1,1,1
12673,ton_iot,1,1.0,0.999988,0.999994,1,1,1
12674,ton_iot,1,0.99977,0.993725,0.996748,1,1,1
12682,ton_iot,1,0.999395,0.991846,0.99562,1,1,1
12686,ton_iot,1,0.98,0.99173,0.985865,1,1,1
12691,ton_iot,1,1.0,0.998571,0.999286,1,1,1
12696,ton_iot,1,1.0,0.961096,0.980548,1,1,1
12699,ton_iot,1,0.99977,0.993725,0.996748,1,1,1
12704,ton_iot,1,0.999395,0.991457,0.995426,1,1,1
12707,ton_iot,1,0.99977,0.993725,0.996748,1,1,1
12713,ton_iot,1,1.0,0.999989,0.999994,1,1,1
12714,ton_iot,1,0.999395,0.991457,0.995426,1,1,1
12720,ton_iot,1,1.0,0.971147,0.985574,1,1,1
12733,ton_iot,0,0.0,0.154358,0.077179,0,0,0
12734,ton_iot,1,1.0,0.936293,0.968147,1,1,1
12742,ton_iot,1,1.0,0.99486,0.99743,1,1,1
12747,ton_iot,1,1.0,0.999988,0.999994,1,1,1
12748,ton_iot,1,1.0,0.999989,0.999994,1,1,1
12753,ton_iot,1,1.0,0.999991,0.999995,1,1,1
12765,ton_iot,1,1.0,0.999934,0.999967,1,1,1
12766,ton_iot,1,0.999395,0.991846,0.99562,1,1,1
12769,ton_iot,1,0.99,0.822022,0.906011,1,1,1
12771,ton_iot,1,1.0,0.990165,0.995083,1,1,1
12774,ton_iot,1,1.0,0.948564,0.974282,1,1,1
12778,ton_iot,1,1.0,0.992789,0.996394,1,1,1
12779,ton_iot,0,0.06,0.329057,0.194529,0,0,0
12780,ton_iot,1,0.999395,0.991846,0.99562,1,1,1
12791,ton_iot,1,1.0,1.0,1.0,1,1,1
12804,ton_iot,0,0.01,0.90596,0.45798,0,1,0
12805,ton_iot,1,1.0,0.947395,0.973698,1,1,1
12808,ton_iot,1,0.999395,0.991457,0.995426,1,1,1
12810,ton_iot,1,0.999395,0.991846,0.99562,1,1,1
12826,ton_iot,1,1.0,0.988304,0.994152,1,1,1
12832,ton_iot,1,1.0,0.947395,0.973698,1,1,1
12838,ton_iot,1,1.0,0.947403,0.973701,1,1,1
12840,ton_iot,1,0.99977,0.993725,0.996748,1,1,1
12853,ton_iot,1,1.0,0.999989,0.999994,1,1,1
12855,ton_iot,1,1.0,0.994545,0.997272,1,1,1
12863,ton_iot,1,0.999395,0.991846,0.99562,1,1,1
12875,ton_iot,1,1.0,0.952845,0.976423,1,1,1
12880,ton_iot,1,0.99977,0.993725,0.996748,1,1,1
12887,ton_iot,1,0.99977,0.994542,0.997156,1,1,1
12889,ton_iot,1,0.99977,0.995178,0.997474,1,1,1
12891,ton_iot,1,0.99977,0.994541,0.997156,1,1,1
12895,ton_iot,1,1.0,0.996369,0.998184,1,1,1
12902,ton_iot,1,1.0,0.919835,0.959917,1,1,1
12907,ton_iot,1,1.0,0.993961,0.996981,1,1,1
12909,ton_iot,1,0.99977,0.993725,0.996748,1,1,1
12929,ton_iot,1,0.999395,0.991457,0.995426,1,1,1
12935,ton_iot,1,1.0,0.998705,0.999353,1,1,1
12942,ton_iot,1,0.99977,0.994541,0.997156,1,1,1
12943,ton_iot,1,0.999395,0.991846,0.99562,1,1,1
12948,ton_iot,1,0.99977,0.993725,0.996748,1,1,1
12952,ton_iot,1,1.0,0.547369,0.773685,1,1,1
12956,ton_iot,1,1.0,0.999989,0.999994,1,1,1
12958,ton_iot,1,0.99977,0.993725,0.996748,1,1,1
12961,ton_iot,1,0.999395,0.991457,0.995426,1,1,1
12962,ton_iot,1,0.95,0.999141,0.974571,1,1,1
12969,ton_iot,1,0.999395,0.991457,0.995426,1,1,1
12984,ton_iot,1,0.999395,0.991457,0.995426,1,1,1
12988,ton_iot,1,0.83129,0.329451,0.58037,1,0,1
12990,ton_iot,1,0.99977,0.995178,0.997474,1,1,1
12992,ton_iot,1,1.0,0.999989,0.999994,1,1,1
12993,ton_iot,1,1.0,0.947404,0.973702,1,1,1
12996,ton_iot,1,1.0,0.999307,0.999653,1,1,1
12997,ton_iot,1,1.0,0.999989,0.999994,1,1,1
13000,ton_iot,1,1.0,0.99486,0.99743,1,1,1
13001,ton_iot,1,0.99977,0.994541,0.997156,1,1,1
13006,ton_iot,1,0.99977,0.993725,0.996748,1,1,1
13015,ton_iot,1,1.0,0.824101,0.912051,1,1,1
13022,ton_iot,1,1.0,0.9998,0.9999,1,1,1
13025,ton_iot,1,0.99977,0.995178,0.997474,1,1,1
13028,ton_iot,1,1.0,0.99486,0.99743,1,1,1
13032,ton_iot,1,1.0,0.99486,0.99743,1,1,1
13034,ton_iot,1,1.0,0.99486,0.99743,1,1,1
13035,ton_iot,1,0.999988,0.994542,0.997265,1,1,1
13036,ton_iot,1,1.0,0.998799,0.9994,1,1,1
13040,ton_iot,1,0.999395,0.991457,0.995426,1,1,1
13049,ton_iot,1,0.99977,0.993725,0.996748,1,1,1
13056,ton_iot,1,1.0,0.961142,0.980571,1,1,1
13057,ton_iot,0,0.64,0.012186,0.326093,1,0,0
13060,ton_iot,1,0.99977,0.993725,0.996748,1,1,1
13062,ton_iot,1,1.0,0.999994,0.999997,1,1,1
13063,ton_iot,1,0.99977,0.993725,0.996748,1,1,1
13069,ton_iot,1,0.999395,0.991457,0.995426,1,1,1
13072,ton_iot,1,0.99977,0.995178,0.997474,1,1,1
13077,ton_iot,1,1.0,0.994861,0.99743,1,1,1
13078,ton_iot,1,1.0,0.99486,0.99743,1,1,1
13082,ton_iot,1,0.99977,0.994541,0.997156,1,1,1
13092,ton_iot,1,1.0,0.851386,0.925693,1,1,1
13093,ton_iot,1,0.99977,0.993725,0.996748,1,1,1
13096,ton_iot,1,1.0,0.99486,0.99743,1,1,1
13101,ton_iot,1,1.0,0.947401,0.973701,1,1,1
13107,ton_iot,1,0.99977,0.993725,0.996748,1,1,1
13121,ton_iot,1,1.0,0.936346,0.968173,1,1,1
13126,ton_iot,1,0.999395,0.991846,0.99562,1,1,1
13128,ton_iot,1,0.99977,0.993725,0.996748,1,1,1
13145,ton_iot,1,1.0,0.999989,0.999994,1,1,1
13147,ton_iot,1,1.0,0.99518,0.99759,1,1,1
13152,ton_iot,1,0.999395,0.991846,0.99562,1,1,1
13155,ton_iot,1,0.999395,0.991457,0.995426,1,1,1
13158,ton_iot,1,0.999395,0.991846,0.99562,1,1,1
13159,ton_iot,1,1.0,0.993497,0.996749,1,1,1
13160,ton_iot,1,1.0,0.948565,0.974282,1,1,1
13162,ton_iot,1,0.999395,0.991846,0.99562,1,1,1
13178,ton_iot,1,0.999395,0.991457,0.995426,1,1,1
13182,ton_iot,1,0.97,0.995458,0.982729,1,1,1
13183,ton_iot,1,0.83129,0.329451,0.58037,1,0,1
13188,ton_iot,1,0.999395,0.991457,0.995426,1,1,1
13193,ton_iot,1,0.99977,0.993725,0.996748,1,1,1
13194,ton_iot,1,1.0,0.999989,0.999994,1,1,1
13195,ton_iot,1,0.999395,0.991457,0.995426,1,1,1
13203,ton_iot,1,1.0,0.989658,0.994829,1,1,1
13206,ton_iot,1,1.0,0.998801,0.9994,1,1,1
13207,ton_iot,1,0.99977,0.993725,0.996748,1,1,1
13208,ton_iot,0,0.01,0.062082,0.036041,0,0,0
13210,ton_iot,1,0.91,0.996832,0.953416,1,1,1
13212,ton_iot,1,0.999395,0.991846,0.99562,1,1,1
13214,ton_iot,1,1.0,0.999989,0.999994,1,1,1
13217,ton_iot,1,0.99977,0.993725,0.996748,1,1,1
13223,ton_iot,1,1.0,0.994862,0.997431,1,1,1
13229,ton_iot,1,0.99,0.805147,0.897573,1,1,1
13241,ton_iot,1,1.0,0.994862,0.997431,1,1,1
13243,ton_iot,1,0.99977,0.995178,0.997474,1,1,1
13245,ton_iot,1,0.99977,0.993725,0.996748,1,1,1
13255,ton_iot,0,0.0,0.064795,0.032397,0,0,0
13256,ton_iot,1,0.959904,0.992526,0.976215,1,1,1
13262,ton_iot,1,1.0,0.937504,0.968752,1,1,1
13272,ton_iot,1,1.0,0.999377,0.999689,1,1,1
13277,ton_iot,1,0.99977,0.995178,0.997474,1,1,1
13279,ton_iot,1,0.99977,0.993725,0.996748,1,1,1
13280,ton_iot,1,0.99977,0.993725,0.996748,1,1,1
13282,ton_iot,1,0.99977,0.993725,0.996748,1,1,1
13283,ton_iot,1,0.999395,0.991846,0.99562,1,1,1
13291,ton_iot,1,1.0,0.999989,0.999994,1,1,1
13293,ton_iot,1,0.999395,0.991846,0.99562,1,1,1
13294,ton_iot,1,0.99977,0.993725,0.996748,1,1,1
13300,ton_iot,1,0.999395,0.991457,0.995426,1,1,1
13305,ton_iot,1,1.0,0.955769,0.977884,1,1,1
13306,ton_iot,1,1.0,0.99486,0.99743,1,1,1
13323,ton_iot,1,1.0,0.99486,0.99743,1,1,1
13328,ton_iot,1,0.99977,0.993725,0.996748,1,1,1
13339,ton_iot,1,1.0,0.999991,0.999995,1,1,1
13340,ton_iot,1,1.0,0.992697,0.996349,1,1,1
13345,ton_iot,1,1.0,0.994544,0.997272,1,1,1
13362,ton_iot,1,0.999395,0.991457,0.995426,1,1,1
13367,ton_iot,1,0.999395,0.991846,0.99562,1,1,1
13368,ton_iot,1,0.999395,0.991457,0.995426,1,1,1
13371,ton_iot,1,1.0,0.99486,0.99743,1,1,1
13384,ton_iot,1,1.0,0.993625,0.996813,1,1,1
13391,ton_iot,1,0.99977,0.995178,0.997474,1,1,1
13407,ton_iot,1,0.99977,0.993725,0.996748,1,1,1
13411,ton_iot,1,1.0,0.995192,0.997596,1,1,1
13418,ton_iot,1,1.0,0.99486,0.99743,1,1,1
13419,ton_iot,1,1.0,0.805157,0.902578,1,1,1
13431,ton_iot,1,0.99977,0.993725,0.996748,1,1,1
13433,ton_iot,0,0.83129,0.329451,0.58037,1,0,1
13434,ton_iot,1,1.0,0.978867,0.989433,1,1,1
13443,ton_iot,1,0.959904,0.992526,0.976215,1,1,1
13444,ton_iot,1,0.97,0.947466,0.958733,1,1,1
13446,ton_iot,1,0.96,0.999831,0.979916,1,1,1
13450,ton_iot,1,1.0,0.992336,0.996168,1,1,1
13456,ton_iot,1,1.0,0.999988,0.999994,1,1,1
13462,ton_iot,1,0.999395,0.991457,0.995426,1,1,1
13472,ton_iot,1,1.0,0.961104,0.980552,1,1,1
13474,ton_iot,1,1.0,0.991081,0.99554,1,1,1
13479,ton_iot,1,1.0,0.670021,0.835011,1,1,1
13481,ton_iot,1,1.0,0.999989,0.999994,1,1,1
13482,ton_iot,1,1.0,0.99486,0.99743,1,1,1
13483,ton_iot,1,1.0,0.993982,0.996991,1,1,1
13484,ton_iot,1,1.0,0.9986,0.9993,1,1,1
13490,ton_iot,1,1.0,0.994751,0.997375,1,1,1
13503,ton_iot,1,1.0,0.952294,0.976147,1,1,1
13508,ton_iot,1,0.999395,0.991457,0.995426,1,1,1
13509,ton_iot,1,1.0,0.999552,0.999776,1,1,1
13514,ton_iot,1,1.0,0.952847,0.976424,1,1,1
13515,ton_iot,1,1.0,0.999636,0.999818,1,1,1
13528,ton_iot,1,1.0,0.818718,0.909359,1,1,1
13537,ton_iot,1,1.0,0.999988,0.999994,1,1,1
13544,ton_iot,1,1.0,0.995182,0.997591,1,1,1
13545,ton_iot,1,0.99977,0.994541,0.997156,1,1,1
13554,ton_iot,1,1.0,0.999989,0.999994,1,1,1
13557,ton_iot,1,0.999395,0.991457,0.995426,1,1,1
13558,ton_iot,1,0.999395,0.991457,0.995426,1,1,1
13565,ton_iot,1,1.0,0.999987,0.999993,1,1,1
13567,ton_iot,1,0.99977,0.995178,0.997474,1,1,1
13576,ton_iot,1,0.99977,0.994541,0.997156,1,1,1
13585,ton_iot,1,1.0,0.995179,0.997589,1,1,1
13591,ton_iot,1,1.0,0.988003,0.994001,1,1,1
13592,ton_iot,1,0.99977,0.993725,0.996748,1,1,1
13594,ton_iot,1,0.83129,0.329451,0.58037,1,0,1
13601,ton_iot,1,0.999395,0.991457,0.995426,1,1,1
13614,ton_iot,1,1.0,0.948561,0.974281,1,1,1
13627,ton_iot,1,0.999395,0.991846,0.99562,1,1,1
13630,ton_iot,1,1.0,0.999497,0.999749,1,1,1
13636,ton_iot,1,0.99618,0.998902,0.997541,1,1,1
13646,ton_iot,1,1.0,0.99518,0.99759,1,1,1
13661,ton_iot,1,0.999395,0.991846,0.99562,1,1,1
13676,ton_iot,1,1.0,0.999471,0.999735,1,1,1
13678,ton_iot,0,0.002133,0.19848,0.100306,0,0,0
13679,ton_iot,1,1.0,0.995469,0.997734,1,1,1
13704,ton_iot,1,1.0,0.999989,0.999994,1,1,1
13706,ton_iot,1,1.0,0.990845,0.995423,1,1,1
13711,ton_iot,1,0.99977,0.993725,0.996748,1,1,1
13718,ton_iot,1,1.0,0.990128,0.995064,1,1,1
13728,ton_iot,1,0.99977,0.993725,0.996748,1,1,1
13729,ton_iot,1,1.0,0.998675,0.999337,1,1,1
13730,ton_iot,1,1.0,0.935002,0.967501,1,1,1
13735,ton_iot,1,1.0,0.990698,0.995349,1,1,1
13746,ton_iot,1,0.99977,0.993725,0.996748,1,1,1
13750,ton_iot,1,0.999395,0.991846,0.99562,1,1,1
13757,ton_iot,1,0.99977,0.995178,0.997474,1,1,1
13765,ton_iot,1,0.999395,0.991457,0.995426,1,1,1
13771,ton_iot,1,0.99977,0.993725,0.996748,1,1,1
13773,ton_iot,1,0.99977,0.993725,0.996748,1,1,1
13780,ton_iot,1,1.0,0.998239,0.99912,1,1,1
13784,ton_iot,1,0.999395,0.991457,0.995426,1,1,1
13785,ton_iot,1,0.999395,0.991457,0.995426,1,1,1
13801,ton_iot,1,1.0,0.992117,0.996058,1,1,1
13804,ton_iot,1,0.999395,0.991846,0.99562,1,1,1
13808,ton_iot,0,0.002133,0.19848,0.100306,0,0,0
13812,ton_iot,1,1.0,0.99486,0.99743,1,1,1
13820,ton_iot,1,1.0,0.99486,0.99743,1,1,1
13821,ton_iot,1,1.0,0.998613,0.999306,1,1,1
13822,ton_iot,1,0.99977,0.993725,0.996748,1,1,1
13828,ton_iot,1,0.999395,0.991846,0.99562,1,1,1
13831,ton_iot,1,1.0,0.99486,0.99743,1,1,1
13834,ton_iot,1,0.99977,0.995178,0.997474,1,1,1
13848,ton_iot,1,1.0,0.996867,0.998434,1,1,1
13851,ton_iot,1,0.999395,0.991846,0.99562,1,1,1
13853,ton_iot,1,0.999395,0.991846,0.99562,1,1,1
13855,ton_iot,1,0.83129,0.329451,0.58037,1,0,1
13856,ton_iot,1,0.999395,0.991457,0.995426,1,1,1
13858,ton_iot,1,1.0,0.919837,0.959919,1,1,1
13859,ton_iot,1,0.99977,0.996362,0.998066,1,1,1
13863,ton_iot,1,0.99977,0.994541,0.997156,1,1,1
13868,ton_iot,1,1.0,0.999989,0.999994,1,1,1
13871,ton_iot,1,0.99977,0.993725,0.996748,1,1,1
13881,ton_iot,1,1.0,0.994228,0.997114,1,1,1
13913,ton_iot,1,1.0,0.99486,0.99743,1,1,1
13920,ton_iot,1,0.99977,0.993725,0.996748,1,1,1
13922,ton_iot,1,0.99977,0.993725,0.996748,1,1,1
13927,ton_iot,1,0.999395,0.991457,0.995426,1,1,1
13936,ton_iot,1,0.999395,0.991846,0.99562,1,1,1
13940,ton_iot,1,0.999395,0.991457,0.995426,1,1,1
13944,ton_iot,1,0.99977,0.993725,0.996748,1,1,1
13952,ton_iot,1,0.999395,0.991457,0.995426,1,1,1
13965,ton_iot,1,0.99977,0.993725,0.996748,1,1,1
13972,ton_iot,1,1.0,0.999991,0.999996,1,1,1
13976,ton_iot,1,0.999395,0.991457,0.995426,1,1,1
13981,ton_iot,1,1.0,0.220619,0.61031,1,0,1
13982,ton_iot,1,0.99977,0.993725,0.996748,1,1,1
13983,ton_iot,1,1.0,0.999194,0.999597,1,1,1
13985,ton_iot,1,1.0,0.995866,0.997933,1,1,1
13986,ton_iot,1,0.999395,0.991846,0.99562,1,1,1
14009,ton_iot,1,1.0,0.993953,0.996976,1,1,1
14013,ton_iot,1,0.99977,0.993725,0.996748,1,1,1
14014,ton_iot,1,1.0,0.547369,0.773685,1,1,1
14021,ton_iot,1,1.0,0.99486,0.99743,1,1,1
14035,ton_iot,1,1.0,0.994576,0.997288,1,1,1
14043,ton_iot,1,1.0,0.999991,0.999995,1,1,1
14052,ton_iot,1,1.0,0.993292,0.996646,1,1,1
14054,ton_iot,1,1.0,0.999989,0.999994,1,1,1
14064,ton_iot,1,1.0,0.999989,0.999994,1,1,1
14067,ton_iot,1,0.99977,0.993725,0.996748,1,1,1
14070,ton_iot,1,0.999395,0.991846,0.99562,1,1,1
14072,ton_iot,1,0.999395,0.991846,0.99562,1,1,1
14077,ton_iot,1,0.99618,0.998902,0.997541,1,1,1
14087,ton_iot,1,1.0,0.99486,0.99743,1,1,1
14090,ton_iot,1,0.99977,0.993725,0.996748,1,1,1
14093,ton_iot,1,1.0,0.999337,0.999669,1,1,1
14094,ton_iot,1,0.99977,0.995178,0.997474,1,1,1
14100,ton_iot,1,1.0,0.999988,0.999994,1,1,1
14102,ton_iot,1,1.0,0.948556,0.974278,1,1,1
14103,ton_iot,1,0.99618,0.998902,0.997541,1,1,1
14104,ton_iot,0,0.0,0.768648,0.384324,0,1,0
14105,ton_iot,0,0.0,0.940899,0.47045,0,1,0
14106,ton_iot,1,0.99977,0.993725,0.996748,1,1,1
14111,ton_iot,1,1.0,0.906972,0.953486,1,1,1
14113,ton_iot,1,1.0,0.999989,0.999994,1,1,1
14118,ton_iot,1,1.0,0.99678,0.99839,1,1,1
14120,ton_iot,1,0.999395,0.991457,0.995426,1,1,1
14126,ton_iot,1,1.0,0.99486,0.99743,1,1,1
14137,ton_iot,1,1.0,0.99486,0.99743,1,1,1
14139,ton_iot,1,1.0,0.999991,0.999995,1,1,1
14141,ton_iot,1,0.99977,0.993725,0.996748,1,1,1
14153,ton_iot,1,1.0,0.994657,0.997328,1,1,1
14157,ton_iot,1,1.0,0.997467,0.998733,1,1,1
14161,ton_iot,1,1.0,1.0,1.0,1,1,1
14162,ton_iot,1,1.0,0.961121,0.980561,1,1,1
14164,ton_iot,1,1.0,0.951164,0.975582,1,1,1
14168,ton_iot,1,1.0,0.794569,0.897284,1,1,1
14171,ton_iot,1,0.99977,0.993725,0.996748,1,1,1
14175,ton_iot,1,0.99977,0.993725,0.996748,1,1,1
14181,ton_iot,1,1.0,0.994861,0.99743,1,1,1
14186,ton_iot,1,1.0,0.995271,0.997635,1,1,1
14190,ton_iot,1,0.99977,0.993725,0.996748,1,1,1
14196,ton_iot,1,0.99977,0.995178,0.997474,1,1,1
14197,ton_iot,1,0.99977,0.993725,0.996748,1,1,1
14198,ton_iot,1,0.999395,0.991457,0.995426,1,1,1
14199,ton_iot,1,1.0,0.999989,0.999994,1,1,1
14200,ton_iot,1,0.98,0.970173,0.975086,1,1,1
14202,ton_iot,1,1.0,0.955254,0.977627,1,1,1
14204,ton_iot,1,0.99618,0.998902,0.997541,1,1,1
14207,ton_iot,1,0.98,0.998064,0.989032,1,1,1
14211,ton_iot,1,1.0,0.999988,0.999994,1,1,1
14213,ton_iot,1,1.0,0.99435,0.997175,1,1,1
14215,ton_iot,1,1.0,0.952625,0.976313,1,1,1
14221,ton_iot,1,1.0,0.99486,0.99743,1,1,1
14228,ton_iot,1,0.999395,0.991457,0.995426,1,1,1
14242,ton_iot,1,0.83129,0.329451,0.58037,1,0,1
14250,ton_iot,1,0.999395,0.991846,0.99562,1,1,1
14254,ton_iot,1,0.99977,0.995178,0.997474,1,1,1
14270,ton_iot,1,0.338387,0.177638,0.258013,0,0,0
14271,ton_iot,1,0.99977,0.995178,0.997474,1,1,1
14277,ton_iot,1,0.99618,0.998902,0.997541,1,1,1
14286,ton_iot,1,0.99977,0.993725,0.996748,1,1,1
14288,ton_iot,1,1.0,0.999981,0.99999,1,1,1
14293,ton_iot,1,0.98,0.794577,0.887288,1,1,1
14298,ton_iot,1,1.0,0.993726,0.996863,1,1,1
14299,ton_iot,1,1.0,0.99486,0.99743,1,1,1
14306,ton_iot,1,1.0,0.999987,0.999994,1,1,1
14311,ton_iot,1,0.99977,0.995178,0.997474,1,1,1
14317,ton_iot,1,0.99977,0.995178,0.997474,1,1,1
14320,ton_iot,1,1.0,0.875953,0.937977,1,1,1
14323,ton_iot,1,1.0,1.0,1.0,1,1,1
14336,ton_iot,1,0.99977,0.993725,0.996748,1,1,1
14340,ton_iot,1,0.99977,0.993725,0.996748,1,1,1
14345,ton_iot,1,1.0,0.99958,0.99979,1,1,1
14353,ton_iot,1,1.0,0.999935,0.999967,1,1,1
14356,ton_iot,1,1.0,0.999989,0.999994,1,1,1
14361,ton_iot,1,1.0,0.995188,0.997594,1,1,1
14362,ton_iot,1,0.999383,0.92377,0.961576,1,1,1
14363,ton_iot,1,1.0,0.906908,0.953454,1,1,1
14366,ton_iot,1,1.0,0.933,0.9665,1,1,1
14372,ton_iot,1,0.999395,0.991457,0.995426,1,1,1
14375,ton_iot,1,1.0,0.936233,0.968117,1,1,1
14380,ton_iot,1,0.999395,0.991457,0.995426,1,1,1
14381,ton_iot,1,0.999395,0.991457,0.995426,1,1,1
14384,ton_iot,1,1.0,0.999989,0.999994,1,1,1
14385,ton_iot,1,0.999395,0.991457,0.995426,1,1,1
14387,ton_iot,0,0.002133,0.19848,0.100306,0,0,0
14393,ton_iot,1,1.0,0.94856,0.97428,1,1,1
14397,ton_iot,1,0.99977,0.993725,0.996748,1,1,1
14398,ton_iot,1,1.0,0.948562,0.974281,1,1,1
14403,ton_iot,1,1.0,0.999989,0.999994,1,1,1
14404,ton_iot,1,1.0,0.96873,0.984365,1,1,1
14405,ton_iot,1,1.0,0.999991,0.999995,1,1,1
14418,ton_iot,0,0.009395,0.329451,0.169423,0,0,0
14425,ton_iot,1,1.0,0.993986,0.996993,1,1,1
14444,ton_iot,1,0.597853,0.364916,0.481385,1,0,0
14445,ton_iot,1,0.959904,0.992526,0.976215,1,1,1
14453,ton_iot,1,1.0,0.955526,0.977763,1,1,1
14457,ton_iot,1,1.0,0.671675,0.835837,1,1,1
14460,ton_iot,1,1.0,0.999991,0.999995,1,1,1
14466,ton_iot,1,0.999395,0.991457,0.995426,1,1,1
14473,ton_iot,1,1.0,0.948562,0.974281,1,1,1
14484,ton_iot,1,0.999395,0.991457,0.995426,1,1,1
14487,ton_iot,1,1.0,0.999989,0.999994,1,1,1
14493,ton_iot,1,1.0,0.999989,0.999994,1,1,1
14495,ton_iot,1,0.97,1.0,0.985,1,1,1
14502,ton_iot,1,1.0,0.999989,0.999994,1,1,1
14506,ton_iot,1,1.0,0.961167,0.980584,1,1,1
14512,ton_iot,1,1.0,0.999974,0.999987,1,1,1
14518,ton_iot,1,1.0,0.979042,0.989521,1,1,1
14520,ton_iot,1,0.999395,0.991457,0.995426,1,1,1
14528,ton_iot,1,1.0,0.997926,0.998963,1,1,1
14532,ton_iot,1,0.99,0.805146,0.897573,1,1,1
14535,ton_iot,1,1.0,0.948561,0.974281,1,1,1
14540,ton_iot,1,1.0,0.99486,0.99743,1,1,1
14545,ton_iot,1,0.99977,0.994542,0.997156,1,1,1
14547,ton_iot,1,0.99977,0.995178,0.997474,1,1,1
14549,ton_iot,1,0.999395,0.991457,0.995426,1,1,1
14550,ton_iot,1,0.99977,0.993725,0.996748,1,1,1
14551,ton_iot,1,0.99977,0.993725,0.996748,1,1,1
14553,ton_iot,1,0.999395,0.991846,0.99562,1,1,1
14556,ton_iot,1,0.999395,0.991846,0.99562,1,1,1
14564,ton_iot,1,1.0,0.936288,0.968144,1,1,1
14568,ton_iot,1,0.99977,0.995178,0.997474,1,1,1
14577,ton_iot,1,1.0,1.0,1.0,1,1,1
14580,ton_iot,1,1.0,0.996534,0.998267,1,1,1
14582,ton_iot,1,1.0,0.99486,0.99743,1,1,1
14590,ton_iot,1,0.99977,0.993725,0.996748,1,1,1
14592,ton_iot,1,1.0,0.999988,0.999994,1,1,1
14599,ton_iot,1,1.0,0.403099,0.70155,1,0,1
14601,ton_iot,1,1.0,0.99404,0.99702,1,1,1
14604,ton_iot,1,0.99977,0.995178,0.997474,1,1,1
14605,ton_iot,1,1.0,0.999987,0.999994,1,1,1
14609,ton_iot,1,0.99977,0.993725,0.996748,1,1,1
14613,ton_iot,1,1.0,0.999991,0.999995,1,1,1
14619,ton_iot,1,1.0,0.99486,0.99743,1,1,1
14624,ton_iot,1,1.0,0.998502,0.999251,1,1,1
14627,ton_iot,1,1.0,0.997788,0.998894,1,1,1
14628,ton_iot,1,1.0,0.925132,0.962566,1,1,1
14630,ton_iot,1,0.99977,0.993725,0.996748,1,1,1
14631,ton_iot,1,1.0,0.996365,0.998183,1,1,1
14633,ton_iot,1,0.99977,0.994541,0.997156,1,1,1
14643,ton_iot,1,1.0,0.919853,0.959927,1,1,1
14647,ton_iot,1,0.999395,0.991457,0.995426,1,1,1
14649,ton_iot,1,0.999988,0.923772,0.96188,1,1,1
14655,ton_iot,1,0.99977,0.993725,0.996748,1,1,1
14657,ton_iot,1,0.99977,0.993725,0.996748,1,1,1
14661,ton_iot,1,1.0,0.993963,0.996982,1,1,1
14674,ton_iot,1,1.0,0.999989,0.999994,1,1,1
14681,ton_iot,1,1.0,0.992808,0.996404,1,1,1
14682,ton_iot,1,0.99618,0.998902,0.997541,1,1,1
14691,ton_iot,1,1.0,0.999989,0.999994,1,1,1
14695,ton_iot,1,0.99977,0.994541,0.997156,1,1,1
14696,ton_iot,1,0.99977,0.993725,0.996748,1,1,1
14698,ton_iot,1,0.999395,0.991457,0.995426,1,1,1
14704,ton_iot,1,1.0,0.851386,0.925693,1,1,1
14706,ton_iot,1,1.0,0.936305,0.968152,1,1,1
14719,ton_iot,1,1.0,0.952267,0.976133,1,1,1
14725,ton_iot,1,0.999395,0.991457,0.995426,1,1,1
14726,ton_iot,1,0.99,0.957048,0.973524,1,1,1
14727,ton_iot,1,1.0,0.961084,0.980542,1,1,1
14730,ton_iot,1,0.99977,0.994541,0.997156,1,1,1
14733,ton_iot,0,0.83129,0.329451,0.58037,1,0,1
14739,ton_iot,1,1.0,0.994617,0.997309,1,1,1
14741,ton_iot,1,0.99977,0.993725,0.996748,1,1,1
14749,ton_iot,1,0.999395,0.991846,0.99562,1,1,1
14755,ton_iot,1,0.99977,0.993725,0.996748,1,1,1
14763,ton_iot,1,1.0,0.359234,0.679617,1,0,1
14764,ton_iot,1,0.99977,0.996362,0.998066,1,1,1
14766,ton_iot,1,1.0,0.99486,0.99743,1,1,1
14771,ton_iot,1,0.999395,0.991457,0.995426,1,1,1
14777,ton_iot,1,1.0,0.862803,0.931402,1,1,1
14784,ton_iot,1,1.0,0.96115,0.980575,1,1,1
14785,ton_iot,1,0.99977,0.993725,0.996748,1,1,1
14790,ton_iot,1,0.93,1.0,0.965,1,1,1
14802,ton_iot,1,0.99,1.0,0.995,1,1,1
14807,ton_iot,1,0.999395,0.991457,0.995426,1,1,1
14817,ton_iot,1,0.999383,0.92377,0.961576,1,1,1
14818,ton_iot,1,0.99977,0.993725,0.996748,1,1,1
14820,ton_iot,1,0.96,0.952885,0.956442,1,1,1
14821,ton_iot,1,1.0,0.994589,0.997295,1,1,1
14827,ton_iot,1,0.999395,0.991457,0.995426,1,1,1
14829,ton_iot,1,0.99977,0.993725,0.996748,1,1,1
14837,ton_iot,1,0.99977,0.994541,0.997156,1,1,1
14840,ton_iot,1,1.0,0.939302,0.969651,1,1,1
14844,ton_iot,1,1.0,0.961104,0.980552,1,1,1
14846,ton_iot,1,0.99977,0.993725,0.996748,1,1,1
14848,ton_iot,1,1.0,0.993956,0.996978,1,1,1
14852,ton_iot,1,1.0,0.995185,0.997593,1,1,1
14857,ton_iot,1,1.0,0.995579,0.99779,1,1,1
14864,ton_iot,1,0.99977,0.995178,0.997474,1,1,1
14873,ton_iot,1,1.0,0.993534,0.996767,1,1,1
14874,ton_iot,1,0.99618,0.998902,0.997541,1,1,1
14875,ton_iot,1,0.999395,0.991457,0.995426,1,1,1
14876,ton_iot,1,0.999395,0.991457,0.995426,1,1,1
14877,ton_iot,1,0.99977,0.994541,0.997156,1,1,1
14879,ton_iot,1,0.99977,0.993725,0.996748,1,1,1
14883,ton_iot,1,1.0,0.90694,0.95347,1,1,1
14884,ton_iot,1,0.999395,0.991457,0.995426,1,1,1
14886,ton_iot,1,1.0,0.998801,0.9994,1,1,1
14889,ton_iot,1,1.0,0.999989,0.999994,1,1,1
14895,ton_iot,1,1.0,0.99486,0.99743,1,1,1
14903,ton_iot,1,1.0,0.999989,0.999994,1,1,1
14904,ton_iot,1,1.0,0.942554,0.971277,1,1,1
14905,ton_iot,1,0.999395,0.991457,0.995426,1,1,1
14906,ton_iot,1,1.0,0.852743,0.926371,1,1,1
14912,ton_iot,1,1.0,0.994542,0.997271,1,1,1
14918,ton_iot,1,1.0,0.999989,0.999994,1,1,1
14920,ton_iot,1,1.0,0.924021,0.96201,1,1,1
14921,ton_iot,1,1.0,0.994708,0.997354,1,1,1
14926,ton_iot,1,0.999395,0.991457,0.995426,1,1,1
14941,ton_iot,1,0.99977,0.995178,0.997474,1,1,1
14951,ton_iot,1,0.99977,0.993725,0.996748,1,1,1
14955,ton_iot,1,0.999395,0.991457,0.995426,1,1,1
14967,ton_iot,1,0.999395,0.991846,0.99562,1,1,1
14975,ton_iot,1,0.959904,0.992526,0.976215,1,1,1
14984,ton_iot,0,0.009395,0.329451,0.169423,0,0,0
14996,ton_iot,1,1.0,1.0,1.0,1,1,1
15000,ton_iot,1,1.0,0.999987,0.999994,1,1,1
15006,ton_iot,1,0.982516,1.0,0.991258,1,1,1
15020,ton_iot,1,0.99977,0.993725,0.996748,1,1,1
15036,ton_iot,1,0.99977,0.993725,0.996748,1,1,1
15041,ton_iot,1,0.99977,0.993725,0.996748,1,1,1
15059,ton_iot,0,0.87,0.069971,0.469985,1,0,0
15060,ton_iot,1,0.99977,0.993725,0.996748,1,1,1
15070,ton_iot,1,1.0,0.99486,0.99743,1,1,1
15071,ton_iot,1,1.0,0.999188,0.999594,1,1,1
15077,ton_iot,1,0.99,0.999502,0.994751,1,1,1
15081,ton_iot,1,0.83129,0.329451,0.58037,1,0,1
15086,ton_iot,1,1.0,0.999991,0.999995,1,1,1
15088,ton_iot,1,1.0,0.547369,0.773685,1,1,1
15095,ton_iot,1,0.999395,0.991846,0.99562,1,1,1
15097,ton_iot,1,1.0,0.976314,0.988157,1,1,1
15105,ton_iot,1,1.0,0.974626,0.987313,1,1,1
15114,ton_iot,1,1.0,0.992867,0.996433,1,1,1
15115,ton_iot,1,0.999395,0.991457,0.995426,1,1,1
15116,ton_iot,1,0.99977,0.993725,0.996748,1,1,1
15119,ton_iot,1,0.99977,0.993725,0.996748,1,1,1
15121,ton_iot,1,1.0,0.999991,0.999995,1,1,1
15126,ton_iot,1,0.999395,0.991846,0.99562,1,1,1
15129,ton_iot,1,0.999395,0.991457,0.995426,1,1,1
15131,ton_iot,1,0.95,0.844895,0.897448,1,1,1
15133,ton_iot,1,1.0,0.994543,0.997272,1,1,1
15138,ton_iot,1,1.0,0.998095,0.999048,1,1,1
15141,ton_iot,1,1.0,0.989851,0.994925,1,1,1
15143,ton_iot,1,0.999383,0.92377,0.961576,1,1,1
15149,ton_iot,1,1.0,0.95526,0.97763,1,1,1
15162,ton_iot,0,0.0,0.018839,0.00942,0,0,0
15168,ton_iot,1,0.83129,0.329451,0.58037,1,0,1
15175,ton_iot,1,1.0,0.682759,0.84138,1,1,1
15176,ton_iot,0,0.597853,0.364916,0.481385,1,0,0
15183,ton_iot,1,1.0,0.999989,0.999994,1,1,1
15190,ton_iot,1,1.0,0.999171,0.999585,1,1,1
15198,ton_iot,1,0.999395,0.991846,0.99562,1,1,1
15202,ton_iot,1,0.91,0.718284,0.814142,1,1,1
15207,ton_iot,1,0.99977,0.994541,0.997156,1,1,1
15210,ton_iot,1,0.99977,0.993725,0.996748,1,1,1
15224,ton_iot,1,0.99977,0.993725,0.996748,1,1,1
15225,ton_iot,1,1.0,0.99486,0.99743,1,1,1
15226,ton_iot,1,0.999395,0.991457,0.995426,1,1,1
15227,ton_iot,1,1.0,0.934807,0.967404,1,1,1
15240,ton_iot,1,0.99977,0.993725,0.996748,1,1,1
15242,ton_iot,1,1.0,0.99486,0.99743,1,1,1
15259,ton_iot,1,0.99977,0.993725,0.996748,1,1,1
15268,ton_iot,1,0.999395,0.991457,0.995426,1,1,1
15269,ton_iot,1,0.999395,0.991457,0.995426,1,1,1
15275,ton_iot,1,1.0,0.998802,0.999401,1,1,1
15277,ton_iot,1,0.999395,0.991457,0.995426,1,1,1
15280,ton_iot,1,1.0,0.994861,0.99743,1,1,1
15283,ton_iot,1,0.99,0.948617,0.969308,1,1,1
15285,ton_iot,1,1.0,0.923791,0.961896,1,1,1
15292,ton_iot,1,1.0,0.999988,0.999994,1,1,1
15307,ton_iot,1,1.0,0.923786,0.961893,1,1,1
15309,ton_iot,1,0.99977,0.995178,0.997474,1,1,1
15313,ton_iot,1,0.99977,0.993725,0.996748,1,1,1
15324,ton_iot,1,1.0,0.968713,0.984356,1,1,1
15325,ton_iot,1,0.999395,0.991846,0.99562,1,1,1
15330,ton_iot,1,1.0,0.99486,0.99743,1,1,1
15331,ton_iot,1,0.999395,0.991846,0.99562,1,1,1
15334,ton_iot,1,1.0,0.961096,0.980548,1,1,1
15336,ton_iot,1,1.0,0.994861,0.997431,1,1,1
15342,ton_iot,1,0.999395,0.991457,0.995426,1,1,1
15345,ton_iot,1,1.0,0.961097,0.980549,1,1,1
15346,ton_iot,1,0.999383,0.92377,0.961576,1,1,1
15374,ton_iot,1,0.99977,0.994542,0.997156,1,1,1
15378,ton_iot,1,1.0,0.952273,0.976136,1,1,1
15380,ton_iot,1,0.99977,0.994542,0.997156,1,1,1
15384,ton_iot,1,1.0,0.999686,0.999843,1,1,1
15389,ton_iot,1,0.99618,0.998902,0.997541,1,1,1
15395,ton_iot,1,1.0,0.906767,0.953384,1,1,1
15396,ton_iot,1,1.0,0.993665,0.996832,1,1,1
15400,ton_iot,1,0.99977,0.995178,0.997474,1,1,1
15408,ton_iot,1,1.0,0.99471,0.997355,1,1,1
15411,ton_iot,1,1.0,0.948561,0.974281,1,1,1
15413,ton_iot,1,1.0,0.958746,0.979373,1,1,1
15416,ton_iot,1,1.0,0.998616,0.999308,1,1,1
15426,ton_iot,1,0.999395,0.991457,0.995426,1,1,1
15427,ton_iot,1,0.83129,0.329451,0.58037,1,0,1
15438,ton_iot,1,0.94,0.998992,0.969496,1,1,1
15439,ton_iot,1,0.99977,0.993725,0.996748,1,1,1
15448,ton_iot,1,0.999395,0.991846,0.99562,1,1,1
15454,ton_iot,1,0.999395,0.991457,0.995426,1,1,1
15456,ton_iot,1,1.0,0.93619,0.968095,1,1,1
15463,ton_iot,1,1.0,0.961124,0.980562,1,1,1
15464,ton_iot,1,0.99977,0.993725,0.996748,1,1,1
15468,ton_iot,1,1.0,0.999478,0.999739,1,1,1
15472,ton_iot,1,0.982516,0.571072,0.776794,1,1,1
15475,ton_iot,1,1.0,0.947407,0.973704,1,1,1
15483,ton_iot,1,1.0,0.99486,0.99743,1,1,1
15484,ton_iot,1,1.0,0.988694,0.994347,1,1,1
15490,ton_iot,1,1.0,0.994861,0.99743,1,1,1
15495,ton_iot,1,0.99977,0.993725,0.996748,1,1,1
15500,ton_iot,1,1.0,0.999991,0.999995,1,1,1
15507,ton_iot,1,0.999395,0.991846,0.99562,1,1,1
15509,ton_iot,1,1.0,0.99268,0.99634,1,1,1
15521,ton_iot,1,1.0,0.974857,0.987428,1,1,1
15527,ton_iot,1,0.99977,0.995178,0.997474,1,1,1
15528,ton_iot,1,1.0,0.999796,0.999898,1,1,1
15530,ton_iot,1,0.99977,0.993725,0.996748,1,1,1
15536,ton_iot,1,0.99977,0.993725,0.996748,1,1,1
15540,ton_iot,1,1.0,0.99486,0.99743,1,1,1
15542,ton_iot,1,0.999395,0.991457,0.995426,1,1,1
15545,ton_iot,0,0.001143,0.020885,0.011014,0,0,0
15547,ton_iot,1,1.0,0.940423,0.970212,1,1,1
15553,ton_iot,1,1.0,0.99942,0.99971,1,1,1
15556,ton_iot,1,1.0,0.994586,0.997293,1,1,1
15559,ton_iot,1,1.0,0.99999,0.999995,1,1,1
15565,ton_iot,1,0.999395,0.991846,0.99562,1,1,1
15570,ton_iot,1,1.0,0.997946,0.998973,1,1,1
15581,ton_iot,1,1.0,0.99486,0.99743,1,1,1
15598,ton_iot,1,1.0,0.999988,0.999994,1,1,1
15599,ton_iot,1,1.0,0.992947,0.996474,1,1,1
15603,ton_iot,1,1.0,0.994865,0.997433,1,1,1
15605,ton_iot,1,0.99977,0.993725,0.996748,1,1,1
15606,ton_iot,1,0.99977,0.995178,0.997474,1,1,1
15612,ton_iot,1,1.0,0.99486,0.99743,1,1,1
15615,ton_iot,1,1.0,0.99919,0.999595,1,1,1
15618,ton_iot,1,1.0,0.865121,0.932561,1,1,1
15626,ton_iot,1,0.999395,0.991457,0.995426,1,1,1
15631,ton_iot,1,0.999395,0.991457,0.995426,1,1,1
15641,ton_iot,1,0.999395,0.991457,0.995426,1,1,1
15642,ton_iot,1,0.999395,0.991846,0.99562,1,1,1
15646,ton_iot,1,1.0,0.994545,0.997273,1,1,1
15650,ton_iot,1,0.99977,0.993725,0.996748,1,1,1
15660,ton_iot,1,1.0,0.999989,0.999994,1,1,1
15661,ton_iot,1,0.999395,0.991457,0.995426,1,1,1
15663,ton_iot,1,1.0,0.999301,0.999651,1,1,1
15665,ton_iot,1,1.0,0.952264,0.976132,1,1,1
15666,ton_iot,1,0.999395,0.991457,0.995426,1,1,1
15674,ton_iot,1,1.0,0.999991,0.999995,1,1,1
15676,ton_iot,1,0.99977,0.995178,0.997474,1,1,1
15678,ton_iot,1,1.0,0.947405,0.973702,1,1,1
15680,ton_iot,1,0.999395,0.991846,0.99562,1,1,1
15683,ton_iot,1,1.0,0.930733,0.965367,1,1,1
15685,ton_iot,1,0.83129,0.329451,0.58037,1,0,1
15691,ton_iot,1,1.0,0.992154,0.996077,1,1,1
15695,ton_iot,1,1.0,0.971691,0.985845,1,1,1
15696,ton_iot,1,1.0,0.93751,0.968755,1,1,1
15699,ton_iot,1,0.99977,0.993725,0.996748,1,1,1
15702,ton_iot,0,0.02,0.215113,0.117557,0,0,0
15704,ton_iot,1,1.0,0.948565,0.974282,1,1,1
15708,ton_iot,1,0.999395,0.991846,0.99562,1,1,1
15720,ton_iot,1,0.999395,0.991457,0.995426,1,1,1
15730,ton_iot,1,1.0,0.999989,0.999994,1,1,1
15738,ton_iot,1,0.99977,0.995178,0.997474,1,1,1
15739,ton_iot,1,0.99977,0.993725,0.996748,1,1,1
15742,ton_iot,0,0.599395,0.104965,0.35218,1,0,0
15745,ton_iot,1,0.99977,0.993725,0.996748,1,1,1
15746,ton_iot,1,1.0,0.992734,0.996367,1,1,1
15765,ton_iot,1,1.0,0.999987,0.999994,1,1,1
15777,ton_iot,1,1.0,0.999989,0.999994,1,1,1
15782,ton_iot,1,0.99977,0.993725,0.996748,1,1,1
15784,ton_iot,1,0.99618,0.998902,0.997541,1,1,1
15789,ton_iot,1,1.0,0.999989,0.999994,1,1,1
15792,ton_iot,1,0.99977,0.993725,0.996748,1,1,1
15797,ton_iot,1,1.0,0.99486,0.99743,1,1,1
15799,ton_iot,1,0.99977,0.993725,0.996748,1,1,1
15802,ton_iot,1,1.0,0.990756,0.995378,1,1,1
15806,ton_iot,1,1.0,0.99486,0.99743,1,1,1
15815,ton_iot,1,0.999395,0.991457,0.995426,1,1,1
15821,ton_iot,1,1.0,0.99486,0.99743,1,1,1
15828,ton_iot,1,1.0,0.99486,0.99743,1,1,1
15829,ton_iot,1,0.99977,0.993725,0.996748,1,1,1
15841,ton_iot,1,1.0,0.993451,0.996725,1,1,1
15846,ton_iot,1,1.0,0.991468,0.995734,1,1,1
15847,ton_iot,1,0.999988,0.990848,0.995418,1,1,1
15848,ton_iot,1,0.99977,0.993725,0.996748,1,1,1
15856,ton_iot,1,0.99,0.916959,0.95348,1,1,1
15859,ton_iot,1,1.0,0.999989,0.999994,1,1,1
15862,ton_iot,1,1.0,0.99486,0.99743,1,1,1
15872,ton_iot,1,1.0,0.993726,0.996863,1,1,1
15876,ton_iot,1,0.999395,0.991457,0.995426,1,1,1
15883,ton_iot,0,0.04,0.019713,0.029856,0,0,0
15886,ton_iot,1,0.99618,0.998902,0.997541,1,1,1
15887,ton_iot,1,0.99977,0.993725,0.996748,1,1,1
15895,ton_iot,1,0.999395,0.991457,0.995426,1,1,1
15897,ton_iot,1,1.0,0.999989,0.999994,1,1,1
15905,ton_iot,1,0.99977,0.993725,0.996748,1,1,1
15908,ton_iot,1,1.0,0.906958,0.953479,1,1,1
15909,ton_iot,1,0.99977,0.993725,0.996748,1,1,1
15910,ton_iot,1,0.99977,0.994541,0.997156,1,1,1
15916,ton_iot,1,1.0,0.940643,0.970321,1,1,1
15921,ton_iot,1,1.0,0.913521,0.956761,1,1,1
15937,ton_iot,0,0.04,0.215189,0.127594,0,0,0
15941,ton_iot,1,1.0,0.547369,0.773685,1,1,1
15961,ton_iot,0,0.01,0.905956,0.457978,0,1,0
15963,ton_iot,1,0.99977,0.993725,0.996748,1,1,1
15967,ton_iot,1,0.99977,0.993725,0.996748,1,1,1
15973,ton_iot,1,1.0,0.999989,0.999994,1,1,1
15974,ton_iot,1,0.999395,0.991457,0.995426,1,1,1
15975,ton_iot,1,1.0,0.99486,0.99743,1,1,1
15977,ton_iot,1,1.0,0.999989,0.999994,1,1,1
15982,ton_iot,1,0.99977,0.995178,0.997474,1,1,1
15985,ton_iot,1,0.99977,0.995178,0.997474,1,1,1
15991,ton_iot,1,0.999395,0.991846,0.99562,1,1,1
15993,ton_iot,0,0.0,0.947604,0.473802,0,1,0
16001,ton_iot,1,0.99977,0.993725,0.996748,1,1,1
16002,ton_iot,1,1.0,0.9958,0.9979,1,1,1
16004,ton_iot,1,0.98,0.969358,0.974679,1,1,1
16008,ton_iot,1,0.999395,0.991457,0.995426,1,1,1
16010,ton_iot,1,1.0,0.999989,0.999994,1,1,1
16013,ton_iot,1,0.99977,0.995178,0.997474,1,1,1
16018,ton_iot,1,1.0,0.999989,0.999994,1,1,1
16020,ton_iot,1,0.999395,0.991846,0.99562,1,1,1
16029,ton_iot,1,0.999395,0.991457,0.995426,1,1,1
16031,ton_iot,1,0.999395,0.991457,0.995426,1,1,1
16032,ton_iot,1,1.0,0.99486,0.99743,1,1,1
16035,ton_iot,0,0.002133,0.19848,0.100306,0,0,0
16038,ton_iot,1,0.999395,0.991846,0.99562,1,1,1
16046,ton_iot,1,0.99977,0.993725,0.996748,1,1,1
16049,ton_iot,1,1.0,0.999988,0.999994,1,1,1
16051,ton_iot,1,1.0,0.99602,0.99801,1,1,1
16052,ton_iot,1,0.99618,0.998902,0.997541,1,1,1
16058,ton_iot,1,1.0,0.955255,0.977627,1,1,1
16059,ton_iot,1,1.0,0.992572,0.996286,1,1,1
16060,ton_iot,1,0.99977,0.995178,0.997474,1,1,1
16068,ton_iot,1,1.0,0.999187,0.999593,1,1,1
16069,ton_iot,1,0.999395,0.991457,0.995426,1,1,1
16072,ton_iot,1,1.0,0.995251,0.997625,1,1,1
16075,ton_iot,1,0.999395,0.991457,0.995426,1,1,1
16076,ton_iot,1,1.0,0.961088,0.980544,1,1,1
16077,ton_iot,1,1.0,0.999987,0.999994,1,1,1
16080,ton_iot,1,1.0,0.906749,0.953375,1,1,1
16082,ton_iot,1,0.999395,0.991457,0.995426,1,1,1
16105,ton_iot,0,0.001143,0.020885,0.011014,0,0,0
16108,ton_iot,1,0.999395,0.991457,0.995426,1,1,1
16113,ton_iot,1,0.999395,0.991457,0.995426,1,1,1
16119,ton_iot,1,0.99977,0.993725,0.996748,1,1,1
16129,ton_iot,1,0.999395,0.991457,0.995426,1,1,1
16130,ton_iot,1,1.0,0.989605,0.994802,1,1,1
16134,ton_iot,1,0.99977,0.993725,0.996748,1,1,1
16136,ton_iot,1,0.99977,0.993725,0.996748,1,1,1
16143,ton_iot,1,1.0,0.936367,0.968183,1,1,1
16145,ton_iot,1,1.0,0.994545,0.997273,1,1,1
16149,ton_iot,1,1.0,0.932858,0.966429,1,1,1
16164,ton_iot,1,0.999395,0.991846,0.99562,1,1,1
16171,ton_iot,1,1.0,0.99486,0.99743,1,1,1
16175,ton_iot,1,1.0,0.995424,0.997712,1,1,1
16179,ton_iot,1,0.999395,0.991846,0.99562,1,1,1
16188,ton_iot,1,0.999395,0.991846,0.99562,1,1,1
16194,ton_iot,1,1.0,0.990192,0.995096,1,1,1
16195,ton_iot,1,0.999395,0.991457,0.995426,1,1,1
16198,ton_iot,1,0.99977,0.994542,0.997156,1,1,1
16201,ton_iot,1,0.99977,0.994541,0.997156,1,1,1
16204,ton_iot,1,1.0,0.999989,0.999994,1,1,1
16219,ton_iot,1,0.99977,0.993725,0.996748,1,1,1
16228,ton_iot,1,1.0,0.994864,0.997432,1,1,1
16240,ton_iot,1,1.0,0.989632,0.994816,1,1,1
16241,ton_iot,1,0.99977,0.993725,0.996748,1,1,1
16260,ton_iot,1,1.0,0.999989,0.999994,1,1,1
16271,ton_iot,1,1.0,0.99486,0.99743,1,1,1
16273,ton_iot,1,0.99977,0.993725,0.996748,1,1,1
16277,ton_iot,1,0.999395,0.991846,0.99562,1,1,1
16279,ton_iot,1,1.0,0.999991,0.999995,1,1,1
16290,ton_iot,1,1.0,0.995192,0.997596,1,1,1
16291,ton_iot,1,0.99977,0.993725,0.996748,1,1,1
16303,ton_iot,1,1.0,0.990729,0.995365,1,1,1
16309,ton_iot,1,1.0,0.995211,0.997606,1,1,1
16310,ton_iot,1,1.0,0.987703,0.993852,1,1,1
16318,ton_iot,1,1.0,0.936231,0.968115,1,1,1
16319,ton_iot,1,1.0,0.862892,0.931446,1,1,1
16321,ton_iot,1,0.999395,0.991846,0.99562,1,1,1
16326,ton_iot,1,1.0,0.99486,0.99743,1,1,1
16328,ton_iot,0,0.0,0.018379,0.00919,0,0,0
16335,ton_iot,1,1.0,0.919995,0.959997,1,1,1
16344,ton_iot,1,0.99977,0.993725,0.996748,1,1,1
16360,ton_iot,1,0.999395,0.991846,0.99562,1,1,1
16378,ton_iot,1,1.0,0.99486,0.99743,1,1,1
16390,ton_iot,1,0.99977,0.993725,0.996748,1,1,1
16393,ton_iot,1,1.0,0.547369,0.773685,1,1,1
16398,ton_iot,1,0.999395,0.991457,0.995426,1,1,1
16408,ton_iot,1,0.999395,0.991457,0.995426,1,1,1
16416,ton_iot,1,0.99977,0.993725,0.996748,1,1,1
16420,ton_iot,1,0.99977,0.993725,0.996748,1,1,1
16421,ton_iot,1,1.0,0.99486,0.99743,1,1,1
16423,ton_iot,0,0.0,0.010592,0.005296,0,0,0
16426,ton_iot,1,1.0,0.99486,0.99743,1,1,1
16428,ton_iot,1,1.0,0.994701,0.99735,1,1,1
16431,ton_iot,1,0.999395,0.991846,0.99562,1,1,1
16432,ton_iot,1,1.0,0.999989,0.999994,1,1,1
16446,ton_iot,1,1.0,0.999192,0.999596,1,1,1
16453,ton_iot,1,1.0,0.961114,0.980557,1,1,1
16457,ton_iot,1,0.99977,0.993725,0.996748,1,1,1
16459,ton_iot,1,1.0,0.998801,0.999401,1,1,1
16466,ton_iot,1,0.99977,0.994541,0.997156,1,1,1
16469,ton_iot,1,0.89,0.948703,0.919352,1,1,1
16473,ton_iot,1,1.0,0.99486,0.99743,1,1,1
16477,ton_iot,1,1.0,0.948572,0.974286,1,1,1
16489,ton_iot,1,0.99977,0.995178,0.997474,1,1,1
16493,ton_iot,1,1.0,0.913443,0.956721,1,1,1
16503,ton_iot,1,0.99977,0.994541,0.997156,1,1,1
16507,ton_iot,1,1.0,0.993958,0.996979,1,1,1
16519,ton_iot,1,0.999395,0.991457,0.995426,1,1,1
16524,ton_iot,1,1.0,0.974629,0.987314,1,1,1
16530,ton_iot,1,0.999395,0.991846,0.99562,1,1,1
16532,ton_iot,1,0.83129,0.329451,0.58037,1,0,1
16536,ton_iot,1,0.99977,0.993725,0.996748,1,1,1
16539,ton_iot,0,0.01,0.0,0.005,0,0,0
16543,ton_iot,1,0.99618,0.998902,0.997541,1,1,1
16546,ton_iot,1,0.99977,0.993725,0.996748,1,1,1
16547,ton_iot,1,0.999395,0.991457,0.995426,1,1,1
16555,ton_iot,1,0.99977,0.993725,0.996748,1,1,1
16564,ton_iot,1,1.0,0.995179,0.99759,1,1,1
16572,ton_iot,1,1.0,0.93314,0.96657,1,1,1
16583,ton_iot,1,0.999395,0.991846,0.99562,1,1,1
16589,ton_iot,1,1.0,0.999989,0.999994,1,1,1
16591,ton_iot,1,1.0,0.920077,0.960038,1,1,1
16593,ton_iot,1,0.99977,0.993725,0.996748,1,1,1
16596,ton_iot,1,0.999395,0.991457,0.995426,1,1,1
16600,ton_iot,1,0.96,0.692817,0.826408,1,1,1
16603,ton_iot,1,0.98,0.922418,0.951209,1,1,1
16605,ton_iot,1,0.99977,0.993725,0.996748,1,1,1
16613,ton_iot,1,1.0,1.0,1.0,1,1,1
16616,ton_iot,1,1.0,1.0,1.0,1,1,1
16619,ton_iot,1,1.0,0.913568,0.956784,1,1,1
16620,ton_iot,1,1.0,0.993962,0.996981,1,1,1
16623,ton_iot,1,1.0,0.996273,0.998136,1,1,1
16626,ton_iot,1,1.0,0.919909,0.959954,1,1,1
16632,ton_iot,1,0.87,1.0,0.935,1,1,1
16641,ton_iot,1,0.999395,0.991457,0.995426,1,1,1
16655,ton_iot,1,1.0,0.99486,0.99743,1,1,1
16664,ton_iot,1,1.0,0.99486,0.99743,1,1,1
16669,ton_iot,1,1.0,0.999313,0.999657,1,1,1
16670,ton_iot,1,0.999395,0.991457,0.995426,1,1,1
16673,ton_iot,1,0.83129,0.329451,0.58037,1,0,1
16683,ton_iot,1,0.99618,0.998902,0.997541,1,1,1
16685,ton_iot,1,1.0,0.999988,0.999994,1,1,1
16686,ton_iot,1,0.999395,0.991457,0.995426,1,1,1
16690,ton_iot,1,0.999395,0.991846,0.99562,1,1,1
16698,ton_iot,1,1.0,0.99486,0.99743,1,1,1
16699,ton_iot,1,1.0,0.99486,0.99743,1,1,1
16702,ton_iot,1,0.83129,0.329451,0.58037,1,0,1
16717,ton_iot,1,0.99618,0.998902,0.997541,1,1,1
16719,ton_iot,1,0.99977,0.995178,0.997474,1,1,1
16725,ton_iot,1,1.0,0.85796,0.92898,1,1,1
16731,ton_iot,1,0.999395,0.991457,0.995426,1,1,1
16735,ton_iot,1,0.99977,0.993725,0.996748,1,1,1
16738,ton_iot,1,0.99977,0.996362,0.998066,1,1,1
16739,ton_iot,1,1.0,0.99486,0.99743,1,1,1
16742,ton_iot,1,1.0,0.999989,0.999994,1,1,1
16743,ton_iot,1,1.0,0.93634,0.96817,1,1,1
16746,ton_iot,1,0.999395,0.991846,0.99562,1,1,1
16758,ton_iot,1,1.0,0.99486,0.99743,1,1,1
16760,ton_iot,1,0.99,0.947397,0.968698,1,1,1
16764,ton_iot,1,1.0,0.955255,0.977628,1,1,1
16770,ton_iot,1,1.0,0.994819,0.99741,1,1,1
16772,ton_iot,0,0.002133,0.19848,0.100306,0,0,0
16777,ton_iot,1,1.0,0.998799,0.9994,1,1,1
16788,ton_iot,1,0.99618,0.998902,0.997541,1,1,1
16794,ton_iot,1,1.0,0.999989,0.999994,1,1,1
16803,ton_iot,1,0.999395,0.991457,0.995426,1,1,1
16810,ton_iot,1,1.0,0.999989,0.999994,1,1,1
16827,ton_iot,1,1.0,0.948576,0.974288,1,1,1
16832,ton_iot,1,0.999395,0.991457,0.995426,1,1,1
16842,ton_iot,1,1.0,0.995181,0.99759,1,1,1
16849,ton_iot,1,1.0,0.947436,0.973718,1,1,1
16857,ton_iot,1,1.0,0.989758,0.994879,1,1,1
16859,ton_iot,1,0.999395,0.991846,0.99562,1,1,1
16869,ton_iot,1,0.83129,0.329451,0.58037,1,0,1
16871,ton_iot,0,0.002133,0.19848,0.100306,0,0,0
16874,ton_iot,1,1.0,0.996511,0.998256,1,1,1
16887,ton_iot,1,1.0,0.999184,0.999592,1,1,1
16891,ton_iot,1,0.99977,0.993725,0.996748,1,1,1
16896,ton_iot,1,1.0,0.932496,0.966248,1,1,1
16899,ton_iot,1,1.0,0.99242,0.99621,1,1,1
16900,ton_iot,1,1.0,0.94856,0.97428,1,1,1
16908,ton_iot,1,0.99977,0.995178,0.997474,1,1,1
16914,ton_iot,1,0.99977,0.993725,0.996748,1,1,1
16915,ton_iot,0,0.597853,0.364916,0.481385,1,0,0
16921,ton_iot,1,1.0,0.916956,0.958478,1,1,1
16929,ton_iot,1,0.999395,0.991457,0.995426,1,1,1
16932,ton_iot,0,0.51,0.429685,0.469843,1,0,0
16934,ton_iot,1,0.99977,0.993725,0.996748,1,1,1
16939,ton_iot,1,0.999395,0.991846,0.99562,1,1,1
16948,ton_iot,1,1.0,0.99486,0.99743,1,1,1
16950,ton_iot,1,1.0,0.952341,0.97617,1,1,1
16956,ton_iot,1,0.999395,0.991457,0.995426,1,1,1
16957,ton_iot,1,1.0,0.995229,0.997615,1,1,1
16967,ton_iot,1,1.0,0.991296,0.995648,1,1,1
16975,ton_iot,1,1.0,0.995428,0.997714,1,1,1
16980,ton_iot,1,0.99977,0.995178,0.997474,1,1,1
16987,ton_iot,1,0.999395,0.991846,0.99562,1,1,1
16989,ton_iot,1,0.99977,0.994541,0.997156,1,1,1
16994,ton_iot,1,0.999395,0.991457,0.995426,1,1,1
16998,ton_iot,1,1.0,0.999989,0.999994,1,1,1
17015,ton_iot,1,1.0,0.998544,0.999272,1,1,1
17019,ton_iot,1,0.99977,0.993725,0.996748,1,1,1
17026,ton_iot,0,0.002133,0.19848,0.100306,0,0,0
17027,ton_iot,1,1.0,0.961099,0.980549,1,1,1
17028,ton_iot,1,0.99977,0.993725,0.996748,1,1,1
17029,ton_iot,1,1.0,0.948562,0.974281,1,1,1
17033,ton_iot,1,0.999395,0.991846,0.99562,1,1,1
17037,ton_iot,1,1.0,0.992744,0.996372,1,1,1
17038,ton_iot,1,1.0,0.999989,0.999994,1,1,1
17047,ton_iot,1,1.0,0.974626,0.987313,1,1,1
17055,ton_iot,1,1.0,0.547369,0.773685,1,1,1
17056,ton_iot,1,0.99977,0.996362,0.998066,1,1,1
17067,ton_iot,1,1.0,0.998801,0.999401,1,1,1
17086,ton_iot,1,1.0,1.0,1.0,1,1,1
17088,ton_iot,1,1.0,1.0,1.0,1,1,1
17093,ton_iot,1,1.0,0.996843,0.998422,1,1,1
17098,ton_iot,1,0.999395,0.991457,0.995426,1,1,1
17111,ton_iot,1,0.999395,0.991457,0.995426,1,1,1
17112,ton_iot,1,1.0,0.670059,0.835029,1,1,1
17115,ton_iot,1,1.0,0.919897,0.959949,1,1,1
17128,ton_iot,1,0.999395,0.991457,0.995426,1,1,1
17135,ton_iot,1,1.0,0.993967,0.996984,1,1,1
17139,ton_iot,1,0.99977,0.993725,0.996748,1,1,1
17141,ton_iot,1,0.999395,0.991457,0.995426,1,1,1
17150,ton_iot,1,1.0,0.99486,0.99743,1,1,1
17159,ton_iot,1,1.0,0.999991,0.999995,1,1,1
17164,ton_iot,1,0.999395,0.991457,0.995426,1,1,1
17169,ton_iot,1,0.999395,0.991457,0.995426,1,1,1
17170,ton_iot,1,1.0,0.948561,0.974281,1,1,1
17185,ton_iot,1,0.99977,0.993725,0.996748,1,1,1
17190,ton_iot,1,0.999395,0.991457,0.995426,1,1,1
17193,ton_iot,1,0.999395,0.991457,0.995426,1,1,1
17199,ton_iot,1,1.0,0.994555,0.997278,1,1,1
17203,ton_iot,1,1.0,0.955538,0.977769,1,1,1
17216,ton_iot,1,0.999395,0.991846,0.99562,1,1,1
17217,ton_iot,0,0.002133,0.19848,0.100306,0,0,0
17219,ton_iot,1,1.0,0.994656,0.997328,1,1,1
17220,ton_iot,1,1.0,0.994309,0.997155,1,1,1
17223,ton_iot,1,1.0,0.995198,0.997599,1,1,1
17227,ton_iot,1,0.999395,0.991457,0.995426,1,1,1
17229,ton_iot,1,1.0,0.999989,0.999994,1,1,1
17245,ton_iot,1,0.999395,0.991846,0.99562,1,1,1
17248,ton_iot,1,0.999395,0.991457,0.995426,1,1,1
17251,ton_iot,1,0.99977,0.993725,0.996748,1,1,1
17254,ton_iot,1,1.0,0.997583,0.998792,1,1,1
17283,ton_iot,1,1.0,0.955261,0.977631,1,1,1
17292,ton_iot,1,0.99977,0.995178,0.997474,1,1,1
17293,ton_iot,1,1.0,0.403184,0.701592,1,0,1
17306,ton_iot,1,0.999395,0.991846,0.99562,1,1,1
17309,ton_iot,1,0.999395,0.991846,0.99562,1,1,1
17320,ton_iot,1,0.99,1.0,0.995,1,1,1
17324,ton_iot,1,0.999395,0.991457,0.995426,1,1,1
17326,ton_iot,1,1.0,0.999989,0.999994,1,1,1
17328,ton_iot,1,0.982516,1.0,0.991258,1,1,1
17331,ton_iot,1,1.0,0.999989,0.999994,1,1,1
17335,ton_iot,1,0.999395,0.991846,0.99562,1,1,1
17341,ton_iot,1,0.99977,0.994541,0.997156,1,1,1
17348,ton_iot,1,0.83129,0.329451,0.58037,1,0,1
17350,ton_iot,1,0.99977,0.993725,0.996748,1,1,1
17352,ton_iot,1,1.0,0.853915,0.926957,1,1,1
17359,ton_iot,1,0.99977,0.993725,0.996748,1,1,1
17367,ton_iot,1,0.99977,0.993725,0.996748,1,1,1
17369,ton_iot,1,0.999395,0.991846,0.99562,1,1,1
17371,ton_iot,1,1.0,0.955259,0.97763,1,1,1
17373,ton_iot,1,1.0,0.999989,0.999994,1,1,1
17376,ton_iot,1,1.0,0.999806,0.999903,1,1,1
17381,ton_iot,1,1.0,0.69789,0.848945,1,1,1
17385,ton_iot,1,0.99,0.968697,0.979349,1,1,1
17386,ton_iot,1,0.999395,0.991457,0.995426,1,1,1
17397,ton_iot,1,0.999395,0.364916,0.682155,1,0,1
17411,ton_iot,1,0.99977,0.993725,0.996748,1,1,1
17413,ton_iot,1,1.0,0.948556,0.974278,1,1,1
17421,ton_iot,1,1.0,0.999989,0.999994,1,1,1
17424,ton_iot,0,0.000107,0.121771,0.060939,0,0,0
17427,ton_iot,1,1.0,0.999989,0.999994,1,1,1
17428,ton_iot,1,0.99977,0.993725,0.996748,1,1,1
17431,ton_iot,1,1.0,0.997706,0.998853,1,1,1
17432,ton_iot,1,0.99977,0.993725,0.996748,1,1,1
17436,ton_iot,1,0.999395,0.991457,0.995426,1,1,1
17440,ton_iot,1,1.0,0.979013,0.989507,1,1,1
17441,ton_iot,1,1.0,0.993962,0.996981,1,1,1
17443,ton_iot,1,1.0,0.99486,0.99743,1,1,1
17446,ton_iot,1,0.999383,0.92377,0.961576,1,1,1
17451,ton_iot,1,0.999395,0.991457,0.995426,1,1,1
17454,ton_iot,1,1.0,0.998306,0.999153,1,1,1
17465,ton_iot,1,1.0,0.99486,0.99743,1,1,1
17466,ton_iot,1,0.999395,0.991457,0.995426,1,1,1
17468,ton_iot,1,0.99977,0.993725,0.996748,1,1,1
17470,ton_iot,1,1.0,0.952287,0.976143,1,1,1
17480,ton_iot,1,1.0,0.998802,0.999401,1,1,1
17481,ton_iot,1,1.0,0.98391,0.991955,1,1,1
17484,ton_iot,1,0.999395,0.991457,0.995426,1,1,1
17486,ton_iot,0,0.0,0.047962,0.023981,0,0,0
17487,ton_iot,1,1.0,0.992107,0.996053,1,1,1
17490,ton_iot,1,1.0,0.999983,0.999992,1,1,1
17496,ton_iot,1,0.99977,0.993725,0.996748,1,1,1
17499,ton_iot,1,1.0,0.99486,0.99743,1,1,1
17504,ton_iot,1,1.0,0.924369,0.962185,1,1,1
17505,ton_iot,0,0.04,0.215684,0.127842,0,0,0
17508,ton_iot,1,1.0,0.913501,0.95675,1,1,1
17510,ton_iot,1,0.999395,0.991457,0.995426,1,1,1
17517,ton_iot,1,0.99977,0.995178,0.997474,1,1,1
17518,ton_iot,1,0.982516,1.0,0.991258,1,1,1
17520,ton_iot,1,0.98,0.999949,0.989974,1,1,1
17522,ton_iot,1,0.999395,0.991457,0.995426,1,1,1
17523,ton_iot,1,0.999395,0.991846,0.99562,1,1,1
17534,ton_iot,1,0.99977,0.993725,0.996748,1,1,1
17539,ton_iot,1,0.99977,0.993725,0.996748,1,1,1
17543,ton_iot,1,0.99977,0.993725,0.996748,1,1,1
17551,ton_iot,1,0.999844,0.997556,0.9987,1,1,1
17561,ton_iot,1,0.99977,0.994541,0.997156,1,1,1
17568,ton_iot,1,1.0,1.0,1.0,1,1,1
17572,ton_iot,1,1.0,0.906802,0.953401,1,1,1
17577,ton_iot,1,0.99977,0.993725,0.996748,1,1,1
17580,ton_iot,1,1.0,0.958704,0.979352,1,1,1
17582,ton_iot,1,1.0,0.994861,0.99743,1,1,1
17583,ton_iot,1,1.0,0.994544,0.997272,1,1,1
17585,ton_iot,1,0.99977,0.993725,0.996748,1,1,1
17587,ton_iot,1,0.99977,0.994542,0.997156,1,1,1
17589,ton_iot,1,0.999395,0.991457,0.995426,1,1,1
17595,ton_iot,1,0.99977,0.993725,0.996748,1,1,1
17596,ton_iot,1,0.999395,0.991846,0.99562,1,1,1
17599,ton_iot,1,1.0,0.999989,0.999994,1,1,1
17605,ton_iot,1,1.0,0.999539,0.99977,1,1,1
17606,ton_iot,1,1.0,0.999266,0.999633,1,1,1
17607,ton_iot,1,0.999395,0.991457,0.995426,1,1,1
17609,ton_iot,1,1.0,0.961111,0.980555,1,1,1
17610,ton_iot,1,0.99977,0.993725,0.996748,1,1,1
17617,ton_iot,1,0.99977,0.993725,0.996748,1,1,1
17620,ton_iot,1,1.0,0.948556,0.974278,1,1,1
17629,ton_iot,1,1.0,0.999989,0.999994,1,1,1
17630,ton_iot,1,1.0,0.994866,0.997433,1,1,1
17641,ton_iot,1,0.99977,0.994541,0.997156,1,1,1
17646,ton_iot,1,0.597853,0.364916,0.481385,1,0,0
17649,ton_iot,1,0.999395,0.991457,0.995426,1,1,1
17657,ton_iot,1,1.0,0.984618,0.992309,1,1,1
17677,ton_iot,1,1.0,0.99486,0.99743,1,1,1
17679,ton_iot,1,1.0,0.999989,0.999994,1,1,1
17691,ton_iot,1,0.999395,0.991846,0.99562,1,1,1
17698,ton_iot,1,1.0,0.999175,0.999587,1,1,1
17713,ton_iot,1,0.999395,0.991457,0.995426,1,1,1
17716,ton_iot,1,1.0,0.997703,0.998852,1,1,1
17718,ton_iot,1,1.0,0.906926,0.953463,1,1,1
17721,ton_iot,1,0.999395,0.991457,0.995426,1,1,1
17724,ton_iot,1,1.0,0.99486,0.99743,1,1,1
17727,ton_iot,1,1.0,0.991301,0.995651,1,1,1
17736,ton_iot,1,1.0,0.995586,0.997793,1,1,1
17740,ton_iot,1,1.0,0.998505,0.999253,1,1,1
17741,ton_iot,1,1.0,0.996626,0.998313,1,1,1
17743,ton_iot,1,1.0,0.94742,0.97371,1,1,1
17744,ton_iot,1,1.0,0.994659,0.997329,1,1,1
17749,ton_iot,1,1.0,0.99486,0.99743,1,1,1
17754,ton_iot,1,1.0,1.0,1.0,1,1,1
17764,ton_iot,1,0.999395,0.991457,0.995426,1,1,1
17766,ton_iot,1,1.0,0.999187,0.999593,1,1,1
17767,ton_iot,1,0.999395,0.991846,0.99562,1,1,1
17774,ton_iot,1,1.0,0.994543,0.997271,1,1,1
17778,ton_iot,1,1.0,0.989635,0.994817,1,1,1
17784,ton_iot,1,1.0,0.952278,0.976139,1,1,1
17789,ton_iot,1,0.999395,0.991846,0.99562,1,1,1
17792,ton_iot,1,1.0,0.999987,0.999994,1,1,1
17804,ton_iot,1,0.99977,0.993725,0.996748,1,1,1
17805,ton_iot,1,1.0,0.99486,0.99743,1,1,1
17809,ton_iot,1,1.0,0.992038,0.996019,1,1,1
17812,ton_iot,1,0.99977,0.993725,0.996748,1,1,1
17814,ton_iot,1,1.0,0.998877,0.999438,1,1,1
17822,ton_iot,1,0.982516,1.0,0.991258,1,1,1
17823,ton_iot,1,1.0,0.999988,0.999994,1,1,1
17840,ton_iot,1,0.999395,0.991846,0.99562,1,1,1
17841,ton_iot,1,1.0,0.923993,0.961996,1,1,1
17845,ton_iot,1,0.999395,0.991846,0.99562,1,1,1
17852,ton_iot,1,0.999383,0.92377,0.961576,1,1,1
17868,ton_iot,1,0.999395,0.991457,0.995426,1,1,1
17881,ton_iot,1,1.0,0.999989,0.999994,1,1,1
17884,ton_iot,1,0.999395,0.991457,0.995426,1,1,1
17892,ton_iot,1,1.0,0.999989,0.999994,1,1,1
17905,ton_iot,1,0.999395,0.991457,0.995426,1,1,1
17906,ton_iot,1,1.0,0.99486,0.99743,1,1,1
17908,ton_iot,1,1.0,0.99486,0.99743,1,1,1
17909,ton_iot,1,1.0,0.999991,0.999995,1,1,1
17910,ton_iot,1,0.99977,0.993725,0.996748,1,1,1
17911,ton_iot,1,1.0,0.992875,0.996438,1,1,1
17917,ton_iot,1,1.0,0.99953,0.999765,1,1,1
17921,ton_iot,1,0.999395,0.991846,0.99562,1,1,1
17923,ton_iot,1,1.0,0.994555,0.997278,1,1,1
17925,ton_iot,1,1.0,0.948579,0.97429,1,1,1
17942,ton_iot,1,0.999395,0.991457,0.995426,1,1,1
17943,ton_iot,1,0.999395,0.991457,0.995426,1,1,1
17944,ton_iot,1,0.999395,0.991457,0.995426,1,1,1
17949,ton_iot,1,0.99977,0.995178,0.997474,1,1,1
17950,ton_iot,1,1.0,0.99486,0.99743,1,1,1
17954,ton_iot,1,0.999395,0.991457,0.995426,1,1,1
17960,ton_iot,1,1.0,0.916972,0.958486,1,1,1
17962,ton_iot,1,0.99977,0.993725,0.996748,1,1,1
17970,ton_iot,1,1.0,0.947396,0.973698,1,1,1
17972,ton_iot,1,1.0,0.999264,0.999632,1,1,1
17988,ton_iot,1,0.99977,0.995178,0.997474,1,1,1
17995,ton_iot,1,1.0,0.99486,0.99743,1,1,1
18003,ton_iot,1,0.83129,0.329451,0.58037,1,0,1
18008,ton_iot,1,1.0,0.961098,0.980549,1,1,1
18013,ton_iot,1,1.0,0.993954,0.996977,1,1,1
18025,ton_iot,1,0.999395,0.991846,0.99562,1,1,1
18026,ton_iot,1,1.0,0.956014,0.978007,1,1,1
18028,ton_iot,1,0.999395,0.991457,0.995426,1,1,1
18046,ton_iot,1,1.0,0.993904,0.996952,1,1,1
18049,ton_iot,1,1.0,0.948564,0.974282,1,1,1
18053,ton_iot,1,1.0,0.936339,0.96817,1,1,1
18054,ton_iot,1,0.99977,0.993725,0.996748,1,1,1
18058,ton_iot,1,1.0,0.932322,0.966161,1,1,1
18059,ton_iot,1,1.0,0.994861,0.99743,1,1,1
18064,ton_iot,1,0.999395,0.991846,0.99562,1,1,1
18066,ton_iot,1,0.999395,0.991846,0.99562,1,1,1
18075,ton_iot,1,1.0,0.999988,0.999994,1,1,1
18079,ton_iot,1,1.0,0.99486,0.99743,1,1,1
18080,ton_iot,1,1.0,0.947401,0.973701,1,1,1
18086,ton_iot,1,1.0,0.99486,0.99743,1,1,1
18095,ton_iot,1,0.99977,0.995178,0.997474,1,1,1
18096,ton_iot,1,1.0,0.999989,0.999994,1,1,1
18103,ton_iot,1,1.0,0.998322,0.999161,1,1,1
18104,ton_iot,1,0.99977,0.993725,0.996748,1,1,1
18113,ton_iot,1,1.0,0.952585,0.976292,1,1,1
18117,ton_iot,1,1.0,0.998283,0.999142,1,1,1
18130,ton_iot,1,1.0,0.547369,0.773685,1,1,1
18131,ton_iot,1,0.99977,0.993725,0.996748,1,1,1
18134,ton_iot,1,0.999395,0.991457,0.995426,1,1,1
18138,ton_iot,1,1.0,0.996558,0.998279,1,1,1
18141,ton_iot,1,1.0,0.99486,0.99743,1,1,1
18142,ton_iot,1,0.999395,0.991457,0.995426,1,1,1
18143,ton_iot,1,0.999395,0.991457,0.995426,1,1,1
18146,ton_iot,1,0.999395,0.991457,0.995426,1,1,1
18149,ton_iot,1,1.0,0.991307,0.995654,1,1,1
18161,ton_iot,1,1.0,0.999989,0.999994,1,1,1
18179,ton_iot,1,1.0,0.998675,0.999337,1,1,1
18186,ton_iot,1,1.0,0.993727,0.996864,1,1,1
18191,ton_iot,1,1.0,0.955261,0.977631,1,1,1
18193,ton_iot,1,0.99977,0.993725,0.996748,1,1,1
18194,ton_iot,1,1.0,0.99486,0.99743,1,1,1
18200,ton_iot,1,0.999395,0.991846,0.99562,1,1,1
18202,ton_iot,1,0.99977,0.994541,0.997156,1,1,1
18205,ton_iot,1,0.99977,0.993725,0.996748,1,1,1
18212,ton_iot,1,1.0,0.99486,0.99743,1,1,1
18214,ton_iot,1,1.0,0.995186,0.997593,1,1,1
18216,ton_iot,1,0.99977,0.993725,0.996748,1,1,1
18222,ton_iot,1,1.0,0.999987,0.999994,1,1,1
18230,ton_iot,1,1.0,0.999699,0.999849,1,1,1
18233,ton_iot,1,1.0,0.955255,0.977628,1,1,1
18239,ton_iot,1,1.0,0.994548,0.997274,1,1,1
18240,ton_iot,1,0.99977,0.993725,0.996748,1,1,1
18252,ton_iot,1,1.0,0.999713,0.999856,1,1,1
18254,ton_iot,1,0.99977,0.993725,0.996748,1,1,1
18255,ton_iot,1,1.0,0.999805,0.999902,1,1,1
18257,ton_iot,1,1.0,0.989765,0.994882,1,1,1
18260,ton_iot,1,0.99618,0.998902,0.997541,1,1,1
18263,ton_iot,1,1.0,0.999989,0.999994,1,1,1
18268,ton_iot,1,0.99977,0.993725,0.996748,1,1,1
18276,ton_iot,1,0.99977,0.993725,0.996748,1,1,1
18277,ton_iot,1,0.999395,0.991457,0.995426,1,1,1
18278,ton_iot,1,0.99977,0.993725,0.996748,1,1,1
18280,ton_iot,1,1.0,0.998801,0.9994,1,1,1
18289,ton_iot,1,0.99977,0.993725,0.996748,1,1,1
18290,ton_iot,1,0.99977,0.993725,0.996748,1,1,1
18297,ton_iot,1,1.0,0.999989,0.999994,1,1,1
18303,ton_iot,1,0.999395,0.991457,0.995426,1,1,1
18304,ton_iot,1,0.99977,0.993725,0.996748,1,1,1
18310,ton_iot,1,1.0,0.999989,0.999994,1,1,1
18316,ton_iot,1,1.0,0.993013,0.996507,1,1,1
18326,ton_iot,1,0.999395,0.991846,0.99562,1,1,1
18330,ton_iot,1,1.0,0.999989,0.999994,1,1,1
18331,ton_iot,1,0.99977,0.995178,0.997474,1,1,1
18335,ton_iot,1,1.0,0.961073,0.980536,1,1,1
18336,ton_iot,1,0.999988,0.923774,0.961881,1,1,1
18337,ton_iot,1,1.0,0.998675,0.999337,1,1,1
18340,ton_iot,1,1.0,0.999991,0.999995,1,1,1
18345,ton_iot,1,1.0,0.995179,0.99759,1,1,1
18346,ton_iot,1,0.999395,0.991457,0.995426,1,1,1
18347,ton_iot,1,1.0,0.99486,0.99743,1,1,1
18348,ton_iot,1,1.0,0.995179,0.997589,1,1,1
18357,ton_iot,1,0.999395,0.991457,0.995426,1,1,1
18370,ton_iot,1,0.999395,0.991457,0.995426,1,1,1
18374,ton_iot,1,1.0,0.998736,0.999368,1,1,1
18376,ton_iot,0,0.83129,0.329451,0.58037,1,0,1
18377,ton_iot,0,0.08,0.791348,0.435674,0,1,0
18386,ton_iot,1,0.999395,0.991457,0.995426,1,1,1
18390,ton_iot,1,1.0,0.999989,0.999994,1,1,1
18393,ton_iot,1,1.0,0.993977,0.996989,1,1,1
18399,ton_iot,1,0.999395,0.991457,0.995426,1,1,1
18406,ton_iot,1,1.0,0.999989,0.999994,1,1,1
18410,ton_iot,1,1.0,0.907902,0.953951,1,1,1
18415,ton_iot,1,0.999395,0.991457,0.995426,1,1,1
18416,ton_iot,1,1.0,0.998675,0.999337,1,1,1
18427,ton_iot,1,1.0,0.999989,0.999994,1,1,1
18429,ton_iot,1,1.0,0.948565,0.974282,1,1,1
18437,ton_iot,1,1.0,0.995384,0.997692,1,1,1
18439,ton_iot,1,1.0,0.99518,0.99759,1,1,1
18440,ton_iot,1,1.0,0.99486,0.99743,1,1,1
18441,ton_iot,1,0.99977,0.993725,0.996748,1,1,1
18444,ton_iot,1,0.99977,0.993725,0.996748,1,1,1
18451,ton_iot,1,0.99977,0.995178,0.997474,1,1,1
18462,ton_iot,1,0.999395,0.991457,0.995426,1,1,1
18465,ton_iot,1,0.999395,0.991846,0.99562,1,1,1
18477,ton_iot,1,0.99977,0.993725,0.996748,1,1,1
18480,ton_iot,1,0.99977,0.993725,0.996748,1,1,1
18481,ton_iot,1,0.99977,0.993725,0.996748,1,1,1
18484,ton_iot,1,0.99977,0.993725,0.996748,1,1,1
18485,ton_iot,1,0.9,0.792004,0.846002,1,1,1
18490,ton_iot,1,1.0,0.99486,0.99743,1,1,1
18505,ton_iot,1,1.0,0.99486,0.99743,1,1,1
18506,ton_iot,1,0.999395,0.991457,0.995426,1,1,1
18509,ton_iot,1,1.0,0.989617,0.994809,1,1,1
18513,ton_iot,1,1.0,0.96111,0.980555,1,1,1
18516,ton_iot,1,0.999395,0.991457,0.995426,1,1,1
18527,ton_iot,1,0.99977,0.993725,0.996748,1,1,1
18531,ton_iot,0,0.0,0.215121,0.10756,0,0,0
18536,ton_iot,1,1.0,0.99486,0.99743,1,1,1
18537,ton_iot,1,0.99977,0.996362,0.998066,1,1,1
18541,ton_iot,1,0.98,0.93069,0.955345,1,1,1
18542,ton_iot,1,1.0,0.993977,0.996989,1,1,1
18544,ton_iot,1,0.999395,0.991457,0.995426,1,1,1
18547,ton_iot,1,0.999395,0.991846,0.99562,1,1,1
18551,ton_iot,1,1.0,0.999989,0.999994,1,1,1
18552,ton_iot,1,1.0,0.992754,0.996377,1,1,1
18554,ton_iot,1,0.99977,0.993725,0.996748,1,1,1
18567,ton_iot,1,1.0,0.99486,0.99743,1,1,1
18568,ton_iot,1,0.89,0.711761,0.800881,1,1,1
18580,ton_iot,1,0.99977,0.994541,0.997156,1,1,1
18594,ton_iot,1,1.0,0.998675,0.999337,1,1,1
18600,ton_iot,1,1.0,0.862893,0.931446,1,1,1
18601,ton_iot,1,0.999395,0.991457,0.995426,1,1,1
18603,ton_iot,1,0.99977,0.995178,0.997474,1,1,1
18635,ton_iot,1,0.999395,0.991457,0.995426,1,1,1
18637,ton_iot,1,1.0,0.992237,0.996119,1,1,1
18645,ton_iot,1,0.999395,0.991846,0.99562,1,1,1
18651,ton_iot,1,1.0,0.999989,0.999994,1,1,1
18656,ton_iot,1,0.999395,0.991846,0.99562,1,1,1
18664,ton_iot,1,0.99977,0.993725,0.996748,1,1,1
18665,ton_iot,1,1.0,0.999989,0.999994,1,1,1
18678,ton_iot,1,1.0,0.99486,0.99743,1,1,1
18682,ton_iot,1,0.99977,0.993725,0.996748,1,1,1
18683,ton_iot,1,0.99977,0.993725,0.996748,1,1,1
18684,ton_iot,1,1.0,0.947401,0.973701,1,1,1
18685,ton_iot,1,1.0,0.862764,0.931382,1,1,1
18688,ton_iot,1,0.999395,0.991457,0.995426,1,1,1
18693,ton_iot,1,1.0,0.794564,0.897282,1,1,1
18699,ton_iot,1,1.0,0.999989,0.999994,1,1,1
18706,ton_iot,0,0.0,0.041036,0.020518,0,0,0
18707,ton_iot,1,0.99977,0.993725,0.996748,1,1,1
18714,ton_iot,1,1.0,0.998921,0.999461,1,1,1
18715,ton_iot,1,0.99977,0.993725,0.996748,1,1,1
18717,ton_iot,1,1.0,0.947412,0.973706,1,1,1
18726,ton_iot,1,0.83,0.498105,0.664052,1,0,1
18729,ton_iot,1,0.999395,0.991457,0.995426,1,1,1
18732,ton_iot,1,0.999395,0.991457,0.995426,1,1,1
18736,ton_iot,1,0.999988,0.995179,0.997583,1,1,1
18740,ton_iot,1,1.0,0.999989,0.999994,1,1,1
18750,ton_iot,1,0.99977,0.993725,0.996748,1,1,1
18751,ton_iot,1,0.999395,0.991846,0.99562,1,1,1
18766,ton_iot,1,0.99977,0.993725,0.996748,1,1,1
18768,ton_iot,1,0.99977,0.993725,0.996748,1,1,1
18774,ton_iot,1,1.0,0.547369,0.773685,1,1,1
18776,ton_iot,1,0.999395,0.991457,0.995426,1,1,1
18779,ton_iot,1,0.999395,0.991457,0.995426,1,1,1
18784,ton_iot,1,1.0,0.998605,0.999302,1,1,1
18785,ton_iot,1,1.0,0.999987,0.999994,1,1,1
18822,ton_iot,1,1.0,0.999989,0.999994,1,1,1
18823,ton_iot,1,0.99977,0.994541,0.997156,1,1,1
18824,ton_iot,1,1.0,0.999989,0.999995,1,1,1
18828,ton_iot,1,0.999383,0.92377,0.961576,1,1,1
18847,ton_iot,0,0.0,0.032363,0.016182,0,0,0
18855,ton_iot,1,1.0,0.999989,0.999994,1,1,1
18858,ton_iot,1,1.0,0.99486,0.99743,1,1,1
18860,ton_iot,1,0.99977,0.993725,0.996748,1,1,1
18862,ton_iot,1,1.0,0.990572,0.995286,1,1,1
18863,ton_iot,1,0.99977,0.993725,0.996748,1,1,1
18880,ton_iot,1,1.0,0.906886,0.953443,1,1,1
18883,ton_iot,1,1.0,0.998675,0.999337,1,1,1
18888,ton_iot,1,1.0,0.913605,0.956803,1,1,1
18890,ton_iot,1,0.99977,0.996362,0.998066,1,1,1
18892,ton_iot,1,1.0,0.999991,0.999995,1,1,1
18911,ton_iot,1,1.0,0.99486,0.99743,1,1,1
18913,ton_iot,1,1.0,0.989767,0.994883,1,1,1
18916,ton_iot,1,1.0,0.999988,0.999994,1,1,1
18933,ton_iot,1,0.99977,0.994541,0.997156,1,1,1
18938,ton_iot,1,0.99618,0.998902,0.997541,1,1,1
18941,ton_iot,1,1.0,0.995179,0.997589,1,1,1
18963,ton_iot,1,0.99977,0.993725,0.996748,1,1,1
18964,ton_iot,1,0.999395,0.991846,0.99562,1,1,1
18966,ton_iot,1,0.999395,0.991457,0.995426,1,1,1
18967,ton_iot,1,1.0,0.995464,0.997732,1,1,1
18968,ton_iot,1,1.0,0.999561,0.999781,1,1,1
18970,ton_iot,1,1.0,0.994867,0.997434,1,1,1
18971,ton_iot,1,0.99977,0.994541,0.997156,1,1,1
18973,ton_iot,1,1.0,0.999989,0.999994,1,1,1
18999,ton_iot,1,1.0,0.923095,0.961548,1,1,1
19003,ton_iot,1,1.0,0.948562,0.974281,1,1,1
19005,ton_iot,1,1.0,0.999989,0.999994,1,1,1
19014,ton_iot,1,0.99977,0.993725,0.996748,1,1,1
19017,ton_iot,1,0.98,0.989883,0.984942,1,1,1
19030,ton_iot,1,0.999395,0.991846,0.99562,1,1,1
19031,ton_iot,1,0.99977,0.995178,0.997474,1,1,1
19038,ton_iot,1,0.99977,0.993725,0.996748,1,1,1
19040,ton_iot,1,0.99977,0.993725,0.996748,1,1,1
19069,ton_iot,1,1.0,0.999989,0.999994,1,1,1
19071,ton_iot,1,0.99977,0.994541,0.997156,1,1,1
19072,ton_iot,1,0.99977,0.993725,0.996748,1,1,1
19074,ton_iot,1,0.99977,0.993725,0.996748,1,1,1
19088,ton_iot,1,1.0,0.961091,0.980545,1,1,1
19099,ton_iot,1,0.99977,0.993725,0.996748,1,1,1
19100,ton_iot,1,0.99977,0.993725,0.996748,1,1,1
19106,ton_iot,1,1.0,0.948566,0.974283,1,1,1
19109,ton_iot,1,0.999395,0.991457,0.995426,1,1,1
19111,ton_iot,1,1.0,0.989638,0.994819,1,1,1
19118,ton_iot,1,1.0,0.923794,0.961897,1,1,1
19121,ton_iot,1,1.0,0.99486,0.99743,1,1,1
19122,ton_iot,1,1.0,0.961172,0.980586,1,1,1
19135,ton_iot,1,1.0,0.547369,0.773685,1,1,1
19137,ton_iot,1,1.0,0.939315,0.969658,1,1,1
19141,ton_iot,1,1.0,0.670157,0.835079,1,1,1
19146,ton_iot,1,0.99977,0.995178,0.997474,1,1,1
19148,ton_iot,1,1.0,0.999989,0.999994,1,1,1
19151,ton_iot,1,0.999395,0.991457,0.995426,1,1,1
19166,ton_iot,1,0.999383,0.92377,0.961576,1,1,1
19178,ton_iot,1,1.0,0.90668,0.95334,1,1,1
19182,ton_iot,1,0.999395,0.991457,0.995426,1,1,1
19193,ton_iot,1,0.999395,0.991457,0.995426,1,1,1
19201,ton_iot,1,0.83129,0.329451,0.58037,1,0,1
19203,ton_iot,1,0.999395,0.991457,0.995426,1,1,1
19206,ton_iot,1,1.0,0.948566,0.974283,1,1,1
19216,ton_iot,1,0.99618,0.998902,0.997541,1,1,1
19224,ton_iot,1,1.0,0.948561,0.974281,1,1,1
19226,ton_iot,1,0.999395,0.991457,0.995426,1,1,1
19232,ton_iot,1,1.0,0.936433,0.968217,1,1,1
19233,ton_iot,1,0.999395,0.991457,0.995426,1,1,1
19235,ton_iot,1,1.0,1.0,1.0,1,1,1
19236,ton_iot,1,0.99618,0.998902,0.997541,1,1,1
19243,ton_iot,1,0.99977,0.995178,0.997474,1,1,1
19245,ton_iot,1,0.999395,0.991846,0.99562,1,1,1
19246,ton_iot,1,1.0,0.93922,0.96961,1,1,1
19248,ton_iot,1,0.999395,0.991846,0.99562,1,1,1
19255,ton_iot,1,1.0,0.952332,0.976166,1,1,1
19256,ton_iot,1,1.0,0.999987,0.999994,1,1,1
19264,ton_iot,1,0.99,0.999026,0.994513,1,1,1
19266,ton_iot,1,0.999395,0.991457,0.995426,1,1,1
19268,ton_iot,1,0.999395,0.991457,0.995426,1,1,1
19269,ton_iot,1,1.0,0.948565,0.974283,1,1,1
19280,ton_iot,0,0.009395,0.098015,0.053705,0,0,0
19282,ton_iot,1,0.99977,0.993725,0.996748,1,1,1
19286,ton_iot,1,0.999395,0.991457,0.995426,1,1,1
19287,ton_iot,1,1.0,0.994862,0.997431,1,1,1
19294,ton_iot,1,1.0,0.947401,0.973701,1,1,1
19299,ton_iot,1,1.0,0.999714,0.999857,1,1,1
19302,ton_iot,1,0.999395,0.991457,0.995426,1,1,1
19305,ton_iot,1,0.99977,0.994541,0.997156,1,1,1
19306,ton_iot,1,1.0,0.990149,0.995075,1,1,1
19309,ton_iot,1,1.0,0.547369,0.773685,1,1,1
19313,ton_iot,1,1.0,1.0,1.0,1,1,1
19322,ton_iot,1,0.99977,0.993725,0.996748,1,1,1
19327,ton_iot,1,0.999395,0.991457,0.995426,1,1,1
19328,ton_iot,1,0.999395,0.991846,0.99562,1,1,1
19329,ton_iot,1,0.99977,0.993725,0.996748,1,1,1
19334,ton_iot,1,1.0,0.936194,0.968097,1,1,1
19345,ton_iot,1,1.0,0.994309,0.997154,1,1,1
19348,ton_iot,1,0.999395,0.991846,0.99562,1,1,1
19350,ton_iot,1,0.99618,0.998902,0.997541,1,1,1
19354,ton_iot,1,1.0,0.99486,0.99743,1,1,1
19356,ton_iot,1,1.0,0.994577,0.997288,1,1,1
19358,ton_iot,1,1.0,1.0,1.0,1,1,1
19362,ton_iot,1,1.0,0.99486,0.99743,1,1,1
19366,ton_iot,1,0.338387,0.177638,0.258013,0,0,0
19368,ton_iot,1,0.999395,0.991846,0.99562,1,1,1
19371,ton_iot,1,0.999395,0.991457,0.995426,1,1,1
19372,ton_iot,1,1.0,0.995457,0.997729,1,1,1
19375,ton_iot,1,0.99977,0.993725,0.996748,1,1,1
19378,ton_iot,1,1.0,0.874907,0.937453,1,1,1
19387,ton_iot,1,1.0,0.99486,0.99743,1,1,1
19389,ton_iot,1,1.0,0.694028,0.847014,1,1,1
19390,ton_iot,1,1.0,0.672109,0.836054,1,1,1
19393,ton_iot,1,0.999395,0.991457,0.995426,1,1,1
19404,ton_iot,1,0.99977,0.993725,0.996748,1,1,1
19407,ton_iot,1,0.999395,0.991457,0.995426,1,1,1
19415,ton_iot,1,0.009395,0.088294,0.048844,0,0,0
19428,ton_iot,1,0.999395,0.991457,0.995426,1,1,1
19431,ton_iot,1,0.9998,0.995179,0.997489,1,1,1
19439,ton_iot,1,0.999383,0.92377,0.961576,1,1,1
19440,ton_iot,1,0.999395,0.991846,0.99562,1,1,1
19450,ton_iot,1,0.999395,0.991457,0.995426,1,1,1
19457,ton_iot,1,0.999395,0.991846,0.99562,1,1,1
19458,ton_iot,1,1.0,0.961104,0.980552,1,1,1
19463,ton_iot,0,0.19,0.23912,0.21456,0,0,0
19467,ton_iot,1,0.999395,0.991846,0.99562,1,1,1
19472,ton_iot,1,0.99977,0.993725,0.996748,1,1,1
19474,ton_iot,1,1.0,0.999304,0.999652,1,1,1
19475,ton_iot,1,1.0,0.99486,0.99743,1,1,1
19480,ton_iot,1,0.99977,0.993725,0.996748,1,1,1
19481,ton_iot,1,0.999395,0.991846,0.99562,1,1,1
19485,ton_iot,1,0.83129,0.329451,0.58037,1,0,1
19489,ton_iot,1,0.999395,0.991457,0.995426,1,1,1
19492,ton_iot,1,0.99977,0.993725,0.996748,1,1,1
19494,ton_iot,1,1.0,0.990984,0.995492,1,1,1
19507,ton_iot,1,0.999395,0.991457,0.995426,1,1,1
19511,ton_iot,1,1.0,0.99486,0.99743,1,1,1
19521,ton_iot,1,1.0,0.996715,0.998357,1,1,1
19522,ton_iot,1,1.0,0.952314,0.976157,1,1,1
19524,ton_iot,1,1.0,0.998801,0.9994,1,1,1
19525,ton_iot,1,0.98,0.986243,0.983122,1,1,1
19530,ton_iot,1,1.0,0.999987,0.999994,1,1,1
19534,ton_iot,1,0.999395,0.991846,0.99562,1,1,1
19535,ton_iot,1,0.99977,0.993725,0.996748,1,1,1
19539,ton_iot,1,1.0,0.999989,0.999994,1,1,1
19543,ton_iot,1,0.99977,0.994541,0.997156,1,1,1
19547,ton_iot,1,0.99977,0.993725,0.996748,1,1,1
19549,ton_iot,0,0.02,0.002798,0.011399,0,0,0
19551,ton_iot,1,0.999395,0.991846,0.99562,1,1,1
19558,ton_iot,1,1.0,0.999989,0.999994,1,1,1
19569,ton_iot,1,0.99977,0.993725,0.996748,1,1,1
19570,ton_iot,1,1.0,0.961697,0.980849,1,1,1
19574,ton_iot,1,1.0,0.936295,0.968148,1,1,1
19575,ton_iot,1,0.999395,0.991457,0.995426,1,1,1
19577,ton_iot,1,0.99977,0.994541,0.997156,1,1,1
19582,ton_iot,0,0.0,0.010645,0.005322,0,0,0
19590,ton_iot,1,1.0,0.994861,0.99743,1,1,1
19596,ton_iot,1,1.0,0.220618,0.610309,1,0,1
19600,ton_iot,1,1.0,0.99978,0.99989,1,1,1
19601,ton_iot,1,0.99977,0.994542,0.997156,1,1,1
19605,ton_iot,1,1.0,0.989925,0.994962,1,1,1
19609,ton_iot,1,1.0,0.999989,0.999994,1,1,1
19610,ton_iot,1,0.99,0.805145,0.897572,1,1,1
19621,ton_iot,1,0.99977,0.994541,0.997156,1,1,1
19639,ton_iot,1,1.0,0.99486,0.99743,1,1,1
19644,ton_iot,0,0.02,0.926333,0.473166,0,1,0
19646,ton_iot,1,1.0,0.999989,0.999994,1,1,1
19649,ton_iot,1,1.0,0.952262,0.976131,1,1,1
19650,ton_iot,1,0.99618,0.998902,0.997541,1,1,1
19658,ton_iot,1,1.0,0.936217,0.968109,1,1,1
19663,ton_iot,1,1.0,0.547369,0.773685,1,1,1
19670,ton_iot,1,1.0,0.993952,0.996976,1,1,1
19677,ton_iot,1,1.0,0.99929,0.999645,1,1,1
19679,ton_iot,1,0.999395,0.991457,0.995426,1,1,1
19688,ton_iot,1,1.0,0.999989,0.999994,1,1,1
19689,ton_iot,1,0.999395,0.991457,0.995426,1,1,1
19704,ton_iot,1,0.999395,0.991457,0.995426,1,1,1
19711,ton_iot,1,1.0,0.995462,0.997731,1,1,1
19715,ton_iot,1,0.96,0.999995,0.979998,1,1,1
19716,ton_iot,1,1.0,0.994869,0.997435,1,1,1
19718,ton_iot,1,1.0,0.948561,0.97428,1,1,1
19719,ton_iot,1,0.99977,0.994541,0.997156,1,1,1
19732,ton_iot,1,0.99618,0.998902,0.997541,1,1,1
19736,ton_iot,1,1.0,0.99293,0.996465,1,1,1
19749,ton_iot,1,1.0,0.993962,0.996981,1,1,1
19751,ton_iot,1,0.999395,0.991846,0.99562,1,1,1
19772,ton_iot,1,1.0,0.994545,0.997272,1,1,1
19775,ton_iot,1,0.99977,0.993725,0.996748,1,1,1
19777,ton_iot,1,0.99977,0.993725,0.996748,1,1,1
19787,ton_iot,1,0.999395,0.991457,0.995426,1,1,1
19789,ton_iot,1,0.99977,0.995178,0.997474,1,1,1
19797,ton_iot,1,0.597853,0.364916,0.481385,1,0,0
19798,ton_iot,1,0.999395,0.991457,0.995426,1,1,1
19802,ton_iot,1,0.99977,0.993725,0.996748,1,1,1
19803,ton_iot,1,0.999395,0.364916,0.682155,1,0,1
19806,ton_iot,1,0.99977,0.993725,0.996748,1,1,1
19811,ton_iot,1,1.0,0.547369,0.773685,1,1,1
19814,ton_iot,1,1.0,0.998766,0.999383,1,1,1
19819,ton_iot,1,0.999395,0.991846,0.99562,1,1,1
19821,ton_iot,1,0.99977,0.993725,0.996748,1,1,1
19824,ton_iot,1,1.0,0.99486,0.99743,1,1,1
19827,ton_iot,1,1.0,0.974634,0.987317,1,1,1
19828,ton_iot,1,0.99977,0.995178,0.997474,1,1,1
19841,ton_iot,1,0.999395,0.991457,0.995426,1,1,1
19849,ton_iot,1,0.999395,0.991457,0.995426,1,1,1
19851,ton_iot,1,0.99977,0.995178,0.997474,1,1,1
19857,ton_iot,1,1.0,0.999988,0.999994,1,1,1
19861,ton_iot,1,0.99977,0.994541,0.997156,1,1,1
19871,ton_iot,1,1.0,0.994672,0.997336,1,1,1
19881,ton_iot,1,0.83129,0.329451,0.58037,1,0,1
19883,ton_iot,1,0.93,0.310165,0.620083,1,0,1
19891,ton_iot,1,1.0,0.993726,0.996863,1,1,1
19901,ton_iot,1,1.0,0.820132,0.910066,1,1,1
19917,ton_iot,1,0.999395,0.991457,0.995426,1,1,1
19924,ton_iot,1,1.0,0.999989,0.999994,1,1,1
19929,ton_iot,1,0.99977,0.993725,0.996748,1,1,1
19934,ton_iot,1,0.999395,0.991457,0.995426,1,1,1
19940,ton_iot,1,1.0,0.999988,0.999994,1,1,1
19957,ton_iot,1,0.99977,0.993725,0.996748,1,1,1
19958,ton_iot,1,1.0,0.998691,0.999346,1,1,1
19960,ton_iot,1,0.99977,0.993725,0.996748,1,1,1
19961,ton_iot,1,0.999395,0.991846,0.99562,1,1,1
19968,ton_iot,1,1.0,0.999989,0.999994,1,1,1
19971,ton_iot,1,0.999395,0.991846,0.99562,1,1,1
19982,ton_iot,1,1.0,0.999998,0.999999,1,1,1
19984,ton_iot,1,1.0,0.998473,0.999237,1,1,1
19986,ton_iot,0,0.009395,0.093559,0.051477,0,0,0
19996,ton_iot,1,0.99977,0.995178,0.997474,1,1,1
19999,ton_iot,1,1.0,0.99486,0.99743,1,1,1
20001,ton_iot,1,0.99977,0.993725,0.996748,1,1,1
20008,ton_iot,1,0.99977,0.993725,0.996748,1,1,1
20010,ton_iot,1,1.0,0.99486,0.99743,1,1,1
20011,ton_iot,1,0.999395,0.991846,0.99562,1,1,1
20026,ton_iot,1,0.999395,0.991457,0.995426,1,1,1
20035,ton_iot,1,1.0,0.947407,0.973704,1,1,1
20051,ton_iot,1,1.0,0.998801,0.999401,1,1,1
20054,ton_iot,1,1.0,0.948561,0.974281,1,1,1
20055,ton_iot,1,1.0,0.998934,0.999467,1,1,1
20067,ton_iot,1,0.99977,0.993725,0.996748,1,1,1
20073,ton_iot,1,1.0,0.998466,0.999233,1,1,1
20075,ton_iot,1,1.0,0.991314,0.995657,1,1,1
20076,ton_iot,1,1.0,0.999988,0.999994,1,1,1
20081,ton_iot,1,0.99977,0.994541,0.997156,1,1,1
20088,ton_iot,1,1.0,0.994861,0.99743,1,1,1
20089,ton_iot,1,1.0,0.947405,0.973703,1,1,1
20091,ton_iot,1,0.83129,0.329451,0.58037,1,0,1
20096,ton_iot,1,1.0,0.989475,0.994737,1,1,1
20104,ton_iot,1,1.0,0.990399,0.9952,1,1,1
20105,ton_iot,1,1.0,0.995464,0.997732,1,1,1
20106,ton_iot,1,0.999395,0.991846,0.99562,1,1,1
20108,ton_iot,1,1.0,0.937215,0.968608,1,1,1
20113,ton_iot,1,0.962516,0.228074,0.595295,1,0,1
20114,ton_iot,1,0.99977,0.993725,0.996748,1,1,1
20119,ton_iot,1,0.999395,0.991846,0.99562,1,1,1
20120,ton_iot,1,1.0,0.994681,0.99734,1,1,1
20130,ton_iot,1,1.0,0.999991,0.999996,1,1,1
20139,ton_iot,1,1.0,0.999989,0.999994,1,1,1
20140,ton_iot,1,1.0,0.989827,0.994913,1,1,1
20148,ton_iot,1,0.99977,0.993725,0.996748,1,1,1
20155,ton_iot,1,1.0,0.99486,0.99743,1,1,1
20159,ton_iot,1,0.999988,0.995179,0.997583,1,1,1
20163,ton_iot,1,0.99977,0.993725,0.996748,1,1,1
20165,ton_iot,1,0.99977,0.993725,0.996748,1,1,1
20166,ton_iot,1,0.99977,0.993725,0.996748,1,1,1
20172,ton_iot,1,0.999395,0.991457,0.995426,1,1,1
20174,ton_iot,1,0.99977,0.995178,0.997474,1,1,1
20178,ton_iot,1,0.999395,0.991457,0.995426,1,1,1
20179,ton_iot,1,1.0,0.999989,0.999994,1,1,1
20185,ton_iot,1,1.0,0.995223,0.997612,1,1,1
20187,ton_iot,1,0.999395,0.991457,0.995426,1,1,1
20189,ton_iot,1,0.99977,0.995178,0.997474,1,1,1
20195,ton_iot,1,0.99977,0.993725,0.996748,1,1,1
20199,ton_iot,1,0.99977,0.994542,0.997156,1,1,1
20200,ton_iot,1,0.99618,0.998902,0.997541,1,1,1
20202,ton_iot,1,1.0,0.997534,0.998767,1,1,1
20204,ton_iot,1,1.0,0.999987,0.999994,1,1,1
20207,ton_iot,1,0.999395,0.991846,0.99562,1,1,1
20211,ton_iot,1,0.99618,0.998902,0.997541,1,1,1
20213,ton_iot,1,0.99618,0.998902,0.997541,1,1,1
20218,ton_iot,1,1.0,0.805132,0.902566,1,1,1
20219,ton_iot,1,0.999395,0.991846,0.99562,1,1,1
20220,ton_iot,1,0.999395,0.991457,0.995426,1,1,1
20222,ton_iot,1,1.0,0.994554,0.997277,1,1,1
20224,ton_iot,1,0.999395,0.991846,0.99562,1,1,1
20226,ton_iot,1,0.999395,0.991457,0.995426,1,1,1
20228,ton_iot,1,0.999395,0.991457,0.995426,1,1,1
20229,ton_iot,1,1.0,0.95225,0.976125,1,1,1
20237,ton_iot,1,1.0,0.993643,0.996821,1,1,1
20251,ton_iot,1,1.0,0.979065,0.989533,1,1,1
20260,ton_iot,1,1.0,0.951191,0.975595,1,1,1
20266,ton_iot,1,0.99618,0.998902,0.997541,1,1,1
20277,ton_iot,0,0.0,0.010592,0.005296,0,0,0
20280,ton_iot,1,0.999395,0.991846,0.99562,1,1,1
20285,ton_iot,1,0.99977,0.993725,0.996748,1,1,1
20286,ton_iot,1,1.0,0.953787,0.976893,1,1,1
20290,ton_iot,1,0.999395,0.991457,0.995426,1,1,1
20291,ton_iot,1,1.0,0.990489,0.995244,1,1,1
20309,ton_iot,1,0.99977,0.993725,0.996748,1,1,1
20314,ton_iot,1,0.999395,0.991846,0.99562,1,1,1
20316,ton_iot,1,0.99977,0.993725,0.996748,1,1,1
20320,ton_iot,1,1.0,0.96112,0.98056,1,1,1
20339,ton_iot,1,0.99,0.999552,0.994776,1,1,1
20344,ton_iot,1,1.0,1.0,1.0,1,1,1
20365,ton_iot,1,0.999395,0.991846,0.99562,1,1,1
20369,ton_iot,1,1.0,0.955253,0.977626,1,1,1
20373,ton_iot,1,1.0,0.999181,0.999591,1,1,1
20374,ton_iot,1,0.999395,0.991846,0.99562,1,1,1
20375,ton_iot,1,0.99977,0.994541,0.997156,1,1,1
20377,ton_iot,1,1.0,0.994543,0.997272,1,1,1
20388,ton_iot,1,1.0,0.99486,0.99743,1,1,1
20390,ton_iot,1,1.0,0.999988,0.999994,1,1,1
20391,ton_iot,1,1.0,0.998675,0.999337,1,1,1
20392,ton_iot,1,1.0,0.812369,0.906184,1,1,1
20403,ton_iot,1,0.999988,0.923775,0.961882,1,1,1
20409,ton_iot,1,1.0,0.933665,0.966832,1,1,1
20413,ton_iot,1,0.999395,0.991846,0.99562,1,1,1
20428,ton_iot,1,1.0,0.996049,0.998024,1,1,1
20436,ton_iot,1,0.99977,0.995178,0.997474,1,1,1
20440,ton_iot,1,0.999395,0.991457,0.995426,1,1,1
20442,ton_iot,1,1.0,0.998675,0.999337,1,1,1
20448,ton_iot,1,0.99977,0.995178,0.997474,1,1,1
20449,ton_iot,1,0.999395,0.991846,0.99562,1,1,1
20450,ton_iot,1,1.0,0.999989,0.999994,1,1,1
20453,ton_iot,1,0.99977,0.994541,0.997156,1,1,1
20458,ton_iot,1,1.0,0.994861,0.99743,1,1,1
20459,ton_iot,1,1.0,0.547369,0.773685,1,1,1
20464,ton_iot,1,1.0,0.999989,0.999994,1,1,1
20474,ton_iot,1,1.0,0.991002,0.995501,1,1,1
20476,ton_iot,1,0.99977,0.993725,0.996748,1,1,1
20484,ton_iot,1,1.0,0.989848,0.994924,1,1,1
20487,ton_iot,1,1.0,0.989817,0.994909,1,1,1
20488,ton_iot,1,0.99618,0.998902,0.997541,1,1,1
20493,ton_iot,1,0.99977,0.993725,0.996748,1,1,1
20495,ton_iot,1,1.0,0.948556,0.974278,1,1,1
20503,ton_iot,1,1.0,0.99486,0.99743,1,1,1
20505,ton_iot,1,0.999395,0.991846,0.99562,1,1,1
20509,ton_iot,1,0.99977,0.993725,0.996748,1,1,1
20513,ton_iot,1,1.0,0.961086,0.980543,1,1,1
20514,ton_iot,1,1.0,0.996371,0.998185,1,1,1
20532,ton_iot,1,0.99977,0.993725,0.996748,1,1,1
20537,ton_iot,1,0.99,0.999874,0.994937,1,1,1
20540,ton_iot,1,0.999395,0.991457,0.995426,1,1,1
20547,ton_iot,1,1.0,0.948592,0.974296,1,1,1
20549,ton_iot,1,0.999395,0.991846,0.99562,1,1,1
20555,ton_iot,1,1.0,0.99486,0.99743,1,1,1
20568,ton_iot,1,0.99977,0.995178,0.997474,1,1,1
20572,ton_iot,1,1.0,0.547369,0.773685,1,1,1
20577,ton_iot,1,1.0,0.989764,0.994882,1,1,1
20584,ton_iot,1,0.99977,0.995178,0.997474,1,1,1
20589,ton_iot,1,1.0,0.999989,0.999994,1,1,1
20594,ton_iot,1,0.99977,0.993725,0.996748,1,1,1
20599,ton_iot,1,0.999988,0.923776,0.961882,1,1,1
20610,ton_iot,1,0.99977,0.995178,0.997474,1,1,1
20612,ton_iot,1,1.0,0.936195,0.968098,1,1,1
20615,ton_iot,1,1.0,0.999989,0.999994,1,1,1
20616,ton_iot,1,0.99977,0.993725,0.996748,1,1,1
20622,ton_iot,1,0.99977,0.994541,0.997156,1,1,1
20625,ton_iot,1,0.99977,0.993725,0.996748,1,1,1
20639,ton_iot,1,0.999395,0.991457,0.995426,1,1,1
20640,ton_iot,1,1.0,0.999988,0.999994,1,1,1
20642,ton_iot,1,1.0,0.999989,0.999994,1,1,1
20650,ton_iot,1,0.99977,0.993725,0.996748,1,1,1
20656,ton_iot,1,0.959904,0.992526,0.976215,1,1,1
20661,ton_iot,1,0.99977,0.993725,0.996748,1,1,1
20671,ton_iot,1,1.0,0.952216,0.976108,1,1,1
20679,ton_iot,1,1.0,0.993956,0.996978,1,1,1
20681,ton_iot,1,0.999395,0.991457,0.995426,1,1,1
20683,ton_iot,1,1.0,0.998202,0.999101,1,1,1
20691,ton_iot,1,0.99977,0.993725,0.996748,1,1,1
20693,ton_iot,1,1.0,0.999988,0.999994,1,1,1
20694,ton_iot,1,0.99977,0.993725,0.996748,1,1,1
20698,ton_iot,1,0.99977,0.993725,0.996748,1,1,1
20700,ton_iot,1,1.0,0.948564,0.974282,1,1,1
20706,ton_iot,1,0.999395,0.991457,0.995426,1,1,1
20709,ton_iot,1,1.0,0.948562,0.974281,1,1,1
20711,ton_iot,1,0.999395,0.991457,0.995426,1,1,1
20712,ton_iot,1,0.999395,0.991457,0.995426,1,1,1
20715,ton_iot,1,1.0,0.958247,0.979123,1,1,1
20720,ton_iot,1,1.0,0.97169,0.985845,1,1,1
20722,ton_iot,1,0.999395,0.991457,0.995426,1,1,1
20730,ton_iot,1,0.99977,0.993725,0.996748,1,1,1
20739,ton_iot,1,0.999395,0.991846,0.99562,1,1,1
20746,ton_iot,1,0.999395,0.991846,0.99562,1,1,1
20751,ton_iot,1,0.99,0.985259,0.987629,1,1,1
20754,ton_iot,1,0.99977,0.995178,0.997474,1,1,1
20760,ton_iot,1,1.0,0.998026,0.999013,1,1,1
20763,ton_iot,1,1.0,0.994065,0.997032,1,1,1
20782,ton_iot,1,0.99977,0.994542,0.997156,1,1,1
20787,ton_iot,1,1.0,0.99486,0.99743,1,1,1
20789,ton_iot,1,1.0,0.99486,0.99743,1,1,1
20794,ton_iot,1,1.0,0.999989,0.999994,1,1,1
20795,ton_iot,1,1.0,0.947421,0.973711,1,1,1
20801,ton_iot,1,1.0,0.933833,0.966917,1,1,1
20810,ton_iot,0,0.000107,0.121771,0.060939,0,0,0
20813,ton_iot,1,0.99977,0.993725,0.996748,1,1,1
20823,ton_iot,1,1.0,0.998514,0.999257,1,1,1
20835,ton_iot,1,0.99977,0.995178,0.997474,1,1,1
20849,ton_iot,1,1.0,0.998612,0.999306,1,1,1
20852,ton_iot,1,1.0,0.985826,0.992913,1,1,1
20855,ton_iot,1,0.99977,0.993725,0.996748,1,1,1
20856,ton_iot,1,1.0,0.968376,0.984188,1,1,1
20857,ton_iot,1,0.999395,0.991457,0.995426,1,1,1
20860,ton_iot,1,1.0,0.670082,0.835041,1,1,1
20861,ton_iot,1,1.0,0.994861,0.99743,1,1,1
20862,ton_iot,1,1.0,0.996364,0.998182,1,1,1
20863,ton_iot,1,1.0,0.993026,0.996513,1,1,1
20864,ton_iot,1,1.0,0.999786,0.999893,1,1,1
20869,ton_iot,1,1.0,0.989648,0.994824,1,1,1
20870,ton_iot,1,1.0,0.999991,0.999996,1,1,1
20877,ton_iot,1,0.99977,0.993725,0.996748,1,1,1
20880,ton_iot,1,0.99977,0.993725,0.996748,1,1,1
20882,ton_iot,1,0.999395,0.991457,0.995426,1,1,1
20886,ton_iot,1,1.0,0.993965,0.996983,1,1,1
20889,ton_iot,1,0.99977,0.993725,0.996748,1,1,1
20893,ton_iot,1,1.0,0.999193,0.999597,1,1,1
20907,ton_iot,1,1.0,0.547369,0.773685,1,1,1
20913,ton_iot,1,0.99,0.994128,0.992064,1,1,1
20930,ton_iot,1,1.0,0.99486,0.99743,1,1,1
20936,ton_iot,1,1.0,0.952269,0.976134,1,1,1
20958,ton_iot,1,0.999395,0.991457,0.995426,1,1,1
20961,ton_iot,1,0.83129,0.329451,0.58037,1,0,1
20962,ton_iot,1,0.999395,0.991457,0.995426,1,1,1
20973,ton_iot,1,1.0,0.994745,0.997373,1,1,1
20979,ton_iot,1,1.0,0.995182,0.997591,1,1,1
20981,ton_iot,1,0.999395,0.991457,0.995426,1,1,1
20991,ton_iot,1,0.597853,0.364916,0.481385,1,0,0
20994,ton_iot,1,0.982516,1.0,0.991258,1,1,1
20995,ton_iot,1,0.999395,0.991846,0.99562,1,1,1
20997,ton_iot,1,0.99977,0.994541,0.997156,1,1,1
21004,ton_iot,1,0.999395,0.991457,0.995426,1,1,1
21006,ton_iot,1,1.0,0.992724,0.996362,1,1,1
21014,ton_iot,1,0.999383,0.92377,0.961576,1,1,1
21017,ton_iot,1,1.0,0.999991,0.999995,1,1,1
21023,ton_iot,1,1.0,0.999989,0.999994,1,1,1
21026,ton_iot,1,0.99977,0.993725,0.996748,1,1,1
21028,ton_iot,1,0.999395,0.991457,0.995426,1,1,1
21030,ton_iot,1,0.99977,0.994542,0.997156,1,1,1
21032,ton_iot,1,1.0,0.670156,0.835078,1,1,1
21036,ton_iot,1,1.0,0.999988,0.999994,1,1,1
21039,ton_iot,1,1.0,0.99486,0.99743,1,1,1
21042,ton_iot,1,0.99977,0.994541,0.997156,1,1,1
21044,ton_iot,1,1.0,0.995199,0.9976,1,1,1
21047,ton_iot,1,1.0,0.999989,0.999994,1,1,1
21052,ton_iot,1,0.999395,0.991457,0.995426,1,1,1
21054,ton_iot,1,0.99977,0.993725,0.996748,1,1,1
21063,ton_iot,1,0.99977,0.995179,0.997474,1,1,1
21064,ton_iot,1,1.0,0.952316,0.976158,1,1,1
21076,ton_iot,1,0.99977,0.994541,0.997156,1,1,1
21077,ton_iot,1,1.0,0.995183,0.997591,1,1,1
21102,ton_iot,1,0.99977,0.993725,0.996748,1,1,1
21112,ton_iot,1,0.99977,0.994541,0.997156,1,1,1
21115,ton_iot,1,0.99977,0.993725,0.996748,1,1,1
21116,ton_iot,1,0.99977,0.995178,0.997474,1,1,1
21118,ton_iot,1,1.0,1.0,1.0,1,1,1
21126,ton_iot,1,1.0,0.999989,0.999994,1,1,1
21129,ton_iot,1,0.999395,0.991457,0.995426,1,1,1
21130,ton_iot,1,0.99977,0.993725,0.996748,1,1,1
21137,ton_iot,1,0.999395,0.991846,0.99562,1,1,1
21138,ton_iot,1,1.0,0.993969,0.996984,1,1,1
21141,ton_iot,1,0.999395,0.991457,0.995426,1,1,1
21162,ton_iot,1,1.0,0.99455,0.997275,1,1,1
21170,ton_iot,1,0.999395,0.991846,0.99562,1,1,1
21183,ton_iot,1,1.0,0.936577,0.968289,1,1,1
21188,ton_iot,1,0.99977,0.995178,0.997474,1,1,1
21189,ton_iot,1,1.0,0.989831,0.994915,1,1,1
21190,ton_iot,1,1.0,0.989721,0.99486,1,1,1
21191,ton_iot,1,1.0,0.955528,0.977764,1,1,1
21193,ton_iot,1,0.99977,0.993725,0.996748,1,1,1
21202,ton_iot,1,1.0,0.993958,0.996979,1,1,1
21205,ton_iot,1,1.0,0.994914,0.997457,1,1,1
21213,ton_iot,1,1.0,0.947397,0.973699,1,1,1
21221,ton_iot,1,0.99977,0.993725,0.996748,1,1,1
21225,ton_iot,1,0.99977,0.993725,0.996748,1,1,1
21231,ton_iot,1,0.999395,0.991457,0.995426,1,1,1
21234,ton_iot,1,0.999395,0.991457,0.995426,1,1,1
21237,ton_iot,1,1.0,0.99945,0.999725,1,1,1
21239,ton_iot,1,1.0,0.99486,0.99743,1,1,1
21241,ton_iot,1,0.999395,0.991457,0.995426,1,1,1
21246,ton_iot,1,1.0,0.999989,0.999994,1,1,1
21252,ton_iot,1,0.99977,0.993725,0.996748,1,1,1
21255,ton_iot,1,1.0,0.999989,0.999994,1,1,1
21270,ton_iot,1,1.0,0.999983,0.999992,1,1,1
21274,ton_iot,0,0.0,0.215124,0.107562,0,0,0
21281,ton_iot,1,1.0,0.989669,0.994835,1,1,1
21283,ton_iot,1,1.0,0.947395,0.973698,1,1,1
21284,ton_iot,1,0.99618,0.998902,0.997541,1,1,1
21285,ton_iot,1,0.99977,0.993725,0.996748,1,1,1
21287,ton_iot,1,1.0,0.99486,0.99743,1,1,1
21292,ton_iot,1,1.0,0.999989,0.999994,1,1,1
21293,ton_iot,1,0.99977,0.993725,0.996748,1,1,1
21294,ton_iot,1,1.0,0.95846,0.97923,1,1,1
21297,ton_iot,1,0.99977,0.995178,0.997474,1,1,1
21306,ton_iot,1,0.99977,0.993725,0.996748,1,1,1
21309,ton_iot,1,1.0,0.999988,0.999994,1,1,1
21310,ton_iot,1,1.0,0.947402,0.973701,1,1,1
21311,ton_iot,1,0.99977,0.993725,0.996748,1,1,1
21312,ton_iot,1,0.99977,0.993725,0.996748,1,1,1
21316,ton_iot,1,1.0,0.818983,0.909491,1,1,1
21319,ton_iot,1,0.99977,0.993725,0.996748,1,1,1
21320,ton_iot,1,1.0,0.948574,0.974287,1,1,1
21321,ton_iot,1,1.0,0.999988,0.999994,1,1,1
21324,ton_iot,1,0.999395,0.991457,0.995426,1,1,1
21334,ton_iot,1,1.0,0.995204,0.997602,1,1,1
21337,ton_iot,1,0.597853,0.364916,0.481385,1,0,0
21341,ton_iot,1,1.0,0.947402,0.973701,1,1,1
21344,ton_iot,1,0.99618,0.998902,0.997541,1,1,1
21350,ton_iot,1,1.0,0.984705,0.992353,1,1,1
21354,ton_iot,1,0.999395,0.991457,0.995426,1,1,1
21360,ton_iot,1,0.99618,0.998902,0.997541,1,1,1
21364,ton_iot,1,1.0,0.952281,0.97614,1,1,1
21365,ton_iot,0,0.279395,0.12834,0.203867,0,0,0
21377,ton_iot,1,0.999395,0.991846,0.99562,1,1,1
21381,ton_iot,1,1.0,0.996362,0.998181,1,1,1
21389,ton_iot,1,0.99977,0.995178,0.997474,1,1,1
21390,ton_iot,1,0.999988,0.923777,0.961882,1,1,1
21391,ton_iot,0,0.13036,0.110008,0.120184,0,0,0
21392,ton_iot,1,1.0,0.999989,0.999994,1,1,1
21400,ton_iot,1,1.0,0.999991,0.999995,1,1,1
21402,ton_iot,1,0.99977,0.993725,0.996748,1,1,1
21407,ton_iot,1,1.0,0.999991,0.999995,1,1,1
21409,ton_iot,1,1.0,0.994749,0.997375,1,1,1
21411,ton_iot,1,0.83129,0.329451,0.58037,1,0,1
21415,ton_iot,1,0.99977,0.995178,0.997474,1,1,1
21417,ton_iot,1,1.0,0.999991,0.999995,1,1,1
21423,ton_iot,1,1.0,0.906605,0.953303,1,1,1
21424,ton_iot,0,0.009395,0.091614,0.050505,0,0,0
21426,ton_iot,1,1.0,0.99486,0.99743,1,1,1
21427,ton_iot,1,1.0,0.999889,0.999945,1,1,1
21429,ton_iot,1,1.0,0.994873,0.997437,1,1,1
21454,ton_iot,1,1.0,0.994543,0.997272,1,1,1
21459,ton_iot,1,1.0,0.994453,0.997226,1,1,1
21462,ton_iot,1,1.0,0.999988,0.999994,1,1,1
21465,ton_iot,1,1.0,0.992163,0.996082,1,1,1
21469,ton_iot,1,1.0,0.994762,0.997381,1,1,1
21474,ton_iot,1,0.999395,0.991846,0.99562,1,1,1
21478,ton_iot,1,1.0,0.995458,0.997729,1,1,1
21485,ton_iot,1,1.0,0.936184,0.968092,1,1,1
21489,ton_iot,1,1.0,0.907405,0.953703,1,1,1
21493,ton_iot,1,1.0,0.961053,0.980527,1,1,1
21496,ton_iot,1,0.99977,0.993725,0.996748,1,1,1
21500,ton_iot,1,1.0,0.994861,0.99743,1,1,1
21501,ton_iot,1,0.99977,0.994541,0.997156,1,1,1
21503,ton_iot,1,0.99977,0.993725,0.996748,1,1,1
21512,ton_iot,1,1.0,0.862824,0.931412,1,1,1
21529,ton_iot,1,1.0,0.936191,0.968096,1,1,1
21532,ton_iot,0,0.08,0.0,0.04,0,0,0
21541,ton_iot,1,0.99977,0.993725,0.996748,1,1,1
21549,ton_iot,1,0.99618,0.998902,0.997541,1,1,1
21553,ton_iot,1,0.999395,0.991457,0.995426,1,1,1
21561,ton_iot,1,0.999395,0.991846,0.99562,1,1,1
21569,ton_iot,1,1.0,0.999789,0.999895,1,1,1
21573,ton_iot,1,0.99977,0.993725,0.996748,1,1,1
21574,ton_iot,1,1.0,0.961099,0.980549,1,1,1
21575,ton_iot,1,0.999395,0.991457,0.995426,1,1,1
21577,ton_iot,1,1.0,0.684159,0.84208,1,1,1
21580,ton_iot,1,1.0,0.999174,0.999587,1,1,1
21583,ton_iot,1,0.99977,0.993725,0.996748,1,1,1
21589,ton_iot,1,0.99,1.0,0.995,1,1,1
21591,ton_iot,1,0.999395,0.991457,0.995426,1,1,1
21595,ton_iot,1,1.0,0.993539,0.99677,1,1,1
21609,ton_iot,1,0.999395,0.991846,0.99562,1,1,1
21612,ton_iot,1,0.99977,0.994541,0.997156,1,1,1
21639,ton_iot,1,0.999395,0.991846,0.99562,1,1,1
21647,ton_iot,1,1.0,0.999989,0.999994,1,1,1
21653,ton_iot,1,1.0,0.993223,0.996612,1,1,1
21667,ton_iot,1,0.99977,0.993725,0.996748,1,1,1
21669,ton_iot,1,1.0,0.964412,0.982206,1,1,1
21682,ton_iot,1,0.999395,0.991846,0.99562,1,1,1
21684,ton_iot,1,1.0,0.999989,0.999994,1,1,1
21698,ton_iot,0,0.0,0.215137,0.107569,0,0,0
21702,ton_iot,1,0.99977,0.996362,0.998066,1,1,1
21703,ton_iot,1,0.999395,0.991846,0.99562,1,1,1
21706,ton_iot,1,0.999395,0.991846,0.99562,1,1,1
21720,ton_iot,1,0.99977,0.996362,0.998066,1,1,1
21724,ton_iot,1,0.999395,0.991457,0.995426,1,1,1
21727,ton_iot,1,1.0,0.961087,0.980544,1,1,1
21728,ton_iot,1,1.0,0.999989,0.999994,1,1,1
21729,ton_iot,1,0.999395,0.991457,0.995426,1,1,1
21736,ton_iot,1,1.0,0.948568,0.974284,1,1,1
21744,ton_iot,1,0.99977,0.993725,0.996748,1,1,1
21752,ton_iot,1,0.99618,0.998902,0.997541,1,1,1
21758,ton_iot,1,0.99977,0.993725,0.996748,1,1,1
21760,ton_iot,1,0.999395,0.991457,0.995426,1,1,1
21767,ton_iot,1,0.99977,0.993725,0.996748,1,1,1
21775,ton_iot,1,0.99977,0.993725,0.996748,1,1,1
21776,ton_iot,1,1.0,0.99486,0.99743,1,1,1
21778,ton_iot,1,1.0,0.999989,0.999994,1,1,1
21781,ton_iot,1,1.0,0.961097,0.980549,1,1,1
21788,ton_iot,1,1.0,0.991332,0.995666,1,1,1
21792,ton_iot,1,1.0,1.0,1.0,1,1,1
21793,ton_iot,1,1.0,0.952283,0.976142,1,1,1
21798,ton_iot,1,0.99977,0.995178,0.997474,1,1,1
21801,ton_iot,1,0.999395,0.991457,0.995426,1,1,1
21802,ton_iot,1,1.0,0.99518,0.99759,1,1,1
21803,ton_iot,1,0.999395,0.991846,0.99562,1,1,1
21813,ton_iot,1,1.0,0.999779,0.999889,1,1,1
21815,ton_iot,1,0.99977,0.996362,0.998066,1,1,1
21820,ton_iot,1,0.99977,0.994541,0.997156,1,1,1
21825,ton_iot,1,1.0,0.948573,0.974287,1,1,1
21827,ton_iot,1,1.0,0.957193,0.978596,1,1,1
21828,ton_iot,1,0.99977,0.993725,0.996748,1,1,1
21830,ton_iot,1,0.999395,0.991457,0.995426,1,1,1
21839,ton_iot,1,1.0,0.999988,0.999994,1,1,1
21840,ton_iot,1,0.99977,0.993725,0.996748,1,1,1
21844,ton_iot,1,1.0,0.998369,0.999184,1,1,1
21860,ton_iot,1,1.0,0.992304,0.996152,1,1,1
21867,ton_iot,1,1.0,0.99486,0.99743,1,1,1
21875,ton_iot,1,0.99977,0.993725,0.996748,1,1,1
21886,ton_iot,1,1.0,0.989406,0.994703,1,1,1
21892,ton_iot,1,1.0,0.999744,0.999872,1,1,1
21896,ton_iot,1,0.99977,0.993725,0.996748,1,1,1
21901,ton_iot,1,0.999395,0.991457,0.995426,1,1,1
21903,ton_iot,1,0.99977,0.993725,0.996748,1,1,1
21904,ton_iot,1,0.99977,0.993725,0.996748,1,1,1
21908,ton_iot,1,0.99977,0.993725,0.996748,1,1,1
21911,ton_iot,1,0.99977,0.993725,0.996748,1,1,1
21915,ton_iot,1,1.0,0.995467,0.997734,1,1,1
21918,ton_iot,1,0.999395,0.991846,0.99562,1,1,1
21922,ton_iot,1,0.99977,0.995179,0.997474,1,1,1
21927,ton_iot,1,1.0,0.948562,0.974281,1,1,1
21948,ton_iot,1,1.0,0.999987,0.999994,1,1,1
21950,ton_iot,1,1.0,0.99486,0.99743,1,1,1
21951,ton_iot,1,0.999395,0.991457,0.995426,1,1,1
21957,ton_iot,1,0.99977,0.993725,0.996748,1,1,1
21959,ton_iot,1,1.0,0.999989,0.999994,1,1,1
21961,ton_iot,1,0.999395,0.991457,0.995426,1,1,1
21970,ton_iot,1,1.0,0.994544,0.997272,1,1,1
21973,ton_iot,1,1.0,0.999991,0.999996,1,1,1
21975,ton_iot,1,0.999395,0.991457,0.995426,1,1,1
21976,ton_iot,1,1.0,0.961146,0.980573,1,1,1
21979,ton_iot,1,1.0,0.952294,0.976147,1,1,1
21980,ton_iot,1,0.99977,0.993725,0.996748,1,1,1
21982,ton_iot,1,0.99977,0.993725,0.996748,1,1,1
21987,ton_iot,1,0.99,0.999989,0.994995,1,1,1
21998,ton_iot,1,1.0,0.99486,0.99743,1,1,1
22001,ton_iot,1,0.999395,0.991846,0.99562,1,1,1
22004,ton_iot,1,1.0,0.999173,0.999587,1,1,1
22007,ton_iot,1,0.99977,0.993725,0.996748,1,1,1
22009,ton_iot,1,0.999395,0.991846,0.99562,1,1,1
22019,ton_iot,1,1.0,0.993849,0.996925,1,1,1
22021,ton_iot,1,0.99618,0.998902,0.997541,1,1,1
22024,ton_iot,1,0.999395,0.991457,0.995426,1,1,1
22034,ton_iot,1,1.0,0.99486,0.99743,1,1,1
22042,ton_iot,1,0.999395,0.991457,0.995426,1,1,1
22048,ton_iot,1,1.0,0.907133,0.953567,1,1,1
22050,ton_iot,1,0.99977,0.993725,0.996748,1,1,1
22065,ton_iot,1,0.99977,0.993725,0.996748,1,1,1
22067,ton_iot,1,1.0,0.955259,0.977629,1,1,1
22068,ton_iot,1,0.95,0.996298,0.973149,1,1,1
22076,ton_iot,1,0.999395,0.991457,0.995426,1,1,1
22078,ton_iot,1,1.0,0.98985,0.994925,1,1,1
22080,ton_iot,1,1.0,0.99486,0.99743,1,1,1
22091,ton_iot,1,0.99977,0.994541,0.997156,1,1,1
22092,ton_iot,1,1.0,0.998604,0.999302,1,1,1
22094,ton_iot,1,1.0,0.99486,0.99743,1,1,1
22098,ton_iot,1,0.999395,0.991457,0.995426,1,1,1
22100,ton_iot,1,1.0,0.99487,0.997435,1,1,1
22103,ton_iot,1,0.99977,0.994542,0.997156,1,1,1
22110,ton_iot,1,1.0,0.999146,0.999573,1,1,1
22116,ton_iot,1,1.0,0.999989,0.999994,1,1,1
22119,ton_iot,1,1.0,0.993737,0.996868,1,1,1
22126,ton_iot,1,1.0,0.856404,0.928202,1,1,1
22133,ton_iot,1,0.99977,0.993725,0.996748,1,1,1
22144,ton_iot,1,1.0,0.994582,0.997291,1,1,1
22146,ton_iot,1,1.0,1.0,1.0,1,1,1
22150,ton_iot,1,1.0,0.999989,0.999994,1,1,1
22154,ton_iot,1,1.0,0.948563,0.974281,1,1,1
22172,ton_iot,1,0.999395,0.991457,0.995426,1,1,1
22174,ton_iot,1,0.999395,0.991457,0.995426,1,1,1
22176,ton_iot,1,0.999395,0.991846,0.99562,1,1,1
22177,ton_iot,1,0.999395,0.991457,0.995426,1,1,1
22178,ton_iot,1,1.0,0.961084,0.980542,1,1,1
22180,ton_iot,1,1.0,0.952266,0.976133,1,1,1
22181,ton_iot,1,0.99977,0.994541,0.997156,1,1,1
22186,ton_iot,1,1.0,0.999508,0.999754,1,1,1
22187,ton_iot,1,0.999395,0.991846,0.99562,1,1,1
22188,ton_iot,1,1.0,0.994546,0.997273,1,1,1
22194,ton_iot,1,0.99,0.86301,0.926505,1,1,1
22196,ton_iot,1,1.0,0.999988,0.999994,1,1,1
22197,ton_iot,1,1.0,0.99486,0.99743,1,1,1
22209,ton_iot,1,0.99977,0.995178,0.997474,1,1,1
22215,ton_iot,1,1.0,0.994548,0.997274,1,1,1
22218,ton_iot,1,0.99977,0.993725,0.996748,1,1,1
22221,ton_iot,1,0.999395,0.991457,0.995426,1,1,1
22223,ton_iot,1,1.0,0.999991,0.999995,1,1,1
22226,ton_iot,1,0.99977,0.993725,0.996748,1,1,1
22229,ton_iot,1,1.0,0.999989,0.999994,1,1,1
22233,ton_iot,1,1.0,0.999164,0.999582,1,1,1
22234,ton_iot,1,0.999395,0.991457,0.995426,1,1,1
22239,ton_iot,1,1.0,0.99486,0.99743,1,1,1
22241,ton_iot,1,0.99977,0.993725,0.996748,1,1,1
22242,ton_iot,1,1.0,0.999989,0.999994,1,1,1
22252,ton_iot,1,1.0,0.936308,0.968154,1,1,1
22255,ton_iot,1,0.99977,0.993725,0.996748,1,1,1
22257,ton_iot,1,0.999395,0.991846,0.99562,1,1,1
22262,ton_iot,1,0.99977,0.993725,0.996748,1,1,1
22264,ton_iot,1,0.99977,0.995178,0.997474,1,1,1
22267,ton_iot,1,0.999395,0.991846,0.99562,1,1,1
22272,ton_iot,1,1.0,0.99486,0.99743,1,1,1
22277,ton_iot,1,1.0,0.994863,0.997431,1,1,1
22280,ton_iot,1,1.0,0.992588,0.996294,1,1,1
22281,ton_iot,1,1.0,0.99486,0.99743,1,1,1
22290,ton_iot,1,0.99977,0.993725,0.996748,1,1,1
22295,ton_iot,1,1.0,0.999987,0.999994,1,1,1
22296,ton_iot,1,0.99977,0.995178,0.997474,1,1,1
22313,ton_iot,1,0.999395,0.991457,0.995426,1,1,1
22326,ton_iot,1,1.0,0.998953,0.999476,1,1,1
22327,ton_iot,1,0.98,0.827868,0.903934,1,1,1
22341,ton_iot,1,0.99977,0.994541,0.997156,1,1,1
22343,ton_iot,1,0.99977,0.993725,0.996748,1,1,1
22352,ton_iot,1,1.0,0.995205,0.997603,1,1,1
22363,ton_iot,1,1.0,0.992266,0.996133,1,1,1
22364,ton_iot,1,0.99,0.990945,0.990473,1,1,1
22376,ton_iot,1,1.0,0.976328,0.988164,1,1,1
22377,ton_iot,1,0.99977,0.993725,0.996748,1,1,1
22379,ton_iot,1,1.0,0.994862,0.997431,1,1,1
22388,ton_iot,1,0.99977,0.993725,0.996748,1,1,1
22389,ton_iot,1,0.99977,0.995178,0.997474,1,1,1
22394,ton_iot,1,0.99977,0.994542,0.997156,1,1,1
22397,ton_iot,1,0.99977,0.993725,0.996748,1,1,1
22405,ton_iot,1,0.999395,0.991457,0.995426,1,1,1
22417,ton_iot,1,1.0,0.924465,0.962232,1,1,1
22430,ton_iot,0,0.0,0.010592,0.005296,0,0,0
22432,ton_iot,1,0.99,0.61079,0.800395,1,1,1
22433,ton_iot,1,1.0,0.999989,0.999994,1,1,1
22435,ton_iot,1,1.0,0.913467,0.956733,1,1,1
22440,ton_iot,1,0.999395,0.991846,0.99562,1,1,1
22442,ton_iot,1,0.99977,0.993725,0.996748,1,1,1
22444,ton_iot,1,1.0,0.999988,0.999994,1,1,1
22451,ton_iot,1,0.999395,0.991457,0.995426,1,1,1
22452,ton_iot,1,1.0,0.99486,0.99743,1,1,1
22458,ton_iot,1,0.99977,0.993725,0.996748,1,1,1
22485,ton_iot,1,1.0,0.99486,0.99743,1,1,1
22493,ton_iot,1,0.99977,0.994542,0.997156,1,1,1
22509,ton_iot,1,1.0,0.994559,0.99728,1,1,1
22513,ton_iot,1,0.99977,0.993725,0.996748,1,1,1
22516,ton_iot,1,1.0,0.936204,0.968102,1,1,1
22529,ton_iot,1,0.999395,0.991457,0.995426,1,1,1
22537,ton_iot,1,1.0,0.952389,0.976195,1,1,1
22548,ton_iot,1,1.0,0.999989,0.999994,1,1,1
22553,ton_iot,1,1.0,0.998474,0.999237,1,1,1
22562,ton_iot,1,1.0,0.993726,0.996863,1,1,1
22568,ton_iot,1,0.99977,0.993725,0.996748,1,1,1
22576,ton_iot,1,0.999395,0.991846,0.99562,1,1,1
22584,ton_iot,1,1.0,1.0,1.0,1,1,1
22597,ton_iot,1,1.0,0.998675,0.999337,1,1,1
22598,ton_iot,1,1.0,0.992237,0.996118,1,1,1
22607,ton_iot,1,0.999395,0.991846,0.99562,1,1,1
22621,ton_iot,1,1.0,0.948562,0.974281,1,1,1
22622,ton_iot,1,0.99977,0.993725,0.996748,1,1,1
22624,ton_iot,1,0.99618,0.998902,0.997541,1,1,1
22627,ton_iot,1,1.0,0.947402,0.973701,1,1,1
22630,ton_iot,1,1.0,0.971291,0.985646,1,1,1
22632,ton_iot,1,0.999395,0.991846,0.99562,1,1,1
22640,ton_iot,1,1.0,0.846075,0.923037,1,1,1
22655,ton_iot,1,0.99977,0.993725,0.996748,1,1,1
22656,ton_iot,1,1.0,0.810434,0.905217,1,1,1
22657,ton_iot,1,0.999395,0.991846,0.99562,1,1,1
22660,ton_iot,1,0.99977,0.993725,0.996748,1,1,1
22662,ton_iot,1,1.0,0.999989,0.999994,1,1,1
22671,ton_iot,1,0.99977,0.993725,0.996748,1,1,1
22674,ton_iot,1,0.99977,0.993725,0.996748,1,1,1
22679,ton_iot,1,0.99977,0.995178,0.997474,1,1,1
22687,ton_iot,1,0.999395,0.991457,0.995426,1,1,1
22698,ton_iot,1,1.0,0.999989,0.999994,1,1,1
22700,ton_iot,0,0.0,0.010592,0.005296,0,0,0
22701,ton_iot,1,0.959904,0.992526,0.976215,1,1,1
22716,ton_iot,1,0.83129,0.329451,0.58037,1,0,1
22735,ton_iot,1,0.99,0.969176,0.979588,1,1,1
22739,ton_iot,1,0.99977,0.994541,0.997156,1,1,1
22741,ton_iot,1,1.0,0.99588,0.99794,1,1,1
22757,ton_iot,1,1.0,0.961092,0.980546,1,1,1
22758,ton_iot,0,0.03,0.369144,0.199572,0,0,0
22759,ton_iot,1,1.0,0.990863,0.995431,1,1,1
22765,ton_iot,1,0.96,0.980462,0.970231,1,1,1
22767,ton_iot,1,1.0,0.99486,0.99743,1,1,1
22772,ton_iot,1,1.0,0.999987,0.999994,1,1,1
22778,ton_iot,1,1.0,0.994862,0.997431,1,1,1
22785,ton_iot,1,0.999395,0.991846,0.99562,1,1,1
22794,ton_iot,1,0.999395,0.991457,0.995426,1,1,1
22795,ton_iot,1,1.0,0.996985,0.998493,1,1,1
22814,ton_iot,1,0.83129,0.329451,0.58037,1,0,1
22819,ton_iot,1,0.999395,0.991457,0.995426,1,1,1
22822,ton_iot,1,1.0,0.937592,0.968796,1,1,1
22830,ton_iot,1,1.0,0.999989,0.999994,1,1,1
22841,ton_iot,1,0.597853,0.364916,0.481385,1,0,0
22845,ton_iot,1,1.0,0.948564,0.974282,1,1,1
22847,ton_iot,1,0.999395,0.991846,0.99562,1,1,1
22862,ton_iot,1,0.99977,0.993725,0.996748,1,1,1
22865,ton_iot,0,0.0,0.065017,0.032509,0,0,0
22866,ton_iot,1,0.999395,0.991457,0.995426,1,1,1
22870,ton_iot,1,1.0,0.999989,0.999994,1,1,1
22871,ton_iot,1,0.999395,0.991457,0.995426,1,1,1
22875,ton_iot,1,0.999383,0.92377,0.961576,1,1,1
22881,ton_iot,1,1.0,0.994708,0.997354,1,1,1
22882,ton_iot,1,1.0,0.995179,0.99759,1,1,1
22889,ton_iot,1,1.0,0.994547,0.997273,1,1,1
22891,ton_iot,1,1.0,0.999989,0.999994,1,1,1
22902,ton_iot,1,0.999395,0.991846,0.99562,1,1,1
22906,ton_iot,1,0.999395,0.991846,0.99562,1,1,1
22907,ton_iot,1,0.95,0.991113,0.970556,1,1,1
22924,ton_iot,1,0.99977,0.993725,0.996748,1,1,1
22927,ton_iot,1,0.83129,0.329451,0.58037,1,0,1
22932,ton_iot,1,1.0,0.99486,0.99743,1,1,1
22938,ton_iot,1,1.0,0.992935,0.996467,1,1,1
22940,ton_iot,1,0.99,0.220621,0.60531,1,0,1
22943,ton_iot,1,0.99977,0.993725,0.996748,1,1,1
22961,ton_iot,1,0.99977,0.993725,0.996748,1,1,1
22964,ton_iot,1,1.0,0.99486,0.99743,1,1,1
22967,ton_iot,1,0.99977,0.993725,0.996748,1,1,1
22969,ton_iot,1,1.0,1.0,1.0,1,1,1
22970,ton_iot,1,0.999395,0.991846,0.99562,1,1,1
22971,ton_iot,1,0.999395,0.991846,0.99562,1,1,1
22981,ton_iot,1,0.999395,0.991457,0.995426,1,1,1
22983,ton_iot,1,0.99977,0.995178,0.997474,1,1,1
22989,ton_iot,1,1.0,0.919872,0.959936,1,1,1
22990,ton_iot,1,1.0,0.998151,0.999076,1,1,1
22991,ton_iot,1,0.99977,0.993725,0.996748,1,1,1
22995,ton_iot,1,1.0,0.999174,0.999587,1,1,1
22997,ton_iot,1,0.999395,0.991457,0.995426,1,1,1
22999,ton_iot,1,0.999395,0.991846,0.99562,1,1,1
23002,ton_iot,1,1.0,0.99486,0.99743,1,1,1
23008,ton_iot,1,1.0,0.99055,0.995275,1,1,1
23011,ton_iot,1,0.99977,0.994541,0.997156,1,1,1
23012,ton_iot,1,1.0,0.998996,0.999498,1,1,1
23019,ton_iot,1,0.99977,0.993725,0.996748,1,1,1
23020,ton_iot,1,0.999395,0.991846,0.99562,1,1,1
23024,ton_iot,1,0.999395,0.991457,0.995426,1,1,1
23027,ton_iot,1,0.99977,0.995178,0.997474,1,1,1
23051,ton_iot,1,0.99977,0.993725,0.996748,1,1,1
23054,ton_iot,0,0.0,0.215116,0.107558,0,0,0
23062,ton_iot,1,0.99977,0.994541,0.997156,1,1,1
23064,ton_iot,1,0.999395,0.991457,0.995426,1,1,1
23071,ton_iot,1,0.999395,0.991457,0.995426,1,1,1
23075,ton_iot,1,0.999395,0.991846,0.99562,1,1,1
23077,ton_iot,1,0.99977,0.994542,0.997156,1,1,1
23078,ton_iot,1,0.999395,0.991846,0.99562,1,1,1
23082,ton_iot,1,1.0,0.999989,0.999994,1,1,1
23094,ton_iot,1,0.99977,0.993725,0.996748,1,1,1
23097,ton_iot,1,1.0,0.998535,0.999267,1,1,1
23099,ton_iot,1,0.999395,0.991457,0.995426,1,1,1
23102,ton_iot,1,0.99977,0.994541,0.997156,1,1,1
23103,ton_iot,1,1.0,0.99518,0.99759,1,1,1
23110,ton_iot,1,0.99977,0.993725,0.996748,1,1,1
23112,ton_iot,1,0.999395,0.991846,0.99562,1,1,1
23114,ton_iot,1,1.0,0.992479,0.99624,1,1,1
23116,ton_iot,1,1.0,0.999989,0.999994,1,1,1
23122,ton_iot,1,1.0,0.947402,0.973701,1,1,1
23130,ton_iot,1,0.999395,0.991846,0.99562,1,1,1
23133,ton_iot,1,1.0,0.952273,0.976137,1,1,1
23143,ton_iot,1,1.0,0.952281,0.976141,1,1,1
23144,ton_iot,1,0.999395,0.991457,0.995426,1,1,1
23154,ton_iot,1,0.999395,0.991846,0.99562,1,1,1
23155,ton_iot,1,1.0,0.999989,0.999994,1,1,1
23160,ton_iot,1,1.0,0.846071,0.923036,1,1,1
23161,ton_iot,1,1.0,0.994542,0.997271,1,1,1
23170,ton_iot,1,0.999395,0.991846,0.99562,1,1,1
23172,ton_iot,1,0.99,0.992948,0.991474,1,1,1
23176,ton_iot,1,0.999395,0.991457,0.995426,1,1,1
23179,ton_iot,1,0.999395,0.991457,0.995426,1,1,1
23183,ton_iot,1,1.0,0.999484,0.999742,1,1,1
23184,ton_iot,1,0.999395,0.991457,0.995426,1,1,1
23191,ton_iot,1,1.0,0.999988,0.999994,1,1,1
23192,ton_iot,1,1.0,0.670146,0.835073,1,1,1
23194,ton_iot,1,0.999395,0.991846,0.99562,1,1,1
23200,ton_iot,1,1.0,0.999178,0.999589,1,1,1
23205,ton_iot,1,1.0,0.996336,0.998168,1,1,1
23216,ton_iot,1,1.0,0.947395,0.973698,1,1,1
23217,ton_iot,1,0.96,0.989486,0.974743,1,1,1
23223,ton_iot,1,0.999395,0.991846,0.99562,1,1,1
23224,ton_iot,1,0.99977,0.995178,0.997474,1,1,1
23231,ton_iot,0,0.002133,0.19848,0.100306,0,0,0
23247,ton_iot,1,1.0,0.99486,0.99743,1,1,1
23249,ton_iot,1,1.0,0.99486,0.99743,1,1,1
23256,ton_iot,1,1.0,0.999251,0.999625,1,1,1
23258,ton_iot,1,1.0,0.99486,0.99743,1,1,1
23260,ton_iot,1,1.0,0.999336,0.999668,1,1,1
23264,ton_iot,1,0.99977,0.993725,0.996748,1,1,1
23271,ton_iot,1,1.0,0.999989,0.999994,1,1,1
23273,ton_iot,1,0.99977,0.993725,0.996748,1,1,1
23280,ton_iot,1,1.0,0.218529,0.609265,1,0,1
23281,ton_iot,1,0.999395,0.991457,0.995426,1,1,1
23287,ton_iot,1,0.999395,0.991457,0.995426,1,1,1
23297,ton_iot,1,0.999395,0.991457,0.995426,1,1,1
23303,ton_iot,1,1.0,0.952262,0.976131,1,1,1
23314,ton_iot,1,0.999395,0.991846,0.99562,1,1,1
23324,ton_iot,1,0.99977,0.995178,0.997474,1,1,1
23352,ton_iot,0,0.002133,0.19848,0.100306,0,0,0
23356,ton_iot,1,0.999395,0.991457,0.995426,1,1,1
23357,ton_iot,1,0.99977,0.993725,0.996748,1,1,1
23364,ton_iot,1,1.0,0.999989,0.999994,1,1,1
23365,ton_iot,1,1.0,0.998801,0.999401,1,1,1
23375,ton_iot,1,1.0,0.939221,0.969611,1,1,1
23376,ton_iot,1,1.0,0.961086,0.980543,1,1,1
23380,ton_iot,1,1.0,0.996064,0.998032,1,1,1
23383,ton_iot,1,1.0,1.0,1.0,1,1,1
23386,ton_iot,1,1.0,0.999989,0.999994,1,1,1
23391,ton_iot,1,0.999395,0.991846,0.99562,1,1,1
23392,ton_iot,1,0.98,0.678419,0.82921,1,1,1
23396,ton_iot,1,0.99977,0.993725,0.996748,1,1,1
23403,ton_iot,1,0.999395,0.991846,0.99562,1,1,1
23408,ton_iot,1,0.99977,0.994541,0.997156,1,1,1
23409,ton_iot,1,0.99977,0.993725,0.996748,1,1,1
23413,ton_iot,1,0.94,0.947527,0.943764,1,1,1
23415,ton_iot,1,0.99,0.992544,0.991272,1,1,1
23419,ton_iot,1,1.0,0.999988,0.999994,1,1,1
23421,ton_iot,1,0.999383,0.92377,0.961576,1,1,1
23422,ton_iot,1,0.999395,0.991846,0.99562,1,1,1
23426,ton_iot,1,0.999395,0.991457,0.995426,1,1,1
23429,ton_iot,1,0.99977,0.993725,0.996748,1,1,1
23430,ton_iot,1,1.0,0.948559,0.974279,1,1,1
23431,ton_iot,0,0.0,0.021098,0.010549,0,0,0
23436,ton_iot,1,1.0,0.995072,0.997536,1,1,1
23439,ton_iot,1,1.0,0.999988,0.999994,1,1,1
23440,ton_iot,1,1.0,0.220626,0.610313,1,0,1
23452,ton_iot,1,1.0,0.99486,0.99743,1,1,1
23458,ton_iot,1,1.0,0.999989,0.999994,1,1,1
23481,ton_iot,1,1.0,0.99467,0.997335,1,1,1
23483,ton_iot,1,1.0,0.99983,0.999915,1,1,1
23486,ton_iot,1,1.0,0.999989,0.999994,1,1,1
23490,ton_iot,1,1.0,0.994677,0.997339,1,1,1
23493,ton_iot,1,0.999395,0.991846,0.99562,1,1,1
23501,ton_iot,1,1.0,0.996135,0.998068,1,1,1
23502,ton_iot,1,1.0,0.994549,0.997274,1,1,1
23503,ton_iot,1,0.96,0.948339,0.954169,1,1,1
23505,ton_iot,1,1.0,0.951849,0.975924,1,1,1
23511,ton_iot,1,0.999395,0.991457,0.995426,1,1,1
23517,ton_iot,1,0.99977,0.994542,0.997156,1,1,1
23519,ton_iot,1,1.0,0.999991,0.999996,1,1,1
23520,ton_iot,1,0.99977,0.993725,0.996748,1,1,1
23522,ton_iot,1,0.99977,0.994541,0.997156,1,1,1
23539,ton_iot,1,1.0,0.998607,0.999303,1,1,1
23541,ton_iot,1,1.0,0.990174,0.995087,1,1,1
23552,ton_iot,1,0.99977,0.993725,0.996748,1,1,1
23563,ton_iot,1,1.0,0.794575,0.897288,1,1,1
23568,ton_iot,1,0.97,0.805217,0.887608,1,1,1
23572,ton_iot,1,0.999395,0.991846,0.99562,1,1,1
23573,ton_iot,1,0.99977,0.993725,0.996748,1,1,1
23575,ton_iot,1,0.99977,0.993725,0.996748,1,1,1
23578,ton_iot,1,1.0,0.994172,0.997086,1,1,1
23582,ton_iot,1,0.99977,0.993725,0.996748,1,1,1
23587,ton_iot,1,0.99977,0.993725,0.996748,1,1,1
23592,ton_iot,1,0.999395,0.991846,0.99562,1,1,1
23594,ton_iot,1,1.0,0.999188,0.999594,1,1,1
23597,ton_iot,1,1.0,0.995181,0.99759,1,1,1
23604,ton_iot,1,0.99977,0.993725,0.996748,1,1,1
23610,ton_iot,1,0.99977,0.993725,0.996748,1,1,1
23611,ton_iot,1,0.999395,0.991457,0.995426,1,1,1
23616,ton_iot,1,0.99977,0.996362,0.998066,1,1,1
23625,ton_iot,1,0.99977,0.993725,0.996748,1,1,1
23627,ton_iot,1,1.0,0.99486,0.99743,1,1,1
23632,ton_iot,1,1.0,0.995179,0.99759,1,1,1
23635,ton_iot,1,1.0,0.999989,0.999994,1,1,1
23636,ton_iot,1,0.999395,0.991846,0.99562,1,1,1
23638,ton_iot,1,1.0,0.99486,0.99743,1,1,1
23645,ton_iot,1,1.0,0.947403,0.973702,1,1,1
23648,ton_iot,1,1.0,0.992258,0.996129,1,1,1
23662,ton_iot,1,0.99977,0.994541,0.997156,1,1,1
23664,ton_iot,1,1.0,0.993093,0.996547,1,1,1
23667,ton_iot,1,0.999395,0.991457,0.995426,1,1,1
23669,ton_iot,1,0.99977,0.993725,0.996748,1,1,1
23671,ton_iot,1,1.0,0.993963,0.996981,1,1,1
23674,ton_iot,1,0.99977,0.993725,0.996748,1,1,1
23685,ton_iot,1,0.99977,0.993725,0.996748,1,1,1
23703,ton_iot,1,0.99977,0.993725,0.996748,1,1,1
23706,ton_iot,1,0.99977,0.993725,0.996748,1,1,1
23716,ton_iot,1,0.999395,0.991457,0.995426,1,1,1
23729,ton_iot,1,0.99977,0.995178,0.997474,1,1,1
23745,ton_iot,1,0.999395,0.991457,0.995426,1,1,1
23747,ton_iot,1,0.999395,0.991846,0.99562,1,1,1
23750,ton_iot,1,0.99,0.998675,0.994337,1,1,1
23753,ton_iot,1,1.0,0.995463,0.997731,1,1,1
23759,ton_iot,1,1.0,0.991847,0.995923,1,1,1
23763,ton_iot,1,0.999395,0.991457,0.995426,1,1,1
23764,ton_iot,1,0.999994,0.999265,0.999629,1,1,1
23768,ton_iot,1,1.0,0.999989,0.999994,1,1,1
23775,ton_iot,1,0.999988,0.995179,0.997583,1,1,1
23776,ton_iot,1,1.0,0.947395,0.973698,1,1,1
23787,ton_iot,1,0.8,0.177207,0.488604,1,0,0
23804,ton_iot,1,1.0,0.961096,0.980548,1,1,1
23810,ton_iot,1,0.99977,0.995178,0.997474,1,1,1
23811,ton_iot,1,0.999988,0.92377,0.961879,1,1,1
23822,ton_iot,1,1.0,0.673288,0.836644,1,1,1
23824,ton_iot,1,1.0,0.999989,0.999994,1,1,1
23828,ton_iot,1,1.0,0.99486,0.99743,1,1,1
23837,ton_iot,1,1.0,0.994861,0.99743,1,1,1
23855,ton_iot,1,0.999395,0.991457,0.995426,1,1,1
23864,ton_iot,1,0.99977,0.993725,0.996748,1,1,1
23868,ton_iot,1,0.999395,0.991457,0.995426,1,1,1
23869,ton_iot,1,1.0,0.993728,0.996864,1,1,1
23871,ton_iot,1,0.999395,0.991457,0.995426,1,1,1
23873,ton_iot,1,0.999395,0.991457,0.995426,1,1,1
23874,ton_iot,1,1.0,0.994195,0.997097,1,1,1
23879,ton_iot,1,0.999395,0.991457,0.995426,1,1,1
23880,ton_iot,1,0.999395,0.991846,0.99562,1,1,1
23881,ton_iot,1,1.0,0.805136,0.902568,1,1,1
23882,ton_iot,1,1.0,0.99486,0.99743,1,1,1
23885,ton_iot,1,0.999395,0.991457,0.995426,1,1,1
23887,ton_iot,1,1.0,0.993962,0.996981,1,1,1
23893,ton_iot,1,1.0,0.952414,0.976207,1,1,1
23897,ton_iot,1,1.0,0.992935,0.996467,1,1,1
23901,ton_iot,1,0.99977,0.993725,0.996748,1,1,1
23904,ton_iot,1,1.0,0.992909,0.996455,1,1,1
23910,ton_iot,1,1.0,0.547369,0.773685,1,1,1
23913,ton_iot,1,0.999395,0.991457,0.995426,1,1,1
23915,ton_iot,1,1.0,0.906681,0.95334,1,1,1
23916,ton_iot,1,0.999395,0.991846,0.99562,1,1,1
23918,ton_iot,1,1.0,0.999989,0.999994,1,1,1
23920,ton_iot,1,0.99977,0.993725,0.996748,1,1,1
23921,ton_iot,1,0.99977,0.994541,0.997156,1,1,1
23936,ton_iot,1,0.999395,0.991457,0.995426,1,1,1
23951,ton_iot,1,1.0,0.989623,0.994811,1,1,1
23955,ton_iot,1,0.99977,0.993725,0.996748,1,1,1
23956,ton_iot,1,1.0,0.919857,0.959929,1,1,1
23958,ton_iot,1,1.0,0.994861,0.997431,1,1,1
23960,ton_iot,1,0.999395,0.991846,0.99562,1,1,1
23964,ton_iot,1,0.99977,0.993725,0.996748,1,1,1
23966,ton_iot,1,0.999395,0.991457,0.995426,1,1,1
23968,ton_iot,1,0.999395,0.991846,0.99562,1,1,1
23978,ton_iot,1,0.99977,0.995178,0.997474,1,1,1
23979,ton_iot,1,1.0,0.994546,0.997273,1,1,1
23982,ton_iot,1,1.0,0.948561,0.974281,1,1,1
23983,ton_iot,0,0.009395,0.137754,0.073574,0,0,0
23984,ton_iot,1,1.0,0.99486,0.99743,1,1,1
23985,ton_iot,1,1.0,0.99546,0.99773,1,1,1
23987,ton_iot,1,0.99977,0.993725,0.996748,1,1,1
23996,ton_iot,1,0.999395,0.991457,0.995426,1,1,1
23997,ton_iot,1,0.999395,0.991846,0.99562,1,1,1
24009,ton_iot,1,1.0,0.999989,0.999994,1,1,1
24013,ton_iot,1,0.999395,0.991457,0.995426,1,1,1
24019,ton_iot,1,1.0,0.99486,0.99743,1,1,1
24022,ton_iot,1,0.982516,1.0,0.991258,1,1,1
24025,ton_iot,1,0.999395,0.991457,0.995426,1,1,1
24032,ton_iot,1,1.0,0.994566,0.997283,1,1,1
24039,ton_iot,1,1.0,0.998801,0.999401,1,1,1
24040,ton_iot,1,0.99977,0.993725,0.996748,1,1,1
24043,ton_iot,1,0.99618,0.998902,0.997541,1,1,1
24044,ton_iot,1,1.0,0.99486,0.99743,1,1,1
24059,ton_iot,1,1.0,0.936201,0.9681,1,1,1
24065,ton_iot,1,0.99977,0.993725,0.996748,1,1,1
24068,ton_iot,1,1.0,0.999988,0.999994,1,1,1
24100,ton_iot,1,0.99977,0.995178,0.997474,1,1,1
24105,ton_iot,1,0.99977,0.995178,0.997474,1,1,1
24106,ton_iot,1,0.99977,0.994541,0.997156,1,1,1
24108,ton_iot,1,0.99977,0.993725,0.996748,1,1,1
24114,ton_iot,1,0.999395,0.991846,0.99562,1,1,1
24115,ton_iot,1,1.0,0.996373,0.998186,1,1,1
24121,ton_iot,1,1.0,0.99988,0.99994,1,1,1
24122,ton_iot,1,0.999395,0.991457,0.995426,1,1,1
24123,ton_iot,1,1.0,0.995461,0.99773,1,1,1
24137,ton_iot,1,1.0,0.999212,0.999606,1,1,1
24139,ton_iot,1,0.999395,0.991457,0.995426,1,1,1
24144,ton_iot,1,1.0,0.991262,0.995631,1,1,1
24150,ton_iot,1,0.83129,0.329451,0.58037,1,0,1
24153,ton_iot,1,0.999395,0.991457,0.995426,1,1,1
24154,ton_iot,0,0.0,0.212668,0.106334,0,0,0
24164,ton_iot,1,0.99977,0.993725,0.996748,1,1,1
24169,ton_iot,1,1.0,0.996396,0.998198,1,1,1
24175,ton_iot,1,0.94,0.989419,0.96471,1,1,1
24178,ton_iot,1,0.999395,0.991457,0.995426,1,1,1
24179,ton_iot,1,0.999395,0.991846,0.99562,1,1,1
24183,ton_iot,1,1.0,0.999988,0.999994,1,1,1
24184,ton_iot,1,1.0,0.99518,0.99759,1,1,1
24190,ton_iot,1,0.99977,0.995178,0.997474,1,1,1
24194,ton_iot,1,1.0,0.990183,0.995091,1,1,1
24195,ton_iot,1,0.999395,0.991846,0.99562,1,1,1
24206,ton_iot,1,0.999395,0.991846,0.99562,1,1,1
24216,ton_iot,0,0.002133,0.19848,0.100306,0,0,0
24227,ton_iot,1,1.0,0.995187,0.997593,1,1,1
24232,ton_iot,1,0.99977,0.993725,0.996748,1,1,1
24233,ton_iot,1,0.999395,0.991457,0.995426,1,1,1
24236,ton_iot,1,0.999395,0.991457,0.995426,1,1,1
24240,ton_iot,1,0.999395,0.991457,0.995426,1,1,1
24248,ton_iot,1,1.0,0.996856,0.998428,1,1,1
24268,ton_iot,1,0.999395,0.991846,0.99562,1,1,1
24271,ton_iot,1,0.99977,0.994541,0.997156,1,1,1
24272,ton_iot,1,0.99977,0.993725,0.996748,1,1,1
24273,ton_iot,1,0.999395,0.991457,0.995426,1,1,1
24275,ton_iot,1,1.0,0.999987,0.999994,1,1,1
24280,ton_iot,1,1.0,0.922119,0.961059,1,1,1
24282,ton_iot,1,0.999395,0.991846,0.99562,1,1,1
24284,ton_iot,1,0.99,0.818898,0.904449,1,1,1
24290,ton_iot,1,1.0,0.677254,0.838627,1,1,1
24295,ton_iot,1,1.0,0.99486,0.99743,1,1,1
24303,ton_iot,1,0.99977,0.993725,0.996748,1,1,1
24304,ton_iot,1,1.0,0.994555,0.997277,1,1,1
24305,ton_iot,0,0.0,0.215118,0.107559,0,0,0
24320,ton_iot,1,0.999395,0.991846,0.99562,1,1,1
24324,ton_iot,1,1.0,0.994861,0.99743,1,1,1
24327,ton_iot,1,0.999395,0.991846,0.99562,1,1,1
24329,ton_iot,1,0.999395,0.991457,0.995426,1,1,1
24335,ton_iot,1,1.0,0.923792,0.961896,1,1,1
24340,ton_iot,1,1.0,0.999991,0.999996,1,1,1
24344,ton_iot,1,0.99977,0.995178,0.997474,1,1,1
24351,ton_iot,1,1.0,0.862804,0.931402,1,1,1
24362,ton_iot,1,1.0,1.0,1.0,1,1,1
24363,ton_iot,1,1.0,0.862803,0.931401,1,1,1
24382,ton_iot,1,1.0,0.995436,0.997718,1,1,1
24384,ton_iot,1,0.99977,0.993725,0.996748,1,1,1
24385,ton_iot,0,0.03,0.947605,0.488803,0,1,0
24393,ton_iot,1,0.99977,0.993725,0.996748,1,1,1
24400,ton_iot,1,1.0,0.999987,0.999994,1,1,1
24406,ton_iot,1,0.999395,0.991846,0.99562,1,1,1
24419,ton_iot,1,0.999395,0.991457,0.995426,1,1,1
24437,ton_iot,1,1.0,0.861936,0.930968,1,1,1
24449,ton_iot,1,1.0,0.952271,0.976135,1,1,1
24452,ton_iot,1,1.0,0.948556,0.974278,1,1,1
24453,ton_iot,1,1.0,0.670038,0.835019,1,1,1
24454,ton_iot,1,0.999395,0.991846,0.99562,1,1,1
24455,ton_iot,1,0.99,1.0,0.995,1,1,1
24459,ton_iot,1,1.0,0.99486,0.99743,1,1,1
24463,ton_iot,1,0.597853,0.364916,0.481385,1,0,0
24464,ton_iot,1,0.99977,0.993725,0.996748,1,1,1
24470,ton_iot,1,1.0,0.991438,0.995719,1,1,1
24471,ton_iot,1,0.83129,0.329451,0.58037,1,0,1
24479,ton_iot,1,1.0,0.999184,0.999592,1,1,1
24480,ton_iot,1,0.98,0.999999,0.99,1,1,1
24487,ton_iot,1,0.99977,0.995178,0.997474,1,1,1
24495,ton_iot,1,1.0,0.850749,0.925375,1,1,1
24498,ton_iot,1,1.0,0.999989,0.999994,1,1,1
24499,ton_iot,1,0.982516,0.571072,0.776794,1,1,1
24501,ton_iot,1,0.999395,0.991457,0.995426,1,1,1
24507,ton_iot,1,1.0,0.99486,0.99743,1,1,1
24508,ton_iot,0,0.04,0.002641,0.021321,0,0,0
24509,ton_iot,1,0.99977,0.995178,0.997474,1,1,1
24510,ton_iot,1,0.999395,0.991457,0.995426,1,1,1
24513,ton_iot,1,0.99977,0.995178,0.997474,1,1,1
24524,ton_iot,1,1.0,0.999738,0.999869,1,1,1
24525,ton_iot,1,1.0,0.974628,0.987314,1,1,1
24540,ton_iot,1,1.0,0.99486,0.99743,1,1,1
24541,ton_iot,1,1.0,0.923976,0.961988,1,1,1
24551,ton_iot,0,0.002133,0.19848,0.100306,0,0,0
24566,ton_iot,1,1.0,0.220619,0.61031,1,0,1
24567,ton_iot,1,0.99977,0.993725,0.996748,1,1,1
24573,ton_iot,1,0.999395,0.991457,0.995426,1,1,1
24574,ton_iot,1,1.0,0.948556,0.974278,1,1,1
24576,ton_iot,1,1.0,0.998824,0.999412,1,1,1
24587,ton_iot,1,1.0,0.999987,0.999994,1,1,1
24589,ton_iot,1,0.99977,0.993725,0.996748,1,1,1
24591,ton_iot,1,0.999395,0.991846,0.99562,1,1,1
24603,ton_iot,1,1.0,0.994503,0.997252,1,1,1
24607,ton_iot,1,1.0,0.991828,0.995914,1,1,1
24608,ton_iot,1,1.0,0.999988,0.999994,1,1,1
24611,ton_iot,1,0.99977,0.993725,0.996748,1,1,1
24624,ton_iot,1,1.0,0.993962,0.996981,1,1,1
24625,ton_iot,1,0.99977,0.993725,0.996748,1,1,1
24632,ton_iot,1,1.0,0.991206,0.995603,1,1,1
24635,ton_iot,1,0.99977,0.993725,0.996748,1,1,1
24638,ton_iot,1,1.0,0.838431,0.919216,1,1,1
24642,ton_iot,1,1.0,0.999988,0.999994,1,1,1
24645,ton_iot,1,1.0,0.998801,0.999401,1,1,1
24647,ton_iot,1,1.0,0.998606,0.999303,1,1,1
24649,ton_iot,1,0.999395,0.991457,0.995426,1,1,1
24655,ton_iot,1,1.0,0.906823,0.953411,1,1,1
24656,ton_iot,1,1.0,0.924218,0.962109,1,1,1
24660,ton_iot,1,1.0,0.99486,0.99743,1,1,1
24663,ton_iot,1,1.0,0.999989,0.999994,1,1,1
24671,ton_iot,1,0.99977,0.993725,0.996748,1,1,1
24679,ton_iot,1,0.99977,0.994541,0.997156,1,1,1
24682,ton_iot,1,1.0,0.994592,0.997296,1,1,1
24683,ton_iot,1,1.0,0.955253,0.977627,1,1,1
24686,ton_iot,1,1.0,0.999989,0.999994,1,1,1
24687,ton_iot,1,0.999988,0.923773,0.96188,1,1,1
24695,ton_iot,1,0.99977,0.994542,0.997156,1,1,1
24699,ton_iot,1,0.99977,0.995178,0.997474,1,1,1
24705,ton_iot,1,0.99977,0.993725,0.996748,1,1,1
24712,ton_iot,1,0.99977,0.995178,0.997474,1,1,1
24713,ton_iot,1,1.0,0.999759,0.99988,1,1,1
24717,ton_iot,1,1.0,0.906831,0.953415,1,1,1
24726,ton_iot,1,0.999395,0.991846,0.99562,1,1,1
24730,ton_iot,1,0.959904,0.992526,0.976215,1,1,1
24733,ton_iot,1,1.0,0.994785,0.997392,1,1,1
24738,ton_iot,1,1.0,0.999991,0.999996,1,1,1
24743,ton_iot,1,1.0,0.99486,0.99743,1,1,1
24746,ton_iot,1,1.0,0.994662,0.997331,1,1,1
24766,ton_iot,1,1.0,0.999987,0.999994,1,1,1
24768,ton_iot,1,1.0,0.989613,0.994806,1,1,1
24773,ton_iot,1,0.99977,0.993725,0.996748,1,1,1
24777,ton_iot,1,1.0,0.992768,0.996384,1,1,1
24779,ton_iot,1,1.0,0.995181,0.997591,1,1,1
24782,ton_iot,1,0.99618,0.998902,0.997541,1,1,1
24783,ton_iot,1,0.999395,0.991846,0.99562,1,1,1
24785,ton_iot,1,0.99977,0.995178,0.997474,1,1,1
24788,ton_iot,1,0.99977,0.993725,0.996748,1,1,1
24792,ton_iot,1,0.83129,0.329451,0.58037,1,0,1
24795,ton_iot,1,0.999395,0.991846,0.99562,1,1,1
24798,ton_iot,1,1.0,0.999181,0.999591,1,1,1
24803,ton_iot,1,1.0,0.999093,0.999546,1,1,1
24804,ton_iot,1,0.99977,0.993725,0.996748,1,1,1
24807,ton_iot,1,1.0,0.960543,0.980271,1,1,1
24809,ton_iot,1,1.0,0.974625,0.987312,1,1,1
24811,ton_iot,1,1.0,0.99486,0.99743,1,1,1
24817,ton_iot,1,0.999395,0.991457,0.995426,1,1,1
24818,ton_iot,1,0.99977,0.993725,0.996748,1,1,1
24819,ton_iot,1,1.0,0.994861,0.99743,1,1,1
24820,ton_iot,1,0.99977,0.993725,0.996748,1,1,1
24823,ton_iot,1,0.999395,0.991457,0.995426,1,1,1
24824,ton_iot,1,1.0,0.998975,0.999488,1,1,1
24830,ton_iot,1,1.0,0.955262,0.977631,1,1,1
24832,ton_iot,0,0.0,0.768652,0.384326,0,1,0
24834,ton_iot,1,1.0,0.221282,0.610641,1,0,1
24841,ton_iot,1,1.0,0.9967,0.99835,1,1,1
24843,ton_iot,1,1.0,0.923979,0.961989,1,1,1
24854,ton_iot,1,0.99977,0.994541,0.997156,1,1,1
24858,ton_iot,1,1.0,0.948562,0.974281,1,1,1
24859,ton_iot,1,0.999395,0.991457,0.995426,1,1,1
24861,ton_iot,1,0.999395,0.991457,0.995426,1,1,1
24862,ton_iot,1,0.999395,0.991846,0.99562,1,1,1
24865,ton_iot,1,1.0,0.994716,0.997358,1,1,1
24873,ton_iot,1,1.0,0.999989,0.999994,1,1,1
24877,ton_iot,1,1.0,0.947402,0.973701,1,1,1
24879,ton_iot,1,0.99977,0.993725,0.996748,1,1,1
24883,ton_iot,1,0.999395,0.991846,0.99562,1,1,1
24888,ton_iot,1,1.0,0.906595,0.953298,1,1,1
24896,ton_iot,1,0.999395,0.991457,0.995426,1,1,1
24897,ton_iot,1,1.0,0.999991,0.999995,1,1,1
24901,ton_iot,1,1.0,0.919919,0.959959,1,1,1
24905,ton_iot,1,1.0,0.994846,0.997423,1,1,1
24909,ton_iot,1,1.0,0.955261,0.97763,1,1,1
24918,ton_iot,1,0.99618,0.998902,0.997541,1,1,1
24933,ton_iot,1,0.999988,0.996362,0.998175,1,1,1
24939,ton_iot,1,0.99977,0.993725,0.996748,1,1,1
24942,ton_iot,1,1.0,0.99486,0.99743,1,1,1
24943,ton_iot,1,0.99977,0.994541,0.997156,1,1,1
24948,ton_iot,1,0.83129,0.329451,0.58037,1,0,1
24950,ton_iot,1,1.0,1.0,1.0,1,1,1
24953,ton_iot,1,0.99977,0.993725,0.996748,1,1,1
24959,ton_iot,1,1.0,0.961106,0.980553,1,1,1
24960,ton_iot,1,0.99977,0.993725,0.996748,1,1,1
24961,ton_iot,1,1.0,0.906912,0.953456,1,1,1
24962,ton_iot,1,0.99977,0.993725,0.996748,1,1,1
24966,ton_iot,1,1.0,0.99284,0.99642,1,1,1
24967,ton_iot,0,0.01,0.799332,0.404666,0,1,0
24982,ton_iot,1,1.0,0.999987,0.999994,1,1,1
24984,ton_iot,1,0.83129,0.329451,0.58037,1,0,1
24993,ton_iot,1,1.0,0.99486,0.99743,1,1,1
24994,ton_iot,1,1.0,0.547369,0.773685,1,1,1
24997,ton_iot,1,1.0,0.961146,0.980573,1,1,1
25002,ton_iot,1,1.0,0.999573,0.999787,1,1,1
25003,ton_iot,1,0.999395,0.991457,0.995426,1,1,1
25008,ton_iot,1,0.999395,0.991457,0.995426,1,1,1
25013,ton_iot,1,1.0,0.999182,0.999591,1,1,1
25016,ton_iot,1,1.0,0.99573,0.997865,1,1,1
25018,ton_iot,1,0.999395,0.991457,0.995426,1,1,1
25030,ton_iot,1,1.0,0.820975,0.910488,1,1,1
25033,ton_iot,1,0.999395,0.991846,0.99562,1,1,1
25034,ton_iot,1,0.99977,0.993725,0.996748,1,1,1
25035,ton_iot,1,1.0,0.906472,0.953236,1,1,1
25038,ton_iot,1,0.999395,0.991457,0.995426,1,1,1
25039,ton_iot,1,0.99977,0.995178,0.997474,1,1,1
25042,ton_iot,1,1.0,0.948569,0.974284,1,1,1
25046,ton_iot,1,0.99977,0.994541,0.997156,1,1,1
25054,ton_iot,1,1.0,0.999989,0.999994,1,1,1
25063,ton_iot,1,1.0,0.998143,0.999071,1,1,1
25064,ton_iot,1,1.0,0.999989,0.999994,1,1,1
25065,ton_iot,1,0.999395,0.991457,0.995426,1,1,1
25066,ton_iot,1,0.999395,0.991846,0.99562,1,1,1
25069,ton_iot,1,0.99977,0.995178,0.997474,1,1,1
25070,ton_iot,1,0.99977,0.993725,0.996748,1,1,1
25073,ton_iot,1,0.99,0.984168,0.987084,1,1,1
25083,ton_iot,1,0.999395,0.991846,0.99562,1,1,1
25085,ton_iot,1,1.0,0.998675,0.999337,1,1,1
25087,ton_iot,1,1.0,0.999989,0.999994,1,1,1
25089,ton_iot,1,0.99977,0.993725,0.996748,1,1,1
25099,ton_iot,1,1.0,0.861938,0.930969,1,1,1
25102,ton_iot,1,1.0,0.547369,0.773685,1,1,1
25103,ton_iot,1,1.0,0.952387,0.976193,1,1,1
25105,ton_iot,1,0.99,1.0,0.995,1,1,1
25109,ton_iot,1,0.999383,0.92377,0.961576,1,1,1
25112,ton_iot,1,1.0,0.99518,0.99759,1,1,1
25120,ton_iot,0,0.01,0.002047,0.006023,0,0,0
25124,ton_iot,1,1.0,0.996686,0.998343,1,1,1
25131,ton_iot,1,0.999395,0.991457,0.995426,1,1,1
25137,ton_iot,1,1.0,0.999991,0.999996,1,1,1
25153,ton_iot,1,1.0,0.999991,0.999995,1,1,1
25155,ton_iot,1,0.99977,0.995178,0.997474,1,1,1
25164,ton_iot,1,0.83129,0.329451,0.58037,1,0,1
25169,ton_iot,1,1.0,0.999861,0.99993,1,1,1
25171,ton_iot,1,1.0,0.948562,0.974281,1,1,1
25177,ton_iot,0,0.05,0.042323,0.046162,0,0,0
25182,ton_iot,1,1.0,0.995179,0.997589,1,1,1
25185,ton_iot,1,1.0,0.999989,0.999994,1,1,1
25188,ton_iot,1,0.83129,0.329451,0.58037,1,0,1
25202,ton_iot,1,0.999395,0.991457,0.995426,1,1,1
25212,ton_iot,1,0.999395,0.991457,0.995426,1,1,1
25213,ton_iot,1,0.999395,0.991457,0.995426,1,1,1
25215,ton_iot,1,1.0,0.94744,0.97372,1,1,1
25219,ton_iot,1,0.999395,0.991846,0.99562,1,1,1
25222,ton_iot,1,1.0,0.820514,0.910257,1,1,1
25236,ton_iot,1,0.99977,0.994541,0.997156,1,1,1
25256,ton_iot,1,0.999395,0.991846,0.99562,1,1,1
25267,ton_iot,1,1.0,0.991439,0.99572,1,1,1
25273,ton_iot,1,1.0,0.999991,0.999995,1,1,1
25275,ton_iot,1,0.999395,0.991457,0.995426,1,1,1
25284,ton_iot,1,0.99977,0.993725,0.996748,1,1,1
25288,ton_iot,1,1.0,0.998515,0.999258,1,1,1
25294,ton_iot,1,1.0,0.994861,0.99743,1,1,1
25296,ton_iot,1,1.0,1.0,1.0,1,1,1
25304,ton_iot,1,0.99977,0.993725,0.996748,1,1,1
25305,ton_iot,1,0.999395,0.991457,0.995426,1,1,1
25306,ton_iot,1,1.0,0.936231,0.968116,1,1,1
25312,ton_iot,1,1.0,0.994863,0.997431,1,1,1
25319,ton_iot,1,0.99977,0.993725,0.996748,1,1,1
25327,ton_iot,1,1.0,0.974629,0.987315,1,1,1
25337,ton_iot,0,0.0,0.041146,0.020573,0,0,0
25340,ton_iot,1,0.999395,0.991846,0.99562,1,1,1
25342,ton_iot,1,0.597853,0.364916,0.481385,1,0,0
25349,ton_iot,1,0.999395,0.991457,0.995426,1,1,1
25350,ton_iot,1,0.99977,0.995178,0.997474,1,1,1
25356,ton_iot,1,1.0,0.99486,0.99743,1,1,1
25359,ton_iot,1,0.999395,0.991846,0.99562,1,1,1
25363,ton_iot,1,1.0,0.937506,0.968753,1,1,1
25380,ton_iot,1,1.0,0.998801,0.9994,1,1,1
25384,ton_iot,1,1.0,0.936159,0.968079,1,1,1
25394,ton_iot,1,0.999395,0.991457,0.995426,1,1,1
25408,ton_iot,1,1.0,0.932711,0.966355,1,1,1
25411,ton_iot,1,0.99977,0.993725,0.996748,1,1,1
25413,ton_iot,1,0.999395,0.991457,0.995426,1,1,1
25418,ton_iot,1,0.99977,0.993725,0.996748,1,1,1
25421,ton_iot,1,0.99977,0.995178,0.997474,1,1,1
25422,ton_iot,1,0.89,0.948706,0.919353,1,1,1
25423,ton_iot,1,0.999395,0.991846,0.99562,1,1,1
25424,ton_iot,1,0.999395,0.991457,0.995426,1,1,1
25427,ton_iot,1,1.0,0.955525,0.977763,1,1,1
25434,ton_iot,1,0.999395,0.991457,0.995426,1,1,1
25437,ton_iot,1,0.99977,0.995178,0.997474,1,1,1
25451,ton_iot,1,0.99977,0.995178,0.997474,1,1,1
25453,ton_iot,1,0.982516,0.571072,0.776794,1,1,1
25454,ton_iot,1,0.99977,0.993725,0.996748,1,1,1
25457,ton_iot,1,0.99977,0.993725,0.996748,1,1,1
25462,ton_iot,1,1.0,0.994549,0.997275,1,1,1
25476,ton_iot,1,1.0,0.994551,0.997275,1,1,1
25480,ton_iot,1,1.0,0.948575,0.974287,1,1,1
25488,ton_iot,1,0.999395,0.991457,0.995426,1,1,1
25495,ton_iot,1,1.0,0.999987,0.999994,1,1,1
25497,ton_iot,1,0.99977,0.993725,0.996748,1,1,1
25501,ton_iot,1,1.0,0.994861,0.99743,1,1,1
25502,ton_iot,1,0.999395,0.991457,0.995426,1,1,1
25504,ton_iot,1,0.99977,0.993725,0.996748,1,1,1
25513,ton_iot,1,1.0,0.961085,0.980543,1,1,1
25518,ton_iot,1,0.83129,0.329451,0.58037,1,0,1
25522,ton_iot,1,1.0,0.995728,0.997864,1,1,1
25530,ton_iot,1,0.99977,0.993725,0.996748,1,1,1
25533,ton_iot,1,1.0,0.547369,0.773685,1,1,1
25540,ton_iot,1,0.99977,0.993725,0.996748,1,1,1
25546,ton_iot,1,1.0,0.999989,0.999994,1,1,1
25560,ton_iot,1,0.99977,0.993725,0.996748,1,1,1
25563,ton_iot,1,1.0,0.994287,0.997143,1,1,1
25565,ton_iot,1,0.99977,0.993725,0.996748,1,1,1
25566,ton_iot,1,0.999395,0.991457,0.995426,1,1,1
25571,ton_iot,1,1.0,1.0,1.0,1,1,1
25575,ton_iot,1,1.0,0.99486,0.99743,1,1,1
25580,ton_iot,1,0.999395,0.991457,0.995426,1,1,1
25585,ton_iot,1,1.0,0.999989,0.999994,1,1,1
25586,ton_iot,1,1.0,0.99458,0.99729,1,1,1
25587,ton_iot,1,1.0,0.999987,0.999994,1,1,1
25594,ton_iot,1,0.99977,0.994541,0.997156,1,1,1
25599,ton_iot,1,0.83129,0.329451,0.58037,1,0,1
25603,ton_iot,1,0.999395,0.991846,0.99562,1,1,1
25606,ton_iot,1,0.999395,0.991457,0.995426,1,1,1
25609,ton_iot,1,0.99977,0.993725,0.996748,1,1,1
25618,ton_iot,1,0.999395,0.991846,0.99562,1,1,1
25624,ton_iot,1,1.0,0.916685,0.958342,1,1,1
25628,ton_iot,1,0.999395,0.991457,0.995426,1,1,1
25636,ton_iot,1,0.999395,0.991846,0.99562,1,1,1
25637,ton_iot,1,1.0,0.996165,0.998083,1,1,1
25640,ton_iot,0,0.0,0.215135,0.107568,0,0,0
25643,ton_iot,1,1.0,0.999988,0.999994,1,1,1
25645,ton_iot,1,0.99977,0.993725,0.996748,1,1,1
25656,ton_iot,1,1.0,0.999166,0.999583,1,1,1
25657,ton_iot,1,0.999395,0.991846,0.99562,1,1,1
25662,ton_iot,1,0.597853,0.364916,0.481385,1,0,0
25663,ton_iot,1,1.0,0.952265,0.976132,1,1,1
25665,ton_iot,1,0.99977,0.993725,0.996748,1,1,1
25666,ton_iot,1,1.0,0.991556,0.995778,1,1,1
25669,ton_iot,1,1.0,0.999988,0.999994,1,1,1
25672,ton_iot,1,1.0,0.998154,0.999077,1,1,1
25682,ton_iot,1,1.0,0.99486,0.99743,1,1,1
25691,ton_iot,1,1.0,0.906401,0.953201,1,1,1
25694,ton_iot,1,1.0,0.999988,0.999994,1,1,1
25702,ton_iot,1,1.0,0.996463,0.998231,1,1,1
25703,ton_iot,0,0.0,0.010592,0.005296,0,0,0
25705,ton_iot,1,1.0,0.828417,0.914208,1,1,1
25710,ton_iot,1,0.99977,0.993725,0.996748,1,1,1
25715,ton_iot,1,0.99977,0.995178,0.997474,1,1,1
25717,ton_iot,1,1.0,0.995194,0.997597,1,1,1
25718,ton_iot,1,1.0,0.99486,0.99743,1,1,1
25719,ton_iot,1,0.99977,0.993725,0.996748,1,1,1
25723,ton_iot,1,0.98,0.997911,0.988955,1,1,1
25725,ton_iot,1,1.0,0.992806,0.996403,1,1,1
25726,ton_iot,1,1.0,0.999989,0.999994,1,1,1
25728,ton_iot,1,1.0,0.999958,0.999979,1,1,1
25738,ton_iot,1,1.0,0.987711,0.993855,1,1,1
25742,ton_iot,1,0.999395,0.991457,0.995426,1,1,1
25746,ton_iot,1,1.0,0.998675,0.999337,1,1,1
25749,ton_iot,1,1.0,0.992668,0.996334,1,1,1
25773,ton_iot,1,1.0,0.999988,0.999994,1,1,1
25774,ton_iot,1,1.0,0.947451,0.973726,1,1,1
25780,ton_iot,1,0.999395,0.991457,0.995426,1,1,1
25790,ton_iot,1,0.99977,0.993725,0.996748,1,1,1
25792,ton_iot,0,0.009395,0.329451,0.169423,0,0,0
25796,ton_iot,1,0.99977,0.993725,0.996748,1,1,1
25801,ton_iot,1,0.99977,0.995178,0.997474,1,1,1
25813,ton_iot,1,0.999395,0.991457,0.995426,1,1,1
25816,ton_iot,1,0.999383,0.92377,0.961576,1,1,1
25820,ton_iot,1,0.999395,0.991457,0.995426,1,1,1
25825,ton_iot,1,1.0,0.956818,0.978409,1,1,1
25833,ton_iot,1,1.0,0.947403,0.973701,1,1,1
25840,ton_iot,1,1.0,0.993965,0.996983,1,1,1
25851,ton_iot,1,1.0,0.958845,0.979423,1,1,1
25863,ton_iot,1,0.99977,0.993725,0.996748,1,1,1
25864,ton_iot,1,0.99977,0.993725,0.996748,1,1,1
25867,ton_iot,1,0.83129,0.329451,0.58037,1,0,1
25872,ton_iot,1,1.0,0.99486,0.99743,1,1,1
25882,ton_iot,1,0.999395,0.991457,0.995426,1,1,1
25888,ton_iot,0,0.002133,0.19848,0.100306,0,0,0
25890,ton_iot,1,0.999395,0.991846,0.99562,1,1,1
25895,ton_iot,1,0.99977,0.993725,0.996748,1,1,1
25902,ton_iot,1,1.0,0.99486,0.99743,1,1,1
25905,ton_iot,1,1.0,0.99486,0.99743,1,1,1
25918,ton_iot,1,1.0,0.99486,0.99743,1,1,1
25921,ton_iot,1,0.99618,0.998902,0.997541,1,1,1
25922,ton_iot,1,0.999395,0.991846,0.99562,1,1,1
25926,ton_iot,1,0.999395,0.991457,0.995426,1,1,1
25934,ton_iot,1,0.999395,0.991846,0.99562,1,1,1
25935,ton_iot,1,1.0,0.99873,0.999365,1,1,1
25937,ton_iot,1,1.0,0.403094,0.701547,1,0,1
25947,ton_iot,1,1.0,0.993726,0.996863,1,1,1
25956,ton_iot,1,0.99977,0.995178,0.997474,1,1,1
25960,ton_iot,1,0.99977,0.993725,0.996748,1,1,1
25964,ton_iot,1,0.99977,0.996362,0.998066,1,1,1
25969,ton_iot,1,0.99977,0.993725,0.996748,1,1,1
25970,ton_iot,1,1.0,0.999212,0.999606,1,1,1
25975,ton_iot,1,1.0,0.999989,0.999994,1,1,1
25992,ton_iot,1,1.0,0.992304,0.996152,1,1,1
25993,ton_iot,1,1.0,0.961097,0.980548,1,1,1
25997,ton_iot,1,1.0,0.999989,0.999994,1,1,1
26000,ton_iot,1,0.99977,0.993725,0.996748,1,1,1
26001,ton_iot,1,0.97,0.544892,0.757446,1,1,1
26004,ton_iot,1,0.999395,0.991846,0.99562,1,1,1
26010,ton_iot,0,0.002133,0.19848,0.100306,0,0,0
26014,ton_iot,1,1.0,0.937483,0.968742,1,1,1
26018,ton_iot,1,0.99977,0.995178,0.997474,1,1,1
26019,ton_iot,1,1.0,0.994542,0.997271,1,1,1
26021,ton_iot,1,0.99977,0.993725,0.996748,1,1,1
26023,ton_iot,1,0.99977,0.993725,0.996748,1,1,1
26028,ton_iot,1,1.0,0.952316,0.976158,1,1,1
26035,ton_iot,1,1.0,0.994862,0.997431,1,1,1
26038,ton_iot,1,0.99977,0.993725,0.996748,1,1,1
26043,ton_iot,1,0.98,0.997957,0.988978,1,1,1
26064,ton_iot,0,0.02,0.195778,0.107889,0,0,0
26087,ton_iot,1,0.999395,0.991846,0.99562,1,1,1
26088,ton_iot,1,0.99977,0.995178,0.997474,1,1,1
26096,ton_iot,1,1.0,0.99486,0.99743,1,1,1
26106,ton_iot,1,0.99977,0.993725,0.996748,1,1,1
26110,ton_iot,1,0.99977,0.993725,0.996748,1,1,1
26114,ton_iot,1,1.0,0.999989,0.999994,1,1,1
26117,ton_iot,1,0.99,0.995481,0.99274,1,1,1
26119,ton_iot,0,0.21,0.245205,0.227603,0,0,0
26123,ton_iot,1,1.0,0.998407,0.999203,1,1,1
26124,ton_iot,1,1.0,0.958036,0.979018,1,1,1
26128,ton_iot,0,0.597853,0.364916,0.481385,1,0,0
26135,ton_iot,1,1.0,0.696215,0.848108,1,1,1
26136,ton_iot,1,0.99977,0.995178,0.997474,1,1,1
26140,ton_iot,1,0.99977,0.994541,0.997156,1,1,1
26143,ton_iot,1,1.0,0.999989,0.999994,1,1,1
26154,ton_iot,0,0.338387,0.177638,0.258013,0,0,0
26155,ton_iot,1,0.99977,0.995178,0.997474,1,1,1
26156,ton_iot,1,1.0,1.0,1.0,1,1,1
26158,ton_iot,1,1.0,0.808611,0.904305,1,1,1
26160,ton_iot,1,0.99977,0.993725,0.996748,1,1,1
26162,ton_iot,1,0.99977,0.994541,0.997156,1,1,1
26163,ton_iot,1,0.999395,0.991846,0.99562,1,1,1
26164,ton_iot,1,1.0,0.999988,0.999994,1,1,1
26169,ton_iot,1,0.999395,0.991457,0.995426,1,1,1
26171,ton_iot,1,1.0,0.847159,0.923579,1,1,1
26173,ton_iot,1,0.99977,0.993725,0.996748,1,1,1
26175,ton_iot,1,0.99977,0.994542,0.997156,1,1,1
26178,ton_iot,1,0.999395,0.991457,0.995426,1,1,1
26181,ton_iot,1,0.999395,0.991457,0.995426,1,1,1
26189,ton_iot,1,1.0,0.994861,0.99743,1,1,1
26204,ton_iot,1,0.99977,0.993725,0.996748,1,1,1
26206,ton_iot,1,0.999395,0.991457,0.995426,1,1,1
26215,ton_iot,1,1.0,0.993957,0.996978,1,1,1
26217,ton_iot,1,0.99977,0.993725,0.996748,1,1,1
26223,ton_iot,1,0.99618,0.998902,0.997541,1,1,1
26225,ton_iot,1,1.0,1.0,1.0,1,1,1
26227,ton_iot,1,0.999395,0.991846,0.99562,1,1,1
26230,ton_iot,1,0.99977,0.993725,0.996748,1,1,1
26236,ton_iot,1,1.0,0.994542,0.997271,1,1,1
26245,ton_iot,1,1.0,0.952263,0.976132,1,1,1
26248,ton_iot,1,1.0,0.547369,0.773685,1,1,1
26260,ton_iot,1,0.99977,0.993725,0.996748,1,1,1
26263,ton_iot,1,0.99977,0.995178,0.997474,1,1,1
26265,ton_iot,1,1.0,0.99486,0.99743,1,1,1
26266,ton_iot,1,1.0,0.999692,0.999846,1,1,1
26270,ton_iot,1,1.0,0.927625,0.963813,1,1,1
26272,ton_iot,1,0.99977,0.993725,0.996748,1,1,1
26292,ton_iot,1,0.99977,0.995178,0.997474,1,1,1
26303,ton_iot,1,0.999395,0.991846,0.99562,1,1,1
26306,ton_iot,1,1.0,0.992684,0.996342,1,1,1
26314,ton_iot,1,0.99977,0.993725,0.996748,1,1,1
26322,ton_iot,1,0.999395,0.991457,0.995426,1,1,1
26326,ton_iot,1,1.0,0.993357,0.996678,1,1,1
26331,ton_iot,1,0.999395,0.991457,0.995426,1,1,1
26336,ton_iot,1,1.0,0.954995,0.977497,1,1,1
26339,ton_iot,1,1.0,0.805138,0.902569,1,1,1
26340,ton_iot,1,0.99977,0.993725,0.996748,1,1,1
26368,ton_iot,1,1.0,0.936171,0.968085,1,1,1
26373,ton_iot,1,0.999395,0.991846,0.99562,1,1,1
26374,ton_iot,1,0.999395,0.991457,0.995426,1,1,1
26378,ton_iot,1,0.99977,0.993725,0.996748,1,1,1
26386,ton_iot,1,1.0,0.999614,0.999807,1,1,1
26388,ton_iot,1,1.0,0.996021,0.99801,1,1,1
26394,ton_iot,1,1.0,0.999992,0.999996,1,1,1
26395,ton_iot,1,0.99977,0.993725,0.996748,1,1,1
26396,ton_iot,1,1.0,0.999672,0.999836,1,1,1
26397,ton_iot,1,1.0,0.995613,0.997806,1,1,1
26402,ton_iot,1,1.0,0.923781,0.96189,1,1,1
26405,ton_iot,1,0.999395,0.991457,0.995426,1,1,1
26408,ton_iot,1,1.0,0.998788,0.999394,1,1,1
26410,ton_iot,1,1.0,0.991081,0.99554,1,1,1
26411,ton_iot,1,0.999395,0.991457,0.995426,1,1,1
26423,ton_iot,1,1.0,0.99486,0.99743,1,1,1
26432,ton_iot,1,0.99977,0.995178,0.997474,1,1,1
26441,ton_iot,1,0.99977,0.993725,0.996748,1,1,1
26445,ton_iot,1,0.99977,0.994541,0.997156,1,1,1
26449,ton_iot,1,0.99977,0.993725,0.996748,1,1,1
26451,ton_iot,1,1.0,0.99486,0.99743,1,1,1
26453,ton_iot,1,0.99977,0.993725,0.996748,1,1,1
26456,ton_iot,1,0.99977,0.993725,0.996748,1,1,1
26466,ton_iot,1,1.0,0.997649,0.998825,1,1,1
26467,ton_iot,1,1.0,0.919842,0.959921,1,1,1
26469,ton_iot,1,1.0,0.992587,0.996294,1,1,1
26472,ton_iot,1,0.999395,0.991457,0.995426,1,1,1
26473,ton_iot,1,0.999395,0.991846,0.99562,1,1,1
26474,ton_iot,1,0.99977,0.996362,0.998066,1,1,1
26487,ton_iot,1,1.0,0.994861,0.99743,1,1,1
26488,ton_iot,1,0.99977,0.993725,0.996748,1,1,1
26493,ton_iot,1,0.99977,0.993725,0.996748,1,1,1
26513,ton_iot,1,0.999395,0.991457,0.995426,1,1,1
26514,ton_iot,1,0.999395,0.991457,0.995426,1,1,1
26523,ton_iot,1,0.999395,0.991457,0.995426,1,1,1
26525,ton_iot,1,1.0,0.547369,0.773685,1,1,1
26532,ton_iot,1,1.0,0.948569,0.974285,1,1,1
26541,ton_iot,1,1.0,0.999787,0.999893,1,1,1
26544,ton_iot,1,1.0,0.906727,0.953363,1,1,1
26548,ton_iot,1,0.99977,0.993725,0.996748,1,1,1
26558,ton_iot,1,1.0,0.99486,0.99743,1,1,1
26576,ton_iot,1,1.0,0.999987,0.999994,1,1,1
26578,ton_iot,1,1.0,0.99807,0.999035,1,1,1
26580,ton_iot,0,0.08,0.499071,0.289535,0,0,0
26582,ton_iot,1,0.999395,0.991457,0.995426,1,1,1
26584,ton_iot,1,0.999395,0.991457,0.995426,1,1,1
26593,ton_iot,1,1.0,0.999188,0.999594,1,1,1
26595,ton_iot,1,0.99977,0.993725,0.996748,1,1,1
26597,ton_iot,1,1.0,0.99486,0.99743,1,1,1
26608,ton_iot,1,0.99977,0.995178,0.997474,1,1,1
26609,ton_iot,1,1.0,0.994025,0.997013,1,1,1
26613,ton_iot,1,0.99977,0.993725,0.996748,1,1,1
26614,ton_iot,1,0.999395,0.991457,0.995426,1,1,1
26621,ton_iot,1,1.0,0.99486,0.99743,1,1,1
26626,ton_iot,1,1.0,0.998675,0.999337,1,1,1
26632,ton_iot,1,0.999395,0.991457,0.995426,1,1,1
26633,ton_iot,1,1.0,0.919853,0.959927,1,1,1
26636,ton_iot,1,0.999395,0.991846,0.99562,1,1,1
26640,ton_iot,1,0.99977,0.994541,0.997156,1,1,1
26651,ton_iot,1,0.959904,0.992526,0.976215,1,1,1
26656,ton_iot,1,0.99977,0.995178,0.997474,1,1,1
26664,ton_iot,1,1.0,0.989031,0.994515,1,1,1
26672,ton_iot,0,0.0,0.010592,0.005296,0,0,0
26673,ton_iot,0,0.597853,0.364916,0.481385,1,0,0
26682,ton_iot,1,0.999383,0.92377,0.961576,1,1,1
26683,ton_iot,1,1.0,0.952295,0.976148,1,1,1
26692,ton_iot,1,1.0,0.999519,0.99976,1,1,1
26698,ton_iot,1,1.0,0.821793,0.910897,1,1,1
26710,ton_iot,1,0.959904,0.992526,0.976215,1,1,1
26721,ton_iot,1,0.99618,0.998902,0.997541,1,1,1
26722,ton_iot,1,0.99977,0.994541,0.997156,1,1,1
26724,ton_iot,1,1.0,0.99486,0.99743,1,1,1
26725,ton_iot,1,0.99977,0.993725,0.996748,1,1,1
26728,ton_iot,1,0.99977,0.995178,0.997474,1,1,1
26729,ton_iot,0,0.002516,0.095526,0.049021,0,0,0
26730,ton_iot,1,1.0,0.998797,0.999398,1,1,1
26739,ton_iot,1,0.99977,0.995178,0.997474,1,1,1
26740,ton_iot,1,1.0,0.994956,0.997478,1,1,1
26746,ton_iot,1,0.999383,0.92377,0.961576,1,1,1
26750,ton_iot,1,1.0,0.861935,0.930968,1,1,1
26759,ton_iot,1,0.999395,0.991846,0.99562,1,1,1
26765,ton_iot,1,0.99977,0.993725,0.996748,1,1,1
26767,ton_iot,1,0.99977,0.995178,0.997474,1,1,1
26774,ton_iot,1,1.0,0.99486,0.99743,1,1,1
26775,ton_iot,1,0.99977,0.994541,0.997156,1,1,1
26779,ton_iot,1,1.0,0.99931,0.999655,1,1,1
26782,ton_iot,1,0.99977,0.993725,0.996748,1,1,1
26783,ton_iot,1,1.0,0.937482,0.968741,1,1,1
26789,ton_iot,1,1.0,0.999992,0.999996,1,1,1
26794,ton_iot,1,1.0,0.994677,0.997339,1,1,1
26804,ton_iot,1,1.0,0.919861,0.95993,1,1,1
26812,ton_iot,1,0.99977,0.994541,0.997156,1,1,1
26822,ton_iot,1,1.0,0.924137,0.962069,1,1,1
26829,ton_iot,1,1.0,0.9474,0.9737,1,1,1
26832,ton_iot,1,1.0,0.999266,0.999633,1,1,1
26842,ton_iot,1,1.0,0.999983,0.999992,1,1,1
26845,ton_iot,1,1.0,0.992004,0.996002,1,1,1
26849,ton_iot,1,1.0,0.992845,0.996423,1,1,1
26851,ton_iot,1,1.0,0.999983,0.999992,1,1,1
26853,ton_iot,1,0.999395,0.991457,0.995426,1,1,1
26854,ton_iot,1,0.999395,0.991457,0.995426,1,1,1
26856,ton_iot,1,1.0,0.846067,0.923033,1,1,1
26857,ton_iot,1,1.0,0.99146,0.99573,1,1,1
26860,ton_iot,1,0.99977,0.994541,0.997156,1,1,1
26865,ton_iot,1,0.99977,0.995178,0.997474,1,1,1
26867,ton_iot,1,0.99977,0.993725,0.996748,1,1,1
26875,ton_iot,1,1.0,0.995203,0.997601,1,1,1
26877,ton_iot,1,0.83129,0.329451,0.58037,1,0,1
26881,ton_iot,0,0.338387,0.177638,0.258013,0,0,0
26883,ton_iot,1,1.0,0.998353,0.999176,1,1,1
26890,ton_iot,1,1.0,0.997608,0.998804,1,1,1
26891,ton_iot,1,0.99977,0.993725,0.996748,1,1,1
26895,ton_iot,1,1.0,0.999989,0.999994,1,1,1
26896,ton_iot,1,1.0,0.993203,0.996601,1,1,1
26900,ton_iot,1,1.0,0.989622,0.994811,1,1,1
26905,ton_iot,1,0.999395,0.991457,0.995426,1,1,1
26913,ton_iot,1,1.0,0.999989,0.999994,1,1,1
26915,ton_iot,1,0.999395,0.991457,0.995426,1,1,1
26916,ton_iot,1,1.0,0.999135,0.999568,1,1,1
26919,ton_iot,1,1.0,0.999455,0.999727,1,1,1
26927,ton_iot,1,0.99977,0.993725,0.996748,1,1,1
26931,ton_iot,1,1.0,0.948565,0.974283,1,1,1
26934,ton_iot,1,1.0,0.947422,0.973711,1,1,1
26935,ton_iot,1,1.0,0.998802,0.999401,1,1,1
26937,ton_iot,1,1.0,0.997068,0.998534,1,1,1
26940,ton_iot,1,0.99977,0.994541,0.997156,1,1,1
26948,ton_iot,1,1.0,0.999991,0.999995,1,1,1
26953,ton_iot,1,1.0,0.999169,0.999584,1,1,1
26956,ton_iot,1,1.0,0.999989,0.999994,1,1,1
26966,ton_iot,1,0.999395,0.991846,0.99562,1,1,1
26968,ton_iot,1,0.999395,0.991846,0.99562,1,1,1
26969,ton_iot,1,0.99977,0.993725,0.996748,1,1,1
26978,ton_iot,1,1.0,0.994861,0.99743,1,1,1
26981,ton_iot,1,1.0,0.967572,0.983786,1,1,1
26982,ton_iot,1,0.999395,0.991846,0.99562,1,1,1
26984,ton_iot,1,0.99977,0.993725,0.996748,1,1,1
26989,ton_iot,1,1.0,0.999987,0.999994,1,1,1
26992,ton_iot,1,0.999395,0.991846,0.99562,1,1,1
26998,ton_iot,1,0.9998,0.993725,0.996763,1,1,1
27004,ton_iot,1,0.99977,0.993725,0.996748,1,1,1
27006,ton_iot,1,0.999395,0.991457,0.995426,1,1,1
27030,ton_iot,1,0.999395,0.991457,0.995426,1,1,1
27031,ton_iot,1,1.0,0.998388,0.999194,1,1,1
27036,ton_iot,1,0.83129,0.329451,0.58037,1,0,1
27041,ton_iot,1,0.83129,0.329451,0.58037,1,0,1
27044,ton_iot,0,0.597853,0.364916,0.481385,1,0,0
27047,ton_iot,1,0.999395,0.991457,0.995426,1,1,1
27050,ton_iot,1,1.0,0.961086,0.980543,1,1,1
27054,ton_iot,1,0.999395,0.991457,0.995426,1,1,1
27056,ton_iot,1,0.99977,0.995178,0.997474,1,1,1
27059,ton_iot,1,1.0,0.994592,0.997296,1,1,1
27062,ton_iot,1,0.999383,0.92377,0.961576,1,1,1
27067,ton_iot,0,0.28,0.711869,0.495934,0,1,0
27075,ton_iot,1,0.999395,0.991846,0.99562,1,1,1
27080,ton_iot,1,0.99977,0.996362,0.998066,1,1,1
27081,ton_iot,1,0.99977,0.993725,0.996748,1,1,1
27094,ton_iot,1,1.0,0.961097,0.980548,1,1,1
27101,ton_iot,1,0.99977,0.994541,0.997156,1,1,1
27102,ton_iot,1,0.99977,0.993725,0.996748,1,1,1
27106,ton_iot,1,0.99977,0.993725,0.996748,1,1,1
27111,ton_iot,1,1.0,0.993569,0.996785,1,1,1
27112,ton_iot,1,1.0,1.0,1.0,1,1,1
27113,ton_iot,1,0.959904,0.992526,0.976215,1,1,1
27122,ton_iot,1,1.0,0.994569,0.997285,1,1,1
27125,ton_iot,1,0.95,0.8992,0.9246,1,1,1
27128,ton_iot,1,1.0,0.989813,0.994906,1,1,1
27129,ton_iot,1,1.0,0.998119,0.999059,1,1,1
27143,ton_iot,1,1.0,0.999672,0.999836,1,1,1
27146,ton_iot,1,1.0,0.99486,0.99743,1,1,1
27157,ton_iot,1,1.0,0.948568,0.974284,1,1,1
27158,ton_iot,1,0.999395,0.991457,0.995426,1,1,1
27160,ton_iot,0,0.83129,0.329451,0.58037,1,0,1
27162,ton_iot,1,1.0,0.994542,0.997271,1,1,1
27166,ton_iot,1,0.999395,0.991846,0.99562,1,1,1
27180,ton_iot,1,1.0,0.996723,0.998362,1,1,1
27183,ton_iot,1,0.99618,0.998902,0.997541,1,1,1
27192,ton_iot,1,1.0,0.993011,0.996506,1,1,1
27198,ton_iot,1,1.0,0.947404,0.973702,1,1,1
27199,ton_iot,1,0.83129,0.329451,0.58037,1,0,1
27213,ton_iot,1,0.99977,0.993725,0.996748,1,1,1
27222,ton_iot,1,1.0,0.99486,0.99743,1,1,1
27230,ton_iot,1,0.99977,0.993725,0.996748,1,1,1
27232,ton_iot,1,1.0,0.999988,0.999994,1,1,1
27235,ton_iot,1,0.98,0.998275,0.989137,1,1,1
27242,ton_iot,1,0.99977,0.993725,0.996748,1,1,1
27244,ton_iot,1,1.0,0.999989,0.999994,1,1,1
27247,ton_iot,1,0.999395,0.991846,0.99562,1,1,1
27253,ton_iot,1,0.99977,0.995178,0.997474,1,1,1
27256,ton_iot,1,1.0,0.682896,0.841448,1,1,1
27263,ton_iot,1,1.0,0.99486,0.99743,1,1,1
27264,ton_iot,1,1.0,0.858593,0.929297,1,1,1
27265,ton_iot,1,0.99977,0.994541,0.997156,1,1,1
27269,ton_iot,1,0.99977,0.993725,0.996748,1,1,1
27270,ton_iot,1,0.99,0.948643,0.969322,1,1,1
27271,ton_iot,1,0.99977,0.993725,0.996748,1,1,1
27272,ton_iot,1,1.0,0.999989,0.999994,1,1,1
27277,ton_iot,1,1.0,0.989607,0.994803,1,1,1
27278,ton_iot,1,1.0,0.999988,0.999994,1,1,1
27282,ton_iot,1,0.999395,0.991846,0.99562,1,1,1
27287,ton_iot,1,0.999395,0.991846,0.99562,1,1,1
27294,ton_iot,1,0.99977,0.993725,0.996748,1,1,1
27297,ton_iot,1,1.0,0.993845,0.996923,1,1,1
27300,ton_iot,1,1.0,0.987799,0.993899,1,1,1
27309,ton_iot,1,0.99977,0.993725,0.996748,1,1,1
27312,ton_iot,1,1.0,0.995455,0.997727,1,1,1
27316,ton_iot,1,1.0,0.999988,0.999994,1,1,1
27321,ton_iot,1,0.99977,0.993725,0.996748,1,1,1
27326,ton_iot,1,1.0,0.937477,0.968739,1,1,1
27340,ton_iot,1,0.999395,0.991457,0.995426,1,1,1
27344,ton_iot,1,0.99977,0.995178,0.997474,1,1,1
27359,ton_iot,1,1.0,0.99638,0.99819,1,1,1
27365,ton_iot,1,0.999395,0.991846,0.99562,1,1,1
27366,ton_iot,1,1.0,0.99486,0.99743,1,1,1
27374,ton_iot,1,1.0,0.390618,0.695309,1,0,1
27388,ton_iot,1,0.99977,0.993725,0.996748,1,1,1
27389,ton_iot,1,0.99977,0.993725,0.996748,1,1,1
27390,ton_iot,1,1.0,0.99992,0.99996,1,1,1
27400,ton_iot,1,0.99,1.0,0.995,1,1,1
27403,ton_iot,1,0.999395,0.991846,0.99562,1,1,1
27405,ton_iot,1,1.0,0.999989,0.999994,1,1,1
27410,ton_iot,1,1.0,0.99486,0.99743,1,1,1
27411,ton_iot,1,0.99977,0.993725,0.996748,1,1,1
27414,ton_iot,1,1.0,0.936232,0.968116,1,1,1
27417,ton_iot,1,0.99977,0.993725,0.996748,1,1,1
27420,ton_iot,1,1.0,0.948569,0.974284,1,1,1
27427,ton_iot,1,0.99977,0.993725,0.996748,1,1,1
27430,ton_iot,1,0.999395,0.991846,0.99562,1,1,1
27432,ton_iot,1,0.999395,0.991846,0.99562,1,1,1
27448,ton_iot,1,1.0,0.999989,0.999994,1,1,1
27450,ton_iot,1,0.999395,0.991457,0.995426,1,1,1
27451,ton_iot,1,1.0,0.999987,0.999994,1,1,1
27453,ton_iot,1,0.999395,0.991457,0.995426,1,1,1
27466,ton_iot,1,1.0,0.995181,0.99759,1,1,1
27468,ton_iot,1,1.0,0.46617,0.733085,1,0,1
27471,ton_iot,1,1.0,0.972772,0.986386,1,1,1
27488,ton_iot,1,1.0,0.980347,0.990173,1,1,1
27494,ton_iot,1,1.0,0.99486,0.99743,1,1,1
27498,ton_iot,1,0.99977,0.993725,0.996748,1,1,1
27502,ton_iot,1,0.99977,0.993725,0.996748,1,1,1
27503,ton_iot,1,1.0,0.99486,0.99743,1,1,1
27504,ton_iot,1,1.0,0.999835,0.999918,1,1,1
27505,ton_iot,1,0.999395,0.991846,0.99562,1,1,1
27511,ton_iot,1,1.0,0.999499,0.999749,1,1,1
27512,ton_iot,1,0.98,1.0,0.99,1,1,1
27514,ton_iot,1,0.999395,0.991457,0.995426,1,1,1
27517,ton_iot,1,1.0,0.99865,0.999325,1,1,1
27519,ton_iot,1,0.999395,0.991846,0.99562,1,1,1
27521,ton_iot,1,0.597853,0.364916,0.481385,1,0,0
27527,ton_iot,1,1.0,0.999988,0.999994,1,1,1
27528,ton_iot,1,0.99977,0.993725,0.996748,1,1,1
27532,ton_iot,1,1.0,0.95228,0.97614,1,1,1
27537,ton_iot,1,0.99977,0.993725,0.996748,1,1,1
27543,ton_iot,1,1.0,0.999989,0.999994,1,1,1
27547,ton_iot,1,0.597853,0.364916,0.481385,1,0,0
27557,ton_iot,1,0.999395,0.991457,0.995426,1,1,1
27567,ton_iot,1,1.0,0.670093,0.835047,1,1,1
27574,ton_iot,1,0.99977,0.996362,0.998066,1,1,1
27579,ton_iot,1,1.0,0.961098,0.980549,1,1,1
27580,ton_iot,1,0.999383,0.990848,0.995115,1,1,1
27582,ton_iot,1,1.0,1.0,1.0,1,1,1
27583,ton_iot,1,1.0,0.998675,0.999337,1,1,1
27603,ton_iot,1,1.0,0.994629,0.997314,1,1,1
27609,ton_iot,1,1.0,0.821013,0.910506,1,1,1
27621,ton_iot,1,1.0,0.99486,0.99743,1,1,1
27622,ton_iot,1,0.99977,0.993725,0.996748,1,1,1
27623,ton_iot,1,1.0,0.999989,0.999994,1,1,1
27624,ton_iot,1,0.999395,0.991457,0.995426,1,1,1
27626,ton_iot,1,1.0,0.994568,0.997284,1,1,1
27627,ton_iot,1,0.99977,0.994541,0.997156,1,1,1
27634,ton_iot,1,0.99977,0.996362,0.998066,1,1,1
27641,ton_iot,0,0.009395,0.371015,0.190205,0,0,0
27644,ton_iot,0,0.0,0.940899,0.47045,0,1,0
27645,ton_iot,1,1.0,0.993152,0.996576,1,1,1
27649,ton_iot,1,1.0,0.95681,0.978405,1,1,1
27656,ton_iot,0,0.009395,0.098432,0.053913,0,0,0
27657,ton_iot,1,0.99977,0.993725,0.996748,1,1,1
27660,ton_iot,1,1.0,0.995097,0.997548,1,1,1
27661,ton_iot,1,1.0,0.862805,0.931403,1,1,1
27664,ton_iot,1,0.99,0.825497,0.907749,1,1,1
27665,ton_iot,1,0.99977,0.993725,0.996748,1,1,1
27668,ton_iot,1,0.999395,0.991457,0.995426,1,1,1
27675,ton_iot,1,1.0,0.947403,0.973701,1,1,1
27677,ton_iot,1,1.0,0.999826,0.999913,1,1,1
27680,ton_iot,1,0.99977,0.994541,0.997156,1,1,1
27683,ton_iot,1,1.0,0.403124,0.701562,1,0,1
27698,ton_iot,0,0.0,0.002272,0.001136,0,0,0
27703,ton_iot,1,0.999395,0.991846,0.99562,1,1,1
27706,ton_iot,1,0.999395,0.991846,0.99562,1,1,1
27707,ton_iot,1,1.0,0.99486,0.99743,1,1,1
27708,ton_iot,1,1.0,0.961267,0.980634,1,1,1
27713,ton_iot,1,1.0,0.99486,0.99743,1,1,1
27716,ton_iot,1,1.0,0.913463,0.956732,1,1,1
27718,ton_iot,1,1.0,0.999987,0.999994,1,1,1
27722,ton_iot,1,1.0,0.955255,0.977627,1,1,1
27742,ton_iot,1,0.99977,0.994541,0.997156,1,1,1
27744,ton_iot,1,1.0,0.995449,0.997724,1,1,1
27749,ton_iot,1,1.0,0.99486,0.99743,1,1,1
27751,ton_iot,1,0.999395,0.991846,0.99562,1,1,1
27754,ton_iot,1,0.97,1.0,0.985,1,1,1
27763,ton_iot,1,1.0,0.99486,0.99743,1,1,1
27784,ton_iot,1,1.0,0.99486,0.99743,1,1,1
27787,ton_iot,1,1.0,0.992024,0.996012,1,1,1
27795,ton_iot,1,1.0,0.91984,0.95992,1,1,1
27803,ton_iot,1,0.999395,0.991457,0.995426,1,1,1
27805,ton_iot,1,0.999395,0.991457,0.995426,1,1,1
27808,ton_iot,1,1.0,0.999989,0.999994,1,1,1
27810,ton_iot,1,0.999395,0.991457,0.995426,1,1,1
27824,ton_iot,1,1.0,0.947403,0.973702,1,1,1
27827,ton_iot,1,0.999395,0.991846,0.99562,1,1,1
27832,ton_iot,1,0.999395,0.991846,0.99562,1,1,1
27833,ton_iot,1,1.0,0.99486,0.99743,1,1,1
27836,ton_iot,1,0.99618,0.998902,0.997541,1,1,1
27840,ton_iot,1,0.652133,0.897892,0.775013,1,1,1
27848,ton_iot,1,1.0,0.936236,0.968118,1,1,1
27851,ton_iot,1,1.0,0.999991,0.999995,1,1,1
27861,ton_iot,1,0.999395,0.991846,0.99562,1,1,1
27867,ton_iot,1,0.99977,0.993725,0.996748,1,1,1
27872,ton_iot,1,1.0,0.948563,0.974281,1,1,1
27877,ton_iot,1,1.0,0.390593,0.695296,1,0,1
27878,ton_iot,1,0.999395,0.991846,0.99562,1,1,1
27897,ton_iot,1,1.0,0.999989,0.999994,1,1,1
27899,ton_iot,1,1.0,0.923841,0.961921,1,1,1
27903,ton_iot,1,0.99977,0.993725,0.996748,1,1,1
27905,ton_iot,1,0.83129,0.329451,0.58037,1,0,1
27908,ton_iot,1,1.0,0.999989,0.999994,1,1,1
27909,ton_iot,1,1.0,0.947404,0.973702,1,1,1
27919,ton_iot,1,0.99977,0.993725,0.996748,1,1,1
27924,ton_iot,1,1.0,0.907117,0.953558,1,1,1
27935,ton_iot,1,0.99618,0.998902,0.997541,1,1,1
27940,ton_iot,1,0.999395,0.991846,0.99562,1,1,1
27942,ton_iot,1,0.999395,0.991457,0.995426,1,1,1
27949,ton_iot,1,1.0,0.999988,0.999994,1,1,1
27956,ton_iot,1,0.99977,0.993725,0.996748,1,1,1
27958,ton_iot,1,1.0,0.99486,0.99743,1,1,1
27960,ton_iot,1,0.99977,0.994542,0.997156,1,1,1
27964,ton_iot,1,1.0,0.999989,0.999994,1,1,1
27965,ton_iot,1,1.0,0.999989,0.999994,1,1,1
27970,ton_iot,1,1.0,0.923922,0.961961,1,1,1
27972,ton_iot,1,1.0,0.99486,0.99743,1,1,1
27973,ton_iot,1,0.99977,0.993725,0.996748,1,1,1
27979,ton_iot,1,0.99977,0.995178,0.997474,1,1,1
27981,ton_iot,1,0.99977,0.994541,0.997156,1,1,1
27982,ton_iot,1,1.0,0.999988,0.999994,1,1,1
27983,ton_iot,1,0.99977,0.994541,0.997156,1,1,1
27985,ton_iot,1,1.0,0.961275,0.980637,1,1,1
27986,ton_iot,1,0.999395,0.991457,0.995426,1,1,1
27989,ton_iot,1,1.0,0.805134,0.902567,1,1,1
27992,ton_iot,1,0.99977,0.993725,0.996748,1,1,1
27998,ton_iot,1,0.99977,0.993725,0.996748,1,1,1
27999,ton_iot,1,1.0,0.998675,0.999337,1,1,1
28000,ton_iot,1,0.99977,0.994542,0.997156,1,1,1
28005,ton_iot,1,1.0,0.993955,0.996977,1,1,1
28008,ton_iot,1,1.0,0.999989,0.999994,1,1,1
28017,ton_iot,1,0.999395,0.991457,0.995426,1,1,1
28018,ton_iot,1,1.0,0.670408,0.835204,1,1,1
28019,ton_iot,1,0.999395,0.991457,0.995426,1,1,1
28020,ton_iot,1,1.0,0.547369,0.773685,1,1,1
28023,ton_iot,1,1.0,0.952285,0.976143,1,1,1
28032,ton_iot,1,1.0,0.993063,0.996531,1,1,1
28035,ton_iot,1,0.98,0.993515,0.986758,1,1,1
28046,ton_iot,1,0.99977,0.994542,0.997156,1,1,1
28057,ton_iot,1,1.0,0.961106,0.980553,1,1,1
28058,ton_iot,1,1.0,0.991672,0.995836,1,1,1
28059,ton_iot,1,1.0,0.954981,0.977491,1,1,1
28063,ton_iot,1,1.0,0.994547,0.997274,1,1,1
28064,ton_iot,1,1.0,0.99486,0.99743,1,1,1
28083,ton_iot,1,1.0,0.999989,0.999994,1,1,1
28097,ton_iot,1,1.0,0.999988,0.999994,1,1,1
28098,ton_iot,1,1.0,0.405412,0.702706,1,0,1
28100,ton_iot,1,1.0,0.999989,0.999994,1,1,1
28103,ton_iot,1,1.0,0.937476,0.968738,1,1,1
28116,ton_iot,1,1.0,0.999989,0.999994,1,1,1
28128,ton_iot,1,0.999395,0.991457,0.995426,1,1,1
28132,ton_iot,1,0.99977,0.993725,0.996748,1,1,1
28134,ton_iot,1,0.999395,0.991846,0.99562,1,1,1
28137,ton_iot,1,0.99977,0.993725,0.996748,1,1,1
28147,ton_iot,1,1.0,0.999989,0.999994,1,1,1
28150,ton_iot,1,1.0,0.99486,0.99743,1,1,1
28153,ton_iot,0,0.002133,0.19848,0.100306,0,0,0
28159,ton_iot,1,1.0,0.936278,0.968139,1,1,1
28169,ton_iot,1,1.0,0.999989,0.999994,1,1,1
28185,ton_iot,1,0.99977,0.995178,0.997474,1,1,1
28187,ton_iot,1,0.999395,0.991457,0.995426,1,1,1
28192,ton_iot,1,1.0,0.995469,0.997734,1,1,1
28196,ton_iot,1,0.999395,0.991457,0.995426,1,1,1
28198,ton_iot,1,1.0,1.0,1.0,1,1,1
28199,ton_iot,1,0.83129,0.329451,0.58037,1,0,1
28207,ton_iot,1,1.0,0.999987,0.999994,1,1,1
28214,ton_iot,1,0.999395,0.991846,0.99562,1,1,1
28215,ton_iot,1,0.83129,0.329451,0.58037,1,0,1
28223,ton_iot,1,1.0,0.924028,0.962014,1,1,1
28228,ton_iot,1,1.0,0.997903,0.998951,1,1,1
28229,ton_iot,1,1.0,0.999213,0.999606,1,1,1
28230,ton_iot,1,0.83129,0.329451,0.58037,1,0,1
28239,ton_iot,1,0.999395,0.991457,0.995426,1,1,1
28242,ton_iot,1,1.0,0.947395,0.973698,1,1,1
28243,ton_iot,1,1.0,0.994688,0.997344,1,1,1
28246,ton_iot,1,0.99977,0.994541,0.997156,1,1,1
28252,ton_iot,1,1.0,0.998445,0.999223,1,1,1
28253,ton_iot,0,0.03,0.052837,0.041419,0,0,0
28256,ton_iot,1,1.0,0.923801,0.961901,1,1,1
28260,ton_iot,1,1.0,0.999867,0.999934,1,1,1
28274,ton_iot,1,0.999395,0.991457,0.995426,1,1,1
28277,ton_iot,0,0.009395,0.329451,0.169423,0,0,0
28279,ton_iot,0,0.43,1.0,0.715,0,1,1
28280,ton_iot,0,0.0,0.215123,0.107561,0,0,0
28281,ton_iot,1,1.0,0.998474,0.999237,1,1,1
28284,ton_iot,1,1.0,0.961109,0.980555,1,1,1
28287,ton_iot,1,0.999395,0.991846,0.99562,1,1,1
28290,ton_iot,1,0.99977,0.994542,0.997156,1,1,1
28292,ton_iot,1,0.999395,0.991457,0.995426,1,1,1
28295,ton_iot,1,1.0,0.995184,0.997592,1,1,1
28296,ton_iot,1,1.0,0.916518,0.958259,1,1,1
28303,ton_iot,1,0.999395,0.991457,0.995426,1,1,1
28309,ton_iot,1,1.0,0.999989,0.999994,1,1,1
28312,ton_iot,1,0.999395,0.991457,0.995426,1,1,1
28322,ton_iot,0,0.0,0.947604,0.473802,0,1,0
28330,ton_iot,1,0.99977,0.993725,0.996748,1,1,1
28337,ton_iot,1,0.99977,0.995178,0.997474,1,1,1
28342,ton_iot,1,1.0,1.0,1.0,1,1,1
28345,ton_iot,1,0.99977,0.993725,0.996748,1,1,1
28346,ton_iot,1,1.0,0.547369,0.773685,1,1,1
28364,ton_iot,1,0.99977,0.993725,0.996748,1,1,1
28367,ton_iot,1,0.99977,0.995178,0.997474,1,1,1
28369,ton_iot,1,0.88,0.9194,0.8997,1,1,1
28385,ton_iot,1,1.0,0.99486,0.99743,1,1,1
28388,ton_iot,0,0.0,0.010592,0.005296,0,0,0
28392,ton_iot,1,1.0,0.995467,0.997734,1,1,1
28393,ton_iot,1,0.99618,0.998902,0.997541,1,1,1
28398,ton_iot,1,0.99618,0.998902,0.997541,1,1,1
28401,ton_iot,1,0.99977,0.995178,0.997474,1,1,1
28404,ton_iot,1,1.0,0.999989,0.999994,1,1,1
28414,ton_iot,1,1.0,0.999991,0.999995,1,1,1
28415,ton_iot,1,0.597853,0.364916,0.481385,1,0,0
28418,ton_iot,1,1.0,0.999991,0.999995,1,1,1
28425,ton_iot,1,1.0,0.999988,0.999994,1,1,1
28426,ton_iot,1,1.0,0.999265,0.999633,1,1,1
28427,ton_iot,1,0.99977,0.994541,0.997156,1,1,1
28432,ton_iot,1,0.999395,0.991457,0.995426,1,1,1
28438,ton_iot,1,1.0,0.999989,0.999994,1,1,1
28439,ton_iot,0,0.338387,0.177638,0.258013,0,0,0
28440,ton_iot,1,1.0,0.997168,0.998584,1,1,1
28443,ton_iot,1,0.999395,0.991846,0.99562,1,1,1
28445,ton_iot,1,1.0,0.999858,0.999929,1,1,1
28451,ton_iot,1,1.0,0.971347,0.985674,1,1,1
28452,ton_iot,1,0.99977,0.993725,0.996748,1,1,1
28464,ton_iot,1,1.0,0.681988,0.840994,1,1,1
28481,ton_iot,1,0.99977,0.995178,0.997474,1,1,1
28492,ton_iot,1,1.0,0.994158,0.997079,1,1,1
28495,ton_iot,1,1.0,0.99486,0.99743,1,1,1
28502,ton_iot,1,0.999395,0.991846,0.99562,1,1,1
28504,ton_iot,1,1.0,0.999989,0.999994,1,1,1
28505,ton_iot,1,1.0,0.99486,0.99743,1,1,1
28508,ton_iot,1,1.0,0.999988,0.999994,1,1,1
28509,ton_iot,1,1.0,0.547369,0.773685,1,1,1
28512,ton_iot,1,0.999395,0.991457,0.995426,1,1,1
28515,ton_iot,1,1.0,0.998508,0.999254,1,1,1
28517,ton_iot,1,0.99977,0.993725,0.996748,1,1,1
28525,ton_iot,1,0.83129,0.329451,0.58037,1,0,1
28531,ton_iot,1,1.0,0.999989,0.999994,1,1,1
28537,ton_iot,1,1.0,0.84613,0.923065,1,1,1
28544,ton_iot,1,1.0,0.948572,0.974286,1,1,1
28548,ton_iot,1,1.0,0.919837,0.959919,1,1,1
28552,ton_iot,1,0.999395,0.991846,0.99562,1,1,1
28555,ton_iot,0,0.002133,0.19848,0.100306,0,0,0
28560,ton_iot,1,1.0,0.991341,0.995671,1,1,1
28561,ton_iot,1,0.999395,0.991846,0.99562,1,1,1
28562,ton_iot,1,1.0,0.955256,0.977628,1,1,1
28563,ton_iot,1,0.99977,0.993725,0.996748,1,1,1
28570,ton_iot,1,0.99977,0.993725,0.996748,1,1,1
28572,ton_iot,1,1.0,0.955279,0.97764,1,1,1
28575,ton_iot,1,1.0,0.999643,0.999821,1,1,1
28579,ton_iot,1,1.0,0.998781,0.99939,1,1,1
28587,ton_iot,1,1.0,0.996019,0.998009,1,1,1
28593,ton_iot,1,0.99977,0.993725,0.996748,1,1,1
28595,ton_iot,1,0.999395,0.991457,0.995426,1,1,1
28620,ton_iot,1,1.0,0.993961,0.996981,1,1,1
28631,ton_iot,1,1.0,0.947402,0.973701,1,1,1
28637,ton_iot,1,0.999395,0.991457,0.995426,1,1,1
28641,ton_iot,1,0.999395,0.991457,0.995426,1,1,1
28644,ton_iot,1,1.0,0.916665,0.958333,1,1,1
28649,ton_iot,1,0.99977,0.993725,0.996748,1,1,1
28656,ton_iot,1,1.0,0.99486,0.99743,1,1,1
28657,ton_iot,1,0.99977,0.993725,0.996748,1,1,1
28659,ton_iot,1,1.0,0.999336,0.999668,1,1,1
28666,ton_iot,1,0.83129,0.329451,0.58037,1,0,1
28667,ton_iot,1,0.99977,0.993725,0.996748,1,1,1
28670,ton_iot,1,1.0,0.547369,0.773685,1,1,1
28674,ton_iot,1,1.0,0.994676,0.997338,1,1,1
28677,ton_iot,1,0.999395,0.991846,0.99562,1,1,1
28682,ton_iot,1,0.99977,0.993725,0.996748,1,1,1
28683,ton_iot,1,1.0,0.999988,0.999994,1,1,1
28704,ton_iot,1,1.0,0.999327,0.999664,1,1,1
28707,ton_iot,1,0.99977,0.995178,0.997474,1,1,1
28708,ton_iot,0,0.000107,0.121771,0.060939,0,0,0
28710,ton_iot,1,0.999395,0.991457,0.995426,1,1,1
28716,ton_iot,1,1.0,0.99486,0.99743,1,1,1
28718,ton_iot,1,1.0,0.947395,0.973698,1,1,1
28727,ton_iot,1,1.0,0.993964,0.996982,1,1,1
28731,ton_iot,1,1.0,0.99486,0.99743,1,1,1
28734,ton_iot,0,0.0,0.215127,0.107563,0,0,0
28739,ton_iot,1,0.999395,0.991457,0.995426,1,1,1
28743,ton_iot,1,0.99977,0.994541,0.997156,1,1,1
28751,ton_iot,1,1.0,0.999989,0.999994,1,1,1
28759,ton_iot,1,1.0,0.947395,0.973698,1,1,1
28770,ton_iot,1,0.99618,0.998902,0.997541,1,1,1
28773,ton_iot,1,1.0,0.955256,0.977628,1,1,1
28774,ton_iot,1,0.99977,0.993725,0.996748,1,1,1
28775,ton_iot,1,0.99977,0.993725,0.996748,1,1,1
28780,ton_iot,1,0.99618,0.998902,0.997541,1,1,1
28781,ton_iot,1,0.99977,0.995178,0.997474,1,1,1
28782,ton_iot,1,1.0,0.990417,0.995208,1,1,1
28785,ton_iot,1,0.99977,0.995178,0.997474,1,1,1
28791,ton_iot,1,1.0,0.99936,0.99968,1,1,1
28793,ton_iot,1,0.99977,0.993725,0.996748,1,1,1
28798,ton_iot,1,1.0,0.999989,0.999994,1,1,1
28801,ton_iot,1,1.0,0.547369,0.773685,1,1,1
28803,ton_iot,1,0.959904,0.992526,0.976215,1,1,1
28807,ton_iot,0,0.0,0.071641,0.03582,0,0,0
28813,ton_iot,1,1.0,0.995614,0.997807,1,1,1
28814,ton_iot,1,1.0,0.999346,0.999673,1,1,1
28816,ton_iot,1,1.0,0.999176,0.999588,1,1,1
28832,ton_iot,1,1.0,0.999989,0.999994,1,1,1
28833,ton_iot,1,0.999395,0.991457,0.995426,1,1,1
28839,ton_iot,1,0.999395,0.991457,0.995426,1,1,1
28846,ton_iot,1,1.0,0.999988,0.999994,1,1,1
28853,ton_iot,1,1.0,0.967572,0.983786,1,1,1
28864,ton_iot,1,1.0,0.547369,0.773685,1,1,1
28868,ton_iot,1,0.99977,0.993725,0.996748,1,1,1
28879,ton_iot,1,0.999395,0.991846,0.99562,1,1,1
28884,ton_iot,1,0.99977,0.993725,0.996748,1,1,1
28885,ton_iot,1,1.0,0.998675,0.999337,1,1,1
28895,ton_iot,1,0.99977,0.993725,0.996748,1,1,1
28896,ton_iot,1,1.0,0.999989,0.999994,1,1,1
28898,ton_iot,1,0.99977,0.993725,0.996748,1,1,1
28903,ton_iot,1,1.0,0.999989,0.999994,1,1,1
28905,ton_iot,1,0.999395,0.991457,0.995426,1,1,1
28906,ton_iot,1,1.0,0.99486,0.99743,1,1,1
28909,ton_iot,1,1.0,0.979159,0.98958,1,1,1
28918,ton_iot,1,0.99977,0.994541,0.997156,1,1,1
28924,ton_iot,1,1.0,0.958247,0.979123,1,1,1
28926,ton_iot,1,1.0,0.992647,0.996323,1,1,1
28928,ton_iot,1,1.0,0.670057,0.835029,1,1,1
28934,ton_iot,1,1.0,0.99486,0.99743,1,1,1
28943,ton_iot,1,1.0,0.998285,0.999143,1,1,1
28948,ton_iot,0,0.009395,0.329451,0.169423,0,0,0
28952,ton_iot,1,0.99977,0.993725,0.996748,1,1,1
28953,ton_iot,1,0.99977,0.995178,0.997474,1,1,1
28960,ton_iot,1,0.999395,0.991846,0.99562,1,1,1
28962,ton_iot,0,0.0,0.010592,0.005296,0,0,0
28974,ton_iot,1,1.0,0.99518,0.99759,1,1,1
28976,ton_iot,1,0.99977,0.995178,0.997474,1,1,1
28984,ton_iot,1,0.99977,0.993725,0.996748,1,1,1
28986,ton_iot,1,1.0,0.937493,0.968746,1,1,1
28989,ton_iot,1,0.999395,0.991457,0.995426,1,1,1
28990,ton_iot,1,1.0,0.99486,0.99743,1,1,1
28994,ton_iot,1,1.0,0.948564,0.974282,1,1,1
28998,ton_iot,1,0.99977,0.993725,0.996748,1,1,1
29004,ton_iot,1,0.999395,0.991457,0.995426,1,1,1
29005,ton_iot,1,1.0,0.999989,0.999994,1,1,1
29006,ton_iot,1,1.0,0.908349,0.954174,1,1,1
29009,ton_iot,1,0.999395,0.991457,0.995426,1,1,1
29011,ton_iot,1,1.0,0.955528,0.977764,1,1,1
29015,ton_iot,1,0.999395,0.991846,0.99562,1,1,1
29018,ton_iot,1,0.99977,0.993725,0.996748,1,1,1
29023,ton_iot,1,1.0,0.994549,0.997275,1,1,1
29025,ton_iot,1,0.99977,0.993725,0.996748,1,1,1
29026,ton_iot,1,1.0,0.991386,0.995693,1,1,1
29029,ton_iot,1,0.999395,0.991457,0.995426,1,1,1
29030,ton_iot,1,0.999395,0.991457,0.995426,1,1,1
29044,ton_iot,1,0.959904,0.992526,0.976215,1,1,1
29045,ton_iot,1,1.0,0.994675,0.997338,1,1,1
29064,ton_iot,1,0.99977,0.995178,0.997474,1,1,1
29075,ton_iot,1,0.999395,0.991846,0.99562,1,1,1
29077,ton_iot,1,1.0,0.998801,0.9994,1,1,1
29087,ton_iot,1,1.0,0.999988,0.999994,1,1,1
29088,ton_iot,1,1.0,0.994576,0.997288,1,1,1
29091,ton_iot,0,0.02,0.819056,0.419528,0,1,0
29096,ton_iot,1,0.99977,0.995178,0.997474,1,1,1
29097,ton_iot,1,0.99977,0.993725,0.996748,1,1,1
29098,ton_iot,1,1.0,0.998801,0.999401,1,1,1
29100,ton_iot,1,1.0,0.994865,0.997433,1,1,1
29107,ton_iot,0,0.002133,0.19848,0.100306,0,0,0
29108,ton_iot,1,1.0,0.999988,0.999994,1,1,1
29116,ton_iot,1,1.0,0.947402,0.973701,1,1,1
29125,ton_iot,1,1.0,0.994387,0.997193,1,1,1
29126,ton_iot,1,1.0,0.947399,0.9737,1,1,1
29129,ton_iot,1,1.0,0.952388,0.976194,1,1,1
29131,ton_iot,1,1.0,0.99874,0.99937,1,1,1
29133,ton_iot,1,1.0,0.999989,0.999994,1,1,1
29139,ton_iot,1,0.83129,0.329451,0.58037,1,0,1
29140,ton_iot,1,0.99977,0.993725,0.996748,1,1,1
29146,ton_iot,1,1.0,0.918688,0.959344,1,1,1
29155,ton_iot,1,1.0,0.995457,0.997728,1,1,1
29160,ton_iot,1,0.999988,0.923778,0.961883,1,1,1
29164,ton_iot,1,0.999395,0.991457,0.995426,1,1,1
29167,ton_iot,1,0.83129,0.329451,0.58037,1,0,1
29169,ton_iot,1,0.999395,0.991846,0.99562,1,1,1
29176,ton_iot,1,0.959904,0.992526,0.976215,1,1,1
29185,ton_iot,1,0.999395,0.991846,0.99562,1,1,1
29199,ton_iot,1,0.999395,0.991846,0.99562,1,1,1
29206,ton_iot,1,1.0,0.999194,0.999597,1,1,1
29210,ton_iot,1,1.0,0.99486,0.99743,1,1,1
29218,ton_iot,1,1.0,0.999989,0.999994,1,1,1
29221,ton_iot,1,0.999395,0.991457,0.995426,1,1,1
29224,ton_iot,1,1.0,0.990183,0.995091,1,1,1
29227,ton_iot,1,0.999395,0.991457,0.995426,1,1,1
29231,ton_iot,1,1.0,0.961092,0.980546,1,1,1
29234,ton_iot,1,0.999395,0.991457,0.995426,1,1,1
29237,ton_iot,1,1.0,0.99486,0.99743,1,1,1
29262,ton_iot,1,1.0,0.998675,0.999337,1,1,1
29263,ton_iot,1,0.99977,0.993725,0.996748,1,1,1
29276,ton_iot,1,0.99977,0.993725,0.996748,1,1,1
29280,ton_iot,0,0.009395,0.329451,0.169423,0,0,0
29282,ton_iot,1,0.99977,0.993725,0.996748,1,1,1
29283,ton_iot,1,1.0,0.994861,0.99743,1,1,1
29300,ton_iot,1,1.0,0.966287,0.983143,1,1,1
29317,ton_iot,1,0.999395,0.991846,0.99562,1,1,1
29320,ton_iot,1,0.99977,0.993725,0.996748,1,1,1
29322,ton_iot,1,0.99977,0.994541,0.997156,1,1,1
29324,ton_iot,1,1.0,0.842063,0.921031,1,1,1
29344,ton_iot,1,1.0,0.948569,0.974284,1,1,1
29348,ton_iot,1,1.0,0.995179,0.997589,1,1,1
29355,ton_iot,1,1.0,0.994544,0.997272,1,1,1
29358,ton_iot,1,0.999395,0.991846,0.99562,1,1,1
29362,ton_iot,1,0.999395,0.991457,0.995426,1,1,1
29372,ton_iot,1,1.0,1.0,1.0,1,1,1
29377,ton_iot,1,1.0,0.992903,0.996452,1,1,1
29380,ton_iot,1,1.0,0.993963,0.996982,1,1,1
29388,ton_iot,1,1.0,0.995592,0.997796,1,1,1
29389,ton_iot,1,0.99977,0.993725,0.996748,1,1,1
29391,ton_iot,1,0.99977,0.993725,0.996748,1,1,1
29394,ton_iot,1,1.0,0.99493,0.997465,1,1,1
29407,ton_iot,1,1.0,0.999989,0.999994,1,1,1
29408,ton_iot,1,1.0,0.98966,0.99483,1,1,1
29409,ton_iot,1,0.99977,0.993725,0.996748,1,1,1
29418,ton_iot,1,0.999395,0.991846,0.99562,1,1,1
29420,ton_iot,1,1.0,0.948562,0.974281,1,1,1
29421,ton_iot,1,1.0,0.998675,0.999337,1,1,1
29429,ton_iot,1,0.99977,0.993725,0.996748,1,1,1
29436,ton_iot,1,1.0,0.998917,0.999459,1,1,1
29440,ton_iot,1,0.99977,0.995178,0.997474,1,1,1
29455,ton_iot,1,1.0,0.993962,0.996981,1,1,1
29462,ton_iot,1,0.99977,0.995178,0.997474,1,1,1
29464,ton_iot,1,0.99977,0.994541,0.997156,1,1,1
29474,ton_iot,1,0.99977,0.993725,0.996748,1,1,1
29484,ton_iot,1,0.999395,0.991457,0.995426,1,1,1
29492,ton_iot,1,1.0,0.99486,0.99743,1,1,1
29496,ton_iot,1,1.0,0.999988,0.999994,1,1,1
29499,ton_iot,1,1.0,0.993962,0.996981,1,1,1
29505,ton_iot,1,1.0,0.989754,0.994877,1,1,1
29508,ton_iot,0,0.139395,0.302451,0.220923,0,0,0
29515,ton_iot,1,1.0,0.961139,0.98057,1,1,1
29533,ton_iot,1,0.99977,0.993725,0.996748,1,1,1
29541,ton_iot,1,0.99977,0.993725,0.996748,1,1,1
29542,ton_iot,1,0.99977,0.995178,0.997474,1,1,1
29544,ton_iot,1,0.999395,0.991457,0.995426,1,1,1
29553,ton_iot,1,1.0,0.99486,0.99743,1,1,1
29554,ton_iot,1,1.0,0.971689,0.985845,1,1,1
29563,ton_iot,1,1.0,0.993611,0.996805,1,1,1
29565,ton_iot,1,0.999395,0.991846,0.99562,1,1,1
29573,ton_iot,1,0.999383,0.990848,0.995115,1,1,1
29598,ton_iot,1,0.99977,0.993725,0.996748,1,1,1
29603,ton_iot,1,0.99977,0.993725,0.996748,1,1,1
29606,ton_iot,0,0.83129,0.329451,0.58037,1,0,1
29614,ton_iot,1,0.99977,0.993725,0.996748,1,1,1
29619,ton_iot,1,1.0,0.994551,0.997276,1,1,1
29620,ton_iot,1,1.0,0.992553,0.996277,1,1,1
29622,ton_iot,1,0.99977,0.993725,0.996748,1,1,1
29627,ton_iot,1,1.0,0.99486,0.99743,1,1,1
29636,ton_iot,1,0.999395,0.991457,0.995426,1,1,1
29646,ton_iot,1,0.99977,0.993725,0.996748,1,1,1
29649,ton_iot,1,1.0,0.99486,0.99743,1,1,1
29661,ton_iot,1,1.0,0.99486,0.99743,1,1,1
29662,ton_iot,1,1.0,0.999989,0.999994,1,1,1
29664,ton_iot,1,1.0,0.993515,0.996758,1,1,1
29679,ton_iot,1,0.999395,0.991457,0.995426,1,1,1
29681,ton_iot,1,0.95,0.262088,0.606044,1,0,1
29683,ton_iot,1,1.0,0.99486,0.99743,1,1,1
29691,ton_iot,1,0.99618,0.998902,0.997541,1,1,1
29692,ton_iot,1,1.0,1.0,1.0,1,1,1
29696,ton_iot,1,0.999395,0.991457,0.995426,1,1,1
29697,ton_iot,1,0.99618,0.998902,0.997541,1,1,1
29703,ton_iot,1,0.99977,0.994541,0.997156,1,1,1
29704,ton_iot,1,0.99977,0.995178,0.997474,1,1,1
29707,ton_iot,1,0.99977,0.995178,0.997474,1,1,1
29719,ton_iot,1,1.0,0.952355,0.976177,1,1,1
29726,ton_iot,1,0.99977,0.995178,0.997474,1,1,1
29728,ton_iot,1,0.999395,0.991457,0.995426,1,1,1
29731,ton_iot,1,0.999395,0.991457,0.995426,1,1,1
29732,ton_iot,1,1.0,0.99486,0.99743,1,1,1
29738,ton_iot,1,1.0,0.937516,0.968758,1,1,1
29741,ton_iot,1,0.999395,0.991846,0.99562,1,1,1
29748,ton_iot,0,0.03,0.007528,0.018764,0,0,0
29755,ton_iot,1,0.999395,0.991457,0.995426,1,1,1
29763,ton_iot,1,1.0,0.99486,0.99743,1,1,1
29785,ton_iot,1,1.0,0.999988,0.999994,1,1,1
29786,ton_iot,1,0.99977,0.993725,0.996748,1,1,1
29789,ton_iot,1,1.0,0.99486,0.99743,1,1,1
29805,ton_iot,1,1.0,0.99486,0.99743,1,1,1
29816,ton_iot,1,0.99977,0.993725,0.996748,1,1,1
29820,ton_iot,1,1.0,0.992591,0.996296,1,1,1
29836,ton_iot,1,1.0,0.997213,0.998606,1,1,1
29839,ton_iot,1,1.0,0.999989,0.999994,1,1,1
29840,ton_iot,1,0.999395,0.991457,0.995426,1,1,1
29845,ton_iot,1,1.0,0.906895,0.953448,1,1,1
29858,ton_iot,1,0.83129,0.329451,0.58037,1,0,1
29860,ton_iot,1,0.99977,0.994542,0.997156,1,1,1
29870,ton_iot,1,1.0,0.990565,0.995282,1,1,1
29873,ton_iot,1,0.99618,0.998902,0.997541,1,1,1
29877,ton_iot,1,0.99618,0.998902,0.997541,1,1,1
29885,ton_iot,1,0.99977,0.993725,0.996748,1,1,1
29888,ton_iot,1,1.0,0.99911,0.999555,1,1,1
29896,ton_iot,1,0.999395,0.991846,0.99562,1,1,1
29898,ton_iot,1,1.0,0.999987,0.999994,1,1,1
29900,ton_iot,1,0.999395,0.991846,0.99562,1,1,1
29902,ton_iot,1,0.99977,0.993725,0.996748,1,1,1
29904,ton_iot,1,0.99977,0.993725,0.996748,1,1,1
29905,ton_iot,1,1.0,0.999989,0.999994,1,1,1
29907,ton_iot,0,0.002133,0.19848,0.100306,0,0,0
29910,ton_iot,1,1.0,0.99486,0.99743,1,1,1
29917,ton_iot,1,1.0,0.976329,0.988164,1,1,1
29925,ton_iot,1,1.0,0.993959,0.99698,1,1,1
29927,ton_iot,1,1.0,0.955257,0.977628,1,1,1
29933,ton_iot,1,0.999395,0.991846,0.99562,1,1,1
29942,ton_iot,0,0.04,0.78967,0.414835,0,1,0
29946,ton_iot,1,0.99,0.999586,0.994793,1,1,1
29949,ton_iot,1,0.99977,0.996362,0.998066,1,1,1
29953,ton_iot,1,0.999383,0.92377,0.961576,1,1,1
29957,ton_iot,1,1.0,0.999989,0.999994,1,1,1
29958,ton_iot,1,1.0,0.99486,0.99743,1,1,1
29961,ton_iot,1,0.99977,0.993725,0.996748,1,1,1
29971,ton_iot,1,0.999383,0.92377,0.961576,1,1,1
29972,ton_iot,1,0.999395,0.991846,0.99562,1,1,1
29973,ton_iot,1,0.999395,0.991457,0.995426,1,1,1
29977,ton_iot,1,0.999395,0.991846,0.99562,1,1,1
29978,ton_iot,1,1.0,0.947404,0.973702,1,1,1
29982,ton_iot,1,0.999395,0.991457,0.995426,1,1,1
29990,ton_iot,1,0.99977,0.993725,0.996748,1,1,1
29993,ton_iot,1,0.99977,0.993725,0.996748,1,1,1
29997,ton_iot,1,0.83129,0.329451,0.58037,1,0,1
30001,bot_iot,0,0.01,0.004822,0.007411,0,0,0
30013,bot_iot,0,0.0,0.000605,0.000302,0,0,0
30020,bot_iot,0,0.0,0.119334,0.059667,0,0,0
30021,bot_iot,0,0.0,0.119335,0.059667,0,0,0
30034,bot_iot,0,0.0,0.0,0.0,0,0,0
30043,bot_iot,0,0.0,0.036547,0.018273,0,0,0
30048,bot_iot,0,0.0,0.036244,0.018122,0,0,0
30049,bot_iot,0,0.0,0.036259,0.018129,0,0,0
30050,bot_iot,0,0.0,0.036422,0.018211,0,0,0
30052,bot_iot,0,0.0,0.00702,0.00351,0,0,0
30053,bot_iot,0,0.0,0.036435,0.018217,0,0,0
30054,bot_iot,0,0.0,0.036258,0.018129,0,0,0
30058,bot_iot,0,0.0,0.120451,0.060225,0,0,0
30071,bot_iot,0,0.0,0.12045,0.060225,0,0,0
30080,bot_iot,0,0.545012,0.12045,0.332731,1,0,0
30087,bot_iot,0,0.0,0.12045,0.060225,0,0,0
30088,bot_iot,0,0.0,0.12045,0.060225,0,0,0
30091,bot_iot,0,0.0,0.162578,0.081289,0,0,0
30099,bot_iot,0,0.0,0.036292,0.018146,0,0,0
30102,bot_iot,0,0.001561,0.051913,0.026737,0,0,0
30105,bot_iot,0,0.01,0.120452,0.065226,0,0,0
30106,bot_iot,0,0.0,0.0,0.0,0,0,0
30121,bot_iot,0,0.68716,0.052504,0.369832,1,0,0
30130,bot_iot,0,0.0,0.120452,0.060226,0,0,0
30134,bot_iot,0,0.0,0.036286,0.018143,0,0,0
30149,bot_iot,0,0.0,0.0,0.0,0,0,0
30151,bot_iot,0,0.0,0.0,0.0,0,0,0
30160,bot_iot,0,0.0,0.036439,0.018219,0,0,0
30161,bot_iot,0,0.0,0.036438,0.018219,0,0,0
30166,bot_iot,0,0.0,0.036304,0.018152,0,0,0
30169,bot_iot,0,0.0,0.000305,0.000153,0,0,0
30174,bot_iot,0,0.0,0.162579,0.08129,0,0,0
30187,bot_iot,0,0.0,0.03488,0.01744,0,0,0
30188,bot_iot,0,0.03,0.448041,0.23902,0,0,0
30189,bot_iot,0,0.0,0.034881,0.01744,0,0,0
30190,bot_iot,0,0.03,0.448216,0.239108,0,0,0
30191,bot_iot,0,0.0,0.036392,0.018196,0,0,0
30201,bot_iot,0,0.0,0.03624,0.01812,0,0,0
30205,bot_iot,0,0.0,0.162601,0.0813,0,0,0
30207,bot_iot,0,0.0,0.002812,0.001406,0,0,0
30212,bot_iot,0,0.0,0.03624,0.01812,0,0,0
30214,bot_iot,0,0.0,0.03624,0.01812,0,0,0
30217,bot_iot,0,0.0,0.12045,0.060225,0,0,0
30235,bot_iot,0,0.38,0.999993,0.689996,0,1,1
30241,bot_iot,0,0.0,0.036239,0.01812,0,0,0
30243,bot_iot,0,0.0,0.03624,0.01812,0,0,0
30251,bot_iot,0,0.0,0.162575,0.081288,0,0,0
30252,bot_iot,0,0.0,0.036239,0.01812,0,0,0
30257,bot_iot,0,0.0,0.162598,0.081299,0,0,0
30259,bot_iot,0,0.0,0.162578,0.081289,0,0,0
30263,bot_iot,0,0.0,0.03624,0.01812,0,0,0
30264,bot_iot,0,0.0,0.162597,0.081299,0,0,0
30269,bot_iot,0,0.0,0.162602,0.081301,0,0,0
30270,bot_iot,0,0.0,0.03624,0.01812,0,0,0
30273,bot_iot,0,0.0,0.120452,0.060226,0,0,0
30276,bot_iot,0,0.0,0.03624,0.01812,0,0,0
30293,bot_iot,0,0.0,0.036502,0.018251,0,0,0
30295,bot_iot,0,0.0,0.036422,0.018211,0,0,0
30303,bot_iot,0,0.0,0.12045,0.060225,0,0,0
30306,bot_iot,0,0.0,0.12045,0.060225,0,0,0
30308,bot_iot,0,0.0,0.12045,0.060225,0,0,0
30309,bot_iot,0,0.0,0.243771,0.121885,0,0,0
30313,bot_iot,0,0.0,0.12045,0.060225,0,0,0
30315,bot_iot,0,0.0,0.162579,0.08129,0,0,0
30319,bot_iot,0,0.0,0.1626,0.0813,0,0,0
30328,bot_iot,0,0.0,0.03624,0.01812,0,0,0
30330,bot_iot,0,0.68716,0.052504,0.369832,1,0,0
30339,bot_iot,0,0.001143,0.051914,0.026528,0,0,0
30343,bot_iot,0,0.001143,0.051914,0.026528,0,0,0
30344,bot_iot,0,0.0,0.162568,0.081284,0,0,0
30345,bot_iot,0,0.0,0.12045,0.060225,0,0,0
30348,bot_iot,0,0.0,0.162577,0.081289,0,0,0
30350,bot_iot,0,0.0,0.16258,0.08129,0,0,0
30359,bot_iot,0,0.0,0.03624,0.01812,0,0,0
30363,bot_iot,0,0.0,0.03624,0.01812,0,0,0
30366,bot_iot,0,0.0,0.162599,0.0813,0,0,0
30372,bot_iot,0,0.0,0.12045,0.060225,0,0,0
30385,bot_iot,0,0.0,0.0,0.0,0,0,0
30387,bot_iot,0,0.0,0.0,0.0,0,0,0
30389,bot_iot,0,0.0,0.0,0.0,0,0,0
30413,bot_iot,0,0.0,0.03646,0.01823,0,0,0
30421,bot_iot,0,0.0,0.03648,0.01824,0,0,0
30435,bot_iot,0,0.0,0.036564,0.018282,0,0,0
30436,bot_iot,0,0.0,0.036623,0.018311,0,0,0
30443,bot_iot,0,0.0,0.036245,0.018122,0,0,0
30450,bot_iot,0,0.0,0.036428,0.018214,0,0,0
30457,bot_iot,0,0.0,0.036246,0.018123,0,0,0
30458,bot_iot,0,0.0,0.036245,0.018123,0,0,0
30459,bot_iot,0,0.0,0.036575,0.018288,0,0,0
30465,bot_iot,0,0.0,0.036619,0.01831,0,0,0
30466,bot_iot,0,0.0,0.036631,0.018316,0,0,0
30469,bot_iot,0,0.0,0.036562,0.018281,0,0,0
30473,bot_iot,0,0.0,0.036561,0.018281,0,0,0
30475,bot_iot,0,0.0,0.036554,0.018277,0,0,0
30476,bot_iot,0,0.0,0.036554,0.018277,0,0,0
30486,bot_iot,1,1.0,0.999993,0.999997,1,1,1
30488,bot_iot,1,1.0,0.999173,0.999586,1,1,1
30490,bot_iot,1,1.0,0.999465,0.999733,1,1,1
30493,bot_iot,1,1.0,0.999414,0.999707,1,1,1
30501,bot_iot,1,1.0,1.0,1.0,1,1,1
30502,bot_iot,1,1.0,0.999993,0.999997,1,1,1
30517,bot_iot,1,1.0,0.976804,0.988402,1,1,1
30530,bot_iot,1,1.0,0.999993,0.999996,1,1,1
30532,bot_iot,1,1.0,0.998832,0.999416,1,1,1
30537,bot_iot,1,1.0,0.998991,0.999496,1,1,1
30544,bot_iot,1,1.0,0.998876,0.999438,1,1,1
30554,bot_iot,1,1.0,0.999993,0.999997,1,1,1
30559,bot_iot,1,1.0,0.999468,0.999734,1,1,1
30563,bot_iot,1,1.0,0.999369,0.999685,1,1,1
30566,bot_iot,1,1.0,0.120451,0.560226,1,0,1
30574,bot_iot,1,1.0,1.0,1.0,1,1,1
30582,bot_iot,1,1.0,0.999062,0.999531,1,1,1
30589,bot_iot,1,1.0,0.999416,0.999708,1,1,1
30594,bot_iot,1,0.99,0.999995,0.994997,1,1,1
30602,bot_iot,1,1.0,0.999432,0.999716,1,1,1
30603,bot_iot,1,1.0,0.999991,0.999996,1,1,1
30613,bot_iot,1,1.0,0.999187,0.999593,1,1,1
30615,bot_iot,1,1.0,0.999999,0.999999,1,1,1
30618,bot_iot,1,1.0,1.0,1.0,1,1,1
30622,bot_iot,1,1.0,0.999184,0.999592,1,1,1
30625,bot_iot,1,1.0,0.998931,0.999466,1,1,1
30629,bot_iot,1,1.0,0.999989,0.999994,1,1,1
30630,bot_iot,1,1.0,0.999468,0.999734,1,1,1
30632,bot_iot,1,1.0,0.999268,0.999634,1,1,1
30636,bot_iot,1,1.0,0.999384,0.999692,1,1,1
30638,bot_iot,1,1.0,1.0,1.0,1,1,1
30639,bot_iot,1,1.0,0.999172,0.999586,1,1,1
30640,bot_iot,1,1.0,0.999993,0.999997,1,1,1
30642,bot_iot,1,1.0,0.999444,0.999722,1,1,1
30643,bot_iot,1,1.0,0.999364,0.999682,1,1,1
30651,bot_iot,1,1.0,0.999468,0.999734,1,1,1
30663,bot_iot,1,1.0,0.999466,0.999733,1,1,1
30664,bot_iot,1,1.0,0.999443,0.999721,1,1,1
30668,bot_iot,1,1.0,0.999993,0.999997,1,1,1
30669,bot_iot,1,1.0,1.0,1.0,1,1,1
30670,bot_iot,1,1.0,0.999312,0.999656,1,1,1
30672,bot_iot,1,1.0,0.998467,0.999233,1,1,1
30678,bot_iot,1,1.0,0.998918,0.999459,1,1,1
30680,bot_iot,1,1.0,0.999433,0.999717,1,1,1
30681,bot_iot,1,1.0,0.999414,0.999707,1,1,1
30684,bot_iot,1,1.0,0.999139,0.99957,1,1,1
30690,bot_iot,1,1.0,1.0,1.0,1,1,1
30692,bot_iot,1,1.0,0.976804,0.988402,1,1,1
30703,bot_iot,1,1.0,0.99948,0.99974,1,1,1
30711,bot_iot,1,1.0,1.0,1.0,1,1,1
30712,bot_iot,1,1.0,0.999484,0.999742,1,1,1
30713,bot_iot,1,1.0,0.999993,0.999997,1,1,1
30715,bot_iot,1,1.0,0.998831,0.999416,1,1,1
30726,bot_iot,1,1.0,1.0,1.0,1,1,1
30735,bot_iot,1,1.0,0.999993,0.999997,1,1,1
30746,bot_iot,1,1.0,0.999988,0.999994,1,1,1
30748,bot_iot,1,1.0,1.0,1.0,1,1,1
30753,bot_iot,1,1.0,0.999442,0.999721,1,1,1
30758,bot_iot,1,0.97,0.999929,0.984965,1,1,1
30759,bot_iot,1,1.0,0.999443,0.999722,1,1,1
30771,bot_iot,1,1.0,0.999465,0.999733,1,1,1
30778,bot_iot,1,1.0,0.99899,0.999495,1,1,1
30779,bot_iot,1,1.0,0.99999,0.999995,1,1,1
30784,bot_iot,1,1.0,1.0,1.0,1,1,1
30787,bot_iot,1,1.0,1.0,1.0,1,1,1
30791,bot_iot,1,1.0,0.976804,0.988402,1,1,1
30813,bot_iot,1,1.0,0.999989,0.999995,1,1,1
30815,bot_iot,1,1.0,0.999993,0.999996,1,1,1
30817,bot_iot,1,1.0,0.999336,0.999668,1,1,1
30819,bot_iot,1,1.0,0.976804,0.988402,1,1,1
30829,bot_iot,1,1.0,0.999416,0.999708,1,1,1
30835,bot_iot,1,1.0,0.99913,0.999565,1,1,1
30839,bot_iot,1,1.0,0.999093,0.999546,1,1,1
30841,bot_iot,1,1.0,0.999935,0.999968,1,1,1
30842,bot_iot,1,1.0,0.999468,0.999734,1,1,1
30851,bot_iot,1,1.0,1.0,1.0,1,1,1
30861,bot_iot,1,1.0,0.999335,0.999668,1,1,1
30863,bot_iot,1,1.0,0.998895,0.999448,1,1,1
30866,bot_iot,1,1.0,1.0,1.0,1,1,1
30869,bot_iot,1,1.0,1.0,1.0,1,1,1
30881,bot_iot,1,1.0,0.999993,0.999996,1,1,1
30883,bot_iot,1,1.0,0.999268,0.999634,1,1,1
30889,bot_iot,1,1.0,0.999994,0.999997,1,1,1
30894,bot_iot,1,1.0,0.999988,0.999994,1,1,1
30896,bot_iot,1,1.0,0.999994,0.999997,1,1,1
30913,bot_iot,1,1.0,0.998816,0.999408,1,1,1
30918,bot_iot,1,1.0,0.976804,0.988402,1,1,1
30919,bot_iot,1,1.0,0.999199,0.9996,1,1,1
30923,bot_iot,1,1.0,0.998988,0.999494,1,1,1
30935,bot_iot,1,1.0,0.999993,0.999996,1,1,1
30952,bot_iot,1,1.0,1.0,1.0,1,1,1
30958,bot_iot,1,1.0,1.0,1.0,1,1,1
30965,bot_iot,1,1.0,0.999034,0.999517,1,1,1
30966,bot_iot,1,1.0,0.999173,0.999586,1,1,1
30969,bot_iot,1,1.0,0.999993,0.999997,1,1,1
30981,bot_iot,1,1.0,0.999986,0.999993,1,1,1
30985,bot_iot,1,1.0,0.999415,0.999708,1,1,1
30991,bot_iot,1,1.0,1.0,1.0,1,1,1
30999,bot_iot,1,1.0,1.0,1.0,1,1,1
31002,bot_iot,1,1.0,0.999999,1.0,1,1,1
31003,bot_iot,1,1.0,0.999481,0.99974,1,1,1
31006,bot_iot,1,1.0,0.976804,0.988402,1,1,1
31016,bot_iot,1,1.0,1.0,1.0,1,1,1
31018,bot_iot,1,1.0,0.999187,0.999594,1,1,1
31022,bot_iot,1,1.0,0.120452,0.560226,1,0,1
31029,bot_iot,1,1.0,1.0,1.0,1,1,1
31034,bot_iot,1,1.0,0.999994,0.999997,1,1,1
31037,bot_iot,1,1.0,0.999268,0.999634,1,1,1
31047,bot_iot,1,1.0,0.998998,0.999499,1,1,1
31048,bot_iot,1,1.0,0.999987,0.999994,1,1,1
31049,bot_iot,1,1.0,0.999312,0.999656,1,1,1
31064,bot_iot,1,1.0,0.999443,0.999721,1,1,1
31066,bot_iot,1,1.0,1.0,1.0,1,1,1
31070,bot_iot,1,1.0,0.999992,0.999996,1,1,1
31074,bot_iot,1,1.0,0.99944,0.99972,1,1,1
31089,bot_iot,1,1.0,0.999468,0.999734,1,1,1
31091,bot_iot,1,1.0,0.485196,0.742598,1,0,1
31096,bot_iot,1,1.0,0.99948,0.99974,1,1,1
31104,bot_iot,1,1.0,0.998996,0.999498,1,1,1
31105,bot_iot,1,0.962577,0.12045,0.541514,1,0,1
31106,bot_iot,1,1.0,1.0,1.0,1,1,1
31107,bot_iot,1,1.0,0.998996,0.999498,1,1,1
31109,bot_iot,1,1.0,0.999043,0.999522,1,1,1
31111,bot_iot,1,1.0,1.0,1.0,1,1,1
31122,bot_iot,1,1.0,0.999092,0.999546,1,1,1
31127,bot_iot,1,1.0,1.0,1.0,1,1,1
31138,bot_iot,1,1.0,1.0,1.0,1,1,1
31143,bot_iot,1,1.0,0.998933,0.999466,1,1,1
31144,bot_iot,1,1.0,1.0,1.0,1,1,1
31147,bot_iot,1,1.0,1.0,1.0,1,1,1
31148,bot_iot,1,1.0,0.999993,0.999996,1,1,1
31157,bot_iot,1,1.0,0.999172,0.999586,1,1,1
31162,bot_iot,1,1.0,0.999993,0.999996,1,1,1
31164,bot_iot,1,1.0,1.0,1.0,1,1,1
31166,bot_iot,1,1.0,0.999993,0.999997,1,1,1
31167,bot_iot,1,1.0,0.999118,0.999559,1,1,1
31175,bot_iot,1,1.0,0.999993,0.999996,1,1,1
31176,bot_iot,1,1.0,0.999993,0.999997,1,1,1
31194,bot_iot,1,1.0,0.999999,1.0,1,1,1
31196,bot_iot,1,1.0,1.0,1.0,1,1,1
31198,bot_iot,1,1.0,0.999994,0.999997,1,1,1
31203,bot_iot,1,1.0,0.99934,0.99967,1,1,1
31205,bot_iot,1,1.0,0.999993,0.999997,1,1,1
31244,bot_iot,1,1.0,0.999993,0.999997,1,1,1
31245,bot_iot,1,1.0,0.999432,0.999716,1,1,1
31246,bot_iot,1,1.0,0.999385,0.999692,1,1,1
31248,bot_iot,1,1.0,0.998841,0.99942,1,1,1
31255,bot_iot,1,1.0,0.999993,0.999996,1,1,1
31257,bot_iot,1,1.0,0.998998,0.999499,1,1,1
31258,bot_iot,1,1.0,0.999468,0.999734,1,1,1
31262,bot_iot,1,1.0,0.999432,0.999716,1,1,1
31270,bot_iot,1,1.0,0.998807,0.999403,1,1,1
31281,bot_iot,1,1.0,1.0,1.0,1,1,1
31283,bot_iot,1,1.0,0.999385,0.999692,1,1,1
31284,bot_iot,1,1.0,0.999987,0.999993,1,1,1
31285,bot_iot,1,1.0,1.0,1.0,1,1,1
31291,bot_iot,1,1.0,0.976804,0.988402,1,1,1
31293,bot_iot,1,1.0,0.999496,0.999748,1,1,1
31299,bot_iot,1,1.0,0.999994,0.999997,1,1,1
31300,bot_iot,1,1.0,1.0,1.0,1,1,1
31304,bot_iot,1,1.0,0.999994,0.999997,1,1,1
31307,bot_iot,1,1.0,1.0,1.0,1,1,1
31322,bot_iot,1,1.0,0.999994,0.999997,1,1,1
31323,bot_iot,1,1.0,0.999432,0.999716,1,1,1
31328,bot_iot,1,1.0,0.999093,0.999546,1,1,1
31332,bot_iot,1,1.0,0.999334,0.999667,1,1,1
31334,bot_iot,1,1.0,0.999993,0.999997,1,1,1
31336,bot_iot,1,1.0,1.0,1.0,1,1,1
31338,bot_iot,1,1.0,1.0,1.0,1,1,1
31346,bot_iot,1,1.0,0.999443,0.999721,1,1,1
31347,bot_iot,1,1.0,0.998937,0.999468,1,1,1
31359,bot_iot,1,1.0,0.999184,0.999592,1,1,1
31364,bot_iot,1,1.0,0.999386,0.999693,1,1,1
31369,bot_iot,1,1.0,0.998932,0.999466,1,1,1
31371,bot_iot,1,1.0,0.999992,0.999996,1,1,1
31374,bot_iot,1,1.0,0.99948,0.99974,1,1,1
31376,bot_iot,1,1.0,0.999443,0.999721,1,1,1
31387,bot_iot,1,1.0,0.999465,0.999733,1,1,1
31394,bot_iot,1,1.0,0.99883,0.999415,1,1,1
31396,bot_iot,1,1.0,0.999992,0.999996,1,1,1
31399,bot_iot,1,1.0,1.0,1.0,1,1,1
31400,bot_iot,1,1.0,0.999993,0.999996,1,1,1
31406,bot_iot,1,1.0,0.999427,0.999713,1,1,1
31412,bot_iot,1,1.0,0.999991,0.999995,1,1,1
31428,bot_iot,1,1.0,0.999389,0.999694,1,1,1
31431,bot_iot,1,1.0,0.999225,0.999613,1,1,1
31432,bot_iot,1,1.0,0.999483,0.999742,1,1,1
31433,bot_iot,1,1.0,0.999993,0.999997,1,1,1
31445,bot_iot,1,1.0,0.99935,0.999675,1,1,1
31451,bot_iot,1,1.0,0.999483,0.999742,1,1,1
31464,bot_iot,1,1.0,0.999974,0.999987,1,1,1
31465,bot_iot,1,1.0,0.999468,0.999734,1,1,1
31476,bot_iot,1,1.0,0.998937,0.999468,1,1,1
31477,bot_iot,1,1.0,1.0,1.0,1,1,1
31478,bot_iot,1,1.0,0.999384,0.999692,1,1,1
31484,bot_iot,1,1.0,0.99943,0.999715,1,1,1
31485,bot_iot,1,1.0,0.999133,0.999567,1,1,1
31490,bot_iot,1,1.0,1.0,1.0,1,1,1
31491,bot_iot,1,1.0,0.999183,0.999592,1,1,1
31492,bot_iot,1,1.0,0.998937,0.999469,1,1,1
31496,bot_iot,1,1.0,0.999442,0.999721,1,1,1
31525,bot_iot,1,1.0,0.999993,0.999996,1,1,1
31528,bot_iot,1,1.0,0.999465,0.999733,1,1,1
31535,bot_iot,1,1.0,1.0,1.0,1,1,1
31539,bot_iot,1,1.0,0.999467,0.999734,1,1,1
31549,bot_iot,1,1.0,1.0,1.0,1,1,1
31557,bot_iot,1,1.0,0.999993,0.999996,1,1,1
31565,bot_iot,1,1.0,0.999993,0.999997,1,1,1
31566,bot_iot,1,1.0,0.998997,0.999498,1,1,1
31570,bot_iot,1,1.0,0.999468,0.999734,1,1,1
31575,bot_iot,1,1.0,0.998873,0.999436,1,1,1
31579,bot_iot,1,1.0,0.999046,0.999523,1,1,1
31581,bot_iot,1,1.0,0.999443,0.999722,1,1,1
31582,bot_iot,1,0.99,0.99972,0.99486,1,1,1
31593,bot_iot,1,1.0,0.99893,0.999465,1,1,1
31594,bot_iot,1,1.0,0.999109,0.999555,1,1,1
31597,bot_iot,1,1.0,0.999212,0.999606,1,1,1
31602,bot_iot,1,1.0,0.998988,0.999494,1,1,1
31609,bot_iot,1,1.0,0.999416,0.999708,1,1,1
31611,bot_iot,1,1.0,0.99909,0.999545,1,1,1
31613,bot_iot,1,1.0,0.999061,0.999531,1,1,1
31614,bot_iot,1,1.0,0.999988,0.999994,1,1,1
31617,bot_iot,1,1.0,0.999993,0.999996,1,1,1
31618,bot_iot,1,1.0,0.999385,0.999692,1,1,1
31628,bot_iot,1,1.0,0.999993,0.999996,1,1,1
31642,bot_iot,1,1.0,0.998938,0.999469,1,1,1
31644,bot_iot,1,1.0,0.999994,0.999997,1,1,1
31646,bot_iot,1,1.0,0.999993,0.999997,1,1,1
31648,bot_iot,1,1.0,0.999049,0.999524,1,1,1
31654,bot_iot,1,1.0,0.998773,0.999387,1,1,1
31673,bot_iot,1,1.0,0.999975,0.999987,1,1,1
31677,bot_iot,1,1.0,0.999991,0.999996,1,1,1
31684,bot_iot,1,1.0,1.0,1.0,1,1,1
31691,bot_iot,1,1.0,0.999483,0.999741,1,1,1
31705,bot_iot,1,1.0,1.0,1.0,1,1,1
31706,bot_iot,1,1.0,0.999468,0.999734,1,1,1
31707,bot_iot,1,1.0,0.999171,0.999586,1,1,1
31716,bot_iot,1,1.0,1.0,1.0,1,1,1
31717,bot_iot,1,1.0,0.999268,0.999634,1,1,1
31725,bot_iot,1,1.0,1.0,1.0,1,1,1
31728,bot_iot,1,1.0,0.999347,0.999674,1,1,1
31729,bot_iot,1,1.0,0.999974,0.999987,1,1,1
31737,bot_iot,1,1.0,0.999481,0.99974,1,1,1
31739,bot_iot,1,1.0,1.0,1.0,1,1,1
31748,bot_iot,1,1.0,0.99999,0.999995,1,1,1
31750,bot_iot,1,1.0,0.999465,0.999733,1,1,1
31756,bot_iot,1,1.0,0.998877,0.999439,1,1,1
31760,bot_iot,1,1.0,0.999994,0.999997,1,1,1
31763,bot_iot,1,1.0,0.999369,0.999684,1,1,1
31766,bot_iot,1,1.0,0.999993,0.999997,1,1,1
31773,bot_iot,1,1.0,0.999166,0.999583,1,1,1
31777,bot_iot,1,1.0,0.999994,0.999997,1,1,1
31781,bot_iot,1,1.0,0.999993,0.999997,1,1,1
31783,bot_iot,1,1.0,0.999993,0.999996,1,1,1
31784,bot_iot,1,1.0,0.999386,0.999693,1,1,1
31789,bot_iot,1,1.0,0.999335,0.999667,1,1,1
31793,bot_iot,1,1.0,0.999999,0.999999,1,1,1
31796,bot_iot,1,1.0,0.999443,0.999721,1,1,1
31801,bot_iot,1,1.0,0.999993,0.999996,1,1,1
31818,bot_iot,1,1.0,0.999994,0.999997,1,1,1
31819,bot_iot,1,1.0,1.0,1.0,1,1,1
31830,bot_iot,1,1.0,0.976804,0.988402,1,1,1
31838,bot_iot,1,1.0,0.999465,0.999732,1,1,1
31840,bot_iot,1,1.0,0.99934,0.99967,1,1,1
31844,bot_iot,1,1.0,0.999063,0.999531,1,1,1
31853,bot_iot,1,1.0,0.999993,0.999997,1,1,1
31855,bot_iot,1,1.0,0.999974,0.999987,1,1,1
31857,bot_iot,1,1.0,0.998998,0.999499,1,1,1
31858,bot_iot,1,1.0,0.976804,0.988402,1,1,1
31859,bot_iot,1,1.0,0.999116,0.999558,1,1,1
31866,bot_iot,1,1.0,0.999993,0.999997,1,1,1
31878,bot_iot,1,1.0,0.999993,0.999996,1,1,1
31880,bot_iot,1,1.0,0.999994,0.999997,1,1,1
31886,bot_iot,1,1.0,0.999991,0.999995,1,1,1
31901,bot_iot,1,1.0,0.998878,0.999439,1,1,1
31905,bot_iot,1,1.0,0.999974,0.999987,1,1,1
31908,bot_iot,1,1.0,0.996119,0.99806,1,1,1
31912,bot_iot,1,1.0,0.999993,0.999996,1,1,1
31922,bot_iot,1,1.0,0.99914,0.99957,1,1,1
31924,bot_iot,1,1.0,1.0,1.0,1,1,1
31926,bot_iot,1,1.0,0.99893,0.999465,1,1,1
31937,bot_iot,1,1.0,0.998937,0.999469,1,1,1
31958,bot_iot,1,1.0,0.998933,0.999466,1,1,1
31969,bot_iot,1,1.0,0.999993,0.999997,1,1,1
31977,bot_iot,1,1.0,0.999351,0.999675,1,1,1
31994,bot_iot,1,1.0,0.999458,0.999729,1,1,1
31995,bot_iot,1,1.0,0.999444,0.999722,1,1,1
31996,bot_iot,1,1.0,0.999991,0.999995,1,1,1
32001,bot_iot,1,1.0,0.999988,0.999994,1,1,1
32006,bot_iot,1,1.0,0.999993,0.999997,1,1,1
32008,bot_iot,1,1.0,0.999173,0.999587,1,1,1
32015,bot_iot,1,1.0,0.999049,0.999524,1,1,1
32019,bot_iot,1,1.0,0.976804,0.988402,1,1,1
32023,bot_iot,1,1.0,1.0,1.0,1,1,1
32026,bot_iot,1,1.0,0.999988,0.999994,1,1,1
32028,bot_iot,1,1.0,0.999994,0.999997,1,1,1
32033,bot_iot,1,1.0,0.999993,0.999996,1,1,1
32037,bot_iot,1,1.0,0.999172,0.999586,1,1,1
32058,bot_iot,1,1.0,0.999108,0.999554,1,1,1
32064,bot_iot,1,1.0,0.99935,0.999675,1,1,1
32066,bot_iot,1,1.0,0.999993,0.999996,1,1,1
32068,bot_iot,1,1.0,0.999312,0.999656,1,1,1
32082,bot_iot,1,1.0,0.999389,0.999695,1,1,1
32084,bot_iot,1,1.0,0.999994,0.999997,1,1,1
32086,bot_iot,1,1.0,0.998894,0.999447,1,1,1
32096,bot_iot,1,1.0,0.998937,0.999468,1,1,1
32099,bot_iot,1,1.0,0.999019,0.99951,1,1,1
32102,bot_iot,1,1.0,0.999351,0.999675,1,1,1
32104,bot_iot,1,1.0,1.0,1.0,1,1,1
32105,bot_iot,1,1.0,0.999994,0.999997,1,1,1
32106,bot_iot,1,1.0,0.999423,0.999711,1,1,1
32107,bot_iot,1,1.0,0.996906,0.998453,1,1,1
32110,bot_iot,1,1.0,0.999118,0.999559,1,1,1
32114,bot_iot,1,1.0,1.0,1.0,1,1,1
32115,bot_iot,1,1.0,1.0,1.0,1,1,1
32122,bot_iot,1,1.0,0.999991,0.999996,1,1,1
32123,bot_iot,1,1.0,0.976804,0.988402,1,1,1
32128,bot_iot,1,1.0,0.99948,0.99974,1,1,1
32134,bot_iot,1,1.0,0.999447,0.999724,1,1,1
32144,bot_iot,1,1.0,0.999173,0.999587,1,1,1
32150,bot_iot,1,1.0,1.0,1.0,1,1,1
32156,bot_iot,1,1.0,0.99757,0.998785,1,1,1
32159,bot_iot,1,1.0,0.998894,0.999447,1,1,1
32172,bot_iot,1,1.0,0.999385,0.999692,1,1,1
32173,bot_iot,1,1.0,0.999482,0.999741,1,1,1
32177,bot_iot,1,1.0,0.999483,0.999742,1,1,1
32185,bot_iot,1,1.0,0.99909,0.999545,1,1,1
32193,bot_iot,1,1.0,0.999438,0.999719,1,1,1
32194,bot_iot,1,1.0,0.998989,0.999495,1,1,1
32201,bot_iot,1,1.0,0.999986,0.999993,1,1,1
32204,bot_iot,1,0.99,1.0,0.995,1,1,1
32210,bot_iot,1,1.0,1.0,1.0,1,1,1
32212,bot_iot,1,1.0,1.0,1.0,1,1,1
32219,bot_iot,1,1.0,0.999468,0.999734,1,1,1
32227,bot_iot,1,1.0,1.0,1.0,1,1,1
32230,bot_iot,1,1.0,0.999386,0.999693,1,1,1
32233,bot_iot,1,1.0,0.998107,0.999054,1,1,1
32234,bot_iot,1,1.0,0.999468,0.999734,1,1,1
32236,bot_iot,1,1.0,0.999989,0.999995,1,1,1
32238,bot_iot,1,1.0,0.99842,0.99921,1,1,1
32239,bot_iot,1,1.0,0.998877,0.999439,1,1,1
32240,bot_iot,1,1.0,0.998931,0.999465,1,1,1
32249,bot_iot,1,1.0,0.999462,0.999731,1,1,1
32251,bot_iot,1,1.0,1.0,1.0,1,1,1
32255,bot_iot,1,1.0,0.998893,0.999447,1,1,1
32269,bot_iot,1,1.0,0.999994,0.999997,1,1,1
32275,bot_iot,1,1.0,0.999993,0.999996,1,1,1
32283,bot_iot,1,1.0,0.999187,0.999593,1,1,1
32287,bot_iot,1,1.0,0.999993,0.999997,1,1,1
32290,bot_iot,1,1.0,0.999482,0.999741,1,1,1
32291,bot_iot,1,1.0,0.976804,0.988402,1,1,1
32296,bot_iot,1,1.0,0.998895,0.999448,1,1,1
32300,bot_iot,1,1.0,0.998958,0.999479,1,1,1
32303,bot_iot,1,1.0,0.99921,0.999605,1,1,1
32305,bot_iot,1,1.0,0.999993,0.999997,1,1,1
32319,bot_iot,1,1.0,0.999335,0.999668,1,1,1
32325,bot_iot,1,1.0,0.999137,0.999569,1,1,1
32329,bot_iot,1,1.0,0.999465,0.999733,1,1,1
32331,bot_iot,1,1.0,1.0,1.0,1,1,1
32332,bot_iot,1,1.0,1.0,1.0,1,1,1
32333,bot_iot,1,1.0,1.0,1.0,1,1,1
32340,bot_iot,1,1.0,0.999443,0.999721,1,1,1
32345,bot_iot,1,1.0,0.999386,0.999693,1,1,1
32351,bot_iot,1,1.0,0.999172,0.999586,1,1,1
32352,bot_iot,1,1.0,0.999173,0.999587,1,1,1
32358,bot_iot,1,1.0,0.999465,0.999733,1,1,1
32369,bot_iot,1,1.0,1.0,1.0,1,1,1
32375,bot_iot,1,1.0,0.999415,0.999707,1,1,1
32383,bot_iot,1,1.0,0.99893,0.999465,1,1,1
32384,bot_iot,1,1.0,0.99945,0.999725,1,1,1
32385,bot_iot,1,1.0,0.999268,0.999634,1,1,1
32390,bot_iot,1,1.0,0.999993,0.999996,1,1,1
32391,bot_iot,1,1.0,0.999994,0.999997,1,1,1
32394,bot_iot,1,1.0,0.999222,0.999611,1,1,1
32397,bot_iot,1,1.0,0.998935,0.999467,1,1,1
32402,bot_iot,1,1.0,0.999351,0.999675,1,1,1
32409,bot_iot,1,1.0,0.999993,0.999996,1,1,1
32410,bot_iot,1,1.0,0.998977,0.999488,1,1,1
32413,bot_iot,1,1.0,0.999457,0.999729,1,1,1
32416,bot_iot,1,0.68716,0.052504,0.369832,1,0,0
32419,bot_iot,1,1.0,1.0,1.0,1,1,1
32425,bot_iot,1,1.0,0.999468,0.999734,1,1,1
32433,bot_iot,1,1.0,0.999483,0.999741,1,1,1
32435,bot_iot,1,1.0,0.999438,0.999719,1,1,1
32437,bot_iot,1,1.0,0.999182,0.999591,1,1,1
32438,bot_iot,1,1.0,0.999412,0.999706,1,1,1
32446,bot_iot,1,1.0,0.999993,0.999997,1,1,1
32447,bot_iot,1,1.0,0.976804,0.988402,1,1,1
32451,bot_iot,1,1.0,0.999384,0.999692,1,1,1
32457,bot_iot,1,1.0,0.998963,0.999482,1,1,1
32464,bot_iot,1,1.0,0.999993,0.999997,1,1,1
32465,bot_iot,1,1.0,0.999384,0.999692,1,1,1
32467,bot_iot,1,1.0,1.0,1.0,1,1,1
32470,bot_iot,1,1.0,0.999993,0.999996,1,1,1
32475,bot_iot,1,1.0,0.999993,0.999996,1,1,1
32482,bot_iot,1,1.0,0.998937,0.999468,1,1,1
32484,bot_iot,1,1.0,0.999994,0.999997,1,1,1
32488,bot_iot,1,1.0,0.999169,0.999584,1,1,1
32491,bot_iot,1,1.0,0.99902,0.99951,1,1,1
32494,bot_iot,1,1.0,0.99948,0.99974,1,1,1
32500,bot_iot,1,1.0,0.999993,0.999997,1,1,1
32509,bot_iot,1,1.0,0.999386,0.999693,1,1,1
32510,bot_iot,1,1.0,0.99893,0.999465,1,1,1
32521,bot_iot,1,1.0,0.997737,0.998868,1,1,1
32525,bot_iot,1,1.0,0.998997,0.999498,1,1,1
32527,bot_iot,1,1.0,0.998937,0.999469,1,1,1
32529,bot_iot,1,1.0,0.999993,0.999997,1,1,1
32541,bot_iot,1,1.0,0.999172,0.999586,1,1,1
32548,bot_iot,1,1.0,0.999991,0.999995,1,1,1
32556,bot_iot,1,1.0,0.999999,1.0,1,1,1
32559,bot_iot,1,1.0,1.0,1.0,1,1,1
32569,bot_iot,1,1.0,1.0,1.0,1,1,1
32570,bot_iot,1,1.0,0.999374,0.999687,1,1,1
32573,bot_iot,1,1.0,0.998998,0.999499,1,1,1
32574,bot_iot,1,1.0,0.999173,0.999587,1,1,1
32577,bot_iot,1,1.0,0.998898,0.999449,1,1,1
32580,bot_iot,1,1.0,0.976804,0.988402,1,1,1
32581,bot_iot,1,1.0,0.999061,0.999531,1,1,1
32582,bot_iot,1,1.0,0.999382,0.999691,1,1,1
32583,bot_iot,1,1.0,1.0,1.0,1,1,1
32590,bot_iot,1,1.0,0.999991,0.999995,1,1,1
32593,bot_iot,1,1.0,1.0,1.0,1,1,1
32597,bot_iot,1,1.0,0.996785,0.998393,1,1,1
32600,bot_iot,1,1.0,0.999312,0.999656,1,1,1
32602,bot_iot,1,1.0,0.998939,0.999469,1,1,1
32614,bot_iot,1,1.0,1.0,1.0,1,1,1
32616,bot_iot,1,1.0,0.999102,0.999551,1,1,1
32620,bot_iot,1,1.0,0.999062,0.999531,1,1,1
32628,bot_iot,1,1.0,0.999442,0.999721,1,1,1
32635,bot_iot,1,1.0,1.0,1.0,1,1,1
32636,bot_iot,1,1.0,0.999483,0.999741,1,1,1
32646,bot_iot,1,1.0,1.0,1.0,1,1,1
32653,bot_iot,1,1.0,1.0,1.0,1,1,1
32656,bot_iot,1,1.0,0.998917,0.999459,1,1,1
32664,bot_iot,1,1.0,1.0,1.0,1,1,1
32667,bot_iot,1,1.0,0.999987,0.999994,1,1,1
32669,bot_iot,1,1.0,0.999429,0.999715,1,1,1
32670,bot_iot,1,1.0,0.996934,0.998467,1,1,1
32673,bot_iot,1,1.0,0.998896,0.999448,1,1,1
32675,bot_iot,1,1.0,1.0,1.0,1,1,1
32681,bot_iot,1,1.0,0.999439,0.999719,1,1,1
32694,bot_iot,1,1.0,0.999994,0.999997,1,1,1
32696,bot_iot,1,1.0,0.998937,0.999468,1,1,1
32701,bot_iot,1,1.0,0.999443,0.999721,1,1,1
32707,bot_iot,1,1.0,0.99943,0.999715,1,1,1
32719,bot_iot,1,1.0,1.0,1.0,1,1,1
32720,bot_iot,1,1.0,0.999385,0.999693,1,1,1
32734,bot_iot,1,1.0,0.998878,0.999439,1,1,1
32738,bot_iot,1,1.0,0.999465,0.999733,1,1,1
32755,bot_iot,1,1.0,0.999993,0.999996,1,1,1
32759,bot_iot,1,1.0,0.999483,0.999741,1,1,1
32762,bot_iot,1,1.0,0.999497,0.999748,1,1,1
32766,bot_iot,1,1.0,0.998998,0.999499,1,1,1
32769,bot_iot,1,1.0,1.0,1.0,1,1,1
32771,bot_iot,1,1.0,1.0,1.0,1,1,1
32772,bot_iot,1,1.0,0.999992,0.999996,1,1,1
32784,bot_iot,1,1.0,0.998931,0.999466,1,1,1
32807,bot_iot,1,1.0,0.999991,0.999996,1,1,1
32813,bot_iot,1,1.0,0.999062,0.999531,1,1,1
32820,bot_iot,1,1.0,0.999482,0.999741,1,1,1
32822,bot_iot,1,1.0,1.0,1.0,1,1,1
32829,bot_iot,1,1.0,1.0,1.0,1,1,1
32830,bot_iot,1,1.0,0.999091,0.999546,1,1,1
32833,bot_iot,1,1.0,0.999999,1.0,1,1,1
32842,bot_iot,1,1.0,0.99893,0.999465,1,1,1
32845,bot_iot,1,1.0,0.999991,0.999996,1,1,1
32853,bot_iot,1,1.0,0.999061,0.99953,1,1,1
32855,bot_iot,1,1.0,0.976804,0.988402,1,1,1
32859,bot_iot,1,1.0,0.998935,0.999467,1,1,1
32861,bot_iot,1,1.0,0.999348,0.999674,1,1,1
32862,bot_iot,1,1.0,0.999468,0.999734,1,1,1
32873,bot_iot,1,1.0,0.999334,0.999667,1,1,1
32879,bot_iot,1,1.0,0.998894,0.999447,1,1,1
32888,bot_iot,1,1.0,0.999497,0.999748,1,1,1
32892,bot_iot,1,1.0,0.999993,0.999997,1,1,1
32895,bot_iot,1,1.0,0.999443,0.999721,1,1,1
32898,bot_iot,1,1.0,1.0,1.0,1,1,1
32901,bot_iot,1,1.0,0.999118,0.999559,1,1,1
32903,bot_iot,1,1.0,0.998972,0.999486,1,1,1
32904,bot_iot,1,1.0,0.999386,0.999693,1,1,1
32905,bot_iot,1,1.0,0.999442,0.999721,1,1,1
32907,bot_iot,1,1.0,0.999993,0.999997,1,1,1
32910,bot_iot,1,1.0,0.999432,0.999716,1,1,1
32914,bot_iot,1,1.0,0.999468,0.999734,1,1,1
32917,bot_iot,1,1.0,0.999991,0.999996,1,1,1
32920,bot_iot,1,1.0,0.997574,0.998787,1,1,1
32928,bot_iot,1,1.0,0.999991,0.999995,1,1,1
32931,bot_iot,1,1.0,0.999062,0.999531,1,1,1
32938,bot_iot,1,1.0,1.0,1.0,1,1,1
32939,bot_iot,1,1.0,0.976804,0.988402,1,1,1
32945,bot_iot,1,1.0,0.999973,0.999987,1,1,1
32946,bot_iot,1,1.0,0.999414,0.999707,1,1,1
32949,bot_iot,1,1.0,0.998702,0.999351,1,1,1
32952,bot_iot,1,1.0,1.0,1.0,1,1,1
32956,bot_iot,1,1.0,0.999468,0.999734,1,1,1
32959,bot_iot,1,1.0,0.99909,0.999545,1,1,1
32966,bot_iot,1,1.0,0.999268,0.999634,1,1,1
32967,bot_iot,1,1.0,0.999384,0.999692,1,1,1
32971,bot_iot,1,1.0,0.999993,0.999997,1,1,1
32979,bot_iot,1,1.0,0.999385,0.999692,1,1,1
32997,bot_iot,1,1.0,0.999428,0.999714,1,1,1
33001,bot_iot,1,1.0,0.976804,0.988402,1,1,1
33007,bot_iot,1,1.0,0.999993,0.999997,1,1,1
33012,bot_iot,1,1.0,1.0,1.0,1,1,1
33016,bot_iot,1,1.0,0.999268,0.999634,1,1,1
33028,bot_iot,1,1.0,0.995824,0.997912,1,1,1
33032,bot_iot,1,1.0,0.99935,0.999675,1,1,1
33040,bot_iot,1,1.0,0.999993,0.999997,1,1,1
33050,bot_iot,1,1.0,0.999443,0.999721,1,1,1
33058,bot_iot,1,1.0,0.998932,0.999466,1,1,1
33067,bot_iot,1,1.0,0.999993,0.999996,1,1,1
33068,bot_iot,1,1.0,0.999988,0.999994,1,1,1
33074,bot_iot,1,1.0,0.999994,0.999997,1,1,1
33076,bot_iot,1,1.0,0.99948,0.99974,1,1,1
33077,bot_iot,1,1.0,1.0,1.0,1,1,1
33087,bot_iot,1,1.0,0.995359,0.99768,1,1,1
33095,bot_iot,1,1.0,0.998829,0.999414,1,1,1
33109,bot_iot,1,1.0,0.999991,0.999996,1,1,1
33119,bot_iot,1,1.0,0.996919,0.99846,1,1,1
33120,bot_iot,1,1.0,0.999993,0.999996,1,1,1
33135,bot_iot,1,1.0,0.999044,0.999522,1,1,1
33136,bot_iot,1,1.0,0.998877,0.999438,1,1,1
33137,bot_iot,1,1.0,0.999988,0.999994,1,1,1
33142,bot_iot,1,1.0,0.998833,0.999417,1,1,1
33144,bot_iot,1,1.0,0.999957,0.999979,1,1,1
33145,bot_iot,1,1.0,1.0,1.0,1,1,1
33148,bot_iot,1,1.0,0.998754,0.999377,1,1,1
33149,bot_iot,1,1.0,0.99948,0.99974,1,1,1
33151,bot_iot,1,1.0,0.999332,0.999666,1,1,1
33167,bot_iot,1,1.0,0.999994,0.999997,1,1,1
33173,bot_iot,1,1.0,0.999347,0.999674,1,1,1
33177,bot_iot,1,1.0,0.998932,0.999466,1,1,1
33185,bot_iot,1,1.0,0.999443,0.999721,1,1,1
33188,bot_iot,1,1.0,0.999994,0.999997,1,1,1
33194,bot_iot,1,1.0,0.999386,0.999693,1,1,1
33196,bot_iot,1,1.0,0.999415,0.999707,1,1,1
33197,bot_iot,1,1.0,0.999994,0.999997,1,1,1
33212,bot_iot,1,1.0,0.999336,0.999668,1,1,1
33215,bot_iot,1,1.0,0.999173,0.999586,1,1,1
33222,bot_iot,1,1.0,1.0,1.0,1,1,1
33226,bot_iot,1,1.0,0.998379,0.99919,1,1,1
33234,bot_iot,1,1.0,0.999991,0.999995,1,1,1
33238,bot_iot,1,1.0,0.999443,0.999721,1,1,1
33240,bot_iot,1,1.0,1.0,1.0,1,1,1
33250,bot_iot,1,1.0,0.998988,0.999494,1,1,1
33252,bot_iot,1,1.0,0.999337,0.999668,1,1,1
33256,bot_iot,1,1.0,0.999994,0.999997,1,1,1
33257,bot_iot,1,1.0,1.0,1.0,1,1,1
33263,bot_iot,1,1.0,0.999988,0.999994,1,1,1
33264,bot_iot,1,1.0,1.0,1.0,1,1,1
33277,bot_iot,1,0.545012,0.12045,0.332731,1,0,0
33285,bot_iot,1,1.0,0.999981,0.99999,1,1,1
33294,bot_iot,1,1.0,0.998996,0.999498,1,1,1
33304,bot_iot,1,1.0,0.998997,0.999499,1,1,1
33305,bot_iot,1,1.0,0.999416,0.999708,1,1,1
33309,bot_iot,1,1.0,0.999974,0.999987,1,1,1
33316,bot_iot,1,1.0,0.999063,0.999531,1,1,1
33321,bot_iot,1,1.0,0.999468,0.999734,1,1,1
33326,bot_iot,1,1.0,0.999468,0.999734,1,1,1
33327,bot_iot,1,1.0,1.0,1.0,1,1,1
33329,bot_iot,1,1.0,0.999975,0.999988,1,1,1
33331,bot_iot,1,1.0,0.999466,0.999733,1,1,1
33340,bot_iot,1,1.0,0.999117,0.999559,1,1,1
33343,bot_iot,1,1.0,0.999468,0.999734,1,1,1
33348,bot_iot,1,1.0,0.999464,0.999732,1,1,1
33352,bot_iot,1,1.0,1.0,1.0,1,1,1
33367,bot_iot,1,1.0,0.999991,0.999995,1,1,1
33368,bot_iot,1,1.0,0.976804,0.988402,1,1,1
33372,bot_iot,1,1.0,0.998998,0.999499,1,1,1
33391,bot_iot,1,1.0,0.999416,0.999708,1,1,1
33397,bot_iot,1,1.0,0.999337,0.999668,1,1,1
33408,bot_iot,1,1.0,0.999062,0.999531,1,1,1
33418,bot_iot,1,1.0,0.999993,0.999997,1,1,1
33419,bot_iot,1,1.0,1.0,1.0,1,1,1
33428,bot_iot,1,1.0,0.99938,0.99969,1,1,1
33439,bot_iot,1,1.0,0.997424,0.998712,1,1,1
33441,bot_iot,1,1.0,0.485196,0.742598,1,0,1
33444,bot_iot,1,1.0,0.99948,0.99974,1,1,1
33446,bot_iot,1,1.0,0.999174,0.999587,1,1,1
33448,bot_iot,1,1.0,0.999385,0.999692,1,1,1
33449,bot_iot,1,1.0,1.0,1.0,1,1,1
33460,bot_iot,1,1.0,0.999993,0.999997,1,1,1
33462,bot_iot,1,1.0,0.999415,0.999707,1,1,1
33466,bot_iot,1,1.0,1.0,1.0,1,1,1
33471,bot_iot,1,1.0,0.99999,0.999995,1,1,1
33481,bot_iot,1,1.0,0.976804,0.988402,1,1,1
33497,bot_iot,1,1.0,1.0,1.0,1,1,1
33505,bot_iot,1,1.0,0.996761,0.99838,1,1,1
33517,bot_iot,1,1.0,0.99948,0.99974,1,1,1
33518,bot_iot,1,1.0,0.998894,0.999447,1,1,1
33529,bot_iot,1,1.0,0.999941,0.999971,1,1,1
33531,bot_iot,1,1.0,0.999439,0.999719,1,1,1
33544,bot_iot,1,1.0,0.998872,0.999436,1,1,1
33549,bot_iot,1,1.0,0.999439,0.999719,1,1,1
33551,bot_iot,1,1.0,0.99934,0.99967,1,1,1
33558,bot_iot,1,1.0,0.999993,0.999997,1,1,1
33560,bot_iot,1,1.0,0.999462,0.999731,1,1,1
33563,bot_iot,1,1.0,0.999966,0.999983,1,1,1
33570,bot_iot,1,1.0,1.0,1.0,1,1,1
33580,bot_iot,1,1.0,0.999174,0.999587,1,1,1
33589,bot_iot,1,1.0,0.999058,0.999529,1,1,1
33606,bot_iot,1,1.0,0.999993,0.999997,1,1,1
33611,bot_iot,1,1.0,0.998937,0.999468,1,1,1
33612,bot_iot,1,1.0,0.998879,0.999439,1,1,1
33614,bot_iot,1,1.0,0.999385,0.999693,1,1,1
33618,bot_iot,1,1.0,1.0,1.0,1,1,1
33632,bot_iot,1,1.0,0.99948,0.99974,1,1,1
33640,bot_iot,1,1.0,1.0,1.0,1,1,1
33641,bot_iot,1,1.0,0.976804,0.988402,1,1,1
33644,bot_iot,1,1.0,0.998407,0.999203,1,1,1
33650,bot_iot,1,1.0,0.999468,0.999734,1,1,1
33653,bot_iot,1,1.0,0.999468,0.999734,1,1,1
33655,bot_iot,1,1.0,0.999992,0.999996,1,1,1
33657,bot_iot,1,1.0,1.0,1.0,1,1,1
33663,bot_iot,1,1.0,0.998967,0.999484,1,1,1
33668,bot_iot,1,1.0,1.0,1.0,1,1,1
33693,bot_iot,1,1.0,1.0,1.0,1,1,1
33701,bot_iot,1,1.0,0.999468,0.999734,1,1,1
33702,bot_iot,1,1.0,0.998973,0.999486,1,1,1
33705,bot_iot,1,1.0,0.999464,0.999732,1,1,1
33713,bot_iot,1,1.0,0.998914,0.999457,1,1,1
33726,bot_iot,1,1.0,0.999957,0.999978,1,1,1
33729,bot_iot,1,1.0,0.999993,0.999997,1,1,1
33730,bot_iot,1,1.0,0.999378,0.999689,1,1,1
33732,bot_iot,1,1.0,0.999093,0.999547,1,1,1
33736,bot_iot,1,1.0,0.999426,0.999713,1,1,1
33739,bot_iot,1,1.0,0.999479,0.999739,1,1,1
33743,bot_iot,1,1.0,1.0,1.0,1,1,1
33744,bot_iot,1,1.0,0.998988,0.999494,1,1,1
33750,bot_iot,1,1.0,1.0,1.0,1,1,1
33755,bot_iot,1,1.0,0.999468,0.999734,1,1,1
33768,bot_iot,1,1.0,1.0,1.0,1,1,1
33769,bot_iot,1,1.0,0.999438,0.999719,1,1,1
33771,bot_iot,1,1.0,0.999431,0.999716,1,1,1
33777,bot_iot,1,1.0,1.0,1.0,1,1,1
33780,bot_iot,1,1.0,1.0,1.0,1,1,1
33783,bot_iot,1,1.0,0.976804,0.988402,1,1,1
33788,bot_iot,1,1.0,0.999479,0.999739,1,1,1
33790,bot_iot,1,1.0,0.999268,0.999634,1,1,1
33798,bot_iot,1,1.0,0.999987,0.999993,1,1,1
33804,bot_iot,1,1.0,0.999479,0.999739,1,1,1
33807,bot_iot,1,1.0,0.999386,0.999693,1,1,1
33819,bot_iot,1,1.0,0.999444,0.999722,1,1,1
33825,bot_iot,1,1.0,0.999992,0.999996,1,1,1
33833,bot_iot,1,1.0,0.999386,0.999693,1,1,1
33835,bot_iot,1,1.0,0.99948,0.99974,1,1,1
33836,bot_iot,1,1.0,0.999092,0.999546,1,1,1
33838,bot_iot,1,1.0,0.999347,0.999674,1,1,1
33840,bot_iot,1,1.0,0.998878,0.999439,1,1,1
33845,bot_iot,1,1.0,0.997594,0.998797,1,1,1
33850,bot_iot,1,1.0,0.999173,0.999587,1,1,1
33851,bot_iot,1,1.0,0.998895,0.999448,1,1,1
33857,bot_iot,1,1.0,0.99938,0.99969,1,1,1
33861,bot_iot,1,1.0,0.999438,0.999719,1,1,1
33866,bot_iot,1,1.0,0.99909,0.999545,1,1,1
33867,bot_iot,1,1.0,0.999416,0.999708,1,1,1
33868,bot_iot,1,1.0,0.99884,0.99942,1,1,1
33885,bot_iot,1,1.0,0.999468,0.999734,1,1,1
33891,bot_iot,1,1.0,0.999468,0.999734,1,1,1
33894,bot_iot,1,1.0,0.99935,0.999675,1,1,1
33896,bot_iot,1,1.0,1.0,1.0,1,1,1
33897,bot_iot,1,1.0,1.0,1.0,1,1,1
33900,bot_iot,1,1.0,0.999437,0.999718,1,1,1
33907,bot_iot,1,1.0,1.0,1.0,1,1,1
33912,bot_iot,1,1.0,0.998931,0.999466,1,1,1
33916,bot_iot,1,1.0,0.999171,0.999586,1,1,1
33917,bot_iot,1,1.0,0.999418,0.999709,1,1,1
33927,bot_iot,1,1.0,0.999335,0.999668,1,1,1
33929,bot_iot,1,1.0,0.999416,0.999708,1,1,1
33930,bot_iot,1,1.0,0.999482,0.999741,1,1,1
33933,bot_iot,1,1.0,0.999468,0.999734,1,1,1
33948,bot_iot,1,1.0,0.999062,0.999531,1,1,1
33953,bot_iot,1,1.0,0.99935,0.999675,1,1,1
33967,bot_iot,1,1.0,0.998931,0.999466,1,1,1
33977,bot_iot,1,1.0,0.998873,0.999436,1,1,1
33993,bot_iot,1,1.0,0.999312,0.999656,1,1,1
33998,bot_iot,1,1.0,1.0,1.0,1,1,1
34007,bot_iot,1,1.0,0.999993,0.999996,1,1,1
34013,bot_iot,1,1.0,1.0,1.0,1,1,1
34028,bot_iot,1,1.0,0.999268,0.999634,1,1,1
34029,bot_iot,1,1.0,0.999268,0.999634,1,1,1
34030,bot_iot,1,1.0,0.999093,0.999547,1,1,1
34031,bot_iot,1,1.0,0.999993,0.999997,1,1,1
34035,bot_iot,1,1.0,0.999994,0.999997,1,1,1
34041,bot_iot,1,1.0,0.999414,0.999707,1,1,1
34045,bot_iot,1,1.0,0.999338,0.999669,1,1,1
34052,bot_iot,1,1.0,0.998894,0.999447,1,1,1
34060,bot_iot,1,1.0,1.0,1.0,1,1,1
34063,bot_iot,1,1.0,0.999994,0.999997,1,1,1
34073,bot_iot,1,1.0,0.999994,0.999997,1,1,1
34077,bot_iot,1,1.0,0.999172,0.999586,1,1,1
34083,bot_iot,1,1.0,0.999444,0.999722,1,1,1
34087,bot_iot,1,1.0,0.998988,0.999494,1,1,1
34104,bot_iot,1,1.0,0.996157,0.998079,1,1,1
34106,bot_iot,1,1.0,0.999992,0.999996,1,1,1
34107,bot_iot,1,1.0,0.999093,0.999546,1,1,1
34108,bot_iot,1,1.0,0.998997,0.999499,1,1,1
34113,bot_iot,1,1.0,0.999187,0.999594,1,1,1
34117,bot_iot,1,1.0,0.999994,0.999997,1,1,1
34119,bot_iot,1,1.0,1.0,1.0,1,1,1
34121,bot_iot,1,1.0,0.999987,0.999994,1,1,1
34122,bot_iot,1,1.0,1.0,1.0,1,1,1
34125,bot_iot,1,1.0,0.999034,0.999517,1,1,1
34131,bot_iot,1,1.0,0.999334,0.999667,1,1,1
34141,bot_iot,1,1.0,0.999438,0.999719,1,1,1
34144,bot_iot,1,1.0,0.99908,0.99954,1,1,1
34153,bot_iot,1,1.0,0.999444,0.999722,1,1,1
34160,bot_iot,1,1.0,0.999468,0.999734,1,1,1
34164,bot_iot,1,1.0,0.999993,0.999997,1,1,1
34173,bot_iot,1,1.0,0.999442,0.999721,1,1,1
34177,bot_iot,1,1.0,0.99935,0.999675,1,1,1
34178,bot_iot,1,1.0,1.0,1.0,1,1,1
34186,bot_iot,1,1.0,0.999108,0.999554,1,1,1
34189,bot_iot,1,1.0,0.999994,0.999997,1,1,1
34190,bot_iot,1,1.0,0.999993,0.999997,1,1,1
34193,bot_iot,1,1.0,0.976804,0.988402,1,1,1
34196,bot_iot,1,1.0,1.0,1.0,1,1,1
34199,bot_iot,1,1.0,1.0,1.0,1,1,1
34203,bot_iot,1,1.0,0.998833,0.999416,1,1,1
34204,bot_iot,1,1.0,0.999993,0.999997,1,1,1
34208,bot_iot,1,1.0,0.999992,0.999996,1,1,1
34215,bot_iot,1,1.0,1.0,1.0,1,1,1
34218,bot_iot,1,1.0,1.0,1.0,1,1,1
34221,bot_iot,1,1.0,0.998432,0.999216,1,1,1
34225,bot_iot,1,1.0,0.999426,0.999713,1,1,1
34227,bot_iot,1,1.0,0.999991,0.999996,1,1,1
34231,bot_iot,1,1.0,0.99947,0.999735,1,1,1
34233,bot_iot,1,1.0,0.999974,0.999987,1,1,1
34237,bot_iot,1,1.0,0.999268,0.999634,1,1,1
34239,bot_iot,1,1.0,0.998929,0.999464,1,1,1
34241,bot_iot,1,1.0,0.999991,0.999996,1,1,1
34242,bot_iot,1,1.0,0.999991,0.999995,1,1,1
34260,bot_iot,1,0.68716,0.052504,0.369832,1,0,0
34268,bot_iot,1,1.0,1.0,1.0,1,1,1
34274,bot_iot,1,1.0,0.999443,0.999721,1,1,1
34279,bot_iot,1,1.0,1.0,1.0,1,1,1
34282,bot_iot,1,1.0,0.998158,0.999079,1,1,1
34284,bot_iot,1,1.0,0.998937,0.999469,1,1,1
34285,bot_iot,1,1.0,0.997132,0.998566,1,1,1
34287,bot_iot,1,1.0,0.998831,0.999416,1,1,1
34289,bot_iot,1,1.0,0.999414,0.999707,1,1,1
34291,bot_iot,1,1.0,0.999993,0.999997,1,1,1
34293,bot_iot,1,1.0,0.999993,0.999997,1,1,1
34295,bot_iot,1,1.0,0.998988,0.999494,1,1,1
34302,bot_iot,1,1.0,1.0,1.0,1,1,1
34305,bot_iot,1,1.0,0.999993,0.999997,1,1,1
34307,bot_iot,1,1.0,0.999268,0.999634,1,1,1
34309,bot_iot,1,1.0,0.99935,0.999675,1,1,1
34316,bot_iot,1,1.0,0.99948,0.99974,1,1,1
34318,bot_iot,1,1.0,0.999974,0.999987,1,1,1
34326,bot_iot,1,1.0,0.998842,0.999421,1,1,1
34327,bot_iot,1,1.0,0.999992,0.999996,1,1,1
34331,bot_iot,1,1.0,0.999268,0.999634,1,1,1
34341,bot_iot,1,1.0,0.999469,0.999734,1,1,1
34343,bot_iot,1,1.0,0.999385,0.999692,1,1,1
34345,bot_iot,1,1.0,0.999999,1.0,1,1,1
34348,bot_iot,1,1.0,0.999483,0.999741,1,1,1
34370,bot_iot,1,1.0,0.999466,0.999733,1,1,1
34377,bot_iot,1,1.0,0.999414,0.999707,1,1,1
34383,bot_iot,1,1.0,0.998978,0.999489,1,1,1
34384,bot_iot,1,1.0,0.999385,0.999693,1,1,1
34388,bot_iot,1,1.0,0.999312,0.999656,1,1,1
34390,bot_iot,1,1.0,1.0,1.0,1,1,1
34392,bot_iot,1,1.0,0.999268,0.999634,1,1,1
34401,bot_iot,1,1.0,1.0,1.0,1,1,1
34404,bot_iot,1,1.0,0.998937,0.999469,1,1,1
34412,bot_iot,1,1.0,0.99999,0.999995,1,1,1
34436,bot_iot,1,1.0,0.999993,0.999997,1,1,1
34438,bot_iot,1,1.0,1.0,1.0,1,1,1
34439,bot_iot,1,1.0,0.999328,0.999664,1,1,1
34444,bot_iot,1,1.0,0.999335,0.999667,1,1,1
34445,bot_iot,1,1.0,0.999427,0.999713,1,1,1
34447,bot_iot,1,1.0,1.0,1.0,1,1,1
34449,bot_iot,1,1.0,0.999988,0.999994,1,1,1
34460,bot_iot,1,1.0,0.999436,0.999718,1,1,1
34475,bot_iot,1,1.0,0.999442,0.999721,1,1,1
34477,bot_iot,1,1.0,0.999174,0.999587,1,1,1
34483,bot_iot,1,1.0,0.999993,0.999997,1,1,1
34486,bot_iot,1,1.0,0.999118,0.999559,1,1,1
34494,bot_iot,1,1.0,0.998956,0.999478,1,1,1
34495,bot_iot,1,1.0,1.0,1.0,1,1,1
34497,bot_iot,1,1.0,0.999993,0.999997,1,1,1
34502,bot_iot,1,1.0,0.99905,0.999525,1,1,1
34510,bot_iot,1,1.0,1.0,1.0,1,1,1
34556,bot_iot,1,1.0,0.999987,0.999993,1,1,1
34559,bot_iot,1,1.0,0.99909,0.999545,1,1,1
34565,bot_iot,1,1.0,0.999992,0.999996,1,1,1
34567,bot_iot,1,1.0,0.999095,0.999548,1,1,1
34584,bot_iot,1,1.0,0.998879,0.999439,1,1,1
34585,bot_iot,1,1.0,0.998937,0.999469,1,1,1
34586,bot_iot,1,1.0,0.999993,0.999997,1,1,1
34591,bot_iot,1,1.0,1.0,1.0,1,1,1
34594,bot_iot,1,1.0,0.999443,0.999721,1,1,1
34608,bot_iot,1,1.0,0.999468,0.999734,1,1,1
34610,bot_iot,1,1.0,0.999093,0.999546,1,1,1
34611,bot_iot,1,1.0,1.0,1.0,1,1,1
34612,bot_iot,1,1.0,1.0,1.0,1,1,1
34615,bot_iot,1,1.0,0.999004,0.999502,1,1,1
34622,bot_iot,1,1.0,0.999174,0.999587,1,1,1
34623,bot_iot,1,1.0,0.999468,0.999734,1,1,1
34635,bot_iot,1,1.0,0.999433,0.999717,1,1,1
34641,bot_iot,1,1.0,0.999443,0.999721,1,1,1
34644,bot_iot,1,1.0,0.999988,0.999994,1,1,1
34648,bot_iot,1,1.0,0.999335,0.999667,1,1,1
34649,bot_iot,1,1.0,0.99896,0.99948,1,1,1
34650,bot_iot,1,1.0,0.999187,0.999594,1,1,1
34654,bot_iot,1,1.0,0.999994,0.999997,1,1,1
34665,bot_iot,1,1.0,1.0,1.0,1,1,1
34672,bot_iot,1,1.0,0.998938,0.999469,1,1,1
34675,bot_iot,1,1.0,0.998829,0.999415,1,1,1
34685,bot_iot,1,1.0,0.999993,0.999997,1,1,1
34689,bot_iot,1,1.0,0.999429,0.999715,1,1,1
34690,bot_iot,1,1.0,1.0,1.0,1,1,1
34691,bot_iot,1,1.0,0.999118,0.999559,1,1,1
34709,bot_iot,1,1.0,0.999443,0.999721,1,1,1
34711,bot_iot,1,1.0,0.999993,0.999996,1,1,1
34713,bot_iot,1,1.0,0.999118,0.999559,1,1,1
34720,bot_iot,1,1.0,0.999993,0.999997,1,1,1
34724,bot_iot,1,0.545012,0.12045,0.332731,1,0,0
34726,bot_iot,1,1.0,0.999476,0.999738,1,1,1
34728,bot_iot,1,1.0,0.999999,1.0,1,1,1
34732,bot_iot,1,1.0,0.999468,0.999734,1,1,1
34740,bot_iot,1,1.0,0.999989,0.999995,1,1,1
34743,bot_iot,1,1.0,1.0,1.0,1,1,1
34753,bot_iot,1,1.0,0.999993,0.999996,1,1,1
34760,bot_iot,1,1.0,0.976804,0.988402,1,1,1
34764,bot_iot,1,1.0,0.999994,0.999997,1,1,1
34775,bot_iot,1,1.0,0.999382,0.999691,1,1,1
34777,bot_iot,1,1.0,0.998937,0.999469,1,1,1
34789,bot_iot,1,1.0,0.999438,0.999719,1,1,1
34801,bot_iot,1,1.0,0.999939,0.999969,1,1,1
34807,bot_iot,1,1.0,0.999134,0.999567,1,1,1
34808,bot_iot,1,1.0,0.999993,0.999997,1,1,1
34811,bot_iot,1,1.0,0.999992,0.999996,1,1,1
34823,bot_iot,1,1.0,0.999993,0.999996,1,1,1
34834,bot_iot,1,1.0,1.0,1.0,1,1,1
34835,bot_iot,1,1.0,0.999414,0.999707,1,1,1
34837,bot_iot,1,1.0,1.0,1.0,1,1,1
34838,bot_iot,1,1.0,0.999336,0.999668,1,1,1
34840,bot_iot,1,1.0,0.999993,0.999997,1,1,1
34847,bot_iot,1,1.0,0.999453,0.999727,1,1,1
34855,bot_iot,1,0.82751,0.12045,0.47398,1,0,0
34857,bot_iot,1,1.0,1.0,1.0,1,1,1
34867,bot_iot,1,1.0,1.0,1.0,1,1,1
34873,bot_iot,1,1.0,0.999992,0.999996,1,1,1
34883,bot_iot,1,1.0,0.999466,0.999733,1,1,1
34902,bot_iot,1,1.0,0.999386,0.999693,1,1,1
34903,bot_iot,1,1.0,0.998932,0.999466,1,1,1
34907,bot_iot,1,1.0,0.998937,0.999468,1,1,1
34908,bot_iot,1,1.0,0.998559,0.999279,1,1,1
34909,bot_iot,1,1.0,0.999385,0.999692,1,1,1
34911,bot_iot,1,1.0,0.999173,0.999587,1,1,1
34914,bot_iot,1,1.0,0.999443,0.999722,1,1,1
34917,bot_iot,1,1.0,0.999351,0.999675,1,1,1
34920,bot_iot,1,1.0,0.999386,0.999693,1,1,1
34921,bot_iot,1,1.0,0.999987,0.999994,1,1,1
34928,bot_iot,1,1.0,0.999019,0.99951,1,1,1
34929,bot_iot,1,1.0,0.99914,0.99957,1,1,1
34935,bot_iot,1,1.0,0.999444,0.999722,1,1,1
34937,bot_iot,1,1.0,1.0,1.0,1,1,1
34947,bot_iot,1,1.0,0.999993,0.999997,1,1,1
34955,bot_iot,1,1.0,1.0,1.0,1,1,1
34958,bot_iot,1,1.0,0.485196,0.742598,1,0,1
34962,bot_iot,1,1.0,0.998937,0.999469,1,1,1
34968,bot_iot,1,1.0,0.999993,0.999996,1,1,1
34969,bot_iot,1,1.0,0.999967,0.999984,1,1,1
34970,bot_iot,1,1.0,0.999993,0.999996,1,1,1
34971,bot_iot,1,1.0,0.999989,0.999995,1,1,1
34974,bot_iot,1,1.0,0.999312,0.999656,1,1,1
34984,bot_iot,1,1.0,1.0,1.0,1,1,1
34994,bot_iot,1,1.0,0.999993,0.999996,1,1,1
35000,bot_iot,1,1.0,0.999994,0.999997,1,1,1
35001,bot_iot,1,1.0,0.999468,0.999734,1,1,1
35006,bot_iot,1,0.545012,0.12045,0.332731,1,0,0
35008,bot_iot,1,1.0,0.998998,0.999499,1,1,1
35015,bot_iot,1,1.0,1.0,1.0,1,1,1
35020,bot_iot,1,1.0,0.999994,0.999997,1,1,1
35021,bot_iot,1,1.0,0.999416,0.999708,1,1,1
35029,bot_iot,1,1.0,0.999483,0.999741,1,1,1
35034,bot_iot,1,1.0,0.999988,0.999994,1,1,1
35036,bot_iot,1,1.0,0.999468,0.999734,1,1,1
35043,bot_iot,1,1.0,0.998877,0.999439,1,1,1
35044,bot_iot,1,1.0,0.999465,0.999733,1,1,1
35055,bot_iot,1,1.0,0.999443,0.999721,1,1,1
35060,bot_iot,1,1.0,0.999986,0.999993,1,1,1
35063,bot_iot,1,1.0,1.0,1.0,1,1,1
35071,bot_iot,1,1.0,0.999349,0.999675,1,1,1
35076,bot_iot,1,1.0,0.999363,0.999682,1,1,1
35088,bot_iot,1,1.0,0.999334,0.999667,1,1,1
35089,bot_iot,1,1.0,0.999466,0.999733,1,1,1
35092,bot_iot,1,1.0,0.998988,0.999494,1,1,1
35093,bot_iot,1,1.0,0.999992,0.999996,1,1,1
35098,bot_iot,1,1.0,1.0,1.0,1,1,1
35101,bot_iot,1,1.0,0.999993,0.999997,1,1,1
35104,bot_iot,1,1.0,0.999993,0.999997,1,1,1
35105,bot_iot,1,1.0,0.999993,0.999997,1,1,1
35109,bot_iot,1,1.0,0.999443,0.999721,1,1,1
35114,bot_iot,1,1.0,0.998828,0.999414,1,1,1
35121,bot_iot,1,1.0,0.999268,0.999634,1,1,1
35125,bot_iot,1,1.0,0.999312,0.999656,1,1,1
35127,bot_iot,1,1.0,0.999434,0.999717,1,1,1
35129,bot_iot,1,1.0,0.997876,0.998938,1,1,1
35135,bot_iot,1,1.0,0.996785,0.998393,1,1,1
35139,bot_iot,1,1.0,1.0,1.0,1,1,1
35143,bot_iot,1,1.0,0.998937,0.999469,1,1,1
35145,bot_iot,1,1.0,0.999268,0.999634,1,1,1
35146,bot_iot,1,1.0,0.999989,0.999995,1,1,1
35147,bot_iot,1,1.0,1.0,1.0,1,1,1
35150,bot_iot,1,1.0,1.0,1.0,1,1,1
35152,bot_iot,1,1.0,0.999987,0.999994,1,1,1
35163,bot_iot,1,1.0,0.99909,0.999545,1,1,1
35174,bot_iot,1,1.0,1.0,1.0,1,1,1
35180,bot_iot,1,1.0,0.999442,0.999721,1,1,1
35190,bot_iot,1,1.0,0.998831,0.999415,1,1,1
35196,bot_iot,1,1.0,0.999312,0.999656,1,1,1
35204,bot_iot,1,1.0,0.999432,0.999716,1,1,1
35205,bot_iot,1,1.0,0.99935,0.999675,1,1,1
35206,bot_iot,1,1.0,1.0,1.0,1,1,1
35210,bot_iot,1,1.0,0.998832,0.999416,1,1,1
35225,bot_iot,1,1.0,0.999993,0.999996,1,1,1
35234,bot_iot,1,1.0,0.998931,0.999466,1,1,1
35237,bot_iot,1,1.0,0.999432,0.999716,1,1,1
35238,bot_iot,1,1.0,0.999062,0.999531,1,1,1
35240,bot_iot,1,1.0,0.999385,0.999692,1,1,1
35242,bot_iot,1,1.0,0.999385,0.999692,1,1,1
35246,bot_iot,1,1.0,0.999268,0.999634,1,1,1
35253,bot_iot,1,1.0,1.0,1.0,1,1,1
35254,bot_iot,1,1.0,0.998988,0.999494,1,1,1
35257,bot_iot,1,1.0,0.998937,0.999468,1,1,1
35267,bot_iot,1,1.0,0.999468,0.999734,1,1,1
35272,bot_iot,1,0.97,0.999427,0.984713,1,1,1
35273,bot_iot,1,1.0,0.998495,0.999247,1,1,1
35275,bot_iot,1,1.0,0.999416,0.999708,1,1,1
35276,bot_iot,1,1.0,0.999107,0.999553,1,1,1
35281,bot_iot,1,1.0,0.999989,0.999995,1,1,1
35282,bot_iot,1,1.0,0.999432,0.999716,1,1,1
35283,bot_iot,1,1.0,1.0,1.0,1,1,1
35286,bot_iot,1,1.0,0.999414,0.999707,1,1,1
35297,bot_iot,1,1.0,0.99921,0.999605,1,1,1
35304,bot_iot,1,1.0,0.999061,0.999531,1,1,1
35308,bot_iot,1,1.0,0.999358,0.999679,1,1,1
35312,bot_iot,1,1.0,0.999993,0.999996,1,1,1
35314,bot_iot,1,1.0,0.999032,0.999516,1,1,1
35318,bot_iot,1,1.0,0.999468,0.999734,1,1,1
35323,bot_iot,1,1.0,0.999385,0.999692,1,1,1
35330,bot_iot,1,1.0,0.999482,0.999741,1,1,1
35331,bot_iot,1,1.0,0.999994,0.999997,1,1,1
35332,bot_iot,1,1.0,0.999479,0.999739,1,1,1
35334,bot_iot,1,1.0,0.999465,0.999733,1,1,1
35335,bot_iot,1,1.0,0.99935,0.999675,1,1,1
35350,bot_iot,1,1.0,1.0,1.0,1,1,1
35352,bot_iot,1,1.0,0.999992,0.999996,1,1,1
35359,bot_iot,1,1.0,0.999004,0.999502,1,1,1
35363,bot_iot,1,1.0,1.0,1.0,1,1,1
35364,bot_iot,1,1.0,0.998981,0.99949,1,1,1
35368,bot_iot,1,1.0,0.998987,0.999493,1,1,1
35369,bot_iot,1,1.0,0.999416,0.999708,1,1,1
35372,bot_iot,1,1.0,0.99947,0.999735,1,1,1
35383,bot_iot,1,1.0,0.999497,0.999748,1,1,1
35387,bot_iot,1,1.0,1.0,1.0,1,1,1
35389,bot_iot,1,1.0,0.999174,0.999587,1,1,1
35394,bot_iot,1,1.0,0.976804,0.988402,1,1,1
35397,bot_iot,1,1.0,1.0,1.0,1,1,1
35399,bot_iot,1,1.0,0.999994,0.999997,1,1,1
35404,bot_iot,1,1.0,1.0,1.0,1,1,1
35410,bot_iot,1,1.0,0.999104,0.999552,1,1,1
35414,bot_iot,1,1.0,1.0,1.0,1,1,1
35416,bot_iot,1,1.0,1.0,1.0,1,1,1
35417,bot_iot,1,1.0,1.0,1.0,1,1,1
35420,bot_iot,1,1.0,0.998895,0.999448,1,1,1
35421,bot_iot,1,1.0,0.999992,0.999996,1,1,1
35422,bot_iot,1,1.0,0.999466,0.999733,1,1,1
35423,bot_iot,1,1.0,0.999993,0.999997,1,1,1
35433,bot_iot,1,1.0,1.0,1.0,1,1,1
35435,bot_iot,1,1.0,0.999991,0.999996,1,1,1
35441,bot_iot,1,1.0,0.999987,0.999994,1,1,1
35444,bot_iot,1,1.0,0.999112,0.999556,1,1,1
35448,bot_iot,1,1.0,0.999964,0.999982,1,1,1
35453,bot_iot,1,1.0,0.999994,0.999997,1,1,1
35463,bot_iot,1,1.0,0.998842,0.999421,1,1,1
35464,bot_iot,1,1.0,1.0,1.0,1,1,1
35469,bot_iot,1,1.0,0.999993,0.999997,1,1,1
35471,bot_iot,1,1.0,1.0,1.0,1,1,1
35473,bot_iot,1,1.0,0.999443,0.999721,1,1,1
35474,bot_iot,1,1.0,0.999483,0.999741,1,1,1
35475,bot_iot,1,1.0,0.999468,0.999734,1,1,1
35481,bot_iot,1,1.0,0.99902,0.99951,1,1,1
35487,bot_iot,1,1.0,0.999335,0.999667,1,1,1
35493,bot_iot,1,1.0,0.999993,0.999997,1,1,1
35494,bot_iot,1,1.0,0.999443,0.999721,1,1,1
35498,bot_iot,1,1.0,0.999975,0.999987,1,1,1
35506,bot_iot,1,1.0,0.999438,0.999719,1,1,1
35513,bot_iot,1,1.0,0.999988,0.999994,1,1,1
35516,bot_iot,1,1.0,0.999443,0.999721,1,1,1
35528,bot_iot,1,1.0,0.999416,0.999708,1,1,1
35529,bot_iot,1,1.0,0.976804,0.988402,1,1,1
35531,bot_iot,1,1.0,0.999993,0.999997,1,1,1
35532,bot_iot,1,1.0,0.998979,0.99949,1,1,1
35534,bot_iot,1,1.0,0.999466,0.999733,1,1,1
35550,bot_iot,1,1.0,0.999986,0.999993,1,1,1
35551,bot_iot,1,1.0,0.999443,0.999721,1,1,1
35552,bot_iot,1,1.0,0.999993,0.999996,1,1,1
35555,bot_iot,1,1.0,0.999173,0.999587,1,1,1
35561,bot_iot,1,1.0,0.999384,0.999692,1,1,1
35562,bot_iot,1,1.0,0.999992,0.999996,1,1,1
35570,bot_iot,1,1.0,0.999971,0.999985,1,1,1
35574,bot_iot,1,1.0,0.999118,0.999559,1,1,1
35580,bot_iot,1,1.0,1.0,1.0,1,1,1
35581,bot_iot,1,1.0,0.999308,0.999654,1,1,1
35582,bot_iot,1,1.0,0.999992,0.999996,1,1,1
35586,bot_iot,1,1.0,0.998988,0.999494,1,1,1
35587,bot_iot,1,1.0,0.999442,0.999721,1,1,1
35596,bot_iot,1,1.0,0.998898,0.999449,1,1,1
35599,bot_iot,1,1.0,0.999993,0.999997,1,1,1
35601,bot_iot,1,1.0,1.0,1.0,1,1,1
35603,bot_iot,1,1.0,0.999993,0.999996,1,1,1
35609,bot_iot,1,1.0,0.998918,0.999459,1,1,1
35613,bot_iot,1,1.0,0.998938,0.999469,1,1,1
35618,bot_iot,1,1.0,0.999312,0.999656,1,1,1
35639,bot_iot,1,1.0,0.99948,0.99974,1,1,1
35655,bot_iot,1,1.0,1.0,1.0,1,1,1
35656,bot_iot,1,1.0,1.0,1.0,1,1,1
35661,bot_iot,1,1.0,1.0,1.0,1,1,1
35662,bot_iot,1,1.0,0.999382,0.999691,1,1,1
35666,bot_iot,1,1.0,0.999468,0.999734,1,1,1
35685,bot_iot,1,0.68716,0.052504,0.369832,1,0,0
35690,bot_iot,1,1.0,0.999484,0.999742,1,1,1
35700,bot_iot,1,1.0,0.999435,0.999717,1,1,1
35709,bot_iot,1,1.0,0.999443,0.999721,1,1,1
35710,bot_iot,1,1.0,1.0,1.0,1,1,1
35715,bot_iot,1,1.0,0.999443,0.999721,1,1,1
35717,bot_iot,1,1.0,0.998877,0.999438,1,1,1
35719,bot_iot,1,1.0,0.998988,0.999494,1,1,1
35720,bot_iot,1,1.0,0.999444,0.999722,1,1,1
35726,bot_iot,1,1.0,0.999093,0.999547,1,1,1
35728,bot_iot,1,1.0,0.999475,0.999738,1,1,1
35733,bot_iot,1,1.0,0.999044,0.999522,1,1,1
35753,bot_iot,1,1.0,0.999986,0.999993,1,1,1
35760,bot_iot,1,1.0,0.999482,0.999741,1,1,1
35762,bot_iot,1,1.0,1.0,1.0,1,1,1
35764,bot_iot,1,1.0,0.999348,0.999674,1,1,1
35772,bot_iot,1,1.0,0.999049,0.999525,1,1,1
35776,bot_iot,1,1.0,0.999268,0.999634,1,1,1
35778,bot_iot,1,1.0,1.0,1.0,1,1,1
35784,bot_iot,1,1.0,0.999993,0.999996,1,1,1
35787,bot_iot,1,1.0,1.0,1.0,1,1,1
35790,bot_iot,1,1.0,0.999444,0.999722,1,1,1
35793,bot_iot,1,1.0,0.976804,0.988402,1,1,1
35796,bot_iot,1,1.0,0.998895,0.999447,1,1,1
35797,bot_iot,1,1.0,0.99935,0.999675,1,1,1
35807,bot_iot,1,1.0,0.998972,0.999486,1,1,1
35811,bot_iot,1,1.0,0.999173,0.999587,1,1,1
35819,bot_iot,1,1.0,0.999994,0.999997,1,1,1
35824,bot_iot,1,1.0,0.99888,0.99944,1,1,1
35832,bot_iot,1,1.0,1.0,1.0,1,1,1
35843,bot_iot,1,1.0,0.999369,0.999684,1,1,1
35845,bot_iot,1,1.0,0.999994,0.999997,1,1,1
35847,bot_iot,1,1.0,0.999095,0.999548,1,1,1
35850,bot_iot,1,1.0,0.999268,0.999634,1,1,1
35851,bot_iot,1,1.0,0.999993,0.999997,1,1,1
35864,bot_iot,1,1.0,0.999468,0.999734,1,1,1
35867,bot_iot,1,1.0,0.999483,0.999741,1,1,1
35872,bot_iot,1,1.0,0.99935,0.999675,1,1,1
35885,bot_iot,1,1.0,0.999455,0.999728,1,1,1
35887,bot_iot,1,1.0,0.99948,0.99974,1,1,1
35892,bot_iot,1,1.0,1.0,1.0,1,1,1
35906,bot_iot,1,1.0,0.999982,0.999991,1,1,1
35909,bot_iot,1,1.0,0.998874,0.999437,1,1,1
35910,bot_iot,1,1.0,0.999984,0.999992,1,1,1
35912,bot_iot,1,1.0,0.999423,0.999712,1,1,1
35916,bot_iot,1,1.0,0.999994,0.999997,1,1,1
35920,bot_iot,1,1.0,0.999312,0.999656,1,1,1
35922,bot_iot,1,1.0,0.999994,0.999997,1,1,1
35924,bot_iot,1,1.0,1.0,1.0,1,1,1
35925,bot_iot,1,1.0,1.0,1.0,1,1,1
35927,bot_iot,1,1.0,0.999415,0.999707,1,1,1
35928,bot_iot,1,1.0,0.998931,0.999466,1,1,1
35931,bot_iot,1,1.0,0.999991,0.999995,1,1,1
35934,bot_iot,1,1.0,0.999395,0.999698,1,1,1
35939,bot_iot,1,1.0,0.999994,0.999997,1,1,1
35940,bot_iot,1,1.0,1.0,1.0,1,1,1
35946,bot_iot,1,1.0,1.0,1.0,1,1,1
35952,bot_iot,1,1.0,0.999468,0.999734,1,1,1
35953,bot_iot,1,1.0,0.999466,0.999733,1,1,1
35959,bot_iot,1,1.0,0.999989,0.999995,1,1,1
35963,bot_iot,1,1.0,0.999351,0.999675,1,1,1
35965,bot_iot,1,1.0,0.99999,0.999995,1,1,1
35967,bot_iot,1,1.0,0.999385,0.999692,1,1,1
35972,bot_iot,1,1.0,0.998996,0.999498,1,1,1
35975,bot_iot,1,1.0,0.998877,0.999438,1,1,1
35986,bot_iot,1,1.0,0.999385,0.999693,1,1,1
35987,bot_iot,1,1.0,0.999268,0.999634,1,1,1
35997,bot_iot,1,1.0,0.999994,0.999997,1,1,1
36013,bot_iot,1,1.0,0.999989,0.999995,1,1,1
36019,bot_iot,1,1.0,0.999483,0.999741,1,1,1
36023,bot_iot,1,1.0,0.999989,0.999995,1,1,1
36029,bot_iot,1,1.0,0.99935,0.999675,1,1,1
36035,bot_iot,1,1.0,0.999468,0.999734,1,1,1
36037,bot_iot,1,1.0,0.999992,0.999996,1,1,1
36042,bot_iot,1,1.0,0.999174,0.999587,1,1,1
36046,bot_iot,1,1.0,0.999991,0.999996,1,1,1
36048,bot_iot,1,1.0,0.999062,0.999531,1,1,1
36051,bot_iot,1,1.0,0.999993,0.999997,1,1,1
36055,bot_iot,1,1.0,0.99948,0.99974,1,1,1
36062,bot_iot,1,1.0,0.999992,0.999996,1,1,1
36065,bot_iot,1,1.0,0.999442,0.999721,1,1,1
36067,bot_iot,1,1.0,0.998877,0.999438,1,1,1
36069,bot_iot,1,1.0,0.998936,0.999468,1,1,1
36095,bot_iot,1,1.0,0.99999,0.999995,1,1,1
36096,bot_iot,1,1.0,0.995657,0.997828,1,1,1
36099,bot_iot,1,1.0,0.999463,0.999731,1,1,1
36101,bot_iot,1,1.0,0.999467,0.999733,1,1,1
36103,bot_iot,1,1.0,1.0,1.0,1,1,1
36105,bot_iot,1,1.0,0.999442,0.999721,1,1,1
36110,bot_iot,1,1.0,0.998984,0.999492,1,1,1
36111,bot_iot,1,1.0,1.0,1.0,1,1,1
36114,bot_iot,1,1.0,0.999055,0.999527,1,1,1
36121,bot_iot,1,1.0,1.0,1.0,1,1,1
36122,bot_iot,1,1.0,0.999439,0.999719,1,1,1
36132,bot_iot,1,1.0,1.0,1.0,1,1,1
36133,bot_iot,1,1.0,0.999163,0.999582,1,1,1
36137,bot_iot,1,1.0,0.999363,0.999681,1,1,1
36138,bot_iot,1,1.0,1.0,1.0,1,1,1
36145,bot_iot,1,1.0,0.999002,0.999501,1,1,1
36146,bot_iot,1,1.0,0.999479,0.999739,1,1,1
36163,bot_iot,1,1.0,0.999994,0.999997,1,1,1
36167,bot_iot,1,1.0,0.999186,0.999593,1,1,1
36170,bot_iot,1,1.0,0.999467,0.999734,1,1,1
36171,bot_iot,1,1.0,0.999992,0.999996,1,1,1
36172,bot_iot,1,1.0,1.0,1.0,1,1,1
36175,bot_iot,1,1.0,0.998988,0.999494,1,1,1
36176,bot_iot,1,1.0,0.999999,0.999999,1,1,1
36181,bot_iot,1,1.0,0.999993,0.999997,1,1,1
36187,bot_iot,1,1.0,0.999992,0.999996,1,1,1
36190,bot_iot,1,1.0,1.0,1.0,1,1,1
36199,bot_iot,1,1.0,0.999993,0.999997,1,1,1
36201,bot_iot,1,1.0,0.999496,0.999748,1,1,1
36203,bot_iot,1,1.0,0.999981,0.999991,1,1,1
36214,bot_iot,1,1.0,1.0,1.0,1,1,1
36215,bot_iot,1,1.0,0.999171,0.999586,1,1,1
36218,bot_iot,1,1.0,0.999935,0.999967,1,1,1
36221,bot_iot,1,1.0,0.999994,0.999997,1,1,1
36222,bot_iot,1,1.0,0.99715,0.998575,1,1,1
36227,bot_iot,1,1.0,1.0,1.0,1,1,1
36229,bot_iot,1,1.0,0.999442,0.999721,1,1,1
36232,bot_iot,1,1.0,1.0,1.0,1,1,1
36234,bot_iot,1,1.0,0.999384,0.999692,1,1,1
36249,bot_iot,1,1.0,0.999075,0.999537,1,1,1
36251,bot_iot,1,1.0,0.999967,0.999983,1,1,1
36253,bot_iot,1,1.0,0.999062,0.999531,1,1,1
36256,bot_iot,1,1.0,0.999438,0.999719,1,1,1
36259,bot_iot,1,1.0,0.999992,0.999996,1,1,1
36265,bot_iot,1,1.0,0.99999,0.999995,1,1,1
36268,bot_iot,1,1.0,0.999312,0.999656,1,1,1
36270,bot_iot,1,1.0,0.999992,0.999996,1,1,1
36274,bot_iot,1,1.0,0.999268,0.999634,1,1,1
36285,bot_iot,1,1.0,1.0,1.0,1,1,1
36287,bot_iot,1,1.0,0.998893,0.999446,1,1,1
36295,bot_iot,1,1.0,0.999989,0.999995,1,1,1
36304,bot_iot,1,1.0,0.999993,0.999997,1,1,1
36308,bot_iot,1,1.0,0.999483,0.999741,1,1,1
36309,bot_iot,1,1.0,0.998953,0.999477,1,1,1
36319,bot_iot,1,1.0,1.0,1.0,1,1,1
36322,bot_iot,1,1.0,1.0,1.0,1,1,1
36327,bot_iot,1,1.0,1.0,1.0,1,1,1
36344,bot_iot,1,1.0,0.976804,0.988402,1,1,1
36347,bot_iot,1,1.0,0.999423,0.999712,1,1,1
36354,bot_iot,1,1.0,0.998944,0.999472,1,1,1
36355,bot_iot,1,1.0,0.999993,0.999997,1,1,1
36358,bot_iot,1,1.0,0.999391,0.999695,1,1,1
36361,bot_iot,1,1.0,0.999173,0.999587,1,1,1
36366,bot_iot,1,1.0,0.999385,0.999692,1,1,1
36368,bot_iot,1,1.0,0.99935,0.999675,1,1,1
36372,bot_iot,1,1.0,0.999991,0.999996,1,1,1
36375,bot_iot,1,1.0,0.999173,0.999587,1,1,1
36378,bot_iot,1,1.0,0.99883,0.999415,1,1,1
36383,bot_iot,1,1.0,0.999182,0.999591,1,1,1
36384,bot_iot,1,1.0,0.999312,0.999656,1,1,1
36403,bot_iot,1,1.0,0.999107,0.999553,1,1,1
36416,bot_iot,1,1.0,1.0,1.0,1,1,1
36418,bot_iot,1,1.0,0.999968,0.999984,1,1,1
36421,bot_iot,1,1.0,1.0,1.0,1,1,1
36423,bot_iot,1,1.0,0.999425,0.999713,1,1,1
36428,bot_iot,1,1.0,0.998842,0.999421,1,1,1
36433,bot_iot,1,1.0,0.999428,0.999714,1,1,1
36436,bot_iot,1,1.0,1.0,1.0,1,1,1
36455,bot_iot,1,1.0,0.999312,0.999656,1,1,1
36461,bot_iot,1,1.0,0.999994,0.999997,1,1,1
36465,bot_iot,1,1.0,0.999993,0.999997,1,1,1
36466,bot_iot,1,1.0,0.999443,0.999721,1,1,1
36468,bot_iot,1,1.0,0.999424,0.999712,1,1,1
36474,bot_iot,1,1.0,0.999268,0.999634,1,1,1
36486,bot_iot,1,1.0,0.999414,0.999707,1,1,1
36489,bot_iot,1,1.0,0.999386,0.999693,1,1,1
36496,bot_iot,1,1.0,0.999993,0.999997,1,1,1
36508,bot_iot,1,1.0,0.99999,0.999995,1,1,1
36510,bot_iot,1,1.0,1.0,1.0,1,1,1
36519,bot_iot,1,1.0,0.999496,0.999748,1,1,1
36520,bot_iot,1,1.0,0.999118,0.999559,1,1,1
36523,bot_iot,1,1.0,0.999363,0.999681,1,1,1
36536,bot_iot,1,1.0,1.0,1.0,1,1,1
36555,bot_iot,1,1.0,0.999468,0.999734,1,1,1
36556,bot_iot,1,1.0,0.999443,0.999721,1,1,1
36559,bot_iot,1,1.0,0.999958,0.999979,1,1,1
36567,bot_iot,1,1.0,0.999185,0.999592,1,1,1
36570,bot_iot,1,1.0,0.999993,0.999997,1,1,1
36571,bot_iot,1,1.0,0.999093,0.999547,1,1,1
36576,bot_iot,1,1.0,0.999993,0.999996,1,1,1
36579,bot_iot,1,1.0,0.999496,0.999748,1,1,1
36593,bot_iot,1,1.0,1.0,1.0,1,1,1
36598,bot_iot,1,1.0,0.99948,0.99974,1,1,1
36599,bot_iot,1,1.0,0.999483,0.999741,1,1,1
36606,bot_iot,1,1.0,0.999442,0.999721,1,1,1
36616,bot_iot,1,1.0,0.999433,0.999717,1,1,1
36617,bot_iot,1,1.0,0.999385,0.999692,1,1,1
36619,bot_iot,1,1.0,0.999113,0.999556,1,1,1
36627,bot_iot,1,1.0,0.999463,0.999732,1,1,1
36631,bot_iot,1,1.0,0.998996,0.999498,1,1,1
36632,bot_iot,1,1.0,0.999993,0.999996,1,1,1
36637,bot_iot,1,1.0,0.999991,0.999996,1,1,1
36645,bot_iot,1,1.0,1.0,1.0,1,1,1
36648,bot_iot,1,1.0,0.999993,0.999997,1,1,1
36649,bot_iot,1,1.0,0.999986,0.999993,1,1,1
36660,bot_iot,1,1.0,0.999469,0.999734,1,1,1
36667,bot_iot,1,1.0,0.998989,0.999494,1,1,1
36674,bot_iot,1,1.0,0.998937,0.999469,1,1,1
36684,bot_iot,1,1.0,1.0,1.0,1,1,1
36696,bot_iot,1,1.0,1.0,1.0,1,1,1
36703,bot_iot,1,1.0,1.0,1.0,1,1,1
36706,bot_iot,1,1.0,0.999466,0.999733,1,1,1
36710,bot_iot,1,1.0,0.999993,0.999997,1,1,1
36713,bot_iot,1,1.0,0.999118,0.999559,1,1,1
36715,bot_iot,1,1.0,0.999443,0.999721,1,1,1
36728,bot_iot,1,1.0,0.999385,0.999693,1,1,1
36731,bot_iot,1,1.0,0.999341,0.99967,1,1,1
36733,bot_iot,1,1.0,0.99909,0.999545,1,1,1
36738,bot_iot,1,1.0,0.999986,0.999993,1,1,1
36739,bot_iot,1,1.0,0.999993,0.999997,1,1,1
36746,bot_iot,1,1.0,0.999444,0.999722,1,1,1
36749,bot_iot,1,1.0,0.999994,0.999997,1,1,1
36753,bot_iot,1,1.0,0.999975,0.999987,1,1,1
36760,bot_iot,1,1.0,1.0,1.0,1,1,1
36765,bot_iot,1,1.0,1.0,1.0,1,1,1
36771,bot_iot,1,1.0,0.999935,0.999967,1,1,1
36772,bot_iot,1,1.0,0.999993,0.999997,1,1,1
36773,bot_iot,1,1.0,0.99935,0.999675,1,1,1
36774,bot_iot,1,1.0,0.999118,0.999559,1,1,1
36780,bot_iot,1,1.0,0.999093,0.999546,1,1,1
36781,bot_iot,1,1.0,0.999415,0.999707,1,1,1
36782,bot_iot,1,1.0,0.999335,0.999668,1,1,1
36790,bot_iot,1,1.0,0.999442,0.999721,1,1,1
36791,bot_iot,1,1.0,1.0,1.0,1,1,1
36794,bot_iot,1,1.0,0.998998,0.999499,1,1,1
36795,bot_iot,1,1.0,0.999224,0.999612,1,1,1
36813,bot_iot,1,1.0,1.0,1.0,1,1,1
36814,bot_iot,1,1.0,0.999433,0.999716,1,1,1
36819,bot_iot,1,1.0,0.999483,0.999741,1,1,1
36821,bot_iot,1,1.0,0.99935,0.999675,1,1,1
36830,bot_iot,1,1.0,0.999429,0.999715,1,1,1
36836,bot_iot,1,1.0,0.998832,0.999416,1,1,1
36838,bot_iot,1,1.0,0.999994,0.999997,1,1,1
36845,bot_iot,1,1.0,0.998998,0.999499,1,1,1
36847,bot_iot,1,1.0,0.999336,0.999668,1,1,1
36848,bot_iot,1,1.0,0.999386,0.999693,1,1,1
36853,bot_iot,1,1.0,0.999468,0.999734,1,1,1
36874,bot_iot,1,1.0,0.999991,0.999995,1,1,1
36878,bot_iot,1,1.0,0.999386,0.999693,1,1,1
36883,bot_iot,1,1.0,1.0,1.0,1,1,1
36887,bot_iot,1,1.0,0.99935,0.999675,1,1,1
36888,bot_iot,1,1.0,0.99934,0.99967,1,1,1
36893,bot_iot,1,1.0,0.999999,1.0,1,1,1
36897,bot_iot,1,1.0,0.999982,0.999991,1,1,1
36903,bot_iot,1,1.0,0.999398,0.999699,1,1,1
36907,bot_iot,1,1.0,0.998915,0.999458,1,1,1
36909,bot_iot,1,1.0,0.999091,0.999545,1,1,1
36916,bot_iot,1,1.0,0.999993,0.999997,1,1,1
36918,bot_iot,1,1.0,0.999468,0.999734,1,1,1
36922,bot_iot,1,1.0,0.999994,0.999997,1,1,1
36923,bot_iot,1,1.0,0.999268,0.999634,1,1,1
36927,bot_iot,1,1.0,1.0,1.0,1,1,1
36933,bot_iot,1,1.0,0.999468,0.999734,1,1,1
36942,bot_iot,1,1.0,0.999443,0.999721,1,1,1
36946,bot_iot,1,1.0,0.946107,0.973054,1,1,1
36948,bot_iot,1,1.0,0.998371,0.999185,1,1,1
36951,bot_iot,1,1.0,0.999992,0.999996,1,1,1
36953,bot_iot,1,1.0,0.999994,0.999997,1,1,1
36965,bot_iot,1,1.0,0.999993,0.999997,1,1,1
36970,bot_iot,1,1.0,0.999974,0.999987,1,1,1
36986,bot_iot,1,1.0,0.120452,0.560226,1,0,1
36988,bot_iot,1,1.0,0.998931,0.999466,1,1,1
36990,bot_iot,1,1.0,0.999177,0.999588,1,1,1
36991,bot_iot,1,1.0,1.0,1.0,1,1,1
36996,bot_iot,1,1.0,1.0,1.0,1,1,1
37007,bot_iot,1,1.0,1.0,1.0,1,1,1
37016,bot_iot,1,1.0,0.999465,0.999733,1,1,1
37017,bot_iot,1,1.0,0.99874,0.99937,1,1,1
37019,bot_iot,1,1.0,0.999443,0.999721,1,1,1
37025,bot_iot,1,1.0,0.999468,0.999734,1,1,1
37032,bot_iot,1,1.0,0.999993,0.999997,1,1,1
37040,bot_iot,1,1.0,1.0,1.0,1,1,1
37041,bot_iot,1,1.0,1.0,1.0,1,1,1
37042,bot_iot,1,1.0,0.485196,0.742598,1,0,1
37047,bot_iot,1,1.0,0.999987,0.999994,1,1,1
37050,bot_iot,1,1.0,0.999479,0.999739,1,1,1
37058,bot_iot,1,1.0,0.999993,0.999996,1,1,1
37059,bot_iot,1,1.0,0.999993,0.999997,1,1,1
37064,bot_iot,1,1.0,0.999993,0.999996,1,1,1
37065,bot_iot,1,1.0,0.998663,0.999332,1,1,1
37066,bot_iot,1,1.0,0.999414,0.999707,1,1,1
37068,bot_iot,1,1.0,1.0,1.0,1,1,1
37087,bot_iot,1,1.0,0.999468,0.999734,1,1,1
37091,bot_iot,1,1.0,0.999444,0.999722,1,1,1
37099,bot_iot,1,1.0,0.999414,0.999707,1,1,1
37100,bot_iot,1,1.0,1.0,1.0,1,1,1
37106,bot_iot,1,1.0,0.999173,0.999587,1,1,1
37115,bot_iot,1,1.0,0.999001,0.9995,1,1,1
37117,bot_iot,1,1.0,0.999992,0.999996,1,1,1
37119,bot_iot,1,1.0,0.976804,0.988402,1,1,1
37120,bot_iot,1,1.0,0.999994,0.999997,1,1,1
37121,bot_iot,1,1.0,0.999993,0.999996,1,1,1
37122,bot_iot,1,1.0,0.999986,0.999993,1,1,1
37129,bot_iot,1,1.0,1.0,1.0,1,1,1
37152,bot_iot,1,1.0,0.999312,0.999656,1,1,1
37163,bot_iot,1,1.0,0.99899,0.999495,1,1,1
37173,bot_iot,1,1.0,0.999484,0.999742,1,1,1
37178,bot_iot,1,1.0,1.0,1.0,1,1,1
37181,bot_iot,1,1.0,0.998996,0.999498,1,1,1
37187,bot_iot,1,1.0,0.999993,0.999996,1,1,1
37193,bot_iot,1,1.0,0.999992,0.999996,1,1,1
37195,bot_iot,1,1.0,0.999443,0.999721,1,1,1
37198,bot_iot,1,1.0,1.0,1.0,1,1,1
37199,bot_iot,1,1.0,0.999993,0.999997,1,1,1
37208,bot_iot,1,1.0,0.999483,0.999741,1,1,1
37214,bot_iot,1,1.0,1.0,1.0,1,1,1
37215,bot_iot,1,1.0,0.99947,0.999735,1,1,1
37228,bot_iot,1,1.0,0.99902,0.99951,1,1,1
37240,bot_iot,1,1.0,1.0,1.0,1,1,1
37241,bot_iot,1,1.0,0.998988,0.999494,1,1,1
37244,bot_iot,1,1.0,0.976804,0.988402,1,1,1
37248,bot_iot,1,1.0,0.999141,0.999571,1,1,1
37250,bot_iot,1,1.0,0.976804,0.988402,1,1,1
37251,bot_iot,1,1.0,1.0,1.0,1,1,1
37259,bot_iot,1,1.0,0.999062,0.999531,1,1,1
37260,bot_iot,1,1.0,0.996919,0.99846,1,1,1
37262,bot_iot,1,1.0,0.99932,0.99966,1,1,1
37273,bot_iot,1,1.0,0.999386,0.999693,1,1,1
37276,bot_iot,1,1.0,1.0,1.0,1,1,1
37278,bot_iot,1,1.0,0.999483,0.999741,1,1,1
37284,bot_iot,1,1.0,0.999993,0.999997,1,1,1
37286,bot_iot,1,1.0,0.999989,0.999995,1,1,1
37288,bot_iot,1,1.0,1.0,1.0,1,1,1
37293,bot_iot,1,1.0,0.999989,0.999995,1,1,1
37296,bot_iot,1,1.0,0.999442,0.999721,1,1,1
37300,bot_iot,1,1.0,0.999416,0.999708,1,1,1
37310,bot_iot,1,1.0,0.999455,0.999727,1,1,1
37314,bot_iot,1,1.0,0.999426,0.999713,1,1,1
37315,bot_iot,1,1.0,0.999349,0.999674,1,1,1
37322,bot_iot,1,1.0,0.999184,0.999592,1,1,1
37329,bot_iot,1,1.0,0.99934,0.99967,1,1,1
37332,bot_iot,1,1.0,0.999993,0.999997,1,1,1
37336,bot_iot,1,1.0,0.999993,0.999997,1,1,1
37358,bot_iot,1,1.0,0.999374,0.999687,1,1,1
37359,bot_iot,1,1.0,0.999442,0.999721,1,1,1
37371,bot_iot,1,1.0,0.999431,0.999715,1,1,1
37375,bot_iot,1,1.0,0.998896,0.999448,1,1,1
37378,bot_iot,1,1.0,0.999384,0.999692,1,1,1
37382,bot_iot,1,1.0,0.999338,0.999669,1,1,1
37387,bot_iot,1,1.0,0.999444,0.999722,1,1,1
37394,bot_iot,1,1.0,0.998979,0.99949,1,1,1
37401,bot_iot,1,1.0,0.998957,0.999478,1,1,1
37405,bot_iot,1,1.0,0.999993,0.999997,1,1,1
37415,bot_iot,1,1.0,0.996285,0.998142,1,1,1
37418,bot_iot,1,1.0,0.99934,0.99967,1,1,1
37420,bot_iot,1,1.0,0.999986,0.999993,1,1,1
37426,bot_iot,1,1.0,1.0,1.0,1,1,1
37430,bot_iot,1,1.0,0.999443,0.999721,1,1,1
37437,bot_iot,1,1.0,0.999988,0.999994,1,1,1
37445,bot_iot,1,1.0,0.999989,0.999995,1,1,1
37447,bot_iot,1,1.0,0.999172,0.999586,1,1,1
37448,bot_iot,1,1.0,0.999061,0.999531,1,1,1
37449,bot_iot,1,0.68716,0.052504,0.369832,1,0,0
37456,bot_iot,1,1.0,0.999467,0.999734,1,1,1
37457,bot_iot,1,1.0,0.998893,0.999447,1,1,1
37458,bot_iot,1,1.0,0.998896,0.999448,1,1,1
37459,bot_iot,1,1.0,0.999989,0.999995,1,1,1
37465,bot_iot,1,1.0,0.998998,0.999499,1,1,1
37466,bot_iot,1,1.0,0.999993,0.999997,1,1,1
37467,bot_iot,1,1.0,0.999443,0.999721,1,1,1
37469,bot_iot,1,1.0,0.999106,0.999553,1,1,1
37472,bot_iot,1,1.0,0.999174,0.999587,1,1,1
37473,bot_iot,1,1.0,1.0,1.0,1,1,1
37482,bot_iot,1,1.0,0.999993,0.999996,1,1,1
37483,bot_iot,1,1.0,0.998834,0.999417,1,1,1
37486,bot_iot,1,1.0,0.999993,0.999996,1,1,1
37487,bot_iot,1,1.0,0.999468,0.999734,1,1,1
37488,bot_iot,1,1.0,0.999466,0.999733,1,1,1
37493,bot_iot,1,1.0,0.998877,0.999438,1,1,1
37500,bot_iot,1,1.0,0.999438,0.999719,1,1,1
37508,bot_iot,1,1.0,0.998933,0.999467,1,1,1
37518,bot_iot,1,1.0,0.999482,0.999741,1,1,1
37520,bot_iot,1,1.0,0.999332,0.999666,1,1,1
37529,bot_iot,1,1.0,0.998879,0.999439,1,1,1
37533,bot_iot,1,1.0,0.999483,0.999741,1,1,1
37534,bot_iot,1,1.0,0.999466,0.999733,1,1,1
37536,bot_iot,1,1.0,0.99934,0.99967,1,1,1
37541,bot_iot,1,1.0,0.999993,0.999997,1,1,1
37546,bot_iot,1,1.0,0.999991,0.999995,1,1,1
37558,bot_iot,1,1.0,0.999993,0.999997,1,1,1
37559,bot_iot,1,1.0,0.999993,0.999997,1,1,1
37560,bot_iot,1,1.0,0.999935,0.999967,1,1,1
37561,bot_iot,1,1.0,0.998896,0.999448,1,1,1
37573,bot_iot,1,1.0,0.99935,0.999675,1,1,1
37576,bot_iot,1,1.0,0.999967,0.999983,1,1,1
37583,bot_iot,1,1.0,1.0,1.0,1,1,1
37591,bot_iot,1,1.0,0.999993,0.999996,1,1,1
37596,bot_iot,1,1.0,0.999462,0.999731,1,1,1
37599,bot_iot,1,1.0,0.999986,0.999993,1,1,1
37600,bot_iot,1,1.0,0.99999,0.999995,1,1,1
37601,bot_iot,1,1.0,0.999975,0.999987,1,1,1
37605,bot_iot,1,1.0,0.999994,0.999997,1,1,1
37610,bot_iot,1,1.0,0.99935,0.999675,1,1,1
37614,bot_iot,1,1.0,0.999973,0.999987,1,1,1
37624,bot_iot,1,1.0,0.999384,0.999692,1,1,1
37628,bot_iot,1,1.0,0.999049,0.999524,1,1,1
37631,bot_iot,1,1.0,0.999443,0.999721,1,1,1
37633,bot_iot,1,1.0,0.999981,0.99999,1,1,1
37639,bot_iot,1,1.0,0.999172,0.999586,1,1,1
37642,bot_iot,1,1.0,0.999466,0.999733,1,1,1
37643,bot_iot,1,1.0,0.998937,0.999468,1,1,1
37656,bot_iot,1,1.0,0.999468,0.999734,1,1,1
37660,bot_iot,1,1.0,0.999268,0.999634,1,1,1
37661,bot_iot,1,1.0,0.999443,0.999721,1,1,1
37663,bot_iot,1,1.0,0.99947,0.999735,1,1,1
37667,bot_iot,1,1.0,0.999993,0.999997,1,1,1
37670,bot_iot,1,1.0,0.999347,0.999673,1,1,1
37673,bot_iot,1,1.0,0.999994,0.999997,1,1,1
37683,bot_iot,1,1.0,1.0,1.0,1,1,1
37691,bot_iot,1,1.0,0.999994,0.999997,1,1,1
37695,bot_iot,1,1.0,0.999462,0.999731,1,1,1
37703,bot_iot,1,1.0,1.0,1.0,1,1,1
37704,bot_iot,1,1.0,0.999987,0.999994,1,1,1
37707,bot_iot,1,1.0,0.999988,0.999994,1,1,1
37716,bot_iot,1,1.0,0.999987,0.999993,1,1,1
37720,bot_iot,1,1.0,0.999444,0.999722,1,1,1
37740,bot_iot,1,1.0,0.997114,0.998557,1,1,1
37743,bot_iot,1,1.0,0.976804,0.988402,1,1,1
37746,bot_iot,1,1.0,0.999268,0.999634,1,1,1
37751,bot_iot,1,1.0,1.0,1.0,1,1,1
37756,bot_iot,1,1.0,0.999987,0.999994,1,1,1
37764,bot_iot,1,1.0,0.998085,0.999043,1,1,1
37768,bot_iot,1,1.0,1.0,1.0,1,1,1
37772,bot_iot,1,1.0,0.999935,0.999968,1,1,1
37773,bot_iot,1,1.0,0.999312,0.999656,1,1,1
37788,bot_iot,1,1.0,0.999061,0.999531,1,1,1
37789,bot_iot,1,1.0,1.0,1.0,1,1,1
37791,bot_iot,1,1.0,0.999187,0.999593,1,1,1
37800,bot_iot,1,1.0,0.998937,0.999469,1,1,1
37817,bot_iot,1,1.0,0.999348,0.999674,1,1,1
37822,bot_iot,1,1.0,1.0,1.0,1,1,1
37824,bot_iot,1,1.0,0.998931,0.999466,1,1,1
37827,bot_iot,1,1.0,1.0,1.0,1,1,1
37829,bot_iot,1,1.0,0.99944,0.99972,1,1,1
37832,bot_iot,1,1.0,0.999467,0.999733,1,1,1
37834,bot_iot,1,1.0,0.999442,0.999721,1,1,1
37845,bot_iot,1,1.0,1.0,1.0,1,1,1
37850,bot_iot,1,1.0,0.999993,0.999997,1,1,1
37851,bot_iot,1,1.0,0.99884,0.99942,1,1,1
37858,bot_iot,1,1.0,1.0,1.0,1,1,1
37859,bot_iot,1,1.0,0.999348,0.999674,1,1,1
37861,bot_iot,1,1.0,0.999468,0.999734,1,1,1
37867,bot_iot,1,1.0,1.0,1.0,1,1,1
37871,bot_iot,1,1.0,0.999993,0.999997,1,1,1
37877,bot_iot,1,1.0,0.999987,0.999993,1,1,1
37881,bot_iot,1,1.0,0.999993,0.999996,1,1,1
37892,bot_iot,1,1.0,0.999443,0.999721,1,1,1
37895,bot_iot,1,1.0,0.999443,0.999721,1,1,1
37898,bot_iot,1,1.0,0.999335,0.999668,1,1,1
37901,bot_iot,1,1.0,0.999993,0.999997,1,1,1
37903,bot_iot,1,1.0,0.998829,0.999414,1,1,1
37906,bot_iot,1,1.0,0.998989,0.999494,1,1,1
37923,bot_iot,1,1.0,0.999416,0.999708,1,1,1
37938,bot_iot,1,1.0,0.999066,0.999533,1,1,1
37957,bot_iot,1,1.0,0.999442,0.999721,1,1,1
37960,bot_iot,1,1.0,0.999443,0.999721,1,1,1
37962,bot_iot,1,1.0,1.0,1.0,1,1,1
37968,bot_iot,1,1.0,0.999312,0.999656,1,1,1
37971,bot_iot,1,1.0,0.999443,0.999721,1,1,1
37996,bot_iot,1,1.0,0.998577,0.999288,1,1,1
37998,bot_iot,1,1.0,0.999465,0.999732,1,1,1
38008,bot_iot,1,1.0,0.999993,0.999996,1,1,1
38020,bot_iot,1,1.0,0.999091,0.999545,1,1,1
38021,bot_iot,1,1.0,0.999988,0.999994,1,1,1
38026,bot_iot,1,1.0,1.0,1.0,1,1,1
38038,bot_iot,1,1.0,1.0,1.0,1,1,1
38041,bot_iot,1,1.0,1.0,1.0,1,1,1
38043,bot_iot,1,1.0,1.0,1.0,1,1,1
38054,bot_iot,1,1.0,0.999993,0.999997,1,1,1
38064,bot_iot,1,1.0,0.999268,0.999634,1,1,1
38072,bot_iot,1,1.0,0.999063,0.999531,1,1,1
38074,bot_iot,1,1.0,0.999988,0.999994,1,1,1
38081,bot_iot,1,1.0,0.999988,0.999994,1,1,1
38087,bot_iot,1,1.0,0.999993,0.999997,1,1,1
38088,bot_iot,1,1.0,0.976804,0.988402,1,1,1
38094,bot_iot,1,1.0,0.999442,0.999721,1,1,1
38095,bot_iot,1,1.0,0.976804,0.988402,1,1,1
38096,bot_iot,1,1.0,0.999093,0.999546,1,1,1
38099,bot_iot,1,1.0,0.999444,0.999722,1,1,1
38106,bot_iot,1,1.0,0.999416,0.999708,1,1,1
38120,bot_iot,1,1.0,0.999431,0.999715,1,1,1
38128,bot_iot,1,1.0,1.0,1.0,1,1,1
38134,bot_iot,1,1.0,0.999468,0.999734,1,1,1
38136,bot_iot,1,1.0,0.999468,0.999734,1,1,1
38150,bot_iot,1,1.0,0.999384,0.999692,1,1,1
38151,bot_iot,1,1.0,0.998996,0.999498,1,1,1
38155,bot_iot,1,1.0,1.0,1.0,1,1,1
38161,bot_iot,1,1.0,1.0,1.0,1,1,1
38169,bot_iot,1,1.0,0.997652,0.998826,1,1,1
38170,bot_iot,1,1.0,0.485196,0.742598,1,0,1
38174,bot_iot,1,1.0,0.998878,0.999439,1,1,1
38178,bot_iot,1,0.99,1.0,0.995,1,1,1
38187,bot_iot,1,1.0,0.999364,0.999682,1,1,1
38192,bot_iot,1,1.0,0.999994,0.999997,1,1,1
38195,bot_iot,1,1.0,0.999963,0.999982,1,1,1
38213,bot_iot,1,1.0,0.999987,0.999993,1,1,1
38214,bot_iot,1,1.0,0.999438,0.999719,1,1,1
38219,bot_iot,1,1.0,0.976804,0.988402,1,1,1
38235,bot_iot,1,1.0,0.998936,0.999468,1,1,1
38238,bot_iot,1,1.0,0.998843,0.999422,1,1,1
38255,bot_iot,1,1.0,0.99948,0.99974,1,1,1
38260,bot_iot,1,1.0,0.999468,0.999734,1,1,1
38265,bot_iot,1,1.0,0.999182,0.999591,1,1,1
38281,bot_iot,1,1.0,0.99935,0.999675,1,1,1
38289,bot_iot,1,1.0,0.999422,0.999711,1,1,1
38290,bot_iot,1,1.0,1.0,1.0,1,1,1
38292,bot_iot,1,1.0,0.999093,0.999546,1,1,1
38294,bot_iot,1,1.0,0.999427,0.999714,1,1,1
38295,bot_iot,1,1.0,1.0,1.0,1,1,1
38300,bot_iot,1,1.0,0.999166,0.999583,1,1,1
38306,bot_iot,1,1.0,0.999363,0.999682,1,1,1
38309,bot_iot,1,1.0,0.999431,0.999715,1,1,1
38312,bot_iot,1,1.0,0.999431,0.999716,1,1,1
38320,bot_iot,1,1.0,0.99941,0.999705,1,1,1
38323,bot_iot,1,1.0,0.999462,0.999731,1,1,1
38325,bot_iot,1,1.0,0.999268,0.999634,1,1,1
38328,bot_iot,1,1.0,0.999442,0.999721,1,1,1
38340,bot_iot,1,1.0,1.0,1.0,1,1,1
38343,bot_iot,1,1.0,1.0,1.0,1,1,1
38373,bot_iot,1,1.0,0.99934,0.99967,1,1,1
38382,bot_iot,1,1.0,0.997768,0.998884,1,1,1
38383,bot_iot,1,1.0,0.999993,0.999997,1,1,1
38386,bot_iot,1,1.0,1.0,1.0,1,1,1
38404,bot_iot,1,1.0,0.999993,0.999996,1,1,1
38406,bot_iot,1,1.0,0.99893,0.999465,1,1,1
38412,bot_iot,1,1.0,0.999468,0.999734,1,1,1
38418,bot_iot,1,1.0,0.999438,0.999719,1,1,1
38420,bot_iot,1,1.0,0.999172,0.999586,1,1,1
38427,bot_iot,1,1.0,1.0,1.0,1,1,1
38434,bot_iot,1,1.0,0.999442,0.999721,1,1,1
38444,bot_iot,1,1.0,0.999468,0.999734,1,1,1
38447,bot_iot,1,1.0,0.99935,0.999675,1,1,1
38450,bot_iot,1,1.0,0.998898,0.999449,1,1,1
38456,bot_iot,1,1.0,0.999442,0.999721,1,1,1
38461,bot_iot,1,1.0,1.0,1.0,1,1,1
38469,bot_iot,1,1.0,0.999442,0.999721,1,1,1
38470,bot_iot,1,1.0,0.999468,0.999734,1,1,1
38476,bot_iot,1,1.0,1.0,1.0,1,1,1
38479,bot_iot,1,1.0,0.999994,0.999997,1,1,1
38480,bot_iot,1,1.0,0.999334,0.999667,1,1,1
38481,bot_iot,1,1.0,0.999993,0.999997,1,1,1
38484,bot_iot,1,1.0,0.999436,0.999718,1,1,1
38493,bot_iot,1,1.0,0.999163,0.999582,1,1,1
38494,bot_iot,1,1.0,0.999416,0.999708,1,1,1
38501,bot_iot,1,1.0,1.0,1.0,1,1,1
38503,bot_iot,1,1.0,0.999173,0.999587,1,1,1
38513,bot_iot,1,1.0,0.999336,0.999668,1,1,1
38515,bot_iot,1,1.0,0.99948,0.99974,1,1,1
38518,bot_iot,1,1.0,0.99947,0.999735,1,1,1
38530,bot_iot,1,1.0,0.998989,0.999495,1,1,1
38545,bot_iot,1,1.0,0.976804,0.988402,1,1,1
38547,bot_iot,1,1.0,0.999443,0.999721,1,1,1
38550,bot_iot,1,1.0,0.99947,0.999735,1,1,1
38555,bot_iot,1,1.0,0.99893,0.999465,1,1,1
38557,bot_iot,1,1.0,0.999994,0.999997,1,1,1
38572,bot_iot,1,1.0,0.99921,0.999605,1,1,1
38589,bot_iot,1,1.0,0.998898,0.999449,1,1,1
38602,bot_iot,1,1.0,0.999994,0.999997,1,1,1
38610,bot_iot,1,1.0,0.976804,0.988402,1,1,1
38627,bot_iot,1,1.0,0.999993,0.999997,1,1,1
38629,bot_iot,1,1.0,0.999312,0.999656,1,1,1
38632,bot_iot,1,1.0,1.0,1.0,1,1,1
38637,bot_iot,1,1.0,0.999362,0.999681,1,1,1
38639,bot_iot,1,1.0,0.99902,0.99951,1,1,1
38649,bot_iot,1,1.0,0.998932,0.999466,1,1,1
38652,bot_iot,1,1.0,0.999974,0.999987,1,1,1
38656,bot_iot,1,1.0,0.999268,0.999634,1,1,1
38662,bot_iot,1,1.0,1.0,1.0,1,1,1
38666,bot_iot,1,1.0,0.999965,0.999983,1,1,1
38676,bot_iot,1,1.0,0.999268,0.999634,1,1,1
38679,bot_iot,1,1.0,0.999468,0.999734,1,1,1
38687,bot_iot,1,1.0,0.998879,0.999439,1,1,1
38701,bot_iot,1,1.0,0.999442,0.999721,1,1,1
38705,bot_iot,1,1.0,0.999468,0.999734,1,1,1
38707,bot_iot,1,1.0,1.0,1.0,1,1,1
38711,bot_iot,1,1.0,0.999442,0.999721,1,1,1
38712,bot_iot,1,1.0,0.999446,0.999723,1,1,1
38721,bot_iot,1,1.0,0.99935,0.999675,1,1,1
38722,bot_iot,1,1.0,0.999496,0.999748,1,1,1
38729,bot_iot,1,1.0,0.999433,0.999716,1,1,1
38735,bot_iot,1,1.0,0.999347,0.999673,1,1,1
38736,bot_iot,1,1.0,0.999442,0.999721,1,1,1
38740,bot_iot,1,1.0,1.0,1.0,1,1,1
38741,bot_iot,1,0.99475,0.120451,0.5576,1,0,1
38752,bot_iot,1,1.0,0.999108,0.999554,1,1,1
38754,bot_iot,1,1.0,1.0,1.0,1,1,1
38763,bot_iot,1,1.0,1.0,1.0,1,1,1
38782,bot_iot,1,1.0,1.0,1.0,1,1,1
38784,bot_iot,1,1.0,0.999987,0.999994,1,1,1
38789,bot_iot,1,1.0,0.999427,0.999714,1,1,1
38792,bot_iot,1,1.0,0.999171,0.999585,1,1,1
38798,bot_iot,1,1.0,1.0,1.0,1,1,1
38802,bot_iot,1,1.0,0.999993,0.999996,1,1,1
38803,bot_iot,1,1.0,1.0,1.0,1,1,1
38805,bot_iot,1,1.0,0.999135,0.999567,1,1,1
38806,bot_iot,1,1.0,0.999211,0.999605,1,1,1
38810,bot_iot,1,1.0,0.999382,0.999691,1,1,1
38812,bot_iot,1,1.0,1.0,1.0,1,1,1
38824,bot_iot,1,1.0,1.0,1.0,1,1,1
38833,bot_iot,1,1.0,0.999426,0.999713,1,1,1
38834,bot_iot,1,1.0,1.0,1.0,1,1,1
38840,bot_iot,1,1.0,0.999992,0.999996,1,1,1
38844,bot_iot,1,1.0,0.999385,0.999693,1,1,1
38855,bot_iot,1,1.0,1.0,1.0,1,1,1
38862,bot_iot,1,1.0,0.999062,0.999531,1,1,1
38866,bot_iot,1,1.0,0.976804,0.988402,1,1,1
38869,bot_iot,1,1.0,0.999993,0.999997,1,1,1
38874,bot_iot,1,1.0,0.999299,0.999649,1,1,1
38876,bot_iot,1,1.0,1.0,1.0,1,1,1
38892,bot_iot,1,1.0,1.0,1.0,1,1,1
38894,bot_iot,1,1.0,0.999993,0.999996,1,1,1
38904,bot_iot,1,1.0,0.999464,0.999732,1,1,1
38905,bot_iot,1,1.0,0.999483,0.999741,1,1,1
38906,bot_iot,1,1.0,1.0,1.0,1,1,1
38907,bot_iot,1,1.0,0.999173,0.999587,1,1,1
38913,bot_iot,1,1.0,0.999993,0.999997,1,1,1
38915,bot_iot,1,1.0,0.999993,0.999997,1,1,1
38925,bot_iot,1,1.0,0.999479,0.999739,1,1,1
38938,bot_iot,1,1.0,0.998895,0.999448,1,1,1
38944,bot_iot,1,1.0,0.999427,0.999713,1,1,1
38949,bot_iot,1,1.0,0.99893,0.999465,1,1,1
38952,bot_iot,1,1.0,0.999336,0.999668,1,1,1
38956,bot_iot,1,1.0,0.999431,0.999716,1,1,1
38967,bot_iot,1,1.0,0.999414,0.999707,1,1,1
38968,bot_iot,1,1.0,1.0,1.0,1,1,1
38979,bot_iot,1,1.0,1.0,1.0,1,1,1
38989,bot_iot,1,1.0,0.999416,0.999708,1,1,1
38996,bot_iot,1,1.0,0.995888,0.997944,1,1,1
39010,bot_iot,1,1.0,0.999172,0.999586,1,1,1
39012,bot_iot,1,1.0,0.999093,0.999546,1,1,1
39024,bot_iot,1,1.0,0.999174,0.999587,1,1,1
39025,bot_iot,1,1.0,0.999268,0.999634,1,1,1
39026,bot_iot,1,1.0,0.999174,0.999587,1,1,1
39030,bot_iot,1,1.0,1.0,1.0,1,1,1
39032,bot_iot,1,1.0,0.976804,0.988402,1,1,1
39033,bot_iot,1,1.0,1.0,1.0,1,1,1
39037,bot_iot,1,1.0,0.997241,0.998621,1,1,1
39043,bot_iot,1,1.0,0.995109,0.997555,1,1,1
39044,bot_iot,1,1.0,1.0,1.0,1,1,1
39054,bot_iot,1,1.0,0.998999,0.999499,1,1,1
39055,bot_iot,1,1.0,0.999482,0.999741,1,1,1
39057,bot_iot,1,1.0,0.999398,0.999699,1,1,1
39069,bot_iot,1,1.0,0.998894,0.999447,1,1,1
39072,bot_iot,1,1.0,0.999992,0.999996,1,1,1
39074,bot_iot,1,1.0,0.999993,0.999997,1,1,1
39078,bot_iot,1,1.0,1.0,1.0,1,1,1
39082,bot_iot,1,1.0,0.999415,0.999707,1,1,1
39110,bot_iot,1,1.0,0.999385,0.999692,1,1,1
39113,bot_iot,1,1.0,0.999991,0.999996,1,1,1
39117,bot_iot,1,1.0,1.0,1.0,1,1,1
39123,bot_iot,1,1.0,1.0,1.0,1,1,1
39129,bot_iot,1,1.0,1.0,1.0,1,1,1
39133,bot_iot,1,1.0,0.99893,0.999465,1,1,1
39136,bot_iot,1,1.0,0.999171,0.999586,1,1,1
39139,bot_iot,1,1.0,0.998988,0.999494,1,1,1
39143,bot_iot,1,1.0,0.999987,0.999993,1,1,1
39157,bot_iot,1,1.0,0.999186,0.999593,1,1,1
39159,bot_iot,1,1.0,1.0,1.0,1,1,1
39167,bot_iot,1,1.0,0.999468,0.999734,1,1,1
39168,bot_iot,1,1.0,1.0,1.0,1,1,1
39179,bot_iot,1,1.0,0.999994,0.999997,1,1,1
39182,bot_iot,1,1.0,1.0,1.0,1,1,1
39183,bot_iot,1,1.0,0.999335,0.999667,1,1,1
39184,bot_iot,1,1.0,0.999975,0.999987,1,1,1
39188,bot_iot,1,1.0,1.0,1.0,1,1,1
39189,bot_iot,1,1.0,0.999347,0.999674,1,1,1
39194,bot_iot,1,1.0,0.999062,0.999531,1,1,1
39211,bot_iot,1,1.0,0.999989,0.999995,1,1,1
39229,bot_iot,1,1.0,0.999434,0.999717,1,1,1
39244,bot_iot,1,1.0,0.999994,0.999997,1,1,1
39247,bot_iot,1,1.0,0.999443,0.999721,1,1,1
39259,bot_iot,1,1.0,0.998486,0.999243,1,1,1
39260,bot_iot,1,1.0,0.999067,0.999534,1,1,1
39264,bot_iot,1,1.0,0.998899,0.999449,1,1,1
39269,bot_iot,1,1.0,1.0,1.0,1,1,1
39272,bot_iot,1,1.0,0.999465,0.999733,1,1,1
39277,bot_iot,1,1.0,0.999993,0.999997,1,1,1
39283,bot_iot,1,1.0,0.999171,0.999586,1,1,1
39285,bot_iot,1,1.0,0.999463,0.999731,1,1,1
39288,bot_iot,1,1.0,1.0,1.0,1,1,1
39297,bot_iot,1,1.0,0.999994,0.999997,1,1,1
39314,bot_iot,1,1.0,0.999468,0.999734,1,1,1
39318,bot_iot,1,1.0,1.0,1.0,1,1,1
39325,bot_iot,1,1.0,0.999091,0.999546,1,1,1
39330,bot_iot,1,1.0,0.999483,0.999742,1,1,1
39336,bot_iot,1,1.0,0.999386,0.999693,1,1,1
39346,bot_iot,1,1.0,0.999479,0.999739,1,1,1
39361,bot_iot,1,1.0,1.0,1.0,1,1,1
39371,bot_iot,1,1.0,0.99999,0.999995,1,1,1
39378,bot_iot,1,1.0,0.999438,0.999719,1,1,1
39382,bot_iot,1,1.0,1.0,1.0,1,1,1
39383,bot_iot,1,1.0,0.999993,0.999996,1,1,1
39389,bot_iot,1,1.0,1.0,1.0,1,1,1
39397,bot_iot,1,1.0,0.999443,0.999721,1,1,1
39398,bot_iot,1,1.0,0.999992,0.999996,1,1,1
39400,bot_iot,1,1.0,0.999384,0.999692,1,1,1
39401,bot_iot,1,1.0,0.99943,0.999715,1,1,1
39404,bot_iot,1,1.0,0.999994,0.999997,1,1,1
39410,bot_iot,1,1.0,0.999463,0.999732,1,1,1
39419,bot_iot,1,1.0,0.999434,0.999717,1,1,1
39423,bot_iot,1,1.0,0.99935,0.999675,1,1,1
39441,bot_iot,1,1.0,0.99899,0.999495,1,1,1
39461,bot_iot,1,1.0,0.999468,0.999734,1,1,1
39464,bot_iot,1,1.0,1.0,1.0,1,1,1
39473,bot_iot,1,1.0,0.999118,0.999559,1,1,1
39482,bot_iot,1,1.0,0.999109,0.999554,1,1,1
39488,bot_iot,1,1.0,0.999217,0.999609,1,1,1
39490,bot_iot,1,1.0,0.999188,0.999594,1,1,1
39494,bot_iot,1,1.0,0.999465,0.999732,1,1,1
39495,bot_iot,1,1.0,0.999991,0.999995,1,1,1
39505,bot_iot,1,1.0,0.998989,0.999495,1,1,1
39508,bot_iot,1,1.0,0.999986,0.999993,1,1,1
39509,bot_iot,1,1.0,0.998878,0.999439,1,1,1
39523,bot_iot,1,1.0,0.999993,0.999997,1,1,1
39539,bot_iot,1,1.0,0.999443,0.999721,1,1,1
39541,bot_iot,1,1.0,0.999442,0.999721,1,1,1
39542,bot_iot,1,1.0,0.999348,0.999674,1,1,1
39544,bot_iot,1,1.0,0.999172,0.999586,1,1,1
39551,bot_iot,1,1.0,0.999443,0.999721,1,1,1
39553,bot_iot,1,1.0,0.999093,0.999546,1,1,1
39554,bot_iot,1,1.0,0.999984,0.999992,1,1,1
39555,bot_iot,1,1.0,0.999989,0.999995,1,1,1
39560,bot_iot,1,1.0,0.999465,0.999733,1,1,1
39564,bot_iot,1,1.0,0.998936,0.999468,1,1,1
39571,bot_iot,1,1.0,0.976804,0.988402,1,1,1
39578,bot_iot,1,1.0,0.999468,0.999734,1,1,1
39581,bot_iot,1,1.0,0.999475,0.999738,1,1,1
39582,bot_iot,1,1.0,0.999993,0.999997,1,1,1
39583,bot_iot,1,1.0,1.0,1.0,1,1,1
39584,bot_iot,1,1.0,0.999468,0.999734,1,1,1
39585,bot_iot,1,1.0,0.99883,0.999415,1,1,1
39587,bot_iot,1,1.0,0.999463,0.999731,1,1,1
39588,bot_iot,1,1.0,0.999138,0.999569,1,1,1
39599,bot_iot,1,1.0,1.0,1.0,1,1,1
39604,bot_iot,1,1.0,0.998872,0.999436,1,1,1
39607,bot_iot,1,1.0,0.998988,0.999494,1,1,1
39608,bot_iot,1,1.0,0.999385,0.999692,1,1,1
39612,bot_iot,1,1.0,0.999993,0.999997,1,1,1
39623,bot_iot,1,1.0,1.0,1.0,1,1,1
39632,bot_iot,1,1.0,1.0,1.0,1,1,1
39637,bot_iot,1,1.0,0.999348,0.999674,1,1,1
39645,bot_iot,1,1.0,1.0,1.0,1,1,1
39647,bot_iot,1,1.0,1.0,1.0,1,1,1
39648,bot_iot,1,1.0,0.999987,0.999994,1,1,1
39652,bot_iot,1,1.0,1.0,1.0,1,1,1
39654,bot_iot,1,1.0,0.999483,0.999741,1,1,1
39658,bot_iot,1,1.0,0.999414,0.999707,1,1,1
39661,bot_iot,1,1.0,0.99899,0.999495,1,1,1
39677,bot_iot,1,1.0,0.999442,0.999721,1,1,1
39680,bot_iot,1,1.0,0.999184,0.999592,1,1,1
39683,bot_iot,1,1.0,0.997699,0.99885,1,1,1
39684,bot_iot,1,1.0,0.999214,0.999607,1,1,1
39685,bot_iot,1,1.0,1.0,1.0,1,1,1
39695,bot_iot,1,1.0,0.999991,0.999996,1,1,1
39697,bot_iot,1,1.0,1.0,1.0,1,1,1
39698,bot_iot,1,1.0,0.99893,0.999465,1,1,1
39700,bot_iot,1,1.0,0.997093,0.998546,1,1,1
39704,bot_iot,1,1.0,0.999434,0.999717,1,1,1
39712,bot_iot,1,1.0,0.99999,0.999995,1,1,1
39733,bot_iot,1,1.0,0.999118,0.999559,1,1,1
39736,bot_iot,1,1.0,0.999336,0.999668,1,1,1
39752,bot_iot,1,1.0,0.999992,0.999996,1,1,1
39754,bot_iot,1,1.0,0.999173,0.999587,1,1,1
39757,bot_iot,1,1.0,0.999993,0.999997,1,1,1
39760,bot_iot,1,1.0,0.998989,0.999495,1,1,1
39765,bot_iot,1,1.0,0.999468,0.999734,1,1,1
39779,bot_iot,1,1.0,0.999999,1.0,1,1,1
39783,bot_iot,1,0.02,0.448048,0.234024,0,0,0
39787,bot_iot,1,1.0,0.999046,0.999523,1,1,1
39789,bot_iot,1,1.0,0.999993,0.999997,1,1,1
39800,bot_iot,1,1.0,0.999062,0.999531,1,1,1
39801,bot_iot,1,1.0,0.999141,0.99957,1,1,1
39810,bot_iot,1,1.0,0.999384,0.999692,1,1,1
39814,bot_iot,1,1.0,0.999044,0.999522,1,1,1
39819,bot_iot,1,1.0,0.999483,0.999742,1,1,1
39820,bot_iot,1,1.0,1.0,1.0,1,1,1
39823,bot_iot,1,1.0,0.999444,0.999722,1,1,1
39825,bot_iot,1,1.0,0.976804,0.988402,1,1,1
39836,bot_iot,1,1.0,0.999993,0.999997,1,1,1
39846,bot_iot,1,1.0,0.999438,0.999719,1,1,1
39847,bot_iot,1,1.0,0.997887,0.998943,1,1,1
39851,bot_iot,1,1.0,0.999268,0.999634,1,1,1
39865,bot_iot,1,1.0,0.999385,0.999692,1,1,1
39894,bot_iot,1,1.0,1.0,1.0,1,1,1
39901,bot_iot,1,1.0,0.999093,0.999546,1,1,1
39905,bot_iot,1,1.0,0.998896,0.999448,1,1,1
39906,bot_iot,1,1.0,0.997292,0.998646,1,1,1
39912,bot_iot,1,1.0,1.0,1.0,1,1,1
39916,bot_iot,1,1.0,0.999468,0.999734,1,1,1
39923,bot_iot,1,1.0,0.999182,0.999591,1,1,1
39924,bot_iot,1,1.0,0.999444,0.999722,1,1,1
39931,bot_iot,1,1.0,0.999993,0.999997,1,1,1
39937,bot_iot,1,1.0,0.999268,0.999634,1,1,1
39938,bot_iot,1,1.0,0.999468,0.999734,1,1,1
39948,bot_iot,1,1.0,0.999993,0.999997,1,1,1
39949,bot_iot,1,1.0,0.999432,0.999716,1,1,1
39963,bot_iot,1,1.0,0.999118,0.999559,1,1,1
39970,bot_iot,1,1.0,0.999226,0.999613,1,1,1
39973,bot_iot,1,1.0,1.0,1.0,1,1,1
39974,bot_iot,1,1.0,0.999468,0.999734,1,1,1
39976,bot_iot,1,1.0,0.999392,0.999696,1,1,1
39980,bot_iot,1,1.0,0.99941,0.999705,1,1,1
39987,bot_iot,1,1.0,0.999991,0.999996,1,1,1
39993,bot_iot,1,1.0,0.999466,0.999733,1,1,1
39995,bot_iot,1,1.0,0.998878,0.999439,1,1,1
39996,bot_iot,1,1.0,0.999172,0.999586,1,1,1
39998,bot_iot,1,1.0,0.999994,0.999997,1,1,1
40000,bot_iot,1,1.0,0.998937,0.999468,1,1,1
40001,bot_iot,1,1.0,0.999335,0.999668,1,1,1
40005,bot_iot,1,1.0,1.0,1.0,1,1,1
40017,bot_iot,1,1.0,0.999991,0.999995,1,1,1
40025,bot_iot,1,1.0,0.999091,0.999545,1,1,1
40027,bot_iot,1,1.0,0.95296,0.97648,1,1,1
40033,bot_iot,1,1.0,0.998874,0.999437,1,1,1
40034,bot_iot,1,1.0,1.0,1.0,1,1,1
40046,bot_iot,1,1.0,0.999442,0.999721,1,1,1
40053,bot_iot,1,1.0,0.999993,0.999997,1,1,1
40057,bot_iot,1,1.0,0.999268,0.999634,1,1,1
40060,bot_iot,1,1.0,0.999432,0.999716,1,1,1
40064,bot_iot,1,1.0,0.999468,0.999734,1,1,1
40065,bot_iot,1,1.0,1.0,1.0,1,1,1
40067,bot_iot,1,1.0,0.999988,0.999994,1,1,1
40068,bot_iot,1,1.0,0.999383,0.999692,1,1,1
40073,bot_iot,1,1.0,0.99935,0.999675,1,1,1
40077,bot_iot,1,1.0,1.0,1.0,1,1,1
40080,bot_iot,1,1.0,1.0,1.0,1,1,1
40118,bot_iot,1,1.0,0.999437,0.999718,1,1,1
40126,bot_iot,1,1.0,0.999468,0.999734,1,1,1
40127,bot_iot,1,1.0,0.997175,0.998587,1,1,1
40131,bot_iot,1,1.0,0.999465,0.999733,1,1,1
40144,bot_iot,1,1.0,0.999988,0.999994,1,1,1
40150,bot_iot,1,1.0,0.999438,0.999719,1,1,1
40163,bot_iot,1,1.0,0.976804,0.988402,1,1,1
40166,bot_iot,1,1.0,0.999443,0.999721,1,1,1
40169,bot_iot,1,1.0,0.999463,0.999732,1,1,1
40177,bot_iot,1,1.0,1.0,1.0,1,1,1
40191,bot_iot,1,1.0,0.999172,0.999586,1,1,1
40192,bot_iot,1,1.0,1.0,1.0,1,1,1
40209,bot_iot,1,1.0,1.0,1.0,1,1,1
40215,bot_iot,1,1.0,1.0,1.0,1,1,1
40218,bot_iot,1,1.0,0.999999,1.0,1,1,1
40221,bot_iot,1,1.0,0.999184,0.999592,1,1,1
40229,bot_iot,1,1.0,0.99948,0.99974,1,1,1
40241,bot_iot,1,1.0,1.0,1.0,1,1,1
40242,bot_iot,1,1.0,0.998931,0.999466,1,1,1
40243,bot_iot,1,1.0,1.0,1.0,1,1,1
40245,bot_iot,1,1.0,0.999171,0.999586,1,1,1
40249,bot_iot,1,1.0,0.999479,0.99974,1,1,1
40260,bot_iot,1,1.0,0.997828,0.998914,1,1,1
40261,bot_iot,1,1.0,0.999993,0.999997,1,1,1
40265,bot_iot,1,1.0,0.999993,0.999997,1,1,1
40271,bot_iot,1,1.0,0.999991,0.999995,1,1,1
40272,bot_iot,1,1.0,1.0,1.0,1,1,1
40274,bot_iot,1,1.0,0.999138,0.999569,1,1,1
40279,bot_iot,1,1.0,0.999171,0.999586,1,1,1
40280,bot_iot,1,1.0,0.999309,0.999655,1,1,1
40290,bot_iot,1,1.0,0.99935,0.999675,1,1,1
40294,bot_iot,1,1.0,0.999444,0.999722,1,1,1
40298,bot_iot,1,1.0,0.999444,0.999722,1,1,1
40300,bot_iot,1,1.0,0.999468,0.999734,1,1,1
40309,bot_iot,1,1.0,0.999994,0.999997,1,1,1
40310,bot_iot,1,1.0,0.999982,0.999991,1,1,1
40313,bot_iot,1,1.0,0.999062,0.999531,1,1,1
40324,bot_iot,1,1.0,0.999385,0.999692,1,1,1
40329,bot_iot,1,1.0,1.0,1.0,1,1,1
40337,bot_iot,1,1.0,0.999424,0.999712,1,1,1
40342,bot_iot,1,1.0,0.99893,0.999465,1,1,1
40343,bot_iot,1,1.0,1.0,1.0,1,1,1
40344,bot_iot,1,1.0,1.0,1.0,1,1,1
40350,bot_iot,1,1.0,0.99947,0.999735,1,1,1
40355,bot_iot,1,1.0,0.999993,0.999997,1,1,1
40356,bot_iot,1,1.0,0.999173,0.999587,1,1,1
40359,bot_iot,1,1.0,0.999414,0.999707,1,1,1
40361,bot_iot,1,1.0,0.999348,0.999674,1,1,1
40362,bot_iot,1,1.0,1.0,1.0,1,1,1
40367,bot_iot,1,1.0,0.99999,0.999995,1,1,1
40377,bot_iot,1,1.0,0.999944,0.999972,1,1,1
40380,bot_iot,1,1.0,1.0,1.0,1,1,1
40385,bot_iot,1,1.0,0.99948,0.99974,1,1,1
40388,bot_iot,1,1.0,1.0,1.0,1,1,1
40392,bot_iot,1,1.0,0.999981,0.99999,1,1,1
40393,bot_iot,1,1.0,0.999434,0.999717,1,1,1
40394,bot_iot,1,1.0,0.999991,0.999996,1,1,1
40417,bot_iot,1,1.0,0.999993,0.999997,1,1,1
40418,bot_iot,1,1.0,0.999987,0.999993,1,1,1
40421,bot_iot,1,1.0,0.999994,0.999997,1,1,1
40426,bot_iot,1,1.0,0.999439,0.999719,1,1,1
40428,bot_iot,1,1.0,0.999981,0.999991,1,1,1
40433,bot_iot,1,1.0,0.976804,0.988402,1,1,1
40436,bot_iot,1,1.0,0.999992,0.999996,1,1,1
40445,bot_iot,1,1.0,0.99935,0.999675,1,1,1
40461,bot_iot,1,1.0,0.998877,0.999438,1,1,1
40468,bot_iot,1,1.0,0.998892,0.999446,1,1,1
40470,bot_iot,1,1.0,0.999452,0.999726,1,1,1
40473,bot_iot,1,1.0,0.999993,0.999996,1,1,1
40483,bot_iot,1,1.0,0.999312,0.999656,1,1,1
40491,bot_iot,1,1.0,0.999989,0.999995,1,1,1
40492,bot_iot,1,1.0,0.998932,0.999466,1,1,1
40497,bot_iot,1,1.0,0.998938,0.999469,1,1,1
40505,bot_iot,1,1.0,0.999437,0.999718,1,1,1
40517,bot_iot,1,1.0,1.0,1.0,1,1,1
40524,bot_iot,1,1.0,0.999336,0.999668,1,1,1
40530,bot_iot,1,1.0,0.99999,0.999995,1,1,1
40532,bot_iot,1,1.0,0.999049,0.999524,1,1,1
40535,bot_iot,1,1.0,0.999993,0.999997,1,1,1
40537,bot_iot,1,1.0,0.99934,0.99967,1,1,1
40543,bot_iot,1,1.0,0.999468,0.999734,1,1,1
40547,bot_iot,1,1.0,0.999164,0.999582,1,1,1
40554,bot_iot,1,1.0,1.0,1.0,1,1,1
40558,bot_iot,1,1.0,0.999363,0.999682,1,1,1
40565,bot_iot,1,1.0,0.999387,0.999693,1,1,1
40570,bot_iot,1,1.0,0.99935,0.999675,1,1,1
40573,bot_iot,1,1.0,0.998049,0.999024,1,1,1
40579,bot_iot,1,1.0,0.999416,0.999708,1,1,1
40580,bot_iot,1,1.0,0.999443,0.999721,1,1,1
40583,bot_iot,1,1.0,0.999434,0.999717,1,1,1
40589,bot_iot,1,1.0,0.999468,0.999734,1,1,1
40600,bot_iot,1,1.0,0.999993,0.999996,1,1,1
40612,bot_iot,1,1.0,0.999085,0.999542,1,1,1
40613,bot_iot,1,0.545012,0.12045,0.332731,1,0,0
40619,bot_iot,1,1.0,0.999993,0.999997,1,1,1
40622,bot_iot,1,1.0,0.999312,0.999656,1,1,1
40624,bot_iot,1,1.0,0.999993,0.999997,1,1,1
40627,bot_iot,1,1.0,0.999173,0.999587,1,1,1
40637,bot_iot,1,1.0,1.0,1.0,1,1,1
40638,bot_iot,1,1.0,0.999314,0.999657,1,1,1
40642,bot_iot,1,1.0,0.999091,0.999546,1,1,1
40644,bot_iot,1,1.0,0.999177,0.999588,1,1,1
40653,bot_iot,1,1.0,1.0,1.0,1,1,1
40654,bot_iot,1,1.0,0.999444,0.999722,1,1,1
40655,bot_iot,1,1.0,1.0,1.0,1,1,1
40656,bot_iot,1,1.0,0.999993,0.999996,1,1,1
40658,bot_iot,1,1.0,1.0,1.0,1,1,1
40660,bot_iot,1,1.0,0.999468,0.999734,1,1,1
40665,bot_iot,1,1.0,0.999993,0.999997,1,1,1
40672,bot_iot,1,1.0,1.0,1.0,1,1,1
40674,bot_iot,1,1.0,0.999444,0.999722,1,1,1
40684,bot_iot,1,1.0,0.999173,0.999586,1,1,1
40686,bot_iot,1,1.0,0.999347,0.999673,1,1,1
40688,bot_iot,1,1.0,0.999988,0.999994,1,1,1
40690,bot_iot,1,1.0,0.999993,0.999997,1,1,1
40699,bot_iot,1,1.0,0.999268,0.999634,1,1,1
40702,bot_iot,1,1.0,0.999079,0.999539,1,1,1
40707,bot_iot,1,1.0,0.999991,0.999996,1,1,1
40710,bot_iot,1,1.0,0.999385,0.999692,1,1,1
40711,bot_iot,1,1.0,1.0,1.0,1,1,1
40715,bot_iot,1,1.0,0.99535,0.997675,1,1,1
40735,bot_iot,1,1.0,0.976804,0.988402,1,1,1
40744,bot_iot,1,1.0,0.999991,0.999996,1,1,1
40748,bot_iot,1,1.0,0.999955,0.999978,1,1,1
40755,bot_iot,1,1.0,1.0,1.0,1,1,1
40760,bot_iot,1,1.0,0.999994,0.999997,1,1,1
40765,bot_iot,1,1.0,0.999468,0.999734,1,1,1
40770,bot_iot,1,1.0,0.998895,0.999447,1,1,1
40772,bot_iot,1,1.0,0.999464,0.999732,1,1,1
40791,bot_iot,1,1.0,0.999394,0.999697,1,1,1
40797,bot_iot,1,1.0,1.0,1.0,1,1,1
40803,bot_iot,1,1.0,0.999993,0.999997,1,1,1
40809,bot_iot,1,1.0,0.999414,0.999707,1,1,1
40812,bot_iot,1,1.0,0.998843,0.999421,1,1,1
40815,bot_iot,1,1.0,0.999387,0.999694,1,1,1
40817,bot_iot,1,1.0,0.999993,0.999996,1,1,1
40820,bot_iot,1,1.0,1.0,1.0,1,1,1
40821,bot_iot,1,1.0,0.998895,0.999448,1,1,1
40822,bot_iot,1,1.0,0.999993,0.999997,1,1,1
40827,bot_iot,1,1.0,1.0,1.0,1,1,1
40834,bot_iot,1,1.0,0.999348,0.999674,1,1,1
40838,bot_iot,1,1.0,0.976804,0.988402,1,1,1
40854,bot_iot,1,1.0,0.999479,0.999739,1,1,1
40857,bot_iot,1,1.0,0.999044,0.999522,1,1,1
40859,bot_iot,1,1.0,0.999465,0.999733,1,1,1
40872,bot_iot,1,1.0,0.999442,0.999721,1,1,1
40873,bot_iot,1,1.0,0.999349,0.999674,1,1,1
40880,bot_iot,1,1.0,0.999468,0.999734,1,1,1
40886,bot_iot,1,1.0,0.976804,0.988402,1,1,1
40887,bot_iot,1,1.0,0.999468,0.999734,1,1,1
40889,bot_iot,1,1.0,0.999312,0.999656,1,1,1
40903,bot_iot,1,1.0,0.998894,0.999447,1,1,1
40910,bot_iot,1,1.0,0.999443,0.999721,1,1,1
40919,bot_iot,1,1.0,0.999444,0.999722,1,1,1
40926,bot_iot,1,1.0,0.999479,0.999739,1,1,1
40928,bot_iot,1,1.0,0.999426,0.999713,1,1,1
40930,bot_iot,1,1.0,0.999988,0.999994,1,1,1
40934,bot_iot,1,1.0,0.999335,0.999668,1,1,1
40950,bot_iot,1,1.0,0.999993,0.999997,1,1,1
40955,bot_iot,1,1.0,0.999994,0.999997,1,1,1
40962,bot_iot,1,1.0,0.999431,0.999716,1,1,1
40964,bot_iot,1,1.0,0.998878,0.999439,1,1,1
40965,bot_iot,1,1.0,0.99883,0.999415,1,1,1
40980,bot_iot,1,1.0,1.0,1.0,1,1,1
40993,bot_iot,1,1.0,0.998988,0.999494,1,1,1
40994,bot_iot,1,1.0,0.998939,0.999469,1,1,1
40995,bot_iot,1,1.0,0.999993,0.999996,1,1,1
40998,bot_iot,1,1.0,0.99893,0.999465,1,1,1
41003,bot_iot,1,1.0,0.999994,0.999997,1,1,1
41008,bot_iot,1,1.0,0.999481,0.999741,1,1,1
41012,bot_iot,1,1.0,0.99944,0.99972,1,1,1
41016,bot_iot,1,1.0,1.0,1.0,1,1,1
41018,bot_iot,1,1.0,0.99899,0.999495,1,1,1
41029,bot_iot,1,1.0,0.99948,0.99974,1,1,1
41031,bot_iot,1,1.0,0.99893,0.999465,1,1,1
41035,bot_iot,1,1.0,0.998998,0.999499,1,1,1
41038,bot_iot,1,1.0,0.999991,0.999996,1,1,1
41045,bot_iot,1,1.0,0.998066,0.999033,1,1,1
41053,bot_iot,1,1.0,0.998894,0.999447,1,1,1
41055,bot_iot,1,1.0,0.999093,0.999547,1,1,1
41059,bot_iot,1,1.0,0.999993,0.999997,1,1,1
41064,bot_iot,1,1.0,0.998917,0.999459,1,1,1
41066,bot_iot,1,1.0,1.0,1.0,1,1,1
41069,bot_iot,1,1.0,0.999423,0.999712,1,1,1
41070,bot_iot,1,1.0,0.999386,0.999693,1,1,1
41072,bot_iot,1,1.0,0.999442,0.999721,1,1,1
41078,bot_iot,1,1.0,0.999975,0.999987,1,1,1
41079,bot_iot,1,1.0,0.999104,0.999552,1,1,1
41093,bot_iot,1,1.0,0.999468,0.999734,1,1,1
41094,bot_iot,1,1.0,1.0,1.0,1,1,1
41100,bot_iot,1,1.0,1.0,1.0,1,1,1
41102,bot_iot,1,1.0,0.999106,0.999553,1,1,1
41103,bot_iot,1,1.0,0.998989,0.999494,1,1,1
41104,bot_iot,1,1.0,0.999104,0.999552,1,1,1
41111,bot_iot,1,1.0,0.999433,0.999717,1,1,1
41113,bot_iot,1,1.0,0.999974,0.999987,1,1,1
41114,bot_iot,1,1.0,0.999467,0.999733,1,1,1
41117,bot_iot,1,1.0,1.0,1.0,1,1,1
41119,bot_iot,1,1.0,0.999444,0.999722,1,1,1
41128,bot_iot,1,1.0,0.999994,0.999997,1,1,1
41132,bot_iot,1,1.0,0.999443,0.999721,1,1,1
41136,bot_iot,1,1.0,0.998937,0.999468,1,1,1
41151,bot_iot,1,1.0,1.0,1.0,1,1,1
41159,bot_iot,1,1.0,0.999118,0.999559,1,1,1
41162,bot_iot,1,1.0,1.0,1.0,1,1,1
41169,bot_iot,1,1.0,0.999312,0.999656,1,1,1
41170,bot_iot,1,1.0,0.999066,0.999533,1,1,1
41172,bot_iot,1,1.0,0.999312,0.999656,1,1,1
41175,bot_iot,1,1.0,0.999431,0.999716,1,1,1
41176,bot_iot,1,1.0,1.0,1.0,1,1,1
41178,bot_iot,1,1.0,0.999335,0.999667,1,1,1
41180,bot_iot,1,1.0,0.976804,0.988402,1,1,1
41181,bot_iot,1,1.0,0.998936,0.999468,1,1,1
41183,bot_iot,1,1.0,0.998894,0.999447,1,1,1
41194,bot_iot,1,1.0,0.999468,0.999734,1,1,1
41197,bot_iot,1,1.0,1.0,1.0,1,1,1
41201,bot_iot,1,1.0,0.999468,0.999734,1,1,1
41205,bot_iot,1,1.0,1.0,1.0,1,1,1
41213,bot_iot,1,1.0,1.0,1.0,1,1,1
41215,bot_iot,1,1.0,0.999993,0.999997,1,1,1
41221,bot_iot,1,1.0,0.999465,0.999732,1,1,1
41222,bot_iot,1,1.0,0.999468,0.999734,1,1,1
41225,bot_iot,1,1.0,0.999334,0.999667,1,1,1
41226,bot_iot,1,1.0,1.0,1.0,1,1,1
41228,bot_iot,1,1.0,0.998988,0.999494,1,1,1
41231,bot_iot,1,1.0,0.999483,0.999741,1,1,1
41233,bot_iot,1,1.0,0.999173,0.999587,1,1,1
41235,bot_iot,1,1.0,0.999993,0.999997,1,1,1
41236,bot_iot,1,1.0,0.999988,0.999994,1,1,1
41250,bot_iot,1,1.0,0.999106,0.999553,1,1,1
41252,bot_iot,1,1.0,0.999173,0.999586,1,1,1
41253,bot_iot,1,1.0,1.0,1.0,1,1,1
41262,bot_iot,1,1.0,1.0,1.0,1,1,1
41264,bot_iot,1,1.0,0.999386,0.999693,1,1,1
41266,bot_iot,1,1.0,1.0,1.0,1,1,1
41270,bot_iot,1,1.0,0.999442,0.999721,1,1,1
41276,bot_iot,1,1.0,1.0,1.0,1,1,1
41277,bot_iot,1,1.0,0.999444,0.999722,1,1,1
41282,bot_iot,1,1.0,1.0,1.0,1,1,1
41285,bot_iot,1,1.0,0.999093,0.999546,1,1,1
41293,bot_iot,1,1.0,0.999414,0.999707,1,1,1
41294,bot_iot,1,1.0,0.999173,0.999586,1,1,1
41299,bot_iot,1,1.0,0.999468,0.999734,1,1,1
41302,bot_iot,1,1.0,0.99935,0.999675,1,1,1
41305,bot_iot,1,1.0,1.0,1.0,1,1,1
41308,bot_iot,1,1.0,0.998936,0.999468,1,1,1
41314,bot_iot,1,1.0,0.998932,0.999466,1,1,1
41324,bot_iot,1,1.0,0.999434,0.999717,1,1,1
41325,bot_iot,1,1.0,0.999147,0.999573,1,1,1
41326,bot_iot,1,1.0,0.999145,0.999572,1,1,1
41327,bot_iot,1,1.0,0.99935,0.999675,1,1,1
41328,bot_iot,1,1.0,0.999468,0.999734,1,1,1
41335,bot_iot,1,1.0,1.0,1.0,1,1,1
41337,bot_iot,1,1.0,0.999415,0.999708,1,1,1
41351,bot_iot,1,1.0,0.999963,0.999982,1,1,1
41355,bot_iot,1,1.0,0.999365,0.999682,1,1,1
41363,bot_iot,1,1.0,0.996679,0.99834,1,1,1
41373,bot_iot,1,1.0,0.999993,0.999997,1,1,1
41377,bot_iot,1,1.0,0.999993,0.999996,1,1,1
41390,bot_iot,1,1.0,0.998996,0.999498,1,1,1
41393,bot_iot,1,1.0,0.999993,0.999997,1,1,1
41399,bot_iot,1,1.0,0.999184,0.999592,1,1,1
41415,bot_iot,1,1.0,0.999993,0.999996,1,1,1
41431,bot_iot,1,1.0,1.0,1.0,1,1,1
41433,bot_iot,1,1.0,0.999994,0.999997,1,1,1
41441,bot_iot,1,1.0,0.999442,0.999721,1,1,1
41442,bot_iot,1,1.0,1.0,1.0,1,1,1
41443,bot_iot,1,1.0,0.998977,0.999489,1,1,1
41450,bot_iot,1,1.0,0.999468,0.999734,1,1,1
41452,bot_iot,1,1.0,1.0,1.0,1,1,1
41460,bot_iot,1,1.0,0.999161,0.99958,1,1,1
41462,bot_iot,1,1.0,0.998996,0.999498,1,1,1
41465,bot_iot,1,1.0,0.999987,0.999993,1,1,1
41473,bot_iot,1,1.0,0.998996,0.999498,1,1,1
41474,bot_iot,1,1.0,0.998948,0.999474,1,1,1
41475,bot_iot,1,1.0,0.999993,0.999997,1,1,1
41478,bot_iot,1,1.0,0.999386,0.999693,1,1,1
41479,bot_iot,1,1.0,0.999993,0.999997,1,1,1
41480,bot_iot,1,1.0,1.0,1.0,1,1,1
41482,bot_iot,1,1.0,0.99934,0.99967,1,1,1
41499,bot_iot,1,1.0,0.999984,0.999992,1,1,1
41500,bot_iot,1,1.0,0.999992,0.999996,1,1,1
41507,bot_iot,1,0.830881,0.032588,0.431734,1,0,0
41510,bot_iot,1,1.0,0.997048,0.998524,1,1,1
41512,bot_iot,1,1.0,0.999312,0.999656,1,1,1
41523,bot_iot,1,1.0,0.999384,0.999692,1,1,1
41530,bot_iot,1,1.0,0.995747,0.997873,1,1,1
41541,bot_iot,1,1.0,0.999991,0.999995,1,1,1
41542,bot_iot,1,1.0,0.998937,0.999469,1,1,1
41546,bot_iot,1,1.0,0.999268,0.999634,1,1,1
41560,bot_iot,1,1.0,1.0,1.0,1,1,1
41561,bot_iot,1,1.0,0.999092,0.999546,1,1,1
41564,bot_iot,1,1.0,0.99931,0.999655,1,1,1
41565,bot_iot,1,1.0,0.999363,0.999682,1,1,1
41570,bot_iot,1,1.0,0.99893,0.999465,1,1,1
41571,bot_iot,1,1.0,0.999455,0.999727,1,1,1
41578,bot_iot,1,1.0,0.999989,0.999995,1,1,1
41581,bot_iot,1,1.0,0.999993,0.999996,1,1,1
41585,bot_iot,1,1.0,0.999426,0.999713,1,1,1
41588,bot_iot,1,1.0,0.998989,0.999495,1,1,1
41593,bot_iot,1,1.0,0.999442,0.999721,1,1,1
41597,bot_iot,1,1.0,1.0,1.0,1,1,1
41599,bot_iot,1,1.0,0.999993,0.999996,1,1,1
41603,bot_iot,1,1.0,0.999044,0.999522,1,1,1
41605,bot_iot,1,1.0,0.999268,0.999634,1,1,1
41607,bot_iot,1,1.0,1.0,1.0,1,1,1
41615,bot_iot,1,1.0,0.999335,0.999667,1,1,1
41628,bot_iot,1,1.0,1.0,1.0,1,1,1
41631,bot_iot,1,1.0,0.99948,0.99974,1,1,1
41633,bot_iot,1,1.0,0.999443,0.999721,1,1,1
41634,bot_iot,1,1.0,0.999994,0.999997,1,1,1
41641,bot_iot,1,1.0,0.999991,0.999996,1,1,1
41643,bot_iot,1,1.0,0.999993,0.999997,1,1,1
41645,bot_iot,1,1.0,0.998937,0.999468,1,1,1
41646,bot_iot,1,1.0,1.0,1.0,1,1,1
41648,bot_iot,1,1.0,0.999468,0.999734,1,1,1
41649,bot_iot,1,1.0,0.999097,0.999548,1,1,1
41650,bot_iot,1,1.0,0.999335,0.999667,1,1,1
41651,bot_iot,1,1.0,1.0,1.0,1,1,1
41658,bot_iot,1,1.0,0.976804,0.988402,1,1,1
41659,bot_iot,1,1.0,0.99948,0.99974,1,1,1
41662,bot_iot,1,1.0,0.995427,0.997713,1,1,1
41663,bot_iot,1,1.0,1.0,1.0,1,1,1
41667,bot_iot,1,1.0,1.0,1.0,1,1,1
41682,bot_iot,1,1.0,0.999986,0.999993,1,1,1
41684,bot_iot,1,1.0,0.998937,0.999469,1,1,1
41711,bot_iot,1,1.0,0.999496,0.999748,1,1,1
41717,bot_iot,1,1.0,0.999468,0.999734,1,1,1
41718,bot_iot,1,1.0,0.999386,0.999693,1,1,1
41723,bot_iot,1,1.0,0.998989,0.999495,1,1,1
41731,bot_iot,1,1.0,1.0,1.0,1,1,1
41737,bot_iot,1,1.0,0.999109,0.999554,1,1,1
41738,bot_iot,1,1.0,0.999384,0.999692,1,1,1
41745,bot_iot,1,1.0,0.998954,0.999477,1,1,1
41748,bot_iot,1,1.0,0.999992,0.999996,1,1,1
41750,bot_iot,1,1.0,0.999989,0.999995,1,1,1
41757,bot_iot,1,1.0,0.999993,0.999996,1,1,1
41758,bot_iot,1,1.0,0.998996,0.999498,1,1,1
41773,bot_iot,1,1.0,0.99935,0.999675,1,1,1
41779,bot_iot,1,1.0,0.999468,0.999734,1,1,1
41780,bot_iot,1,1.0,0.99935,0.999675,1,1,1
41785,bot_iot,1,1.0,0.999992,0.999996,1,1,1
41789,bot_iot,1,1.0,0.999268,0.999634,1,1,1
41791,bot_iot,1,1.0,0.999414,0.999707,1,1,1
41805,bot_iot,1,1.0,0.99948,0.99974,1,1,1
41806,bot_iot,1,1.0,0.999994,0.999997,1,1,1
41813,bot_iot,1,1.0,0.999463,0.999732,1,1,1
41815,bot_iot,1,1.0,0.999991,0.999996,1,1,1
41821,bot_iot,1,1.0,0.999993,0.999997,1,1,1
41826,bot_iot,1,1.0,0.99902,0.99951,1,1,1
41839,bot_iot,1,1.0,0.998937,0.999469,1,1,1
41848,bot_iot,1,1.0,0.999102,0.999551,1,1,1
41849,bot_iot,1,1.0,0.999268,0.999634,1,1,1
41858,bot_iot,1,1.0,0.999187,0.999593,1,1,1
41859,bot_iot,1,1.0,0.999442,0.999721,1,1,1
41860,bot_iot,1,1.0,0.999994,0.999997,1,1,1
41867,bot_iot,1,1.0,1.0,1.0,1,1,1
41874,bot_iot,1,1.0,0.999312,0.999656,1,1,1
41881,bot_iot,1,1.0,0.999439,0.999719,1,1,1
41884,bot_iot,1,1.0,1.0,1.0,1,1,1
41887,bot_iot,1,1.0,0.999993,0.999997,1,1,1
41888,bot_iot,1,1.0,1.0,1.0,1,1,1
41890,bot_iot,1,1.0,0.976804,0.988402,1,1,1
41898,bot_iot,1,1.0,0.999125,0.999563,1,1,1
41902,bot_iot,1,1.0,0.998748,0.999374,1,1,1
41908,bot_iot,1,1.0,0.999993,0.999996,1,1,1
41912,bot_iot,1,1.0,0.999993,0.999997,1,1,1
41916,bot_iot,1,1.0,0.999465,0.999732,1,1,1
41919,bot_iot,1,1.0,0.999312,0.999656,1,1,1
41931,bot_iot,1,1.0,0.999993,0.999996,1,1,1
41937,bot_iot,1,1.0,0.998996,0.999498,1,1,1
41947,bot_iot,1,1.0,0.999993,0.999996,1,1,1
41950,bot_iot,1,1.0,1.0,1.0,1,1,1
41952,bot_iot,1,1.0,0.999468,0.999734,1,1,1
41954,bot_iot,1,0.99,0.999393,0.994697,1,1,1
41956,bot_iot,1,1.0,0.999993,0.999997,1,1,1
41960,bot_iot,1,1.0,0.998996,0.999498,1,1,1
41962,bot_iot,1,1.0,1.0,1.0,1,1,1
41963,bot_iot,1,1.0,0.999497,0.999748,1,1,1
41970,bot_iot,1,1.0,1.0,1.0,1,1,1
41987,bot_iot,1,1.0,0.99935,0.999675,1,1,1
41992,bot_iot,1,1.0,1.0,1.0,1,1,1
41993,bot_iot,1,1.0,0.999467,0.999734,1,1,1
42005,bot_iot,1,1.0,0.998939,0.99947,1,1,1
42007,bot_iot,1,1.0,0.999182,0.999591,1,1,1
42008,bot_iot,1,1.0,0.99935,0.999675,1,1,1
42010,bot_iot,1,1.0,0.999994,0.999997,1,1,1
42013,bot_iot,1,1.0,0.999172,0.999586,1,1,1
42020,bot_iot,1,1.0,0.999459,0.99973,1,1,1
42023,bot_iot,1,1.0,1.0,1.0,1,1,1
42032,bot_iot,1,1.0,0.999463,0.999732,1,1,1
42033,bot_iot,1,1.0,1.0,1.0,1,1,1
42036,bot_iot,1,1.0,0.976804,0.988402,1,1,1
42038,bot_iot,1,1.0,0.999069,0.999535,1,1,1
42040,bot_iot,1,1.0,0.999993,0.999997,1,1,1
42042,bot_iot,1,1.0,0.999993,0.999997,1,1,1
42054,bot_iot,1,1.0,1.0,1.0,1,1,1
42057,bot_iot,1,1.0,0.999188,0.999594,1,1,1
42067,bot_iot,1,1.0,0.999468,0.999734,1,1,1
42070,bot_iot,1,1.0,0.999993,0.999997,1,1,1
42072,bot_iot,1,1.0,1.0,1.0,1,1,1
42076,bot_iot,1,1.0,0.999993,0.999996,1,1,1
42078,bot_iot,1,1.0,0.999993,0.999996,1,1,1
42090,bot_iot,1,1.0,0.999994,0.999997,1,1,1
42095,bot_iot,1,1.0,0.999442,0.999721,1,1,1
42114,bot_iot,1,1.0,0.999437,0.999718,1,1,1
42116,bot_iot,1,1.0,0.998989,0.999494,1,1,1
42118,bot_iot,1,1.0,0.99944,0.99972,1,1,1
42122,bot_iot,1,1.0,1.0,1.0,1,1,1
42130,bot_iot,1,1.0,1.0,1.0,1,1,1
42134,bot_iot,1,1.0,1.0,1.0,1,1,1
42141,bot_iot,1,1.0,0.999118,0.999559,1,1,1
42144,bot_iot,1,1.0,0.999312,0.999656,1,1,1
42146,bot_iot,1,1.0,1.0,1.0,1,1,1
42153,bot_iot,1,1.0,0.999988,0.999994,1,1,1
42160,bot_iot,1,1.0,0.999989,0.999995,1,1,1
42161,bot_iot,1,1.0,0.999482,0.999741,1,1,1
42168,bot_iot,1,1.0,0.997874,0.998937,1,1,1
42169,bot_iot,1,1.0,0.999994,0.999997,1,1,1
42171,bot_iot,1,1.0,0.999994,0.999997,1,1,1
42172,bot_iot,1,1.0,0.999468,0.999734,1,1,1
42177,bot_iot,1,1.0,0.999392,0.999696,1,1,1
42181,bot_iot,1,1.0,0.999118,0.999559,1,1,1
42182,bot_iot,1,1.0,0.999348,0.999674,1,1,1
42184,bot_iot,1,1.0,0.999465,0.999733,1,1,1
42185,bot_iot,1,1.0,0.999173,0.999586,1,1,1
42190,bot_iot,1,1.0,0.999463,0.999732,1,1,1
42191,bot_iot,1,1.0,0.99948,0.99974,1,1,1
42195,bot_iot,1,1.0,0.998898,0.999449,1,1,1
42199,bot_iot,1,1.0,0.998818,0.999409,1,1,1
42214,bot_iot,1,1.0,0.999991,0.999996,1,1,1
42215,bot_iot,1,1.0,1.0,1.0,1,1,1
42216,bot_iot,1,1.0,0.999386,0.999693,1,1,1
42222,bot_iot,1,1.0,0.999993,0.999997,1,1,1
42225,bot_iot,1,1.0,0.999993,0.999997,1,1,1
42226,bot_iot,1,1.0,0.999988,0.999994,1,1,1
42231,bot_iot,1,1.0,0.999972,0.999986,1,1,1
42232,bot_iot,1,1.0,0.999999,1.0,1,1,1
42234,bot_iot,1,1.0,0.999386,0.999693,1,1,1
42240,bot_iot,1,1.0,0.999444,0.999722,1,1,1
42244,bot_iot,1,1.0,0.999993,0.999997,1,1,1
42254,bot_iot,1,1.0,0.999416,0.999708,1,1,1
42256,bot_iot,1,1.0,1.0,1.0,1,1,1
42264,bot_iot,1,1.0,0.999425,0.999713,1,1,1
42272,bot_iot,1,1.0,0.999993,0.999996,1,1,1
42278,bot_iot,1,1.0,0.999993,0.999996,1,1,1
42280,bot_iot,1,1.0,0.999019,0.99951,1,1,1
42291,bot_iot,1,1.0,0.999414,0.999707,1,1,1
42298,bot_iot,1,0.68716,0.052504,0.369832,1,0,0
42301,bot_iot,1,1.0,0.999444,0.999722,1,1,1
42303,bot_iot,1,1.0,0.998953,0.999477,1,1,1
42306,bot_iot,1,1.0,1.0,1.0,1,1,1
42311,bot_iot,1,1.0,0.999348,0.999674,1,1,1
42314,bot_iot,1,1.0,1.0,1.0,1,1,1
42326,bot_iot,1,1.0,0.999312,0.999656,1,1,1
42328,bot_iot,1,1.0,0.999993,0.999996,1,1,1
42332,bot_iot,1,1.0,1.0,1.0,1,1,1
42338,bot_iot,1,1.0,0.999993,0.999996,1,1,1
42342,bot_iot,1,1.0,0.999962,0.999981,1,1,1
42344,bot_iot,1,1.0,0.998876,0.999438,1,1,1
42347,bot_iot,1,1.0,0.999443,0.999722,1,1,1
42348,bot_iot,1,1.0,0.999458,0.999729,1,1,1
42350,bot_iot,1,1.0,0.999118,0.999559,1,1,1
42351,bot_iot,1,1.0,0.996761,0.998381,1,1,1
42366,bot_iot,1,1.0,0.999444,0.999722,1,1,1
42371,bot_iot,1,1.0,0.999444,0.999722,1,1,1
42382,bot_iot,1,1.0,0.999463,0.999732,1,1,1
42385,bot_iot,1,1.0,0.999317,0.999658,1,1,1
42393,bot_iot,1,1.0,0.999173,0.999587,1,1,1
42395,bot_iot,1,1.0,0.999993,0.999997,1,1,1
42399,bot_iot,1,1.0,0.998875,0.999437,1,1,1
42404,bot_iot,1,1.0,0.999994,0.999997,1,1,1
42406,bot_iot,1,1.0,0.998937,0.999468,1,1,1
42415,bot_iot,1,1.0,0.999468,0.999734,1,1,1
42416,bot_iot,1,1.0,0.996919,0.99846,1,1,1
42421,bot_iot,1,1.0,0.999468,0.999734,1,1,1
42425,bot_iot,1,1.0,0.999178,0.999589,1,1,1
42426,bot_iot,1,1.0,1.0,1.0,1,1,1
42427,bot_iot,1,1.0,0.999989,0.999994,1,1,1
42428,bot_iot,1,1.0,0.999993,0.999996,1,1,1
42431,bot_iot,1,1.0,0.999452,0.999726,1,1,1
42433,bot_iot,1,1.0,0.999468,0.999734,1,1,1
42447,bot_iot,1,1.0,0.999443,0.999721,1,1,1
42448,bot_iot,1,1.0,0.999468,0.999734,1,1,1
42466,bot_iot,1,1.0,1.0,1.0,1,1,1
42469,bot_iot,1,1.0,0.999994,0.999997,1,1,1
42473,bot_iot,1,1.0,0.998937,0.999468,1,1,1
42476,bot_iot,1,1.0,0.998988,0.999494,1,1,1
42478,bot_iot,1,1.0,0.999993,0.999997,1,1,1
42480,bot_iot,1,1.0,0.999988,0.999994,1,1,1
42490,bot_iot,1,1.0,0.999993,0.999996,1,1,1
42492,bot_iot,1,1.0,0.999993,0.999997,1,1,1
42498,bot_iot,1,1.0,0.998931,0.999466,1,1,1
42508,bot_iot,1,1.0,0.999994,0.999997,1,1,1
42517,bot_iot,1,1.0,0.99938,0.99969,1,1,1
42520,bot_iot,1,1.0,1.0,1.0,1,1,1
42522,bot_iot,1,1.0,0.99934,0.99967,1,1,1
42523,bot_iot,1,1.0,0.999993,0.999997,1,1,1
42525,bot_iot,1,1.0,0.999197,0.999599,1,1,1
42534,bot_iot,1,1.0,0.998874,0.999437,1,1,1
42544,bot_iot,1,1.0,0.999937,0.999968,1,1,1
42552,bot_iot,1,1.0,0.999443,0.999721,1,1,1
42557,bot_iot,1,1.0,0.999993,0.999997,1,1,1
42564,bot_iot,1,1.0,0.999173,0.999587,1,1,1
42566,bot_iot,1,1.0,0.999974,0.999987,1,1,1
42568,bot_iot,1,1.0,0.999482,0.999741,1,1,1
42573,bot_iot,1,1.0,0.999999,0.999999,1,1,1
42577,bot_iot,1,1.0,0.999999,1.0,1,1,1
42586,bot_iot,1,1.0,1.0,1.0,1,1,1
42589,bot_iot,1,1.0,0.999335,0.999667,1,1,1
42592,bot_iot,1,1.0,0.999443,0.999721,1,1,1
42604,bot_iot,1,1.0,0.998989,0.999495,1,1,1
42607,bot_iot,1,1.0,0.99935,0.999675,1,1,1
42609,bot_iot,1,1.0,0.999434,0.999717,1,1,1
42621,bot_iot,1,1.0,0.999465,0.999733,1,1,1
42622,bot_iot,1,1.0,0.999443,0.999722,1,1,1
42626,bot_iot,1,1.0,0.999465,0.999733,1,1,1
42627,bot_iot,1,1.0,0.999987,0.999993,1,1,1
42632,bot_iot,1,1.0,0.999481,0.999741,1,1,1
42635,bot_iot,1,1.0,0.999312,0.999656,1,1,1
42638,bot_iot,1,1.0,0.99931,0.999655,1,1,1
42645,bot_iot,1,1.0,0.999993,0.999996,1,1,1
42650,bot_iot,1,1.0,0.999993,0.999997,1,1,1
42651,bot_iot,1,1.0,0.999468,0.999734,1,1,1
42652,bot_iot,1,1.0,0.999482,0.999741,1,1,1
42655,bot_iot,1,1.0,0.998895,0.999447,1,1,1
42657,bot_iot,1,1.0,0.999993,0.999996,1,1,1
42659,bot_iot,1,1.0,1.0,1.0,1,1,1
42669,bot_iot,1,1.0,0.999268,0.999634,1,1,1
42674,bot_iot,1,0.545012,0.12045,0.332731,1,0,0
42676,bot_iot,1,1.0,0.99893,0.999465,1,1,1
42678,bot_iot,1,1.0,0.99947,0.999735,1,1,1
42682,bot_iot,1,1.0,0.999092,0.999546,1,1,1
42684,bot_iot,1,1.0,0.999428,0.999714,1,1,1
42685,bot_iot,1,1.0,0.99875,0.999375,1,1,1
42696,bot_iot,1,1.0,0.997849,0.998925,1,1,1
42702,bot_iot,1,1.0,0.999347,0.999673,1,1,1
42703,bot_iot,1,1.0,0.999183,0.999591,1,1,1
42709,bot_iot,1,1.0,0.998872,0.999436,1,1,1
42711,bot_iot,1,1.0,0.999443,0.999721,1,1,1
42713,bot_iot,1,1.0,0.999975,0.999987,1,1,1
42714,bot_iot,1,1.0,1.0,1.0,1,1,1
42728,bot_iot,1,1.0,0.999991,0.999995,1,1,1
42730,bot_iot,1,1.0,0.999222,0.999611,1,1,1
42731,bot_iot,1,1.0,0.999386,0.999693,1,1,1
42735,bot_iot,1,1.0,0.999049,0.999525,1,1,1
42737,bot_iot,1,1.0,0.998432,0.999216,1,1,1
42742,bot_iot,1,1.0,1.0,1.0,1,1,1
42752,bot_iot,1,1.0,0.999444,0.999722,1,1,1
42755,bot_iot,1,1.0,0.999364,0.999682,1,1,1
42766,bot_iot,1,1.0,0.999993,0.999997,1,1,1
42774,bot_iot,1,1.0,0.999335,0.999667,1,1,1
42775,bot_iot,1,1.0,0.99948,0.99974,1,1,1
42783,bot_iot,1,1.0,0.998953,0.999477,1,1,1
42789,bot_iot,1,1.0,0.998899,0.999449,1,1,1
42793,bot_iot,1,1.0,0.999414,0.999707,1,1,1
42794,bot_iot,1,1.0,0.999993,0.999997,1,1,1
42800,bot_iot,1,1.0,0.999009,0.999505,1,1,1
42804,bot_iot,1,0.91,1.0,0.955,1,1,1
42805,bot_iot,1,1.0,0.999986,0.999993,1,1,1
42806,bot_iot,1,1.0,1.0,1.0,1,1,1
42807,bot_iot,1,1.0,0.999439,0.999719,1,1,1
42813,bot_iot,1,1.0,0.999444,0.999722,1,1,1
42814,bot_iot,1,1.0,0.999993,0.999996,1,1,1
42815,bot_iot,1,1.0,0.998937,0.999468,1,1,1
42819,bot_iot,1,1.0,0.999474,0.999737,1,1,1
42822,bot_iot,1,1.0,0.999433,0.999717,1,1,1
42832,bot_iot,1,1.0,1.0,1.0,1,1,1
42833,bot_iot,1,1.0,0.999443,0.999721,1,1,1
42837,bot_iot,1,1.0,0.998895,0.999447,1,1,1
42850,bot_iot,1,1.0,0.999347,0.999673,1,1,1
42857,bot_iot,1,1.0,1.0,1.0,1,1,1
42868,bot_iot,1,1.0,0.999352,0.999676,1,1,1
42869,bot_iot,1,1.0,1.0,1.0,1,1,1
42871,bot_iot,1,1.0,0.999993,0.999997,1,1,1
42888,bot_iot,1,1.0,0.998937,0.999469,1,1,1
42890,bot_iot,1,1.0,0.998937,0.999469,1,1,1
42892,bot_iot,1,1.0,0.999434,0.999717,1,1,1
42895,bot_iot,1,1.0,0.99893,0.999465,1,1,1
42901,bot_iot,1,1.0,0.999449,0.999724,1,1,1
42904,bot_iot,1,1.0,0.999468,0.999734,1,1,1
42925,bot_iot,1,1.0,0.998931,0.999466,1,1,1
42926,bot_iot,1,1.0,0.999442,0.999721,1,1,1
42929,bot_iot,1,1.0,0.999173,0.999587,1,1,1
42930,bot_iot,1,1.0,0.999992,0.999996,1,1,1
42935,bot_iot,1,1.0,0.999021,0.99951,1,1,1
42941,bot_iot,1,1.0,0.999992,0.999996,1,1,1
42943,bot_iot,1,1.0,1.0,1.0,1,1,1
42950,bot_iot,1,1.0,0.999439,0.999719,1,1,1
42951,bot_iot,1,1.0,0.999994,0.999997,1,1,1
42962,bot_iot,1,1.0,0.999384,0.999692,1,1,1
42974,bot_iot,1,1.0,0.999092,0.999546,1,1,1
42977,bot_iot,1,1.0,0.999352,0.999676,1,1,1
42979,bot_iot,1,1.0,0.999312,0.999656,1,1,1
42981,bot_iot,1,1.0,0.999173,0.999586,1,1,1
42985,bot_iot,1,1.0,1.0,1.0,1,1,1
42989,bot_iot,1,1.0,0.999465,0.999733,1,1,1
43018,bot_iot,1,1.0,0.999182,0.999591,1,1,1
43053,bot_iot,1,1.0,0.999994,0.999997,1,1,1
43057,bot_iot,1,1.0,0.999993,0.999997,1,1,1
43059,bot_iot,1,1.0,0.998988,0.999494,1,1,1
43060,bot_iot,1,1.0,0.998938,0.999469,1,1,1
43065,bot_iot,1,1.0,0.999104,0.999552,1,1,1
43069,bot_iot,1,1.0,0.997722,0.998861,1,1,1
43072,bot_iot,1,1.0,1.0,1.0,1,1,1
43077,bot_iot,1,1.0,0.999187,0.999594,1,1,1
43079,bot_iot,1,1.0,0.999987,0.999994,1,1,1
43082,bot_iot,1,1.0,1.0,1.0,1,1,1
43084,bot_iot,1,1.0,0.999988,0.999994,1,1,1
43088,bot_iot,1,1.0,1.0,1.0,1,1,1
43102,bot_iot,1,1.0,0.999993,0.999996,1,1,1
43106,bot_iot,1,1.0,0.999992,0.999996,1,1,1
43115,bot_iot,1,1.0,0.999442,0.999721,1,1,1
43117,bot_iot,1,1.0,0.99883,0.999415,1,1,1
43118,bot_iot,1,1.0,1.0,1.0,1,1,1
43124,bot_iot,1,1.0,1.0,1.0,1,1,1
43128,bot_iot,1,1.0,0.999148,0.999574,1,1,1
43129,bot_iot,1,1.0,0.485196,0.742598,1,0,1
43139,bot_iot,1,1.0,1.0,1.0,1,1,1
43153,bot_iot,1,1.0,0.999429,0.999715,1,1,1
43154,bot_iot,1,1.0,0.998937,0.999468,1,1,1
43159,bot_iot,1,1.0,0.999351,0.999675,1,1,1
43163,bot_iot,1,1.0,0.999991,0.999995,1,1,1
43170,bot_iot,1,1.0,0.999497,0.999748,1,1,1
43184,bot_iot,1,1.0,1.0,1.0,1,1,1
43190,bot_iot,1,1.0,0.999466,0.999733,1,1,1
43195,bot_iot,1,1.0,0.999268,0.999634,1,1,1
43196,bot_iot,1,1.0,1.0,1.0,1,1,1
43198,bot_iot,1,1.0,0.999989,0.999995,1,1,1
43199,bot_iot,1,1.0,1.0,1.0,1,1,1
43205,bot_iot,1,1.0,1.0,1.0,1,1,1
43209,bot_iot,1,1.0,1.0,1.0,1,1,1
43211,bot_iot,1,1.0,0.998998,0.999499,1,1,1
43214,bot_iot,1,1.0,0.999443,0.999721,1,1,1
43219,bot_iot,1,1.0,0.999992,0.999996,1,1,1
43220,bot_iot,1,1.0,0.999385,0.999692,1,1,1
43240,bot_iot,1,1.0,1.0,1.0,1,1,1
43242,bot_iot,1,1.0,0.976804,0.988402,1,1,1
43245,bot_iot,1,1.0,0.998371,0.999185,1,1,1
43248,bot_iot,1,1.0,0.999444,0.999722,1,1,1
43249,bot_iot,1,1.0,0.999993,0.999997,1,1,1
43250,bot_iot,1,1.0,0.998873,0.999436,1,1,1
43252,bot_iot,1,1.0,0.999431,0.999716,1,1,1
43259,bot_iot,1,1.0,0.999118,0.999559,1,1,1
43267,bot_iot,1,1.0,0.999993,0.999997,1,1,1
43280,bot_iot,1,1.0,1.0,1.0,1,1,1
43285,bot_iot,1,1.0,0.997136,0.998568,1,1,1
43289,bot_iot,1,1.0,0.976804,0.988402,1,1,1
43293,bot_iot,1,1.0,0.999468,0.999734,1,1,1
43296,bot_iot,1,1.0,1.0,1.0,1,1,1
43297,bot_iot,1,1.0,0.120453,0.560226,1,0,1
43305,bot_iot,1,1.0,0.99948,0.99974,1,1,1
43312,bot_iot,1,1.0,0.999992,0.999996,1,1,1
43316,bot_iot,1,1.0,0.999425,0.999712,1,1,1
43328,bot_iot,1,1.0,1.0,1.0,1,1,1
43329,bot_iot,1,1.0,0.999171,0.999585,1,1,1
43332,bot_iot,1,1.0,0.976804,0.988402,1,1,1
43334,bot_iot,1,1.0,1.0,1.0,1,1,1
43343,bot_iot,1,1.0,0.999386,0.999693,1,1,1
43344,bot_iot,1,1.0,0.999386,0.999693,1,1,1
43346,bot_iot,1,1.0,1.0,1.0,1,1,1
43348,bot_iot,1,1.0,1.0,1.0,1,1,1
43352,bot_iot,1,1.0,0.999335,0.999668,1,1,1
43357,bot_iot,1,1.0,0.999985,0.999992,1,1,1
43366,bot_iot,1,1.0,0.998953,0.999477,1,1,1
43368,bot_iot,1,1.0,1.0,1.0,1,1,1
43378,bot_iot,1,1.0,1.0,1.0,1,1,1
43380,bot_iot,1,1.0,0.999994,0.999997,1,1,1
43382,bot_iot,1,1.0,0.998916,0.999458,1,1,1
43387,bot_iot,1,1.0,0.999987,0.999993,1,1,1
43401,bot_iot,1,1.0,0.999993,0.999997,1,1,1
43412,bot_iot,1,1.0,0.976804,0.988402,1,1,1
43418,bot_iot,1,1.0,1.0,1.0,1,1,1
43419,bot_iot,1,1.0,0.998225,0.999113,1,1,1
43422,bot_iot,1,1.0,0.999993,0.999997,1,1,1
43423,bot_iot,1,1.0,0.999468,0.999734,1,1,1
43425,bot_iot,1,1.0,1.0,1.0,1,1,1
43428,bot_iot,1,1.0,0.998929,0.999465,1,1,1
43443,bot_iot,1,1.0,1.0,1.0,1,1,1
43449,bot_iot,1,1.0,0.999496,0.999748,1,1,1
43452,bot_iot,1,1.0,1.0,1.0,1,1,1
43454,bot_iot,1,1.0,0.976804,0.988402,1,1,1
43459,bot_iot,1,1.0,0.999987,0.999994,1,1,1
43461,bot_iot,1,1.0,0.999988,0.999994,1,1,1
43464,bot_iot,1,1.0,1.0,1.0,1,1,1
43468,bot_iot,1,1.0,0.999988,0.999994,1,1,1
43473,bot_iot,1,1.0,0.999991,0.999996,1,1,1
43474,bot_iot,1,1.0,0.999061,0.999531,1,1,1
43476,bot_iot,1,1.0,0.999994,0.999997,1,1,1
43478,bot_iot,1,1.0,0.999001,0.9995,1,1,1
43483,bot_iot,1,1.0,1.0,1.0,1,1,1
43490,bot_iot,1,1.0,0.999468,0.999734,1,1,1
43502,bot_iot,1,1.0,0.998842,0.999421,1,1,1
43503,bot_iot,1,1.0,1.0,1.0,1,1,1
43508,bot_iot,1,1.0,0.998842,0.999421,1,1,1
43509,bot_iot,1,1.0,0.999386,0.999693,1,1,1
43522,bot_iot,1,1.0,0.999163,0.999582,1,1,1
43523,bot_iot,1,1.0,0.999483,0.999741,1,1,1
43527,bot_iot,1,1.0,0.999173,0.999586,1,1,1
43528,bot_iot,1,1.0,1.0,1.0,1,1,1
43534,bot_iot,1,1.0,0.999994,0.999997,1,1,1
43535,bot_iot,1,1.0,0.999341,0.999671,1,1,1
43542,bot_iot,1,1.0,0.999993,0.999996,1,1,1
43547,bot_iot,1,1.0,1.0,1.0,1,1,1
43551,bot_iot,1,1.0,0.999993,0.999997,1,1,1
43553,bot_iot,1,1.0,0.999163,0.999582,1,1,1
43558,bot_iot,1,1.0,0.999386,0.999693,1,1,1
43564,bot_iot,1,1.0,0.99935,0.999675,1,1,1
43574,bot_iot,1,1.0,0.996994,0.998497,1,1,1
43586,bot_iot,1,1.0,0.999468,0.999734,1,1,1
43593,bot_iot,1,1.0,0.999392,0.999696,1,1,1
43594,bot_iot,1,1.0,0.999958,0.999979,1,1,1
43599,bot_iot,1,1.0,0.999384,0.999692,1,1,1
43602,bot_iot,1,1.0,1.0,1.0,1,1,1
43604,bot_iot,1,1.0,0.99948,0.99974,1,1,1
43608,bot_iot,1,1.0,0.99948,0.99974,1,1,1
43613,bot_iot,1,1.0,0.998937,0.999468,1,1,1
43617,bot_iot,1,1.0,0.999443,0.999721,1,1,1
43622,bot_iot,1,1.0,0.999993,0.999997,1,1,1
43623,bot_iot,1,1.0,0.999993,0.999997,1,1,1
43626,bot_iot,1,1.0,0.999994,0.999997,1,1,1
43633,bot_iot,1,1.0,0.976804,0.988402,1,1,1
43634,bot_iot,1,1.0,1.0,1.0,1,1,1
43636,bot_iot,1,1.0,0.99947,0.999735,1,1,1
43648,bot_iot,1,1.0,1.0,1.0,1,1,1
43655,bot_iot,1,1.0,0.999466,0.999733,1,1,1
43656,bot_iot,1,1.0,0.999138,0.999569,1,1,1
43660,bot_iot,1,1.0,1.0,1.0,1,1,1
43669,bot_iot,1,1.0,0.999442,0.999721,1,1,1
43670,bot_iot,1,1.0,0.999434,0.999717,1,1,1
43677,bot_iot,1,1.0,0.999937,0.999969,1,1,1
43693,bot_iot,1,1.0,0.999989,0.999994,1,1,1
43698,bot_iot,1,1.0,1.0,1.0,1,1,1
43700,bot_iot,1,1.0,0.999444,0.999722,1,1,1
43701,bot_iot,1,1.0,0.999443,0.999721,1,1,1
43703,bot_iot,1,1.0,1.0,1.0,1,1,1
43707,bot_iot,1,1.0,0.99897,0.999485,1,1,1
43709,bot_iot,1,1.0,0.999386,0.999693,1,1,1
43710,bot_iot,1,1.0,1.0,1.0,1,1,1
43711,bot_iot,1,1.0,0.999425,0.999712,1,1,1
43714,bot_iot,1,1.0,0.999482,0.999741,1,1,1
43716,bot_iot,1,1.0,0.999443,0.999721,1,1,1
43722,bot_iot,1,1.0,0.999468,0.999734,1,1,1
43732,bot_iot,1,1.0,0.999349,0.999675,1,1,1
43735,bot_iot,1,1.0,0.999268,0.999634,1,1,1
43738,bot_iot,1,1.0,0.999993,0.999997,1,1,1
43746,bot_iot,1,1.0,0.999194,0.999597,1,1,1
43749,bot_iot,1,1.0,0.999994,0.999997,1,1,1
43756,bot_iot,1,1.0,0.999268,0.999634,1,1,1
43758,bot_iot,1,1.0,1.0,1.0,1,1,1
43760,bot_iot,1,1.0,0.999391,0.999695,1,1,1
43765,bot_iot,1,1.0,0.999386,0.999693,1,1,1
43773,bot_iot,1,1.0,0.99931,0.999655,1,1,1
43776,bot_iot,1,1.0,0.999986,0.999993,1,1,1
43781,bot_iot,1,1.0,0.999443,0.999722,1,1,1
43795,bot_iot,1,1.0,0.999467,0.999734,1,1,1
43796,bot_iot,1,1.0,0.999317,0.999658,1,1,1
43800,bot_iot,1,1.0,0.998893,0.999447,1,1,1
43801,bot_iot,1,1.0,0.998989,0.999495,1,1,1
43808,bot_iot,1,1.0,0.998936,0.999468,1,1,1
43810,bot_iot,1,1.0,0.998935,0.999467,1,1,1
43818,bot_iot,1,1.0,0.999969,0.999984,1,1,1
43827,bot_iot,1,1.0,0.999974,0.999987,1,1,1
43841,bot_iot,1,1.0,0.998988,0.999494,1,1,1
43845,bot_iot,1,1.0,0.998965,0.999482,1,1,1
43851,bot_iot,1,1.0,0.976804,0.988402,1,1,1
43856,bot_iot,1,1.0,1.0,1.0,1,1,1
43857,bot_iot,1,1.0,0.976804,0.988402,1,1,1
43860,bot_iot,1,1.0,0.998998,0.999499,1,1,1
43863,bot_iot,1,1.0,0.998897,0.999449,1,1,1
43869,bot_iot,1,1.0,0.998931,0.999465,1,1,1
43872,bot_iot,1,1.0,0.999479,0.999739,1,1,1
43876,bot_iot,1,1.0,0.999137,0.999569,1,1,1
43878,bot_iot,1,1.0,1.0,1.0,1,1,1
43881,bot_iot,1,1.0,0.999992,0.999996,1,1,1
43886,bot_iot,1,1.0,0.999102,0.999551,1,1,1
43888,bot_iot,1,1.0,0.999993,0.999997,1,1,1
43891,bot_iot,1,1.0,0.999436,0.999718,1,1,1
43899,bot_iot,1,1.0,0.999286,0.999643,1,1,1
43905,bot_iot,1,1.0,0.999993,0.999996,1,1,1
43906,bot_iot,1,1.0,0.999993,0.999996,1,1,1
43917,bot_iot,1,1.0,0.999312,0.999656,1,1,1
43927,bot_iot,1,1.0,0.999993,0.999997,1,1,1
43929,bot_iot,1,1.0,0.999497,0.999748,1,1,1
43932,bot_iot,1,1.0,0.999347,0.999673,1,1,1
43933,bot_iot,1,1.0,0.999048,0.999524,1,1,1
43944,bot_iot,1,1.0,0.999312,0.999656,1,1,1
43949,bot_iot,1,1.0,0.999988,0.999994,1,1,1
43956,bot_iot,1,1.0,0.999467,0.999734,1,1,1
43958,bot_iot,1,1.0,1.0,1.0,1,1,1
43966,bot_iot,1,1.0,0.999993,0.999997,1,1,1
43967,bot_iot,1,1.0,0.999414,0.999707,1,1,1
43970,bot_iot,1,1.0,1.0,1.0,1,1,1
43980,bot_iot,1,1.0,1.0,1.0,1,1,1
43984,bot_iot,1,1.0,0.999135,0.999568,1,1,1
43993,bot_iot,1,1.0,0.999981,0.99999,1,1,1
43995,bot_iot,1,1.0,1.0,1.0,1,1,1
43996,bot_iot,1,1.0,1.0,1.0,1,1,1
43998,bot_iot,1,1.0,1.0,1.0,1,1,1
44004,bot_iot,1,1.0,1.0,1.0,1,1,1
44014,bot_iot,1,1.0,0.976804,0.988402,1,1,1
44022,bot_iot,1,1.0,1.0,1.0,1,1,1
44024,bot_iot,1,0.68716,0.052504,0.369832,1,0,0
44027,bot_iot,1,1.0,0.999429,0.999715,1,1,1
44035,bot_iot,1,1.0,0.999988,0.999994,1,1,1
44041,bot_iot,1,1.0,0.999173,0.999587,1,1,1
44042,bot_iot,1,1.0,0.99899,0.999495,1,1,1
44044,bot_iot,1,1.0,0.999993,0.999996,1,1,1
44045,bot_iot,1,1.0,1.0,1.0,1,1,1
44052,bot_iot,1,1.0,0.99948,0.99974,1,1,1
44061,bot_iot,1,1.0,0.999993,0.999997,1,1,1
44073,bot_iot,1,1.0,1.0,1.0,1,1,1
44075,bot_iot,1,1.0,1.0,1.0,1,1,1
44082,bot_iot,1,1.0,0.999989,0.999994,1,1,1
44089,bot_iot,1,1.0,0.998897,0.999449,1,1,1
44092,bot_iot,1,1.0,0.999483,0.999741,1,1,1
44098,bot_iot,1,1.0,0.999468,0.999734,1,1,1
44099,bot_iot,1,1.0,0.999993,0.999997,1,1,1
44100,bot_iot,1,1.0,0.999993,0.999996,1,1,1
44106,bot_iot,1,1.0,0.999442,0.999721,1,1,1
44112,bot_iot,1,1.0,0.998893,0.999447,1,1,1
44122,bot_iot,1,1.0,0.998837,0.999419,1,1,1
44129,bot_iot,1,1.0,0.998988,0.999494,1,1,1
44131,bot_iot,1,1.0,0.99935,0.999675,1,1,1
44136,bot_iot,1,1.0,1.0,1.0,1,1,1
44146,bot_iot,1,1.0,0.998896,0.999448,1,1,1
44150,bot_iot,1,1.0,0.999312,0.999656,1,1,1
44152,bot_iot,1,1.0,0.999993,0.999997,1,1,1
44157,bot_iot,1,1.0,0.999991,0.999996,1,1,1
44159,bot_iot,1,1.0,0.999118,0.999559,1,1,1
44163,bot_iot,1,1.0,0.999993,0.999996,1,1,1
44166,bot_iot,1,1.0,0.999173,0.999586,1,1,1
44176,bot_iot,1,1.0,1.0,1.0,1,1,1
44180,bot_iot,1,1.0,0.999443,0.999721,1,1,1
44181,bot_iot,1,1.0,0.999993,0.999997,1,1,1
44182,bot_iot,1,1.0,1.0,1.0,1,1,1
44188,bot_iot,1,1.0,0.999442,0.999721,1,1,1
44193,bot_iot,1,1.0,0.999433,0.999717,1,1,1
44195,bot_iot,1,1.0,0.999385,0.999692,1,1,1
44214,bot_iot,1,1.0,0.999362,0.999681,1,1,1
44223,bot_iot,1,1.0,0.99935,0.999675,1,1,1
44226,bot_iot,1,1.0,0.999443,0.999722,1,1,1
44229,bot_iot,1,1.0,0.999367,0.999683,1,1,1
44234,bot_iot,1,1.0,0.999974,0.999987,1,1,1
44237,bot_iot,1,1.0,0.999017,0.999508,1,1,1
44244,bot_iot,1,1.0,0.999443,0.999722,1,1,1
44249,bot_iot,1,1.0,0.999989,0.999995,1,1,1
44251,bot_iot,1,1.0,1.0,1.0,1,1,1
44255,bot_iot,1,1.0,0.999992,0.999996,1,1,1
44257,bot_iot,1,1.0,0.999465,0.999733,1,1,1
44259,bot_iot,1,1.0,0.999164,0.999582,1,1,1
44267,bot_iot,1,1.0,0.998958,0.999479,1,1,1
44271,bot_iot,1,1.0,0.999384,0.999692,1,1,1
44280,bot_iot,1,1.0,0.999468,0.999734,1,1,1
44284,bot_iot,1,1.0,0.999468,0.999734,1,1,1
44305,bot_iot,1,1.0,1.0,1.0,1,1,1
44309,bot_iot,1,1.0,0.999468,0.999734,1,1,1
44311,bot_iot,1,1.0,0.999468,0.999734,1,1,1
44316,bot_iot,1,1.0,0.999434,0.999717,1,1,1
44320,bot_iot,1,1.0,0.99934,0.99967,1,1,1
44326,bot_iot,1,1.0,0.999468,0.999734,1,1,1
44328,bot_iot,1,1.0,0.999992,0.999996,1,1,1
44336,bot_iot,1,1.0,0.999468,0.999734,1,1,1
44337,bot_iot,1,1.0,1.0,1.0,1,1,1
44342,bot_iot,1,1.0,1.0,1.0,1,1,1
44346,bot_iot,1,1.0,0.99899,0.999495,1,1,1
44355,bot_iot,1,1.0,0.998663,0.999332,1,1,1
44368,bot_iot,1,1.0,0.999993,0.999997,1,1,1
44370,bot_iot,1,1.0,0.999386,0.999693,1,1,1
44377,bot_iot,1,1.0,0.999991,0.999995,1,1,1
44384,bot_iot,1,1.0,1.0,1.0,1,1,1
44387,bot_iot,1,1.0,0.999443,0.999721,1,1,1
44390,bot_iot,1,1.0,0.99948,0.99974,1,1,1
44394,bot_iot,1,1.0,0.999222,0.999611,1,1,1
44395,bot_iot,1,1.0,0.999994,0.999997,1,1,1
44396,bot_iot,1,1.0,0.99948,0.99974,1,1,1
44400,bot_iot,1,1.0,0.999182,0.999591,1,1,1
44403,bot_iot,1,1.0,0.998303,0.999152,1,1,1
44407,bot_iot,1,1.0,0.999993,0.999997,1,1,1
44414,bot_iot,1,1.0,0.999483,0.999742,1,1,1
44421,bot_iot,1,1.0,0.999386,0.999693,1,1,1
44423,bot_iot,1,1.0,0.999993,0.999997,1,1,1
44424,bot_iot,1,1.0,0.999993,0.999996,1,1,1
44441,bot_iot,1,1.0,0.999484,0.999742,1,1,1
44442,bot_iot,1,1.0,0.999062,0.999531,1,1,1
44446,bot_iot,1,1.0,0.999994,0.999997,1,1,1
44447,bot_iot,1,1.0,0.999993,0.999996,1,1,1
44452,bot_iot,1,1.0,0.998938,0.999469,1,1,1
44456,bot_iot,1,1.0,1.0,1.0,1,1,1
44463,bot_iot,1,1.0,1.0,1.0,1,1,1
44469,bot_iot,1,1.0,0.99935,0.999675,1,1,1
44471,bot_iot,1,1.0,1.0,1.0,1,1,1
44474,bot_iot,1,1.0,0.999441,0.999721,1,1,1
44475,bot_iot,1,1.0,0.99935,0.999675,1,1,1
44482,bot_iot,1,1.0,0.99931,0.999655,1,1,1
44487,bot_iot,1,1.0,0.999194,0.999597,1,1,1
44488,bot_iot,1,1.0,0.998933,0.999466,1,1,1
44502,bot_iot,1,1.0,0.99899,0.999495,1,1,1
44503,bot_iot,1,1.0,0.998895,0.999447,1,1,1
44504,bot_iot,1,1.0,0.999993,0.999997,1,1,1
44508,bot_iot,1,1.0,0.999385,0.999692,1,1,1
44513,bot_iot,1,1.0,0.996045,0.998022,1,1,1
44515,bot_iot,1,1.0,0.999312,0.999656,1,1,1
44519,bot_iot,1,1.0,0.999268,0.999634,1,1,1
44520,bot_iot,1,1.0,0.999468,0.999734,1,1,1
44528,bot_iot,1,1.0,0.999174,0.999587,1,1,1
44529,bot_iot,1,1.0,0.999986,0.999993,1,1,1
44533,bot_iot,1,1.0,1.0,1.0,1,1,1
44537,bot_iot,1,1.0,0.999107,0.999554,1,1,1
44539,bot_iot,1,1.0,0.999981,0.99999,1,1,1
44546,bot_iot,1,1.0,0.999993,0.999996,1,1,1
44549,bot_iot,1,1.0,0.999468,0.999734,1,1,1
44556,bot_iot,1,1.0,0.999483,0.999742,1,1,1
44559,bot_iot,1,1.0,0.976804,0.988402,1,1,1
44560,bot_iot,1,1.0,1.0,1.0,1,1,1
44564,bot_iot,1,1.0,1.0,1.0,1,1,1
44566,bot_iot,1,1.0,0.999993,0.999997,1,1,1
44586,bot_iot,1,1.0,0.999993,0.999996,1,1,1
44590,bot_iot,1,1.0,0.999384,0.999692,1,1,1
44591,bot_iot,1,1.0,0.999441,0.99972,1,1,1
44596,bot_iot,1,1.0,0.99931,0.999655,1,1,1
44599,bot_iot,1,1.0,0.999999,1.0,1,1,1
44601,bot_iot,1,0.97,0.990184,0.980092,1,1,1
44602,bot_iot,1,1.0,0.998997,0.999498,1,1,1
44612,bot_iot,1,1.0,0.999352,0.999676,1,1,1
44615,bot_iot,1,1.0,1.0,1.0,1,1,1
44616,bot_iot,1,1.0,0.999434,0.999717,1,1,1
44617,bot_iot,1,1.0,0.976804,0.988402,1,1,1
44630,bot_iot,1,1.0,0.999992,0.999996,1,1,1
44631,bot_iot,1,1.0,0.998989,0.999494,1,1,1
44639,bot_iot,1,1.0,1.0,1.0,1,1,1
44655,bot_iot,1,1.0,1.0,1.0,1,1,1
44665,bot_iot,1,1.0,0.998937,0.999468,1,1,1
44668,bot_iot,1,1.0,0.99935,0.999675,1,1,1
44676,bot_iot,1,1.0,0.99893,0.999465,1,1,1
44680,bot_iot,1,1.0,0.999993,0.999997,1,1,1
44685,bot_iot,1,1.0,0.999999,1.0,1,1,1
44687,bot_iot,1,1.0,0.999991,0.999995,1,1,1
44688,bot_iot,1,1.0,0.998998,0.999499,1,1,1
44689,bot_iot,1,1.0,0.999442,0.999721,1,1,1
44692,bot_iot,1,1.0,0.999454,0.999727,1,1,1
44703,bot_iot,1,1.0,0.976804,0.988402,1,1,1
44708,bot_iot,1,1.0,0.999993,0.999997,1,1,1
44709,bot_iot,1,1.0,0.999104,0.999552,1,1,1
44733,bot_iot,1,1.0,0.999993,0.999997,1,1,1
44746,bot_iot,1,1.0,0.999993,0.999996,1,1,1
44747,bot_iot,1,1.0,0.99909,0.999545,1,1,1
44754,bot_iot,1,1.0,0.999468,0.999734,1,1,1
44759,bot_iot,1,1.0,0.999385,0.999692,1,1,1
44763,bot_iot,1,1.0,0.99948,0.99974,1,1,1
44764,bot_iot,1,1.0,1.0,1.0,1,1,1
44765,bot_iot,1,1.0,0.999993,0.999996,1,1,1
44766,bot_iot,1,1.0,0.998987,0.999493,1,1,1
44768,bot_iot,1,1.0,0.999432,0.999716,1,1,1
44772,bot_iot,1,1.0,0.998896,0.999448,1,1,1
44773,bot_iot,1,1.0,1.0,1.0,1,1,1
44777,bot_iot,1,1.0,0.999994,0.999997,1,1,1
44785,bot_iot,1,0.93,0.999982,0.964991,1,1,1
44786,bot_iot,1,1.0,0.976804,0.988402,1,1,1
44795,bot_iot,1,1.0,0.999993,0.999997,1,1,1
44802,bot_iot,1,1.0,1.0,1.0,1,1,1
44807,bot_iot,1,1.0,0.999988,0.999994,1,1,1
44810,bot_iot,1,1.0,0.976804,0.988402,1,1,1
44811,bot_iot,1,1.0,1.0,1.0,1,1,1
44820,bot_iot,1,1.0,0.999308,0.999654,1,1,1
44827,bot_iot,1,1.0,0.999416,0.999708,1,1,1
44834,bot_iot,1,1.0,1.0,1.0,1,1,1
44842,bot_iot,1,1.0,0.999044,0.999522,1,1,1
44844,bot_iot,1,1.0,0.998874,0.999437,1,1,1
44846,bot_iot,1,1.0,0.999993,0.999996,1,1,1
44853,bot_iot,1,1.0,0.999444,0.999722,1,1,1
44859,bot_iot,1,1.0,0.995355,0.997677,1,1,1
44862,bot_iot,1,1.0,0.999991,0.999995,1,1,1
44864,bot_iot,1,1.0,0.999989,0.999994,1,1,1
44865,bot_iot,1,1.0,0.998862,0.999431,1,1,1
44868,bot_iot,1,1.0,0.999443,0.999721,1,1,1
44871,bot_iot,1,1.0,0.999993,0.999997,1,1,1
44874,bot_iot,1,1.0,0.999468,0.999734,1,1,1
44884,bot_iot,1,1.0,0.99912,0.99956,1,1,1
44891,bot_iot,1,1.0,0.998982,0.999491,1,1,1
44899,bot_iot,1,1.0,0.999481,0.99974,1,1,1
44901,bot_iot,1,1.0,0.998989,0.999495,1,1,1
44904,bot_iot,1,1.0,1.0,1.0,1,1,1
44907,bot_iot,1,1.0,0.998431,0.999216,1,1,1
44914,bot_iot,1,1.0,0.999173,0.999586,1,1,1
44925,bot_iot,1,1.0,0.999225,0.999613,1,1,1
44928,bot_iot,1,1.0,0.999994,0.999997,1,1,1
44930,bot_iot,1,1.0,0.99948,0.99974,1,1,1
44933,bot_iot,1,1.0,0.998966,0.999483,1,1,1
44949,bot_iot,1,1.0,1.0,1.0,1,1,1
44950,bot_iot,1,1.0,0.999171,0.999585,1,1,1
44955,bot_iot,1,1.0,1.0,1.0,1,1,1
44959,bot_iot,1,1.0,1.0,1.0,1,1,1
44961,bot_iot,1,1.0,0.999289,0.999645,1,1,1
44966,bot_iot,1,1.0,0.999479,0.999739,1,1,1
44978,bot_iot,1,0.68716,0.052504,0.369832,1,0,0
44989,bot_iot,1,1.0,0.976804,0.988402,1,1,1
44996,bot_iot,1,1.0,0.999051,0.999525,1,1,1
44997,bot_iot,1,1.0,0.999348,0.999674,1,1,1
45000,bot_iot,1,1.0,0.999416,0.999708,1,1,1
45004,bot_iot,1,1.0,1.0,1.0,1,1,1
45008,bot_iot,1,1.0,0.99938,0.99969,1,1,1
45011,bot_iot,1,1.0,0.976804,0.988402,1,1,1
45013,bot_iot,1,1.0,0.999312,0.999656,1,1,1
45014,bot_iot,1,1.0,0.999183,0.999591,1,1,1
45028,bot_iot,1,1.0,1.0,1.0,1,1,1
45029,bot_iot,1,1.0,0.999414,0.999707,1,1,1
45036,bot_iot,1,1.0,0.999118,0.999559,1,1,1
45038,bot_iot,1,1.0,0.999993,0.999996,1,1,1
45039,bot_iot,1,1.0,0.999974,0.999987,1,1,1
45043,bot_iot,1,1.0,0.999993,0.999997,1,1,1
45044,bot_iot,1,1.0,0.999146,0.999573,1,1,1
45048,bot_iot,1,1.0,0.999184,0.999592,1,1,1
45063,bot_iot,1,1.0,0.999994,0.999997,1,1,1
45071,bot_iot,1,1.0,0.999173,0.999586,1,1,1
45073,bot_iot,1,1.0,0.999992,0.999996,1,1,1
45074,bot_iot,1,1.0,0.999415,0.999708,1,1,1
45084,bot_iot,1,1.0,0.998932,0.999466,1,1,1
45086,bot_iot,1,1.0,1.0,1.0,1,1,1
45108,bot_iot,1,1.0,0.99999,0.999995,1,1,1
45115,bot_iot,1,1.0,0.999336,0.999668,1,1,1
45123,bot_iot,1,1.0,0.999226,0.999613,1,1,1
45140,bot_iot,1,1.0,0.999973,0.999986,1,1,1
45142,bot_iot,1,1.0,0.999395,0.999697,1,1,1
45148,bot_iot,1,1.0,0.999987,0.999994,1,1,1
45157,bot_iot,1,1.0,1.0,1.0,1,1,1
45160,bot_iot,1,1.0,1.0,1.0,1,1,1
45163,bot_iot,1,1.0,0.999364,0.999682,1,1,1
45165,bot_iot,1,1.0,0.998989,0.999494,1,1,1
45173,bot_iot,1,1.0,0.999091,0.999546,1,1,1
45175,bot_iot,1,1.0,0.999442,0.999721,1,1,1
45192,bot_iot,1,1.0,0.99893,0.999465,1,1,1
45193,bot_iot,1,1.0,0.999413,0.999706,1,1,1
45196,bot_iot,1,1.0,0.999182,0.999591,1,1,1
45198,bot_iot,1,1.0,0.999992,0.999996,1,1,1
45207,bot_iot,1,1.0,0.999468,0.999734,1,1,1
45220,bot_iot,1,1.0,0.999443,0.999721,1,1,1
45226,bot_iot,1,1.0,0.999468,0.999734,1,1,1
45232,bot_iot,1,1.0,1.0,1.0,1,1,1
45265,bot_iot,1,1.0,0.999991,0.999996,1,1,1
45271,bot_iot,1,1.0,0.999312,0.999656,1,1,1
45283,bot_iot,1,1.0,0.999431,0.999716,1,1,1
45295,bot_iot,1,1.0,0.999951,0.999976,1,1,1
45298,bot_iot,1,1.0,0.999989,0.999995,1,1,1
45300,bot_iot,1,1.0,0.999994,0.999997,1,1,1
45301,bot_iot,1,1.0,0.999443,0.999721,1,1,1
45305,bot_iot,1,1.0,0.999143,0.999572,1,1,1
45314,bot_iot,1,1.0,0.999442,0.999721,1,1,1
45316,bot_iot,1,1.0,0.999353,0.999677,1,1,1
45323,bot_iot,1,1.0,1.0,1.0,1,1,1
45326,bot_iot,1,1.0,0.998952,0.999476,1,1,1
45329,bot_iot,1,1.0,0.999993,0.999997,1,1,1
45336,bot_iot,1,1.0,1.0,1.0,1,1,1
45345,bot_iot,1,1.0,0.999974,0.999987,1,1,1
45347,bot_iot,1,1.0,0.998364,0.999182,1,1,1
45348,bot_iot,1,1.0,1.0,1.0,1,1,1
45366,bot_iot,1,1.0,0.999993,0.999997,1,1,1
45367,bot_iot,1,1.0,1.0,1.0,1,1,1
45373,bot_iot,1,1.0,0.999414,0.999707,1,1,1
45376,bot_iot,1,1.0,0.999442,0.999721,1,1,1
45378,bot_iot,1,1.0,0.998895,0.999448,1,1,1
45385,bot_iot,1,1.0,0.996274,0.998137,1,1,1
45393,bot_iot,1,1.0,1.0,1.0,1,1,1
45401,bot_iot,1,1.0,1.0,1.0,1,1,1
45410,bot_iot,1,1.0,0.999049,0.999524,1,1,1
45416,bot_iot,1,1.0,0.999993,0.999996,1,1,1
45426,bot_iot,1,1.0,0.999009,0.999504,1,1,1
45432,bot_iot,1,1.0,0.999991,0.999995,1,1,1
45450,bot_iot,1,1.0,1.0,1.0,1,1,1
45472,bot_iot,1,1.0,0.999468,0.999734,1,1,1
45473,bot_iot,1,1.0,0.999994,0.999997,1,1,1
45484,bot_iot,1,1.0,0.998988,0.999494,1,1,1
45497,bot_iot,1,1.0,0.999384,0.999692,1,1,1
45500,bot_iot,1,1.0,1.0,1.0,1,1,1
45511,bot_iot,1,1.0,0.999091,0.999545,1,1,1
45513,bot_iot,1,1.0,0.999397,0.999698,1,1,1
45514,bot_iot,1,1.0,0.999062,0.999531,1,1,1
45515,bot_iot,1,1.0,0.998895,0.999447,1,1,1
45519,bot_iot,1,1.0,0.99893,0.999465,1,1,1
45525,bot_iot,1,1.0,0.99948,0.99974,1,1,1
45538,bot_iot,1,1.0,0.99999,0.999995,1,1,1
45541,bot_iot,1,1.0,0.999479,0.999739,1,1,1
45546,bot_iot,1,1.0,0.99931,0.999655,1,1,1
45547,bot_iot,1,1.0,0.999468,0.999734,1,1,1
45549,bot_iot,1,1.0,0.999366,0.999683,1,1,1
45555,bot_iot,1,1.0,1.0,1.0,1,1,1
45560,bot_iot,1,1.0,0.998674,0.999337,1,1,1
45563,bot_iot,1,1.0,1.0,1.0,1,1,1
45565,bot_iot,1,1.0,0.998897,0.999448,1,1,1
45566,bot_iot,1,1.0,1.0,1.0,1,1,1
45570,bot_iot,1,1.0,1.0,1.0,1,1,1
45573,bot_iot,1,1.0,0.999993,0.999996,1,1,1
45583,bot_iot,1,1.0,1.0,1.0,1,1,1
45591,bot_iot,1,1.0,0.999993,0.999997,1,1,1
45602,bot_iot,1,1.0,1.0,1.0,1,1,1
45606,bot_iot,1,1.0,0.999148,0.999574,1,1,1
45617,bot_iot,1,1.0,0.999326,0.999663,1,1,1
45624,bot_iot,1,1.0,0.999993,0.999997,1,1,1
45626,bot_iot,1,1.0,1.0,1.0,1,1,1
45629,bot_iot,1,1.0,1.0,1.0,1,1,1
45633,bot_iot,1,1.0,0.998879,0.999439,1,1,1
45635,bot_iot,1,1.0,0.999491,0.999745,1,1,1
45637,bot_iot,1,1.0,0.998936,0.999468,1,1,1
45638,bot_iot,1,1.0,0.999985,0.999992,1,1,1
45643,bot_iot,1,1.0,0.998879,0.99944,1,1,1
45646,bot_iot,1,1.0,0.999992,0.999996,1,1,1
45654,bot_iot,1,1.0,0.998828,0.999414,1,1,1
45656,bot_iot,1,1.0,0.999994,0.999997,1,1,1
45660,bot_iot,1,1.0,0.999993,0.999997,1,1,1
45670,bot_iot,1,1.0,0.999384,0.999692,1,1,1
45672,bot_iot,1,1.0,0.999069,0.999535,1,1,1
45675,bot_iot,1,1.0,0.999187,0.999594,1,1,1
45677,bot_iot,1,1.0,0.999993,0.999997,1,1,1
45683,bot_iot,1,1.0,0.999938,0.999969,1,1,1
45699,bot_iot,1,1.0,1.0,1.0,1,1,1
45700,bot_iot,1,1.0,0.999184,0.999592,1,1,1
45703,bot_iot,1,1.0,0.999109,0.999554,1,1,1
45705,bot_iot,1,1.0,0.999993,0.999997,1,1,1
45706,bot_iot,1,1.0,0.999312,0.999656,1,1,1
45710,bot_iot,1,1.0,0.999992,0.999996,1,1,1
45712,bot_iot,1,1.0,0.999093,0.999547,1,1,1
45717,bot_iot,1,1.0,0.976804,0.988402,1,1,1
45723,bot_iot,1,1.0,1.0,1.0,1,1,1
45728,bot_iot,1,1.0,1.0,1.0,1,1,1
45730,bot_iot,1,1.0,0.999334,0.999667,1,1,1
45731,bot_iot,1,1.0,0.999443,0.999722,1,1,1
45738,bot_iot,1,1.0,0.999436,0.999718,1,1,1
45748,bot_iot,1,1.0,1.0,1.0,1,1,1
45752,bot_iot,1,1.0,0.998878,0.999439,1,1,1
45759,bot_iot,1,1.0,0.999349,0.999674,1,1,1
45782,bot_iot,1,1.0,0.999992,0.999996,1,1,1
45786,bot_iot,1,1.0,0.999481,0.99974,1,1,1
45790,bot_iot,1,1.0,0.999468,0.999734,1,1,1
45794,bot_iot,1,1.0,0.999443,0.999721,1,1,1
45805,bot_iot,1,1.0,0.999212,0.999606,1,1,1
45820,bot_iot,1,1.0,0.999443,0.999722,1,1,1
45823,bot_iot,1,1.0,0.976804,0.988402,1,1,1
45826,bot_iot,1,1.0,1.0,1.0,1,1,1
45829,bot_iot,1,1.0,0.99935,0.999675,1,1,1
45835,bot_iot,1,1.0,0.999992,0.999996,1,1,1
45837,bot_iot,1,1.0,0.99948,0.99974,1,1,1
45845,bot_iot,1,1.0,0.999385,0.999692,1,1,1
45846,bot_iot,1,1.0,0.998938,0.999469,1,1,1
45849,bot_iot,1,0.68716,0.052504,0.369832,1,0,0
45850,bot_iot,1,1.0,0.999435,0.999718,1,1,1
45851,bot_iot,1,1.0,0.999385,0.999693,1,1,1
45856,bot_iot,1,1.0,1.0,1.0,1,1,1
45861,bot_iot,1,1.0,0.999468,0.999734,1,1,1
45862,bot_iot,1,1.0,0.99934,0.99967,1,1,1
45875,bot_iot,1,1.0,0.976804,0.988402,1,1,1
45883,bot_iot,1,1.0,0.99902,0.99951,1,1,1
45884,bot_iot,1,1.0,0.99947,0.999735,1,1,1
45885,bot_iot,1,1.0,1.0,1.0,1,1,1
45894,bot_iot,1,1.0,0.999993,0.999997,1,1,1
45899,bot_iot,1,1.0,0.999981,0.999991,1,1,1
45909,bot_iot,1,1.0,0.999188,0.999594,1,1,1
45910,bot_iot,1,1.0,0.99947,0.999735,1,1,1
45911,bot_iot,1,1.0,0.999171,0.999586,1,1,1
45915,bot_iot,1,1.0,1.0,1.0,1,1,1
45918,bot_iot,1,1.0,0.999173,0.999586,1,1,1
45921,bot_iot,1,1.0,1.0,1.0,1,1,1
45926,bot_iot,1,1.0,0.998839,0.999419,1,1,1
45934,bot_iot,1,1.0,0.999994,0.999997,1,1,1
45940,bot_iot,1,1.0,0.999348,0.999674,1,1,1
45949,bot_iot,1,1.0,0.999416,0.999708,1,1,1
45953,bot_iot,1,1.0,0.999994,0.999997,1,1,1
45962,bot_iot,1,1.0,0.999468,0.999734,1,1,1
45970,bot_iot,1,1.0,1.0,1.0,1,1,1
45981,bot_iot,1,1.0,0.999993,0.999996,1,1,1
45984,bot_iot,1,1.0,0.999113,0.999556,1,1,1
45989,bot_iot,1,1.0,0.999351,0.999675,1,1,1
45991,bot_iot,1,1.0,0.999152,0.999576,1,1,1
45992,bot_iot,1,1.0,0.999993,0.999997,1,1,1
45994,bot_iot,1,1.0,0.999479,0.999739,1,1,1
45997,bot_iot,1,1.0,0.999433,0.999717,1,1,1
45999,bot_iot,1,1.0,0.999414,0.999707,1,1,1
46000,bot_iot,1,1.0,0.999443,0.999721,1,1,1
46001,bot_iot,1,1.0,0.999173,0.999587,1,1,1
46002,bot_iot,1,1.0,0.999993,0.999996,1,1,1
46011,bot_iot,1,1.0,1.0,1.0,1,1,1
46026,bot_iot,1,1.0,1.0,1.0,1,1,1
46029,bot_iot,1,1.0,0.999431,0.999715,1,1,1
46039,bot_iot,1,1.0,0.99909,0.999545,1,1,1
46040,bot_iot,1,1.0,0.999444,0.999722,1,1,1
46054,bot_iot,1,1.0,0.99948,0.99974,1,1,1
46062,bot_iot,1,1.0,0.999268,0.999634,1,1,1
46064,bot_iot,1,1.0,1.0,1.0,1,1,1
46065,bot_iot,1,1.0,0.999484,0.999742,1,1,1
46069,bot_iot,1,1.0,0.999982,0.999991,1,1,1
46073,bot_iot,1,1.0,0.999213,0.999606,1,1,1
46076,bot_iot,1,1.0,0.999384,0.999692,1,1,1
46077,bot_iot,1,1.0,0.998873,0.999436,1,1,1
46100,bot_iot,1,1.0,0.999001,0.9995,1,1,1
46104,bot_iot,1,1.0,0.999312,0.999656,1,1,1
46109,bot_iot,1,1.0,0.999335,0.999668,1,1,1
46112,bot_iot,1,1.0,0.999993,0.999997,1,1,1
46115,bot_iot,1,1.0,0.998983,0.999492,1,1,1
46116,bot_iot,1,1.0,0.998871,0.999435,1,1,1
46118,bot_iot,1,1.0,0.999974,0.999987,1,1,1
46123,bot_iot,1,1.0,0.999991,0.999996,1,1,1
46126,bot_iot,1,1.0,0.999034,0.999517,1,1,1
46147,bot_iot,1,1.0,0.999496,0.999748,1,1,1
46151,bot_iot,1,1.0,0.999482,0.999741,1,1,1
46156,bot_iot,1,1.0,0.999993,0.999996,1,1,1
46163,bot_iot,1,1.0,0.999993,0.999997,1,1,1
46165,bot_iot,1,1.0,0.999103,0.999552,1,1,1
46185,bot_iot,1,1.0,1.0,1.0,1,1,1
46187,bot_iot,1,1.0,0.999468,0.999734,1,1,1
46188,bot_iot,1,1.0,0.999173,0.999586,1,1,1
46192,bot_iot,1,1.0,0.999184,0.999592,1,1,1
46194,bot_iot,1,1.0,0.999993,0.999996,1,1,1
46198,bot_iot,1,1.0,0.999465,0.999733,1,1,1
46205,bot_iot,1,1.0,0.999468,0.999734,1,1,1
46212,bot_iot,1,1.0,0.998989,0.999495,1,1,1
46217,bot_iot,1,1.0,0.999993,0.999997,1,1,1
46220,bot_iot,1,1.0,1.0,1.0,1,1,1
46222,bot_iot,1,1.0,0.976804,0.988402,1,1,1
46224,bot_iot,1,1.0,0.999497,0.999748,1,1,1
46225,bot_iot,1,1.0,0.999268,0.999634,1,1,1
46228,bot_iot,1,1.0,0.999187,0.999593,1,1,1
46238,bot_iot,1,1.0,0.999268,0.999634,1,1,1
46245,bot_iot,1,1.0,0.998896,0.999448,1,1,1
46247,bot_iot,1,1.0,0.998954,0.999477,1,1,1
46252,bot_iot,1,1.0,0.999386,0.999693,1,1,1
46258,bot_iot,1,1.0,0.999002,0.999501,1,1,1
46264,bot_iot,1,1.0,0.999468,0.999734,1,1,1
46272,bot_iot,1,1.0,0.999351,0.999675,1,1,1
46273,bot_iot,1,1.0,1.0,1.0,1,1,1
46287,bot_iot,1,1.0,1.0,1.0,1,1,1
46289,bot_iot,1,1.0,0.999455,0.999728,1,1,1
46299,bot_iot,1,1.0,0.999174,0.999587,1,1,1
46303,bot_iot,1,1.0,1.0,1.0,1,1,1
46307,bot_iot,1,1.0,0.999443,0.999722,1,1,1
46310,bot_iot,1,1.0,1.0,1.0,1,1,1
46313,bot_iot,1,1.0,0.998932,0.999466,1,1,1
46322,bot_iot,1,1.0,0.999991,0.999996,1,1,1
46325,bot_iot,1,1.0,0.99948,0.99974,1,1,1
46326,bot_iot,1,1.0,0.998937,0.999468,1,1,1
46327,bot_iot,1,1.0,0.999336,0.999668,1,1,1
46353,bot_iot,1,1.0,0.999993,0.999996,1,1,1
46360,bot_iot,1,1.0,0.999347,0.999674,1,1,1
46364,bot_iot,1,1.0,0.998876,0.999438,1,1,1
46369,bot_iot,1,1.0,0.999338,0.999669,1,1,1
46373,bot_iot,1,1.0,0.999421,0.999711,1,1,1
46376,bot_iot,1,1.0,1.0,1.0,1,1,1
46378,bot_iot,1,1.0,0.999993,0.999997,1,1,1
46383,bot_iot,1,1.0,0.999386,0.999693,1,1,1
46390,bot_iot,1,1.0,0.999993,0.999997,1,1,1
46393,bot_iot,1,1.0,0.999993,0.999996,1,1,1
46397,bot_iot,1,1.0,1.0,1.0,1,1,1
46398,bot_iot,1,1.0,1.0,1.0,1,1,1
46401,bot_iot,1,1.0,0.999994,0.999997,1,1,1
46404,bot_iot,1,1.0,0.999994,0.999997,1,1,1
46411,bot_iot,1,1.0,1.0,1.0,1,1,1
46412,bot_iot,1,1.0,0.999468,0.999734,1,1,1
46418,bot_iot,1,1.0,1.0,1.0,1,1,1
46422,bot_iot,1,1.0,0.999433,0.999717,1,1,1
46427,bot_iot,1,1.0,1.0,1.0,1,1,1
46431,bot_iot,1,1.0,0.999468,0.999734,1,1,1
46465,bot_iot,1,1.0,0.999443,0.999721,1,1,1
46467,bot_iot,1,1.0,0.999994,0.999997,1,1,1
46473,bot_iot,1,1.0,1.0,1.0,1,1,1
46474,bot_iot,1,1.0,0.999994,0.999997,1,1,1
46475,bot_iot,1,1.0,0.998849,0.999425,1,1,1
46478,bot_iot,1,1.0,0.999351,0.999675,1,1,1
46479,bot_iot,1,1.0,0.976804,0.988402,1,1,1
46486,bot_iot,1,1.0,0.999468,0.999734,1,1,1
46490,bot_iot,1,1.0,1.0,1.0,1,1,1
46491,bot_iot,1,1.0,0.999993,0.999997,1,1,1
46495,bot_iot,1,1.0,0.999223,0.999612,1,1,1
46496,bot_iot,1,1.0,1.0,1.0,1,1,1
46498,bot_iot,1,1.0,0.99931,0.999655,1,1,1
46505,bot_iot,1,1.0,1.0,1.0,1,1,1
46506,bot_iot,1,1.0,0.998872,0.999436,1,1,1
46509,bot_iot,1,1.0,0.999994,0.999997,1,1,1
46511,bot_iot,1,1.0,0.999422,0.999711,1,1,1
46512,bot_iot,1,1.0,1.0,1.0,1,1,1
46521,bot_iot,1,1.0,0.998643,0.999322,1,1,1
46525,bot_iot,1,1.0,0.999993,0.999997,1,1,1
46529,bot_iot,1,1.0,0.999351,0.999675,1,1,1
46538,bot_iot,1,1.0,0.999384,0.999692,1,1,1
46540,bot_iot,1,1.0,0.999465,0.999733,1,1,1
46554,bot_iot,1,1.0,1.0,1.0,1,1,1
46556,bot_iot,1,1.0,0.976804,0.988402,1,1,1
46559,bot_iot,1,1.0,0.999199,0.999599,1,1,1
46563,bot_iot,1,1.0,0.999993,0.999996,1,1,1
46564,bot_iot,1,1.0,0.999986,0.999993,1,1,1
46570,bot_iot,1,1.0,0.999182,0.999591,1,1,1
46577,bot_iot,1,1.0,1.0,1.0,1,1,1
46580,bot_iot,1,1.0,1.0,1.0,1,1,1
46583,bot_iot,1,1.0,0.999994,0.999997,1,1,1
46604,bot_iot,1,1.0,1.0,1.0,1,1,1
46610,bot_iot,1,1.0,0.999312,0.999656,1,1,1
46617,bot_iot,1,1.0,0.999443,0.999721,1,1,1
46629,bot_iot,1,1.0,0.998976,0.999488,1,1,1
46631,bot_iot,1,1.0,0.999462,0.999731,1,1,1
46640,bot_iot,1,1.0,0.999991,0.999996,1,1,1
46642,bot_iot,1,1.0,0.999465,0.999732,1,1,1
46647,bot_iot,1,1.0,1.0,1.0,1,1,1
46650,bot_iot,1,1.0,0.999118,0.999559,1,1,1
46661,bot_iot,1,1.0,0.999391,0.999695,1,1,1
46670,bot_iot,1,1.0,1.0,1.0,1,1,1
46671,bot_iot,1,1.0,1.0,1.0,1,1,1
46676,bot_iot,1,1.0,0.999383,0.999691,1,1,1
46686,bot_iot,1,1.0,0.998996,0.999498,1,1,1
46688,bot_iot,1,1.0,0.999188,0.999594,1,1,1
46689,bot_iot,1,1.0,0.998989,0.999495,1,1,1
46697,bot_iot,1,1.0,0.999994,0.999997,1,1,1
46700,bot_iot,1,1.0,0.999433,0.999716,1,1,1
46707,bot_iot,1,1.0,0.998877,0.999439,1,1,1
46709,bot_iot,1,1.0,1.0,1.0,1,1,1
46714,bot_iot,1,1.0,0.999467,0.999733,1,1,1
46718,bot_iot,1,1.0,0.999443,0.999721,1,1,1
46721,bot_iot,1,0.99475,0.120451,0.5576,1,0,1
46737,bot_iot,1,1.0,1.0,1.0,1,1,1
46756,bot_iot,1,1.0,0.999468,0.999734,1,1,1
46757,bot_iot,1,1.0,0.999999,1.0,1,1,1
46758,bot_iot,1,1.0,1.0,1.0,1,1,1
46759,bot_iot,1,1.0,0.999993,0.999997,1,1,1
46762,bot_iot,1,1.0,0.99935,0.999675,1,1,1
46765,bot_iot,1,1.0,0.976804,0.988402,1,1,1
46771,bot_iot,1,1.0,0.998937,0.999469,1,1,1
46776,bot_iot,1,1.0,0.999385,0.999692,1,1,1
46777,bot_iot,1,1.0,0.999992,0.999996,1,1,1
46786,bot_iot,1,1.0,0.999386,0.999693,1,1,1
46788,bot_iot,1,1.0,0.999093,0.999546,1,1,1
46791,bot_iot,1,1.0,0.998874,0.999437,1,1,1
46799,bot_iot,1,1.0,1.0,1.0,1,1,1
46812,bot_iot,1,1.0,1.0,1.0,1,1,1
46813,bot_iot,1,1.0,0.999994,0.999997,1,1,1
46823,bot_iot,1,1.0,0.999442,0.999721,1,1,1
46824,bot_iot,1,1.0,0.999999,0.999999,1,1,1
46828,bot_iot,1,1.0,0.99899,0.999495,1,1,1
46830,bot_iot,1,1.0,0.999993,0.999997,1,1,1
46840,bot_iot,1,1.0,0.999991,0.999995,1,1,1
46841,bot_iot,1,1.0,0.998949,0.999475,1,1,1
46846,bot_iot,1,1.0,0.999386,0.999693,1,1,1
46847,bot_iot,1,1.0,0.999182,0.999591,1,1,1
46848,bot_iot,1,1.0,0.999414,0.999707,1,1,1
46853,bot_iot,1,1.0,1.0,1.0,1,1,1
46854,bot_iot,1,1.0,0.998996,0.999498,1,1,1
46855,bot_iot,1,1.0,0.999993,0.999996,1,1,1
46857,bot_iot,1,1.0,0.999351,0.999675,1,1,1
46862,bot_iot,1,1.0,0.999994,0.999997,1,1,1
46863,bot_iot,1,1.0,0.999385,0.999693,1,1,1
46866,bot_iot,1,1.0,0.999089,0.999545,1,1,1
46867,bot_iot,1,1.0,0.999993,0.999997,1,1,1
46868,bot_iot,1,1.0,1.0,1.0,1,1,1
46870,bot_iot,1,1.0,0.99948,0.99974,1,1,1
46879,bot_iot,1,1.0,0.99935,0.999675,1,1,1
46882,bot_iot,1,1.0,0.998937,0.999469,1,1,1
46883,bot_iot,1,1.0,0.998988,0.999494,1,1,1
46899,bot_iot,1,1.0,1.0,1.0,1,1,1
46910,bot_iot,1,1.0,0.999987,0.999993,1,1,1
46913,bot_iot,1,1.0,0.999465,0.999732,1,1,1
46915,bot_iot,1,1.0,0.999118,0.999559,1,1,1
46923,bot_iot,1,1.0,1.0,1.0,1,1,1
46932,bot_iot,1,1.0,1.0,1.0,1,1,1
46933,bot_iot,1,1.0,0.999989,0.999995,1,1,1
46935,bot_iot,1,1.0,0.999341,0.99967,1,1,1
46936,bot_iot,1,1.0,1.0,1.0,1,1,1
46939,bot_iot,1,1.0,0.999164,0.999582,1,1,1
46950,bot_iot,1,1.0,0.999988,0.999994,1,1,1
46951,bot_iot,1,1.0,0.999268,0.999634,1,1,1
46955,bot_iot,1,1.0,0.999174,0.999587,1,1,1
46966,bot_iot,1,1.0,0.999468,0.999734,1,1,1
46976,bot_iot,1,1.0,0.999994,0.999997,1,1,1
46977,bot_iot,1,1.0,0.999384,0.999692,1,1,1
46985,bot_iot,1,1.0,1.0,1.0,1,1,1
46986,bot_iot,1,1.0,1.0,1.0,1,1,1
46989,bot_iot,1,1.0,0.999348,0.999674,1,1,1
46991,bot_iot,1,1.0,0.999992,0.999996,1,1,1
46994,bot_iot,1,1.0,0.9989,0.99945,1,1,1
46998,bot_iot,1,1.0,0.999988,0.999994,1,1,1
47000,bot_iot,1,1.0,0.999434,0.999717,1,1,1
47001,bot_iot,1,1.0,1.0,1.0,1,1,1
47003,bot_iot,1,1.0,0.999496,0.999748,1,1,1
47007,bot_iot,1,1.0,0.998997,0.999499,1,1,1
47008,bot_iot,1,1.0,0.999173,0.999587,1,1,1
47019,bot_iot,1,1.0,0.999334,0.999667,1,1,1
47021,bot_iot,1,1.0,1.0,1.0,1,1,1
47026,bot_iot,1,1.0,0.999482,0.999741,1,1,1
47043,bot_iot,1,1.0,0.998815,0.999407,1,1,1
47044,bot_iot,1,1.0,0.976804,0.988402,1,1,1
47052,bot_iot,1,1.0,0.976804,0.988402,1,1,1
47062,bot_iot,1,1.0,0.99935,0.999675,1,1,1
47066,bot_iot,1,1.0,0.999968,0.999984,1,1,1
47067,bot_iot,1,1.0,0.999183,0.999592,1,1,1
47085,bot_iot,1,1.0,0.999468,0.999734,1,1,1
47087,bot_iot,1,1.0,0.999974,0.999987,1,1,1
47093,bot_iot,1,1.0,1.0,1.0,1,1,1
47102,bot_iot,1,1.0,0.998644,0.999322,1,1,1
47110,bot_iot,1,1.0,0.999132,0.999566,1,1,1
47116,bot_iot,1,1.0,0.999458,0.999729,1,1,1
47121,bot_iot,1,1.0,0.999438,0.999719,1,1,1
47125,bot_iot,1,1.0,0.999468,0.999734,1,1,1
47129,bot_iot,1,1.0,0.976804,0.988402,1,1,1
47130,bot_iot,1,1.0,0.999993,0.999996,1,1,1
47131,bot_iot,1,1.0,0.99934,0.99967,1,1,1
47138,bot_iot,1,1.0,0.999268,0.999634,1,1,1
47139,bot_iot,1,1.0,0.998938,0.999469,1,1,1
47146,bot_iot,1,1.0,0.999415,0.999707,1,1,1
47150,bot_iot,1,1.0,0.998872,0.999436,1,1,1
47155,bot_iot,1,1.0,0.999994,0.999997,1,1,1
47167,bot_iot,1,1.0,0.999439,0.999719,1,1,1
47168,bot_iot,1,1.0,0.120452,0.560226,1,0,1
47178,bot_iot,1,1.0,0.999443,0.999721,1,1,1
47190,bot_iot,1,1.0,0.998966,0.999483,1,1,1
47192,bot_iot,1,1.0,0.999437,0.999718,1,1,1
47201,bot_iot,1,1.0,0.976804,0.988402,1,1,1
47202,bot_iot,1,1.0,1.0,1.0,1,1,1
47206,bot_iot,1,1.0,0.998842,0.999421,1,1,1
47209,bot_iot,1,1.0,0.999442,0.999721,1,1,1
47220,bot_iot,1,1.0,0.999465,0.999733,1,1,1
47225,bot_iot,1,1.0,1.0,1.0,1,1,1
47226,bot_iot,1,1.0,0.999384,0.999692,1,1,1
47230,bot_iot,1,1.0,0.998938,0.999469,1,1,1
47231,bot_iot,1,1.0,0.999148,0.999574,1,1,1
47243,bot_iot,1,1.0,1.0,1.0,1,1,1
47244,bot_iot,1,1.0,1.0,1.0,1,1,1
47251,bot_iot,1,1.0,0.999165,0.999583,1,1,1
47256,bot_iot,1,1.0,0.999994,0.999997,1,1,1
47266,bot_iot,1,1.0,0.999991,0.999996,1,1,1
47283,bot_iot,1,1.0,0.999171,0.999586,1,1,1
47284,bot_iot,1,1.0,0.999483,0.999742,1,1,1
47309,bot_iot,1,1.0,1.0,1.0,1,1,1
47312,bot_iot,1,1.0,0.999482,0.999741,1,1,1
47315,bot_iot,1,1.0,0.976804,0.988402,1,1,1
47320,bot_iot,1,1.0,0.999051,0.999525,1,1,1
47325,bot_iot,1,1.0,1.0,1.0,1,1,1
47336,bot_iot,1,1.0,0.999993,0.999996,1,1,1
47343,bot_iot,1,1.0,0.999434,0.999717,1,1,1
47350,bot_iot,1,1.0,0.999268,0.999634,1,1,1
47358,bot_iot,1,1.0,1.0,1.0,1,1,1
47375,bot_iot,1,1.0,0.999994,0.999997,1,1,1
47378,bot_iot,1,1.0,0.976804,0.988402,1,1,1
47382,bot_iot,1,1.0,0.998989,0.999495,1,1,1
47384,bot_iot,1,1.0,0.999468,0.999734,1,1,1
47387,bot_iot,1,1.0,0.999992,0.999996,1,1,1
47390,bot_iot,1,1.0,0.999993,0.999997,1,1,1
47392,bot_iot,1,1.0,0.999483,0.999742,1,1,1
47397,bot_iot,1,1.0,0.999268,0.999634,1,1,1
47400,bot_iot,1,1.0,1.0,1.0,1,1,1
47417,bot_iot,1,1.0,1.0,1.0,1,1,1
47432,bot_iot,1,1.0,0.998874,0.999437,1,1,1
47435,bot_iot,1,1.0,0.999172,0.999586,1,1,1
47436,bot_iot,1,1.0,0.999443,0.999722,1,1,1
47441,bot_iot,1,1.0,1.0,1.0,1,1,1
47442,bot_iot,1,1.0,0.998938,0.999469,1,1,1
47444,bot_iot,1,1.0,0.998996,0.999498,1,1,1
47445,bot_iot,1,1.0,0.999992,0.999996,1,1,1
47454,bot_iot,1,0.68716,0.052504,0.369832,1,0,0
47457,bot_iot,1,1.0,0.999993,0.999997,1,1,1
47461,bot_iot,1,1.0,0.999384,0.999692,1,1,1
47463,bot_iot,1,1.0,0.999468,0.999734,1,1,1
47468,bot_iot,1,1.0,0.999268,0.999634,1,1,1
47471,bot_iot,1,1.0,0.998964,0.999482,1,1,1
47475,bot_iot,1,1.0,0.999993,0.999996,1,1,1
47476,bot_iot,1,1.0,0.999387,0.999693,1,1,1
47491,bot_iot,1,1.0,1.0,1.0,1,1,1
47492,bot_iot,1,1.0,0.999468,0.999734,1,1,1
47495,bot_iot,1,1.0,0.999993,0.999996,1,1,1
47499,bot_iot,1,1.0,0.999008,0.999504,1,1,1
47505,bot_iot,1,1.0,0.999145,0.999573,1,1,1
47506,bot_iot,1,1.0,0.999993,0.999997,1,1,1
47507,bot_iot,1,1.0,1.0,1.0,1,1,1
47510,bot_iot,1,1.0,0.999385,0.999693,1,1,1
47519,bot_iot,1,1.0,0.999994,0.999997,1,1,1
47520,bot_iot,1,1.0,0.999049,0.999524,1,1,1
47521,bot_iot,1,1.0,0.999063,0.999531,1,1,1
47524,bot_iot,1,1.0,0.999335,0.999667,1,1,1
47530,bot_iot,1,1.0,0.999336,0.999668,1,1,1
47532,bot_iot,1,1.0,0.999475,0.999738,1,1,1
47535,bot_iot,1,1.0,0.999174,0.999587,1,1,1
47540,bot_iot,1,1.0,0.998989,0.999495,1,1,1
47546,bot_iot,1,1.0,0.999993,0.999997,1,1,1
47547,bot_iot,1,1.0,0.999468,0.999734,1,1,1
47548,bot_iot,1,1.0,0.999416,0.999708,1,1,1
47549,bot_iot,1,1.0,0.999363,0.999682,1,1,1
47550,bot_iot,1,1.0,0.999993,0.999997,1,1,1
47553,bot_iot,1,1.0,0.999173,0.999587,1,1,1
47556,bot_iot,1,1.0,0.99935,0.999675,1,1,1
47558,bot_iot,1,1.0,0.999993,0.999997,1,1,1
47559,bot_iot,1,1.0,0.999994,0.999997,1,1,1
47564,bot_iot,1,1.0,0.999111,0.999556,1,1,1
47568,bot_iot,1,1.0,1.0,1.0,1,1,1
47577,bot_iot,1,1.0,0.999987,0.999993,1,1,1
47578,bot_iot,1,1.0,0.999118,0.999559,1,1,1
47586,bot_iot,1,1.0,0.998976,0.999488,1,1,1
47588,bot_iot,1,1.0,0.998589,0.999294,1,1,1
47618,bot_iot,1,1.0,0.999993,0.999996,1,1,1
47621,bot_iot,1,1.0,1.0,1.0,1,1,1
47630,bot_iot,1,1.0,0.999442,0.999721,1,1,1
47631,bot_iot,1,1.0,0.99628,0.99814,1,1,1
47636,bot_iot,1,1.0,0.999993,0.999996,1,1,1
47637,bot_iot,1,1.0,0.998988,0.999494,1,1,1
47639,bot_iot,1,1.0,0.999993,0.999997,1,1,1
47652,bot_iot,1,1.0,0.998808,0.999404,1,1,1
47663,bot_iot,1,1.0,0.999988,0.999994,1,1,1
47677,bot_iot,1,1.0,0.999386,0.999693,1,1,1
47685,bot_iot,1,1.0,0.999103,0.999551,1,1,1
47686,bot_iot,1,1.0,0.999992,0.999996,1,1,1
47693,bot_iot,1,1.0,0.998892,0.999446,1,1,1
47705,bot_iot,1,1.0,0.999993,0.999996,1,1,1
47728,bot_iot,1,1.0,1.0,1.0,1,1,1
47735,bot_iot,1,1.0,0.999986,0.999993,1,1,1
47737,bot_iot,1,1.0,0.999159,0.999579,1,1,1
47743,bot_iot,1,1.0,0.999992,0.999996,1,1,1
47747,bot_iot,1,1.0,0.999431,0.999716,1,1,1
47751,bot_iot,1,1.0,1.0,1.0,1,1,1
47752,bot_iot,1,1.0,0.999993,0.999997,1,1,1
47757,bot_iot,1,1.0,1.0,1.0,1,1,1
47766,bot_iot,1,1.0,1.0,1.0,1,1,1
47771,bot_iot,1,1.0,1.0,1.0,1,1,1
47774,bot_iot,1,1.0,0.999061,0.999531,1,1,1
47778,bot_iot,1,1.0,1.0,1.0,1,1,1
47779,bot_iot,1,1.0,0.999468,0.999734,1,1,1
47781,bot_iot,1,1.0,0.999443,0.999721,1,1,1
47785,bot_iot,1,1.0,0.999982,0.999991,1,1,1
47789,bot_iot,1,1.0,0.999187,0.999594,1,1,1
47790,bot_iot,1,1.0,0.999484,0.999742,1,1,1
47794,bot_iot,1,1.0,0.999414,0.999707,1,1,1
47797,bot_iot,1,1.0,0.999483,0.999741,1,1,1
47804,bot_iot,1,1.0,0.999463,0.999732,1,1,1
47807,bot_iot,1,1.0,0.999062,0.999531,1,1,1
47809,bot_iot,1,1.0,1.0,1.0,1,1,1
47811,bot_iot,1,1.0,0.999993,0.999997,1,1,1
47814,bot_iot,1,1.0,1.0,1.0,1,1,1
47815,bot_iot,1,1.0,0.999173,0.999587,1,1,1
47817,bot_iot,1,1.0,0.999483,0.999742,1,1,1
47820,bot_iot,1,1.0,0.999312,0.999656,1,1,1
47822,bot_iot,1,1.0,1.0,1.0,1,1,1
47824,bot_iot,1,1.0,0.999464,0.999732,1,1,1
47827,bot_iot,1,1.0,0.999094,0.999547,1,1,1
47833,bot_iot,1,1.0,0.976804,0.988402,1,1,1
47835,bot_iot,1,1.0,0.999993,0.999997,1,1,1
47836,bot_iot,1,1.0,1.0,1.0,1,1,1
47845,bot_iot,1,1.0,0.999111,0.999555,1,1,1
47846,bot_iot,1,1.0,0.999049,0.999524,1,1,1
47847,bot_iot,1,1.0,0.99934,0.99967,1,1,1
47848,bot_iot,1,1.0,0.976804,0.988402,1,1,1
47850,bot_iot,1,1.0,0.999988,0.999994,1,1,1
47851,bot_iot,1,1.0,0.999444,0.999722,1,1,1
47852,bot_iot,1,1.0,0.998467,0.999233,1,1,1
47853,bot_iot,1,1.0,0.999467,0.999734,1,1,1
47864,bot_iot,1,1.0,1.0,1.0,1,1,1
47873,bot_iot,1,1.0,0.999188,0.999594,1,1,1
47890,bot_iot,1,1.0,0.999335,0.999667,1,1,1
47897,bot_iot,1,1.0,0.999992,0.999996,1,1,1
47898,bot_iot,1,1.0,0.998938,0.999469,1,1,1
47901,bot_iot,1,1.0,0.999993,0.999997,1,1,1
47909,bot_iot,1,1.0,0.999173,0.999587,1,1,1
47911,bot_iot,1,1.0,0.998938,0.999469,1,1,1
47915,bot_iot,1,1.0,0.999482,0.999741,1,1,1
47924,bot_iot,1,1.0,0.998937,0.999469,1,1,1
47926,bot_iot,1,1.0,0.999966,0.999983,1,1,1
47927,bot_iot,1,1.0,0.999174,0.999587,1,1,1
47933,bot_iot,1,1.0,0.998997,0.999498,1,1,1
47934,bot_iot,1,1.0,0.999992,0.999996,1,1,1
47938,bot_iot,1,1.0,0.999986,0.999993,1,1,1
47955,bot_iot,1,1.0,0.999992,0.999996,1,1,1
47957,bot_iot,1,1.0,0.999442,0.999721,1,1,1
47959,bot_iot,1,1.0,0.999989,0.999994,1,1,1
47961,bot_iot,1,1.0,0.998931,0.999466,1,1,1
47967,bot_iot,1,1.0,0.999385,0.999692,1,1,1
47983,bot_iot,1,1.0,0.999268,0.999634,1,1,1
47985,bot_iot,1,1.0,0.998988,0.999494,1,1,1
47991,bot_iot,1,1.0,0.999028,0.999514,1,1,1
47996,bot_iot,1,1.0,1.0,1.0,1,1,1
47997,bot_iot,1,1.0,0.998901,0.999451,1,1,1
47999,bot_iot,1,1.0,0.999172,0.999586,1,1,1
48020,bot_iot,1,1.0,0.999468,0.999734,1,1,1
48040,bot_iot,1,1.0,0.999993,0.999997,1,1,1
48045,bot_iot,1,1.0,0.999442,0.999721,1,1,1
48046,bot_iot,1,1.0,0.998732,0.999366,1,1,1
48047,bot_iot,1,1.0,1.0,1.0,1,1,1
48052,bot_iot,1,1.0,0.99935,0.999675,1,1,1
48059,bot_iot,1,1.0,1.0,1.0,1,1,1
48063,bot_iot,1,1.0,0.999268,0.999634,1,1,1
48066,bot_iot,1,1.0,1.0,1.0,1,1,1
48077,bot_iot,1,1.0,1.0,1.0,1,1,1
48079,bot_iot,1,1.0,0.999989,0.999995,1,1,1
48088,bot_iot,1,1.0,1.0,1.0,1,1,1
48095,bot_iot,1,1.0,0.999993,0.999997,1,1,1
48099,bot_iot,1,1.0,0.999443,0.999721,1,1,1
48102,bot_iot,1,1.0,0.999993,0.999996,1,1,1
48107,bot_iot,1,1.0,1.0,1.0,1,1,1
48110,bot_iot,1,1.0,0.999468,0.999734,1,1,1
48117,bot_iot,1,1.0,0.998964,0.999482,1,1,1
48118,bot_iot,1,1.0,0.999415,0.999707,1,1,1
48119,bot_iot,1,1.0,1.0,1.0,1,1,1
48126,bot_iot,1,1.0,0.999993,0.999997,1,1,1
48127,bot_iot,1,1.0,0.999994,0.999997,1,1,1
48135,bot_iot,1,1.0,1.0,1.0,1,1,1
48137,bot_iot,1,1.0,0.999988,0.999994,1,1,1
48151,bot_iot,1,1.0,0.999988,0.999994,1,1,1
48154,bot_iot,1,1.0,0.99947,0.999735,1,1,1
48157,bot_iot,1,1.0,0.999483,0.999741,1,1,1
48162,bot_iot,1,1.0,0.99999,0.999995,1,1,1
48169,bot_iot,1,1.0,1.0,1.0,1,1,1
48186,bot_iot,1,1.0,0.998877,0.999438,1,1,1
48192,bot_iot,1,1.0,0.999467,0.999734,1,1,1
48194,bot_iot,1,1.0,0.999435,0.999717,1,1,1
48198,bot_iot,1,1.0,1.0,1.0,1,1,1
48199,bot_iot,1,1.0,0.999442,0.999721,1,1,1
48204,bot_iot,1,1.0,1.0,1.0,1,1,1
48209,bot_iot,1,1.0,0.999103,0.999552,1,1,1
48217,bot_iot,1,1.0,0.999993,0.999996,1,1,1
48225,bot_iot,1,1.0,0.999173,0.999587,1,1,1
48226,bot_iot,1,1.0,0.999988,0.999994,1,1,1
48238,bot_iot,1,1.0,0.999999,1.0,1,1,1
48241,bot_iot,1,1.0,0.999444,0.999722,1,1,1
48247,bot_iot,1,1.0,0.999447,0.999723,1,1,1
48248,bot_iot,1,1.0,0.999061,0.999531,1,1,1
48249,bot_iot,1,1.0,0.999186,0.999593,1,1,1
48250,bot_iot,1,1.0,0.999174,0.999587,1,1,1
48251,bot_iot,1,1.0,0.999991,0.999996,1,1,1
48255,bot_iot,1,1.0,1.0,1.0,1,1,1
48283,bot_iot,1,1.0,0.999433,0.999717,1,1,1
48292,bot_iot,1,1.0,0.999444,0.999722,1,1,1
48300,bot_iot,1,1.0,0.999989,0.999995,1,1,1
48301,bot_iot,1,1.0,0.999268,0.999634,1,1,1
48303,bot_iot,1,1.0,0.976804,0.988402,1,1,1
48308,bot_iot,1,1.0,0.999317,0.999658,1,1,1
48309,bot_iot,1,1.0,1.0,1.0,1,1,1
48310,bot_iot,1,1.0,0.999336,0.999668,1,1,1
48316,bot_iot,1,1.0,0.998873,0.999437,1,1,1
48321,bot_iot,1,1.0,0.999118,0.999559,1,1,1
48322,bot_iot,1,1.0,1.0,1.0,1,1,1
48327,bot_iot,1,1.0,0.999222,0.999611,1,1,1
48335,bot_iot,1,1.0,0.999993,0.999997,1,1,1
48337,bot_iot,1,1.0,0.999463,0.999732,1,1,1
48339,bot_iot,1,1.0,0.999988,0.999994,1,1,1
48358,bot_iot,1,1.0,1.0,1.0,1,1,1
48365,bot_iot,1,1.0,0.999335,0.999668,1,1,1
48366,bot_iot,1,1.0,0.998958,0.999479,1,1,1
48378,bot_iot,1,1.0,0.999468,0.999734,1,1,1
48382,bot_iot,1,1.0,0.976804,0.988402,1,1,1
48385,bot_iot,1,1.0,1.0,1.0,1,1,1
48386,bot_iot,1,1.0,0.999268,0.999634,1,1,1
48387,bot_iot,1,1.0,0.999993,0.999997,1,1,1
48392,bot_iot,1,1.0,0.99909,0.999545,1,1,1
48398,bot_iot,1,1.0,0.999991,0.999996,1,1,1
48401,bot_iot,1,1.0,0.999443,0.999721,1,1,1
48409,bot_iot,1,1.0,0.999993,0.999997,1,1,1
48414,bot_iot,1,1.0,0.999351,0.999675,1,1,1
48416,bot_iot,1,1.0,1.0,1.0,1,1,1
48428,bot_iot,1,1.0,0.999063,0.999531,1,1,1
48432,bot_iot,1,1.0,0.999993,0.999997,1,1,1
48435,bot_iot,1,1.0,0.999386,0.999693,1,1,1
48438,bot_iot,1,1.0,0.999991,0.999996,1,1,1
48449,bot_iot,1,1.0,1.0,1.0,1,1,1
48465,bot_iot,1,1.0,0.999994,0.999997,1,1,1
48481,bot_iot,1,1.0,0.999987,0.999993,1,1,1
48494,bot_iot,1,1.0,1.0,1.0,1,1,1
48496,bot_iot,1,1.0,0.999382,0.999691,1,1,1
48497,bot_iot,1,1.0,0.999993,0.999997,1,1,1
48500,bot_iot,1,1.0,0.999481,0.999741,1,1,1
48501,bot_iot,1,1.0,0.976804,0.988402,1,1,1
48507,bot_iot,1,1.0,0.99906,0.99953,1,1,1
48508,bot_iot,1,1.0,0.998843,0.999421,1,1,1
48514,bot_iot,1,1.0,0.999268,0.999634,1,1,1
48522,bot_iot,1,1.0,0.99999,0.999995,1,1,1
48527,bot_iot,1,1.0,0.999991,0.999995,1,1,1
48529,bot_iot,1,1.0,0.999416,0.999708,1,1,1
48535,bot_iot,1,1.0,1.0,1.0,1,1,1
48537,bot_iot,1,1.0,0.999993,0.999997,1,1,1
48539,bot_iot,1,1.0,0.999415,0.999707,1,1,1
48548,bot_iot,1,1.0,0.999312,0.999656,1,1,1
48550,bot_iot,1,1.0,1.0,1.0,1,1,1
48551,bot_iot,1,1.0,1.0,1.0,1,1,1
48565,bot_iot,1,1.0,0.998879,0.999439,1,1,1
48570,bot_iot,1,1.0,1.0,1.0,1,1,1
48573,bot_iot,1,1.0,0.999438,0.999719,1,1,1
48576,bot_iot,1,1.0,0.999268,0.999634,1,1,1
48580,bot_iot,1,1.0,0.999964,0.999982,1,1,1
48585,bot_iot,1,1.0,0.999443,0.999721,1,1,1
48594,bot_iot,1,1.0,0.999385,0.999692,1,1,1
48610,bot_iot,1,1.0,0.999468,0.999734,1,1,1
48612,bot_iot,1,1.0,0.998877,0.999438,1,1,1
48623,bot_iot,1,1.0,0.999171,0.999586,1,1,1
48625,bot_iot,1,1.0,0.999414,0.999707,1,1,1
48632,bot_iot,1,1.0,0.999993,0.999997,1,1,1
48633,bot_iot,1,1.0,1.0,1.0,1,1,1
48637,bot_iot,1,1.0,0.999981,0.999991,1,1,1
48640,bot_iot,1,1.0,0.999434,0.999717,1,1,1
48648,bot_iot,1,1.0,0.999994,0.999997,1,1,1
48649,bot_iot,1,1.0,0.999067,0.999534,1,1,1
48650,bot_iot,1,1.0,0.999467,0.999734,1,1,1
48657,bot_iot,1,1.0,0.998875,0.999437,1,1,1
48661,bot_iot,1,1.0,0.999993,0.999997,1,1,1
48665,bot_iot,1,1.0,0.999432,0.999716,1,1,1
48670,bot_iot,1,1.0,0.99905,0.999525,1,1,1
48673,bot_iot,1,1.0,0.999993,0.999997,1,1,1
48676,bot_iot,1,1.0,0.996129,0.998064,1,1,1
48679,bot_iot,1,1.0,0.998874,0.999437,1,1,1
48684,bot_iot,1,1.0,0.999156,0.999578,1,1,1
48688,bot_iot,1,1.0,0.999268,0.999634,1,1,1
48690,bot_iot,1,1.0,0.120451,0.560225,1,0,1
48698,bot_iot,1,1.0,0.999385,0.999692,1,1,1
48699,bot_iot,1,1.0,0.998818,0.999409,1,1,1
48707,bot_iot,1,1.0,0.999497,0.999748,1,1,1
48710,bot_iot,1,1.0,1.0,1.0,1,1,1
48718,bot_iot,1,1.0,1.0,1.0,1,1,1
48726,bot_iot,1,1.0,1.0,1.0,1,1,1
48734,bot_iot,1,1.0,0.999468,0.999734,1,1,1
48736,bot_iot,1,1.0,0.999061,0.999531,1,1,1
48740,bot_iot,1,1.0,1.0,1.0,1,1,1
48745,bot_iot,1,1.0,0.999468,0.999734,1,1,1
48748,bot_iot,1,1.0,0.999992,0.999996,1,1,1
48756,bot_iot,1,1.0,0.999467,0.999733,1,1,1
48761,bot_iot,1,1.0,0.99935,0.999675,1,1,1
48763,bot_iot,1,1.0,1.0,1.0,1,1,1
48764,bot_iot,1,1.0,0.99893,0.999465,1,1,1
48767,bot_iot,1,1.0,0.999438,0.999719,1,1,1
48774,bot_iot,1,1.0,0.999302,0.999651,1,1,1
48786,bot_iot,1,1.0,0.998989,0.999494,1,1,1
48788,bot_iot,1,1.0,0.999386,0.999693,1,1,1
48790,bot_iot,1,1.0,0.997457,0.998728,1,1,1
48799,bot_iot,1,1.0,1.0,1.0,1,1,1
48800,bot_iot,1,1.0,0.999468,0.999734,1,1,1
48807,bot_iot,1,1.0,0.999468,0.999734,1,1,1
48810,bot_iot,1,1.0,0.999172,0.999586,1,1,1
48821,bot_iot,1,1.0,0.999993,0.999996,1,1,1
48828,bot_iot,1,1.0,0.999483,0.999741,1,1,1
48829,bot_iot,1,1.0,0.999268,0.999634,1,1,1
48831,bot_iot,1,1.0,0.998878,0.999439,1,1,1
48837,bot_iot,1,1.0,0.999991,0.999996,1,1,1
48852,bot_iot,1,1.0,0.999334,0.999667,1,1,1
48855,bot_iot,1,0.68716,0.052504,0.369832,1,0,0
48857,bot_iot,1,1.0,0.99909,0.999545,1,1,1
48858,bot_iot,1,1.0,0.999993,0.999997,1,1,1
48860,bot_iot,1,1.0,0.999268,0.999634,1,1,1
48861,bot_iot,1,1.0,0.999434,0.999717,1,1,1
48871,bot_iot,1,1.0,0.999433,0.999716,1,1,1
48872,bot_iot,1,1.0,0.999415,0.999707,1,1,1
48877,bot_iot,1,1.0,0.999432,0.999716,1,1,1
48887,bot_iot,1,1.0,0.999993,0.999997,1,1,1
48889,bot_iot,1,1.0,0.999173,0.999586,1,1,1
48893,bot_iot,1,1.0,0.999434,0.999717,1,1,1
48902,bot_iot,1,1.0,0.999076,0.999538,1,1,1
48904,bot_iot,1,1.0,0.999342,0.999671,1,1,1
48905,bot_iot,1,1.0,0.999484,0.999742,1,1,1
48912,bot_iot,1,1.0,0.999442,0.999721,1,1,1
48914,bot_iot,1,1.0,0.998952,0.999476,1,1,1
48917,bot_iot,1,1.0,0.976804,0.988402,1,1,1
48920,bot_iot,1,1.0,1.0,1.0,1,1,1
48921,bot_iot,1,1.0,0.999987,0.999994,1,1,1
48926,bot_iot,1,1.0,0.99935,0.999675,1,1,1
48927,bot_iot,1,1.0,0.999994,0.999997,1,1,1
48929,bot_iot,1,1.0,0.999414,0.999707,1,1,1
48931,bot_iot,1,1.0,1.0,1.0,1,1,1
48935,bot_iot,1,1.0,1.0,1.0,1,1,1
48951,bot_iot,1,1.0,0.999173,0.999586,1,1,1
48962,bot_iot,1,1.0,0.999935,0.999968,1,1,1
48966,bot_iot,1,1.0,1.0,1.0,1,1,1
48981,bot_iot,1,1.0,0.999987,0.999994,1,1,1
48986,bot_iot,1,1.0,0.999993,0.999997,1,1,1
48991,bot_iot,1,1.0,0.999994,0.999997,1,1,1
48997,bot_iot,1,1.0,0.999465,0.999733,1,1,1
49002,bot_iot,1,1.0,0.999347,0.999673,1,1,1
49009,bot_iot,1,1.0,0.999982,0.999991,1,1,1
49014,bot_iot,1,1.0,0.999438,0.999719,1,1,1
49017,bot_iot,1,1.0,0.999104,0.999552,1,1,1
49021,bot_iot,1,1.0,0.999989,0.999994,1,1,1
49022,bot_iot,1,1.0,0.999446,0.999723,1,1,1
49023,bot_iot,1,1.0,0.999414,0.999707,1,1,1
49032,bot_iot,1,1.0,0.999993,0.999997,1,1,1
49033,bot_iot,1,1.0,0.999993,0.999996,1,1,1
49041,bot_iot,1,1.0,0.999442,0.999721,1,1,1
49051,bot_iot,1,1.0,0.998988,0.999494,1,1,1
49056,bot_iot,1,1.0,0.998839,0.99942,1,1,1
49058,bot_iot,1,1.0,0.999981,0.99999,1,1,1
49064,bot_iot,1,1.0,0.999994,0.999997,1,1,1
49065,bot_iot,1,1.0,0.99921,0.999605,1,1,1
49068,bot_iot,1,1.0,0.998894,0.999447,1,1,1
49078,bot_iot,1,1.0,1.0,1.0,1,1,1
49083,bot_iot,1,1.0,1.0,1.0,1,1,1
49096,bot_iot,1,1.0,0.999993,0.999997,1,1,1
49101,bot_iot,1,1.0,0.999184,0.999592,1,1,1
49103,bot_iot,1,1.0,0.998989,0.999495,1,1,1
49108,bot_iot,1,1.0,1.0,1.0,1,1,1
49116,bot_iot,1,1.0,0.998891,0.999445,1,1,1
49119,bot_iot,1,1.0,0.999443,0.999721,1,1,1
49120,bot_iot,1,1.0,0.999988,0.999994,1,1,1
49126,bot_iot,1,1.0,0.999974,0.999987,1,1,1
49135,bot_iot,1,1.0,0.999991,0.999996,1,1,1
49140,bot_iot,1,1.0,0.999268,0.999634,1,1,1
49145,bot_iot,1,1.0,1.0,1.0,1,1,1
49154,bot_iot,1,1.0,1.0,1.0,1,1,1
49155,bot_iot,1,1.0,0.999993,0.999997,1,1,1
49158,bot_iot,1,1.0,0.998937,0.999469,1,1,1
49166,bot_iot,1,1.0,0.999453,0.999726,1,1,1
49168,bot_iot,1,1.0,0.999992,0.999996,1,1,1
49170,bot_iot,1,1.0,0.999268,0.999634,1,1,1
49183,bot_iot,1,1.0,0.999468,0.999734,1,1,1
49185,bot_iot,1,1.0,0.99948,0.99974,1,1,1
49187,bot_iot,1,1.0,0.999994,0.999997,1,1,1
49191,bot_iot,1,1.0,0.99915,0.999575,1,1,1
49202,bot_iot,1,1.0,0.998937,0.999468,1,1,1
49207,bot_iot,1,1.0,0.999183,0.999591,1,1,1
49210,bot_iot,1,1.0,1.0,1.0,1,1,1
49216,bot_iot,1,1.0,0.999335,0.999668,1,1,1
49220,bot_iot,1,1.0,0.99893,0.999465,1,1,1
49222,bot_iot,1,1.0,0.99917,0.999585,1,1,1
49229,bot_iot,1,1.0,0.999351,0.999675,1,1,1
49230,bot_iot,1,1.0,1.0,1.0,1,1,1
49232,bot_iot,1,1.0,0.998674,0.999337,1,1,1
49244,bot_iot,1,1.0,1.0,1.0,1,1,1
49248,bot_iot,1,1.0,0.998998,0.999499,1,1,1
49254,bot_iot,1,1.0,0.999339,0.999669,1,1,1
49255,bot_iot,1,1.0,0.998936,0.999468,1,1,1
49259,bot_iot,1,1.0,0.976804,0.988402,1,1,1
49264,bot_iot,1,1.0,0.99911,0.999555,1,1,1
49269,bot_iot,1,1.0,0.999999,0.999999,1,1,1
49270,bot_iot,1,1.0,0.999944,0.999972,1,1,1
49277,bot_iot,1,1.0,0.999432,0.999716,1,1,1
49280,bot_iot,1,1.0,0.976804,0.988402,1,1,1
49287,bot_iot,1,1.0,0.999481,0.999741,1,1,1
49291,bot_iot,1,1.0,0.999442,0.999721,1,1,1
49293,bot_iot,1,1.0,0.998932,0.999466,1,1,1
49299,bot_iot,1,1.0,0.999062,0.999531,1,1,1
49321,bot_iot,1,1.0,0.999184,0.999592,1,1,1
49322,bot_iot,1,1.0,0.999335,0.999667,1,1,1
49327,bot_iot,1,1.0,0.999993,0.999996,1,1,1
49329,bot_iot,1,1.0,0.999994,0.999997,1,1,1
49340,bot_iot,1,1.0,0.999442,0.999721,1,1,1
49354,bot_iot,1,1.0,0.999994,0.999997,1,1,1
49357,bot_iot,1,1.0,1.0,1.0,1,1,1
49358,bot_iot,1,1.0,0.999994,0.999997,1,1,1
49365,bot_iot,1,1.0,0.999443,0.999721,1,1,1
49366,bot_iot,1,1.0,0.999993,0.999996,1,1,1
49385,bot_iot,1,1.0,1.0,1.0,1,1,1
49390,bot_iot,1,1.0,0.999187,0.999593,1,1,1
49396,bot_iot,1,1.0,0.976804,0.988402,1,1,1
49399,bot_iot,1,1.0,0.999432,0.999716,1,1,1
49402,bot_iot,1,1.0,0.999174,0.999587,1,1,1
49408,bot_iot,1,1.0,0.999443,0.999721,1,1,1
49412,bot_iot,1,1.0,1.0,1.0,1,1,1
49416,bot_iot,1,1.0,0.999444,0.999722,1,1,1
49421,bot_iot,1,1.0,0.999992,0.999996,1,1,1
49422,bot_iot,1,1.0,0.999397,0.999699,1,1,1
49426,bot_iot,1,1.0,0.999993,0.999997,1,1,1
49427,bot_iot,1,1.0,0.999312,0.999656,1,1,1
49428,bot_iot,1,1.0,0.999453,0.999726,1,1,1
49436,bot_iot,1,1.0,0.999467,0.999734,1,1,1
49442,bot_iot,1,1.0,0.999202,0.999601,1,1,1
49448,bot_iot,1,1.0,0.999992,0.999996,1,1,1
49454,bot_iot,1,1.0,1.0,1.0,1,1,1
49455,bot_iot,1,1.0,0.999384,0.999692,1,1,1
49465,bot_iot,1,1.0,0.999468,0.999734,1,1,1
49467,bot_iot,1,1.0,0.999118,0.999559,1,1,1
49468,bot_iot,1,1.0,0.976804,0.988402,1,1,1
49471,bot_iot,1,1.0,0.999384,0.999692,1,1,1
49478,bot_iot,1,1.0,0.999435,0.999718,1,1,1
49485,bot_iot,1,1.0,0.976804,0.988402,1,1,1
49495,bot_iot,1,1.0,0.999993,0.999996,1,1,1
49496,bot_iot,1,1.0,0.999993,0.999996,1,1,1
49506,bot_iot,1,1.0,0.999994,0.999997,1,1,1
49510,bot_iot,1,1.0,0.999994,0.999997,1,1,1
49522,bot_iot,1,1.0,1.0,1.0,1,1,1
49533,bot_iot,1,1.0,0.999185,0.999592,1,1,1
49540,bot_iot,1,1.0,0.999385,0.999693,1,1,1
49542,bot_iot,1,1.0,0.999992,0.999996,1,1,1
49548,bot_iot,1,1.0,0.999327,0.999664,1,1,1
49563,bot_iot,1,1.0,0.999468,0.999734,1,1,1
49564,bot_iot,1,1.0,0.999964,0.999982,1,1,1
49569,bot_iot,1,1.0,0.485196,0.742598,1,0,1
49571,bot_iot,1,1.0,0.998838,0.999419,1,1,1
49573,bot_iot,1,1.0,0.999991,0.999996,1,1,1
49574,bot_iot,1,1.0,0.999993,0.999996,1,1,1
49580,bot_iot,1,1.0,0.999421,0.99971,1,1,1
49584,bot_iot,1,1.0,0.998996,0.999498,1,1,1
49586,bot_iot,1,1.0,0.999993,0.999997,1,1,1
49595,bot_iot,1,1.0,0.999999,1.0,1,1,1
49597,bot_iot,1,1.0,0.999023,0.999512,1,1,1
49600,bot_iot,1,1.0,0.999467,0.999733,1,1,1
49601,bot_iot,1,1.0,0.999464,0.999732,1,1,1
49604,bot_iot,1,1.0,1.0,1.0,1,1,1
49606,bot_iot,1,1.0,0.998937,0.999469,1,1,1
49613,bot_iot,1,1.0,0.999361,0.999681,1,1,1
49622,bot_iot,1,1.0,0.99948,0.99974,1,1,1
49626,bot_iot,1,1.0,0.998897,0.999449,1,1,1
49628,bot_iot,1,1.0,0.976804,0.988402,1,1,1
49629,bot_iot,1,1.0,0.999494,0.999747,1,1,1
49633,bot_iot,1,1.0,0.999442,0.999721,1,1,1
49634,bot_iot,1,1.0,0.999994,0.999997,1,1,1
49641,bot_iot,1,1.0,0.999481,0.99974,1,1,1
49643,bot_iot,1,1.0,0.999433,0.999716,1,1,1
49644,bot_iot,1,1.0,0.999384,0.999692,1,1,1
49646,bot_iot,1,1.0,0.999479,0.999739,1,1,1
49647,bot_iot,1,1.0,0.999993,0.999997,1,1,1
49650,bot_iot,1,1.0,0.999992,0.999996,1,1,1
49653,bot_iot,1,1.0,0.99931,0.999655,1,1,1
49658,bot_iot,1,1.0,0.999431,0.999716,1,1,1
49664,bot_iot,1,1.0,0.999482,0.999741,1,1,1
49667,bot_iot,1,1.0,0.999312,0.999656,1,1,1
49671,bot_iot,1,1.0,0.999993,0.999996,1,1,1
49675,bot_iot,1,1.0,1.0,1.0,1,1,1
49678,bot_iot,1,1.0,0.999993,0.999997,1,1,1
49680,bot_iot,1,1.0,0.999989,0.999994,1,1,1
49682,bot_iot,1,1.0,0.99949,0.999745,1,1,1
49683,bot_iot,1,1.0,0.999993,0.999996,1,1,1
49685,bot_iot,1,1.0,0.999999,1.0,1,1,1
49689,bot_iot,1,1.0,0.999993,0.999997,1,1,1
49693,bot_iot,1,1.0,0.99943,0.999715,1,1,1
49695,bot_iot,1,1.0,0.999443,0.999721,1,1,1
49700,bot_iot,1,1.0,0.999395,0.999698,1,1,1
49702,bot_iot,1,1.0,0.999172,0.999586,1,1,1
49706,bot_iot,1,1.0,0.999113,0.999557,1,1,1
49710,bot_iot,1,1.0,0.99948,0.99974,1,1,1
49715,bot_iot,1,1.0,0.999049,0.999524,1,1,1
49724,bot_iot,1,1.0,0.999993,0.999996,1,1,1
49727,bot_iot,1,1.0,0.999363,0.999681,1,1,1
49732,bot_iot,1,1.0,0.999141,0.99957,1,1,1
49733,bot_iot,1,1.0,0.999184,0.999592,1,1,1
49736,bot_iot,1,1.0,0.999093,0.999546,1,1,1
49739,bot_iot,1,1.0,0.999993,0.999996,1,1,1
49752,bot_iot,1,1.0,0.999483,0.999741,1,1,1
49757,bot_iot,1,1.0,0.999993,0.999997,1,1,1
49759,bot_iot,1,1.0,0.99893,0.999465,1,1,1
49765,bot_iot,1,1.0,0.999443,0.999721,1,1,1
49773,bot_iot,1,1.0,0.999444,0.999722,1,1,1
49776,bot_iot,1,1.0,0.999312,0.999656,1,1,1
49784,bot_iot,1,1.0,0.999484,0.999742,1,1,1
49786,bot_iot,1,1.0,0.999993,0.999996,1,1,1
49807,bot_iot,1,1.0,1.0,1.0,1,1,1
49810,bot_iot,1,1.0,0.999173,0.999587,1,1,1
49814,bot_iot,1,1.0,0.99935,0.999675,1,1,1
49819,bot_iot,1,1.0,0.999468,0.999734,1,1,1
49822,bot_iot,1,1.0,1.0,1.0,1,1,1
49825,bot_iot,1,1.0,0.999962,0.999981,1,1,1
49833,bot_iot,1,1.0,0.99645,0.998225,1,1,1
49839,bot_iot,1,1.0,0.999982,0.999991,1,1,1
49840,bot_iot,1,1.0,1.0,1.0,1,1,1
49851,bot_iot,1,1.0,1.0,1.0,1,1,1
49866,bot_iot,1,1.0,0.998953,0.999477,1,1,1
49869,bot_iot,1,1.0,0.999992,0.999996,1,1,1
49870,bot_iot,1,1.0,0.999468,0.999734,1,1,1
49881,bot_iot,1,1.0,0.99945,0.999725,1,1,1
49891,bot_iot,1,1.0,1.0,1.0,1,1,1
49897,bot_iot,1,1.0,1.0,1.0,1,1,1
49903,bot_iot,1,1.0,1.0,1.0,1,1,1
49907,bot_iot,1,1.0,0.999479,0.999739,1,1,1
49917,bot_iot,1,1.0,0.999335,0.999667,1,1,1
49923,bot_iot,1,1.0,0.999479,0.999739,1,1,1
49933,bot_iot,1,1.0,0.998932,0.999466,1,1,1
49936,bot_iot,1,1.0,0.99934,0.99967,1,1,1
49942,bot_iot,1,1.0,0.999988,0.999994,1,1,1
49954,bot_iot,1,1.0,1.0,1.0,1,1,1
49957,bot_iot,1,1.0,0.99935,0.999675,1,1,1
49958,bot_iot,1,1.0,0.999468,0.999734,1,1,1
49965,bot_iot,1,1.0,0.999442,0.999721,1,1,1
49970,bot_iot,1,1.0,0.999988,0.999994,1,1,1
49974,bot_iot,1,1.0,0.99921,0.999605,1,1,1
49978,bot_iot,1,1.0,0.999993,0.999997,1,1,1
49980,bot_iot,1,1.0,0.999989,0.999995,1,1,1
49985,bot_iot,1,1.0,0.999386,0.999693,1,1,1
49997,bot_iot,1,1.0,0.999444,0.999722,1,1,1
49999,bot_iot,1,1.0,0.999468,0.999734,1,1,1
50005,bot_iot,1,1.0,0.999986,0.999993,1,1,1
50016,bot_iot,1,1.0,1.0,1.0,1,1,1
50017,bot_iot,1,1.0,0.998931,0.999465,1,1,1
50018,bot_iot,1,1.0,1.0,1.0,1,1,1
50023,bot_iot,1,1.0,0.999049,0.999524,1,1,1
50029,bot_iot,1,1.0,0.976804,0.988402,1,1,1
50031,bot_iot,1,1.0,1.0,1.0,1,1,1
50032,bot_iot,1,1.0,0.999171,0.999586,1,1,1
50034,bot_iot,1,1.0,0.998939,0.99947,1,1,1
50035,bot_iot,1,1.0,0.99944,0.99972,1,1,1
50036,bot_iot,1,1.0,0.999184,0.999592,1,1,1
50038,bot_iot,1,1.0,0.999188,0.999594,1,1,1
50040,bot_iot,1,1.0,0.999338,0.999669,1,1,1
50044,bot_iot,1,1.0,0.999992,0.999996,1,1,1
50053,bot_iot,1,1.0,1.0,1.0,1,1,1
50058,bot_iot,1,1.0,0.998895,0.999448,1,1,1
50059,bot_iot,1,1.0,0.998897,0.999449,1,1,1
50060,bot_iot,1,1.0,0.999994,0.999997,1,1,1
50061,bot_iot,1,1.0,0.999268,0.999634,1,1,1
50072,bot_iot,1,1.0,0.99902,0.99951,1,1,1
50073,bot_iot,1,1.0,0.999443,0.999722,1,1,1
50077,bot_iot,1,1.0,0.999454,0.999727,1,1,1
50078,bot_iot,1,1.0,0.999992,0.999996,1,1,1
50081,bot_iot,1,1.0,0.999468,0.999734,1,1,1
50084,bot_iot,1,1.0,0.999172,0.999586,1,1,1
50087,bot_iot,1,1.0,0.999994,0.999997,1,1,1
50088,bot_iot,1,1.0,1.0,1.0,1,1,1
50091,bot_iot,1,1.0,1.0,1.0,1,1,1
50098,bot_iot,1,1.0,1.0,1.0,1,1,1
50100,bot_iot,1,1.0,0.999312,0.999656,1,1,1
50101,bot_iot,1,1.0,0.99935,0.999675,1,1,1
50102,bot_iot,1,1.0,0.99913,0.999565,1,1,1
50104,bot_iot,1,1.0,0.999443,0.999721,1,1,1
50107,bot_iot,1,1.0,0.998929,0.999465,1,1,1
50119,bot_iot,1,1.0,0.999351,0.999675,1,1,1
50120,bot_iot,1,1.0,1.0,1.0,1,1,1
50132,bot_iot,1,1.0,0.999104,0.999552,1,1,1
50134,bot_iot,1,1.0,1.0,1.0,1,1,1
50137,bot_iot,1,1.0,0.999382,0.999691,1,1,1
50138,bot_iot,1,1.0,0.120452,0.560226,1,0,1
50152,bot_iot,1,1.0,0.999992,0.999996,1,1,1
50155,bot_iot,1,1.0,1.0,1.0,1,1,1
50163,bot_iot,1,1.0,1.0,1.0,1,1,1
50169,bot_iot,1,1.0,0.999993,0.999996,1,1,1
50171,bot_iot,1,1.0,0.999386,0.999693,1,1,1
50179,bot_iot,1,1.0,0.996668,0.998334,1,1,1
50185,bot_iot,1,1.0,0.999479,0.999739,1,1,1
50187,bot_iot,1,1.0,1.0,1.0,1,1,1
50192,bot_iot,1,1.0,0.999992,0.999996,1,1,1
50196,bot_iot,1,1.0,0.999468,0.999734,1,1,1
50201,bot_iot,1,1.0,0.999442,0.999721,1,1,1
50204,bot_iot,1,1.0,0.999481,0.999741,1,1,1
50206,bot_iot,1,1.0,0.999347,0.999674,1,1,1
50215,bot_iot,1,1.0,0.998894,0.999447,1,1,1
50218,bot_iot,1,1.0,0.999171,0.999586,1,1,1
50221,bot_iot,1,1.0,0.999434,0.999717,1,1,1
50235,bot_iot,1,1.0,1.0,1.0,1,1,1
50237,bot_iot,1,1.0,0.999093,0.999546,1,1,1
50267,bot_iot,1,1.0,1.0,1.0,1,1,1
50276,bot_iot,1,1.0,0.998879,0.99944,1,1,1
50277,bot_iot,1,1.0,0.999386,0.999693,1,1,1
50287,bot_iot,1,1.0,0.999416,0.999708,1,1,1
50288,bot_iot,1,1.0,1.0,1.0,1,1,1
50293,bot_iot,1,1.0,0.999336,0.999668,1,1,1
50312,bot_iot,1,1.0,0.998996,0.999498,1,1,1
50317,bot_iot,1,1.0,0.998988,0.999494,1,1,1
50323,bot_iot,1,1.0,1.0,1.0,1,1,1
50327,bot_iot,1,1.0,1.0,1.0,1,1,1
50333,bot_iot,1,1.0,0.998896,0.999448,1,1,1
50344,bot_iot,1,1.0,0.999268,0.999634,1,1,1
50347,bot_iot,1,1.0,0.999989,0.999995,1,1,1
50350,bot_iot,1,1.0,1.0,1.0,1,1,1
50351,bot_iot,1,1.0,0.976804,0.988402,1,1,1
50354,bot_iot,1,1.0,0.999386,0.999693,1,1,1
50357,bot_iot,1,1.0,0.999444,0.999722,1,1,1
50365,bot_iot,1,1.0,0.999433,0.999716,1,1,1
50366,bot_iot,1,1.0,0.99887,0.999435,1,1,1
50368,bot_iot,1,1.0,0.99902,0.99951,1,1,1
50372,bot_iot,1,1.0,0.999993,0.999996,1,1,1
50377,bot_iot,1,1.0,0.999442,0.999721,1,1,1
50378,bot_iot,1,1.0,0.999991,0.999996,1,1,1
50386,bot_iot,1,1.0,0.999479,0.999739,1,1,1
50391,bot_iot,1,1.0,0.999993,0.999996,1,1,1
50392,bot_iot,1,1.0,0.999993,0.999996,1,1,1
50398,bot_iot,1,1.0,0.999465,0.999733,1,1,1
50400,bot_iot,1,1.0,0.999117,0.999559,1,1,1
50410,bot_iot,1,1.0,1.0,1.0,1,1,1
50419,bot_iot,1,1.0,0.999441,0.99972,1,1,1
50421,bot_iot,1,1.0,0.998998,0.999499,1,1,1
50422,bot_iot,1,1.0,0.976804,0.988402,1,1,1
50433,bot_iot,1,1.0,0.999994,0.999997,1,1,1
50440,bot_iot,1,1.0,0.999091,0.999545,1,1,1
50441,bot_iot,1,1.0,0.999347,0.999674,1,1,1
50445,bot_iot,1,1.0,0.999993,0.999996,1,1,1
50452,bot_iot,1,1.0,0.999466,0.999733,1,1,1
50455,bot_iot,1,1.0,0.999993,0.999997,1,1,1
50459,bot_iot,1,1.0,0.999443,0.999721,1,1,1
50465,bot_iot,1,1.0,0.99909,0.999545,1,1,1
50468,bot_iot,1,1.0,0.999106,0.999553,1,1,1
50471,bot_iot,1,1.0,0.999985,0.999992,1,1,1
50473,bot_iot,1,1.0,1.0,1.0,1,1,1
50480,bot_iot,1,1.0,0.999226,0.999613,1,1,1
50489,bot_iot,1,1.0,1.0,1.0,1,1,1
50490,bot_iot,1,1.0,0.999346,0.999673,1,1,1
50494,bot_iot,1,1.0,0.999336,0.999668,1,1,1
50497,bot_iot,1,1.0,0.999468,0.999734,1,1,1
50498,bot_iot,1,1.0,0.99931,0.999655,1,1,1
50499,bot_iot,1,1.0,0.999993,0.999997,1,1,1
50502,bot_iot,1,1.0,0.999443,0.999722,1,1,1
50505,bot_iot,1,1.0,0.999171,0.999586,1,1,1
50506,bot_iot,1,1.0,0.999111,0.999555,1,1,1
50516,bot_iot,1,1.0,0.999988,0.999994,1,1,1
50524,bot_iot,1,1.0,0.996045,0.998022,1,1,1
50526,bot_iot,1,1.0,0.998989,0.999494,1,1,1
50531,bot_iot,1,1.0,0.120453,0.560226,1,0,1
50533,bot_iot,1,1.0,0.999438,0.999719,1,1,1
50535,bot_iot,1,1.0,0.999999,1.0,1,1,1
50536,bot_iot,1,1.0,0.999299,0.99965,1,1,1
50551,bot_iot,1,1.0,0.999994,0.999997,1,1,1
50556,bot_iot,1,1.0,0.999986,0.999993,1,1,1
50560,bot_iot,1,1.0,0.998985,0.999493,1,1,1
50562,bot_iot,1,1.0,0.999999,1.0,1,1,1
50570,bot_iot,1,1.0,0.998895,0.999448,1,1,1
50572,bot_iot,1,1.0,0.99935,0.999675,1,1,1
50575,bot_iot,1,1.0,0.999479,0.999739,1,1,1
50579,bot_iot,1,1.0,0.999065,0.999533,1,1,1
50580,bot_iot,1,1.0,0.998872,0.999436,1,1,1
50583,bot_iot,1,1.0,0.999957,0.999979,1,1,1
50586,bot_iot,1,1.0,0.998998,0.999499,1,1,1
50591,bot_iot,1,1.0,0.999348,0.999674,1,1,1
50596,bot_iot,1,1.0,0.998878,0.999439,1,1,1
50597,bot_iot,1,1.0,0.998843,0.999421,1,1,1
50601,bot_iot,1,1.0,0.999172,0.999586,1,1,1
50602,bot_iot,1,1.0,0.999986,0.999993,1,1,1
50604,bot_iot,1,1.0,0.999991,0.999995,1,1,1
50605,bot_iot,1,1.0,0.99946,0.99973,1,1,1
50608,bot_iot,1,1.0,0.999444,0.999722,1,1,1
50609,bot_iot,1,1.0,0.999384,0.999692,1,1,1
50619,bot_iot,1,1.0,0.998874,0.999437,1,1,1
50620,bot_iot,1,1.0,0.999468,0.999734,1,1,1
50621,bot_iot,1,1.0,0.999468,0.999734,1,1,1
50625,bot_iot,1,1.0,0.999376,0.999688,1,1,1
50627,bot_iot,1,1.0,0.998872,0.999436,1,1,1
50636,bot_iot,1,1.0,0.999993,0.999997,1,1,1
50639,bot_iot,1,1.0,0.999443,0.999721,1,1,1
50647,bot_iot,1,1.0,0.99943,0.999715,1,1,1
50649,bot_iot,1,1.0,0.999468,0.999734,1,1,1
50653,bot_iot,1,1.0,1.0,1.0,1,1,1
50657,bot_iot,1,1.0,1.0,1.0,1,1,1
50662,bot_iot,1,1.0,0.999146,0.999573,1,1,1
50663,bot_iot,1,1.0,0.999993,0.999997,1,1,1
50667,bot_iot,1,1.0,0.999468,0.999734,1,1,1
50672,bot_iot,1,1.0,0.995723,0.997862,1,1,1
50685,bot_iot,1,1.0,0.999468,0.999734,1,1,1
50689,bot_iot,1,1.0,0.999442,0.999721,1,1,1
50692,bot_iot,1,1.0,0.999386,0.999693,1,1,1
50696,bot_iot,1,1.0,0.999173,0.999586,1,1,1
50700,bot_iot,1,1.0,0.999987,0.999994,1,1,1
50706,bot_iot,1,1.0,0.999268,0.999634,1,1,1
50708,bot_iot,1,1.0,1.0,1.0,1,1,1
50711,bot_iot,1,1.0,0.999467,0.999733,1,1,1
50715,bot_iot,1,1.0,0.999993,0.999997,1,1,1
50717,bot_iot,1,1.0,1.0,1.0,1,1,1
50728,bot_iot,1,1.0,0.999444,0.999722,1,1,1
50735,bot_iot,1,1.0,0.999432,0.999716,1,1,1
50736,bot_iot,1,1.0,1.0,1.0,1,1,1
50737,bot_iot,1,1.0,1.0,1.0,1,1,1
50743,bot_iot,1,1.0,0.999468,0.999734,1,1,1
50754,bot_iot,1,1.0,0.999992,0.999996,1,1,1
50758,bot_iot,1,1.0,0.999444,0.999722,1,1,1
50762,bot_iot,1,1.0,1.0,1.0,1,1,1
50765,bot_iot,1,1.0,0.999429,0.999715,1,1,1
50781,bot_iot,1,1.0,0.999466,0.999733,1,1,1
50783,bot_iot,1,1.0,0.999444,0.999722,1,1,1
50784,bot_iot,1,1.0,1.0,1.0,1,1,1
50786,bot_iot,1,1.0,0.999993,0.999997,1,1,1
50787,bot_iot,1,1.0,0.999441,0.999721,1,1,1
50790,bot_iot,1,1.0,0.999173,0.999586,1,1,1
50791,bot_iot,1,1.0,0.999164,0.999582,1,1,1
50793,bot_iot,1,1.0,0.999483,0.999741,1,1,1
50801,bot_iot,1,1.0,0.999384,0.999692,1,1,1
50808,bot_iot,1,1.0,0.999994,0.999997,1,1,1
50812,bot_iot,1,1.0,1.0,1.0,1,1,1
50814,bot_iot,1,1.0,0.999991,0.999996,1,1,1
50826,bot_iot,1,1.0,0.999061,0.999531,1,1,1
50831,bot_iot,1,1.0,0.998894,0.999447,1,1,1
50835,bot_iot,1,1.0,0.999443,0.999722,1,1,1
50837,bot_iot,1,1.0,0.999994,0.999997,1,1,1
50854,bot_iot,1,1.0,0.99944,0.99972,1,1,1
50861,bot_iot,1,1.0,0.999994,0.999997,1,1,1
50866,bot_iot,1,1.0,1.0,1.0,1,1,1
50869,bot_iot,1,1.0,1.0,1.0,1,1,1
50870,bot_iot,1,1.0,0.999973,0.999986,1,1,1
50882,bot_iot,1,1.0,1.0,1.0,1,1,1
50888,bot_iot,1,1.0,0.998879,0.99944,1,1,1
50894,bot_iot,1,1.0,0.999223,0.999612,1,1,1
50897,bot_iot,1,1.0,0.998878,0.999439,1,1,1
50898,bot_iot,1,1.0,0.999414,0.999707,1,1,1
50912,bot_iot,1,1.0,0.999443,0.999721,1,1,1
50920,bot_iot,1,1.0,0.999467,0.999734,1,1,1
50924,bot_iot,1,1.0,0.999382,0.999691,1,1,1
50927,bot_iot,1,1.0,0.998939,0.999469,1,1,1
50929,bot_iot,1,1.0,0.999386,0.999693,1,1,1
50933,bot_iot,1,1.0,0.998989,0.999494,1,1,1
50940,bot_iot,1,1.0,1.0,1.0,1,1,1
50943,bot_iot,1,1.0,0.999483,0.999741,1,1,1
50968,bot_iot,1,1.0,0.976804,0.988402,1,1,1
50977,bot_iot,1,1.0,0.999994,0.999997,1,1,1
50978,bot_iot,1,1.0,0.998938,0.999469,1,1,1
50981,bot_iot,1,1.0,0.999993,0.999997,1,1,1
50985,bot_iot,1,1.0,0.999993,0.999997,1,1,1
50996,bot_iot,1,1.0,0.999468,0.999734,1,1,1
51004,bot_iot,1,1.0,1.0,1.0,1,1,1
51007,bot_iot,1,1.0,0.999172,0.999586,1,1,1
51011,bot_iot,1,1.0,0.999993,0.999997,1,1,1
51013,bot_iot,1,1.0,0.99948,0.99974,1,1,1
51015,bot_iot,1,1.0,1.0,1.0,1,1,1
51021,bot_iot,1,1.0,0.998933,0.999467,1,1,1
51036,bot_iot,1,1.0,1.0,1.0,1,1,1
51038,bot_iot,1,1.0,0.999314,0.999657,1,1,1
51039,bot_iot,1,1.0,0.998988,0.999494,1,1,1
51040,bot_iot,1,1.0,0.998937,0.999469,1,1,1
51043,bot_iot,1,1.0,0.999436,0.999718,1,1,1
51044,bot_iot,1,1.0,1.0,1.0,1,1,1
51047,bot_iot,1,1.0,0.999385,0.999692,1,1,1
51058,bot_iot,1,1.0,0.999093,0.999546,1,1,1
51060,bot_iot,1,1.0,0.999443,0.999721,1,1,1
51061,bot_iot,1,1.0,0.999106,0.999553,1,1,1
51064,bot_iot,1,1.0,0.999433,0.999717,1,1,1
51065,bot_iot,1,1.0,0.999468,0.999734,1,1,1
51067,bot_iot,1,1.0,0.999414,0.999707,1,1,1
51072,bot_iot,1,0.68716,0.052504,0.369832,1,0,0
51084,bot_iot,1,1.0,0.999994,0.999997,1,1,1
51086,bot_iot,1,1.0,0.999468,0.999734,1,1,1
51088,bot_iot,1,1.0,0.999443,0.999721,1,1,1
51093,bot_iot,1,1.0,0.999416,0.999708,1,1,1
51095,bot_iot,1,1.0,1.0,1.0,1,1,1
51097,bot_iot,1,1.0,0.999993,0.999997,1,1,1
51103,bot_iot,1,1.0,0.999428,0.999714,1,1,1
51119,bot_iot,1,1.0,0.999431,0.999715,1,1,1
51120,bot_iot,1,1.0,0.999385,0.999692,1,1,1
51121,bot_iot,1,1.0,0.999061,0.999531,1,1,1
51122,bot_iot,1,1.0,0.999999,1.0,1,1,1
51129,bot_iot,1,1.0,0.999483,0.999741,1,1,1
51139,bot_iot,1,1.0,0.999465,0.999733,1,1,1
51146,bot_iot,1,1.0,0.999385,0.999692,1,1,1
51147,bot_iot,1,1.0,0.999992,0.999996,1,1,1
51148,bot_iot,1,1.0,0.999184,0.999592,1,1,1
51150,bot_iot,1,1.0,0.999988,0.999994,1,1,1
51151,bot_iot,1,1.0,0.999442,0.999721,1,1,1
51154,bot_iot,1,1.0,0.999099,0.999549,1,1,1
51168,bot_iot,1,1.0,0.999994,0.999997,1,1,1
51172,bot_iot,1,1.0,0.999385,0.999692,1,1,1
51177,bot_iot,1,1.0,0.999444,0.999722,1,1,1
51179,bot_iot,1,1.0,0.999468,0.999734,1,1,1
51183,bot_iot,1,1.0,0.999973,0.999987,1,1,1
51191,bot_iot,1,1.0,0.999981,0.99999,1,1,1
51201,bot_iot,1,1.0,0.999118,0.999559,1,1,1
51210,bot_iot,1,1.0,0.999187,0.999594,1,1,1
51217,bot_iot,1,1.0,0.976804,0.988402,1,1,1
51225,bot_iot,1,1.0,0.999444,0.999722,1,1,1
51230,bot_iot,1,1.0,0.999463,0.999732,1,1,1
51241,bot_iot,1,1.0,1.0,1.0,1,1,1
51244,bot_iot,1,1.0,0.999984,0.999992,1,1,1
51245,bot_iot,1,1.0,0.999991,0.999995,1,1,1
51249,bot_iot,1,1.0,0.999993,0.999997,1,1,1
51260,bot_iot,1,1.0,0.998937,0.999469,1,1,1
51263,bot_iot,1,1.0,0.999385,0.999693,1,1,1
51266,bot_iot,1,1.0,0.998938,0.999469,1,1,1
51269,bot_iot,1,1.0,0.999993,0.999996,1,1,1
51283,bot_iot,1,1.0,0.997241,0.998621,1,1,1
51285,bot_iot,1,1.0,0.999171,0.999586,1,1,1
51287,bot_iot,1,1.0,0.999468,0.999734,1,1,1
51292,bot_iot,1,1.0,1.0,1.0,1,1,1
51296,bot_iot,1,1.0,0.999436,0.999718,1,1,1
51301,bot_iot,1,1.0,0.999387,0.999693,1,1,1
51306,bot_iot,1,1.0,0.999993,0.999996,1,1,1
51317,bot_iot,1,1.0,1.0,1.0,1,1,1
51329,bot_iot,1,1.0,0.99999,0.999995,1,1,1
51332,bot_iot,1,1.0,0.999994,0.999997,1,1,1
51334,bot_iot,1,1.0,0.999335,0.999667,1,1,1
51339,bot_iot,1,1.0,0.999442,0.999721,1,1,1
51343,bot_iot,1,1.0,0.999106,0.999553,1,1,1
51352,bot_iot,1,1.0,0.999994,0.999997,1,1,1
51353,bot_iot,1,1.0,0.999352,0.999676,1,1,1
51355,bot_iot,1,1.0,0.999992,0.999996,1,1,1
51361,bot_iot,1,1.0,0.998877,0.999438,1,1,1
51373,bot_iot,1,1.0,0.999483,0.999741,1,1,1
51385,bot_iot,1,1.0,1.0,1.0,1,1,1
51391,bot_iot,1,1.0,1.0,1.0,1,1,1
51399,bot_iot,1,1.0,0.999062,0.999531,1,1,1
51406,bot_iot,1,1.0,0.999174,0.999587,1,1,1
51408,bot_iot,1,1.0,0.999999,1.0,1,1,1
51413,bot_iot,1,1.0,0.999431,0.999715,1,1,1
51416,bot_iot,1,1.0,1.0,1.0,1,1,1
51419,bot_iot,1,1.0,0.998879,0.999439,1,1,1
51430,bot_iot,1,1.0,0.999468,0.999734,1,1,1
51431,bot_iot,1,1.0,0.999443,0.999721,1,1,1
51437,bot_iot,1,1.0,0.999448,0.999724,1,1,1
51438,bot_iot,1,1.0,0.999992,0.999996,1,1,1
51440,bot_iot,1,1.0,0.99935,0.999675,1,1,1
51446,bot_iot,1,1.0,0.999993,0.999996,1,1,1
51450,bot_iot,1,1.0,0.999479,0.999739,1,1,1
51452,bot_iot,1,1.0,0.976804,0.988402,1,1,1
51453,bot_iot,1,1.0,0.999994,0.999997,1,1,1
51456,bot_iot,1,1.0,1.0,1.0,1,1,1
51457,bot_iot,1,1.0,0.999468,0.999734,1,1,1
51481,bot_iot,1,1.0,0.998878,0.999439,1,1,1
51485,bot_iot,1,1.0,0.999962,0.999981,1,1,1
51507,bot_iot,1,1.0,0.999221,0.999611,1,1,1
51508,bot_iot,1,1.0,0.999986,0.999993,1,1,1
51515,bot_iot,1,1.0,0.999093,0.999546,1,1,1
51531,bot_iot,1,1.0,0.999993,0.999996,1,1,1
51539,bot_iot,1,1.0,0.999994,0.999997,1,1,1
51551,bot_iot,1,1.0,0.999188,0.999594,1,1,1
51560,bot_iot,1,1.0,0.998895,0.999447,1,1,1
51580,bot_iot,1,1.0,0.999129,0.999565,1,1,1
51590,bot_iot,1,1.0,1.0,1.0,1,1,1
51593,bot_iot,1,1.0,0.999443,0.999721,1,1,1
51596,bot_iot,1,1.0,0.999993,0.999997,1,1,1
51598,bot_iot,1,1.0,1.0,1.0,1,1,1
51602,bot_iot,1,1.0,0.999339,0.99967,1,1,1
51605,bot_iot,1,1.0,0.99931,0.999655,1,1,1
51610,bot_iot,1,1.0,0.999468,0.999734,1,1,1
51618,bot_iot,1,1.0,0.999431,0.999715,1,1,1
51635,bot_iot,1,1.0,0.999463,0.999731,1,1,1
51639,bot_iot,1,1.0,0.999063,0.999531,1,1,1
51641,bot_iot,1,1.0,0.999184,0.999592,1,1,1
51642,bot_iot,1,1.0,0.999386,0.999693,1,1,1
51645,bot_iot,1,1.0,0.976804,0.988402,1,1,1
51649,bot_iot,1,1.0,0.999443,0.999722,1,1,1
51651,bot_iot,1,1.0,1.0,1.0,1,1,1
51656,bot_iot,1,1.0,0.999993,0.999996,1,1,1
51657,bot_iot,1,1.0,0.976804,0.988402,1,1,1
51665,bot_iot,1,1.0,1.0,1.0,1,1,1
51672,bot_iot,1,1.0,1.0,1.0,1,1,1
51676,bot_iot,1,1.0,0.999349,0.999674,1,1,1
51681,bot_iot,1,1.0,0.976804,0.988402,1,1,1
51682,bot_iot,1,1.0,0.976804,0.988402,1,1,1
51700,bot_iot,1,1.0,0.999446,0.999723,1,1,1
51702,bot_iot,1,1.0,0.999441,0.999721,1,1,1
51710,bot_iot,1,1.0,0.998996,0.999498,1,1,1
51730,bot_iot,1,1.0,1.0,1.0,1,1,1
51736,bot_iot,1,1.0,0.999138,0.999569,1,1,1
51737,bot_iot,1,1.0,0.999993,0.999997,1,1,1
51749,bot_iot,1,1.0,0.999386,0.999693,1,1,1
51758,bot_iot,1,1.0,0.999268,0.999634,1,1,1
51765,bot_iot,1,1.0,0.999443,0.999721,1,1,1
51770,bot_iot,1,1.0,0.998834,0.999417,1,1,1
51777,bot_iot,1,1.0,0.999438,0.999719,1,1,1
51787,bot_iot,1,1.0,0.999975,0.999988,1,1,1
51789,bot_iot,1,1.0,1.0,1.0,1,1,1
51792,bot_iot,1,1.0,0.999989,0.999995,1,1,1
51802,bot_iot,1,1.0,0.999444,0.999722,1,1,1
51807,bot_iot,1,1.0,0.999468,0.999734,1,1,1
51812,bot_iot,1,1.0,0.999993,0.999997,1,1,1
51819,bot_iot,1,1.0,0.999174,0.999587,1,1,1
51827,bot_iot,1,1.0,0.999993,0.999997,1,1,1
51829,bot_iot,1,1.0,0.999465,0.999733,1,1,1
51831,bot_iot,1,1.0,0.99935,0.999675,1,1,1
51837,bot_iot,1,1.0,0.999062,0.999531,1,1,1
51840,bot_iot,1,1.0,0.998988,0.999494,1,1,1
51841,bot_iot,1,1.0,1.0,1.0,1,1,1
51849,bot_iot,1,1.0,0.999993,0.999996,1,1,1
51861,bot_iot,1,1.0,0.999468,0.999734,1,1,1
51863,bot_iot,1,1.0,0.999386,0.999693,1,1,1
51866,bot_iot,1,1.0,0.999443,0.999721,1,1,1
51877,bot_iot,1,1.0,1.0,1.0,1,1,1
51892,bot_iot,1,1.0,0.999993,0.999997,1,1,1
51898,bot_iot,1,1.0,0.999443,0.999721,1,1,1
51902,bot_iot,1,1.0,1.0,1.0,1,1,1
51904,bot_iot,1,1.0,0.999975,0.999988,1,1,1
51908,bot_iot,1,1.0,0.998989,0.999495,1,1,1
51909,bot_iot,1,1.0,0.999936,0.999968,1,1,1
51915,bot_iot,1,1.0,1.0,1.0,1,1,1
51920,bot_iot,1,1.0,0.976804,0.988402,1,1,1
51924,bot_iot,1,1.0,0.99909,0.999545,1,1,1
51928,bot_iot,1,1.0,0.999431,0.999716,1,1,1
51929,bot_iot,1,1.0,0.998936,0.999468,1,1,1
51944,bot_iot,1,1.0,0.999173,0.999587,1,1,1
51946,bot_iot,1,1.0,0.999484,0.999742,1,1,1
51947,bot_iot,1,1.0,0.999468,0.999734,1,1,1
51954,bot_iot,1,1.0,0.976804,0.988402,1,1,1
51962,bot_iot,1,1.0,1.0,1.0,1,1,1
51963,bot_iot,1,1.0,1.0,1.0,1,1,1
51969,bot_iot,1,1.0,1.0,1.0,1,1,1
51970,bot_iot,1,1.0,0.999171,0.999585,1,1,1
51971,bot_iot,1,1.0,0.999986,0.999993,1,1,1
51976,bot_iot,1,1.0,1.0,1.0,1,1,1
51985,bot_iot,1,1.0,0.999987,0.999994,1,1,1
51987,bot_iot,1,1.0,0.999479,0.999739,1,1,1
51992,bot_iot,1,1.0,0.999993,0.999997,1,1,1
51997,bot_iot,1,1.0,0.998877,0.999439,1,1,1
52003,bot_iot,1,1.0,0.999414,0.999707,1,1,1
52011,bot_iot,1,1.0,0.999993,0.999997,1,1,1
52015,bot_iot,1,1.0,0.999973,0.999986,1,1,1
52019,bot_iot,1,1.0,0.999993,0.999996,1,1,1
52021,bot_iot,1,1.0,1.0,1.0,1,1,1
52022,bot_iot,1,1.0,0.999415,0.999708,1,1,1
52025,bot_iot,1,1.0,0.99935,0.999675,1,1,1
52027,bot_iot,1,1.0,1.0,1.0,1,1,1
52028,bot_iot,1,1.0,0.99998,0.99999,1,1,1
52036,bot_iot,1,1.0,0.999965,0.999982,1,1,1
52039,bot_iot,1,1.0,0.999429,0.999715,1,1,1
52040,bot_iot,1,1.0,1.0,1.0,1,1,1
52043,bot_iot,1,1.0,0.999179,0.99959,1,1,1
52045,bot_iot,1,1.0,0.999335,0.999667,1,1,1
52050,bot_iot,1,1.0,0.999093,0.999546,1,1,1
52062,bot_iot,1,1.0,1.0,1.0,1,1,1
52064,bot_iot,1,1.0,1.0,1.0,1,1,1
52068,bot_iot,1,1.0,0.999974,0.999987,1,1,1
52069,bot_iot,1,1.0,0.999435,0.999717,1,1,1
52084,bot_iot,1,1.0,0.999334,0.999667,1,1,1
52098,bot_iot,1,1.0,0.999351,0.999675,1,1,1
52102,bot_iot,1,1.0,0.999987,0.999994,1,1,1
52104,bot_iot,1,1.0,0.999179,0.999589,1,1,1
52105,bot_iot,1,1.0,1.0,1.0,1,1,1
52109,bot_iot,1,1.0,0.99947,0.999735,1,1,1
52113,bot_iot,1,1.0,0.999186,0.999593,1,1,1
52116,bot_iot,1,1.0,0.946108,0.973054,1,1,1
52119,bot_iot,1,1.0,0.998991,0.999495,1,1,1
52121,bot_iot,1,1.0,0.998893,0.999447,1,1,1
52141,bot_iot,1,1.0,1.0,1.0,1,1,1
52152,bot_iot,1,1.0,0.999465,0.999733,1,1,1
52154,bot_iot,1,1.0,0.999385,0.999692,1,1,1
52166,bot_iot,1,1.0,0.999091,0.999545,1,1,1
52175,bot_iot,1,1.0,0.998937,0.999468,1,1,1
52191,bot_iot,1,1.0,0.99573,0.997865,1,1,1
52202,bot_iot,1,1.0,0.99893,0.999465,1,1,1
52203,bot_iot,1,1.0,0.998045,0.999022,1,1,1
52204,bot_iot,1,1.0,0.999442,0.999721,1,1,1
52206,bot_iot,1,1.0,0.99909,0.999545,1,1,1
52207,bot_iot,1,1.0,1.0,1.0,1,1,1
52209,bot_iot,1,1.0,0.99931,0.999655,1,1,1
52213,bot_iot,1,1.0,1.0,1.0,1,1,1
52231,bot_iot,1,1.0,0.999468,0.999734,1,1,1
52235,bot_iot,1,1.0,0.999112,0.999556,1,1,1
52244,bot_iot,1,1.0,1.0,1.0,1,1,1
52248,bot_iot,1,1.0,0.999312,0.999656,1,1,1
52249,bot_iot,1,1.0,0.997542,0.998771,1,1,1
52253,bot_iot,1,1.0,1.0,1.0,1,1,1
52255,bot_iot,1,1.0,0.997482,0.998741,1,1,1
52262,bot_iot,1,1.0,0.999443,0.999722,1,1,1
52269,bot_iot,1,1.0,0.998938,0.999469,1,1,1
52270,bot_iot,1,1.0,1.0,1.0,1,1,1
52274,bot_iot,1,1.0,0.999993,0.999997,1,1,1
52276,bot_iot,1,1.0,0.999093,0.999546,1,1,1
52277,bot_iot,1,1.0,0.999993,0.999997,1,1,1
52281,bot_iot,1,1.0,0.999348,0.999674,1,1,1
52284,bot_iot,1,1.0,1.0,1.0,1,1,1
52294,bot_iot,1,1.0,0.999987,0.999994,1,1,1
52303,bot_iot,1,1.0,0.999467,0.999734,1,1,1
52306,bot_iot,1,1.0,0.999443,0.999721,1,1,1
52310,bot_iot,1,1.0,0.999174,0.999587,1,1,1
52316,bot_iot,1,1.0,0.997132,0.998566,1,1,1
52324,bot_iot,1,1.0,0.999982,0.999991,1,1,1
52329,bot_iot,1,1.0,1.0,1.0,1,1,1
52333,bot_iot,1,1.0,0.976804,0.988402,1,1,1
52346,bot_iot,1,1.0,1.0,1.0,1,1,1
52351,bot_iot,1,1.0,0.999335,0.999667,1,1,1
52379,bot_iot,1,1.0,0.998947,0.999474,1,1,1
52381,bot_iot,1,1.0,0.99935,0.999675,1,1,1
52386,bot_iot,1,1.0,0.999993,0.999996,1,1,1
52400,bot_iot,1,1.0,0.999988,0.999994,1,1,1
52402,bot_iot,1,1.0,0.999335,0.999668,1,1,1
52404,bot_iot,1,1.0,0.999482,0.999741,1,1,1
52407,bot_iot,1,1.0,0.999993,0.999997,1,1,1
52409,bot_iot,1,1.0,0.999468,0.999734,1,1,1
52419,bot_iot,1,1.0,1.0,1.0,1,1,1
52426,bot_iot,1,1.0,0.999183,0.999592,1,1,1
52428,bot_iot,1,1.0,0.999992,0.999996,1,1,1
52430,bot_iot,1,1.0,0.999268,0.999634,1,1,1
52431,bot_iot,1,1.0,0.999987,0.999993,1,1,1
52436,bot_iot,1,1.0,0.999989,0.999994,1,1,1
52446,bot_iot,1,1.0,0.999994,0.999997,1,1,1
52449,bot_iot,1,1.0,0.999468,0.999734,1,1,1
52452,bot_iot,1,1.0,0.999993,0.999997,1,1,1
52465,bot_iot,1,1.0,0.998878,0.999439,1,1,1
52468,bot_iot,1,1.0,0.999475,0.999738,1,1,1
52480,bot_iot,1,1.0,0.999098,0.999549,1,1,1
52482,bot_iot,1,1.0,0.976804,0.988402,1,1,1
52485,bot_iot,1,1.0,0.999446,0.999723,1,1,1
52487,bot_iot,1,1.0,1.0,1.0,1,1,1
52491,bot_iot,1,1.0,0.999443,0.999721,1,1,1
52492,bot_iot,1,1.0,1.0,1.0,1,1,1
52495,bot_iot,1,1.0,0.999103,0.999551,1,1,1
52508,bot_iot,1,1.0,0.976804,0.988402,1,1,1
52519,bot_iot,1,1.0,0.999443,0.999721,1,1,1
52529,bot_iot,1,1.0,0.999993,0.999997,1,1,1
52531,bot_iot,1,1.0,0.999347,0.999674,1,1,1
52532,bot_iot,1,1.0,0.998874,0.999437,1,1,1
52533,bot_iot,1,1.0,0.999441,0.999721,1,1,1
52536,bot_iot,1,1.0,1.0,1.0,1,1,1
52540,bot_iot,1,1.0,0.999987,0.999994,1,1,1
52546,bot_iot,1,1.0,0.999369,0.999684,1,1,1
52551,bot_iot,1,1.0,1.0,1.0,1,1,1
52554,bot_iot,1,1.0,0.99934,0.99967,1,1,1
52560,bot_iot,1,1.0,0.999186,0.999593,1,1,1
52578,bot_iot,1,1.0,0.999268,0.999634,1,1,1
52593,bot_iot,1,1.0,0.999993,0.999996,1,1,1
52603,bot_iot,1,1.0,1.0,1.0,1,1,1
52615,bot_iot,1,1.0,0.999993,0.999996,1,1,1
52621,bot_iot,1,1.0,0.999497,0.999748,1,1,1
52626,bot_iot,1,1.0,0.999999,1.0,1,1,1
52638,bot_iot,1,1.0,0.999442,0.999721,1,1,1
52641,bot_iot,1,1.0,0.999108,0.999554,1,1,1
52644,bot_iot,1,1.0,0.99935,0.999675,1,1,1
52645,bot_iot,1,1.0,0.999991,0.999995,1,1,1
52650,bot_iot,1,1.0,0.999993,0.999997,1,1,1
52657,bot_iot,1,1.0,0.999364,0.999682,1,1,1
52667,bot_iot,1,1.0,0.999414,0.999707,1,1,1
52669,bot_iot,1,1.0,0.999468,0.999734,1,1,1
52672,bot_iot,1,1.0,0.999475,0.999738,1,1,1
52684,bot_iot,1,1.0,0.999133,0.999567,1,1,1
52727,bot_iot,1,1.0,1.0,1.0,1,1,1
52730,bot_iot,1,1.0,0.999993,0.999997,1,1,1
52735,bot_iot,1,1.0,0.999384,0.999692,1,1,1
52737,bot_iot,1,1.0,0.999171,0.999586,1,1,1
52738,bot_iot,1,1.0,0.999436,0.999718,1,1,1
52740,bot_iot,1,1.0,0.999443,0.999721,1,1,1
52748,bot_iot,1,1.0,0.998988,0.999494,1,1,1
52758,bot_iot,1,1.0,0.999467,0.999733,1,1,1
52765,bot_iot,1,1.0,0.999182,0.999591,1,1,1
52772,bot_iot,1,1.0,1.0,1.0,1,1,1
52774,bot_iot,1,1.0,0.999481,0.999741,1,1,1
52778,bot_iot,1,1.0,1.0,1.0,1,1,1
52779,bot_iot,1,1.0,0.999993,0.999996,1,1,1
52786,bot_iot,1,1.0,0.999969,0.999984,1,1,1
52790,bot_iot,1,1.0,0.998975,0.999487,1,1,1
52795,bot_iot,1,1.0,0.999444,0.999722,1,1,1
52808,bot_iot,1,1.0,1.0,1.0,1,1,1
52812,bot_iot,1,1.0,0.976804,0.988402,1,1,1
52815,bot_iot,1,1.0,0.999993,0.999997,1,1,1
52823,bot_iot,1,1.0,0.999416,0.999708,1,1,1
52827,bot_iot,1,1.0,0.998934,0.999467,1,1,1
52832,bot_iot,1,1.0,0.998878,0.999439,1,1,1
52834,bot_iot,1,1.0,0.999312,0.999656,1,1,1
52836,bot_iot,1,1.0,0.999994,0.999997,1,1,1
52837,bot_iot,1,1.0,0.999433,0.999717,1,1,1
52838,bot_iot,1,1.0,0.976804,0.988402,1,1,1
52847,bot_iot,1,1.0,0.998936,0.999468,1,1,1
52856,bot_iot,1,1.0,1.0,1.0,1,1,1
52864,bot_iot,1,1.0,0.999187,0.999593,1,1,1
52868,bot_iot,1,1.0,1.0,1.0,1,1,1
52870,bot_iot,1,1.0,0.999993,0.999997,1,1,1
52877,bot_iot,1,1.0,0.999991,0.999996,1,1,1
52885,bot_iot,1,1.0,0.999994,0.999997,1,1,1
52887,bot_iot,1,1.0,0.999993,0.999996,1,1,1
52889,bot_iot,1,1.0,0.999312,0.999656,1,1,1
52892,bot_iot,1,1.0,0.998892,0.999446,1,1,1
52894,bot_iot,1,1.0,0.999991,0.999996,1,1,1
52895,bot_iot,1,1.0,1.0,1.0,1,1,1
52896,bot_iot,1,1.0,0.999463,0.999731,1,1,1
52897,bot_iot,1,1.0,0.999496,0.999748,1,1,1
52899,bot_iot,1,1.0,0.999993,0.999997,1,1,1
52900,bot_iot,1,1.0,0.999172,0.999586,1,1,1
52901,bot_iot,1,1.0,1.0,1.0,1,1,1
52908,bot_iot,1,1.0,0.999221,0.999611,1,1,1
52909,bot_iot,1,1.0,0.976804,0.988402,1,1,1
52910,bot_iot,1,1.0,0.999063,0.999531,1,1,1
52913,bot_iot,1,1.0,0.998937,0.999469,1,1,1
52916,bot_iot,1,1.0,1.0,1.0,1,1,1
52917,bot_iot,1,1.0,0.99947,0.999735,1,1,1
52920,bot_iot,1,1.0,0.999468,0.999734,1,1,1
52924,bot_iot,1,1.0,0.999385,0.999693,1,1,1
52926,bot_iot,1,1.0,1.0,1.0,1,1,1
52929,bot_iot,1,1.0,0.999385,0.999692,1,1,1
52939,bot_iot,1,1.0,0.999312,0.999656,1,1,1
52940,bot_iot,1,1.0,0.999143,0.999572,1,1,1
52950,bot_iot,1,1.0,0.998999,0.999499,1,1,1
52952,bot_iot,1,1.0,0.999993,0.999996,1,1,1
52958,bot_iot,1,1.0,0.999439,0.999719,1,1,1
52960,bot_iot,1,1.0,1.0,1.0,1,1,1
52961,bot_iot,1,1.0,1.0,1.0,1,1,1
52972,bot_iot,1,1.0,1.0,1.0,1,1,1
52976,bot_iot,1,1.0,0.998878,0.999439,1,1,1
52985,bot_iot,1,1.0,0.999385,0.999692,1,1,1
52993,bot_iot,1,1.0,0.999081,0.999541,1,1,1
52997,bot_iot,1,1.0,0.999993,0.999997,1,1,1
53000,bot_iot,1,1.0,1.0,1.0,1,1,1
53005,bot_iot,1,1.0,1.0,1.0,1,1,1
53011,bot_iot,1,1.0,0.999431,0.999715,1,1,1
53021,bot_iot,1,1.0,0.999993,0.999997,1,1,1
53024,bot_iot,1,1.0,0.999363,0.999682,1,1,1
53025,bot_iot,1,1.0,0.999384,0.999692,1,1,1
53027,bot_iot,1,1.0,1.0,1.0,1,1,1
53030,bot_iot,1,1.0,0.999312,0.999656,1,1,1
53033,bot_iot,1,1.0,1.0,1.0,1,1,1
53046,bot_iot,1,1.0,1.0,1.0,1,1,1
53051,bot_iot,1,1.0,0.999118,0.999559,1,1,1
53059,bot_iot,1,1.0,0.999349,0.999674,1,1,1
53065,bot_iot,1,1.0,0.999483,0.999741,1,1,1
53073,bot_iot,1,1.0,1.0,1.0,1,1,1
53078,bot_iot,1,0.06,0.43995,0.249975,0,0,0
53079,bot_iot,1,0.99475,0.120451,0.5576,1,0,1
53089,bot_iot,1,1.0,0.999974,0.999987,1,1,1
53091,bot_iot,1,1.0,0.999986,0.999993,1,1,1
53092,bot_iot,1,1.0,0.999414,0.999707,1,1,1
53097,bot_iot,1,1.0,0.999989,0.999995,1,1,1
53100,bot_iot,1,1.0,0.998004,0.999002,1,1,1
53102,bot_iot,1,1.0,0.999993,0.999996,1,1,1
53103,bot_iot,1,1.0,0.999434,0.999717,1,1,1
53107,bot_iot,1,1.0,0.998968,0.999484,1,1,1
53118,bot_iot,1,1.0,0.999092,0.999546,1,1,1
53124,bot_iot,1,1.0,0.999394,0.999697,1,1,1
53126,bot_iot,1,1.0,0.999993,0.999996,1,1,1
53128,bot_iot,1,1.0,0.9991,0.99955,1,1,1
53129,bot_iot,1,1.0,0.998877,0.999438,1,1,1
53133,bot_iot,1,1.0,0.999145,0.999573,1,1,1
53135,bot_iot,1,1.0,0.997749,0.998875,1,1,1
53140,bot_iot,1,1.0,0.999975,0.999987,1,1,1
53145,bot_iot,1,1.0,0.999442,0.999721,1,1,1
53146,bot_iot,1,1.0,0.999466,0.999733,1,1,1
53150,bot_iot,1,1.0,0.999171,0.999586,1,1,1
53160,bot_iot,1,1.0,0.999018,0.999509,1,1,1
53164,bot_iot,1,1.0,0.976804,0.988402,1,1,1
53166,bot_iot,1,1.0,0.99905,0.999525,1,1,1
53170,bot_iot,1,1.0,0.999268,0.999634,1,1,1
53177,bot_iot,1,1.0,0.999434,0.999717,1,1,1
53179,bot_iot,1,1.0,1.0,1.0,1,1,1
53181,bot_iot,1,1.0,0.999173,0.999586,1,1,1
53185,bot_iot,1,1.0,0.999436,0.999718,1,1,1
53188,bot_iot,1,1.0,1.0,1.0,1,1,1
53189,bot_iot,1,1.0,0.999993,0.999997,1,1,1
53201,bot_iot,1,1.0,0.999993,0.999997,1,1,1
53213,bot_iot,1,1.0,1.0,1.0,1,1,1
53214,bot_iot,1,1.0,0.999993,0.999997,1,1,1
53215,bot_iot,1,1.0,0.999468,0.999734,1,1,1
53217,bot_iot,1,1.0,0.998937,0.999468,1,1,1
53219,bot_iot,1,1.0,0.999469,0.999734,1,1,1
53222,bot_iot,1,1.0,0.999385,0.999692,1,1,1
53223,bot_iot,1,1.0,0.999994,0.999997,1,1,1
53237,bot_iot,1,1.0,1.0,1.0,1,1,1
53242,bot_iot,1,1.0,0.999093,0.999546,1,1,1
53257,bot_iot,1,1.0,0.999986,0.999993,1,1,1
53262,bot_iot,1,1.0,0.999434,0.999717,1,1,1
53263,bot_iot,1,1.0,1.0,1.0,1,1,1
53265,bot_iot,1,1.0,0.999993,0.999997,1,1,1
53270,bot_iot,1,1.0,0.999019,0.999509,1,1,1
53271,bot_iot,1,1.0,0.999385,0.999692,1,1,1
53274,bot_iot,1,1.0,0.999122,0.999561,1,1,1
53277,bot_iot,1,1.0,0.999312,0.999656,1,1,1
53280,bot_iot,1,1.0,0.999993,0.999997,1,1,1
53281,bot_iot,1,1.0,0.999434,0.999717,1,1,1
53308,bot_iot,1,1.0,0.999173,0.999587,1,1,1
53318,bot_iot,1,1.0,0.999384,0.999692,1,1,1
53321,bot_iot,1,1.0,0.998829,0.999415,1,1,1
53328,bot_iot,1,1.0,1.0,1.0,1,1,1
53329,bot_iot,1,1.0,0.999993,0.999997,1,1,1
53330,bot_iot,1,1.0,0.998875,0.999437,1,1,1
53338,bot_iot,1,1.0,0.999483,0.999741,1,1,1
53342,bot_iot,1,1.0,0.999468,0.999734,1,1,1
53344,bot_iot,1,1.0,0.999434,0.999717,1,1,1
53345,bot_iot,1,1.0,0.998842,0.999421,1,1,1
53351,bot_iot,1,1.0,1.0,1.0,1,1,1
53354,bot_iot,1,1.0,0.999993,0.999997,1,1,1
53367,bot_iot,1,1.0,0.999987,0.999994,1,1,1
53370,bot_iot,1,1.0,1.0,1.0,1,1,1
53377,bot_iot,1,1.0,0.999268,0.999634,1,1,1
53385,bot_iot,1,1.0,0.999394,0.999697,1,1,1
53386,bot_iot,1,1.0,0.999434,0.999717,1,1,1
53388,bot_iot,1,1.0,0.999221,0.999611,1,1,1
53392,bot_iot,1,1.0,0.999993,0.999997,1,1,1
53395,bot_iot,1,1.0,0.999468,0.999734,1,1,1
53399,bot_iot,1,1.0,0.999993,0.999997,1,1,1
53402,bot_iot,1,1.0,0.999468,0.999734,1,1,1
53405,bot_iot,1,1.0,0.999496,0.999748,1,1,1
53408,bot_iot,1,1.0,0.999444,0.999722,1,1,1
53410,bot_iot,1,1.0,0.999092,0.999546,1,1,1
53424,bot_iot,1,1.0,0.998989,0.999495,1,1,1
53427,bot_iot,1,1.0,1.0,1.0,1,1,1
53435,bot_iot,1,1.0,0.999431,0.999716,1,1,1
53440,bot_iot,1,1.0,1.0,1.0,1,1,1
53444,bot_iot,1,1.0,1.0,1.0,1,1,1
53450,bot_iot,1,1.0,0.999991,0.999996,1,1,1
53454,bot_iot,1,1.0,0.999444,0.999722,1,1,1
53460,bot_iot,1,1.0,0.999966,0.999983,1,1,1
53461,bot_iot,1,1.0,0.998998,0.999499,1,1,1
53463,bot_iot,1,1.0,0.999987,0.999993,1,1,1
53464,bot_iot,1,1.0,1.0,1.0,1,1,1
53470,bot_iot,1,1.0,0.999468,0.999734,1,1,1
53473,bot_iot,1,1.0,0.999994,0.999997,1,1,1
53476,bot_iot,1,1.0,0.999434,0.999717,1,1,1
53478,bot_iot,1,1.0,0.999994,0.999997,1,1,1
53480,bot_iot,1,1.0,0.999964,0.999982,1,1,1
53487,bot_iot,1,1.0,0.976804,0.988402,1,1,1
53489,bot_iot,1,1.0,1.0,1.0,1,1,1
53494,bot_iot,1,1.0,0.999992,0.999996,1,1,1
53496,bot_iot,1,1.0,0.999443,0.999721,1,1,1
53505,bot_iot,1,1.0,1.0,1.0,1,1,1
53507,bot_iot,1,1.0,0.999993,0.999996,1,1,1
53514,bot_iot,1,1.0,1.0,1.0,1,1,1
53517,bot_iot,1,1.0,0.999139,0.99957,1,1,1
53520,bot_iot,1,1.0,0.976804,0.988402,1,1,1
53526,bot_iot,1,1.0,0.999439,0.999719,1,1,1
53528,bot_iot,1,1.0,0.999385,0.999692,1,1,1
53535,bot_iot,1,1.0,0.999988,0.999994,1,1,1
53538,bot_iot,1,1.0,0.999496,0.999748,1,1,1
53541,bot_iot,1,1.0,0.998998,0.999499,1,1,1
53544,bot_iot,1,1.0,0.999483,0.999742,1,1,1
53548,bot_iot,1,1.0,0.997386,0.998693,1,1,1
53550,bot_iot,1,1.0,0.999467,0.999734,1,1,1
53565,bot_iot,1,1.0,0.998879,0.999439,1,1,1
53568,bot_iot,1,1.0,0.999431,0.999715,1,1,1
53569,bot_iot,1,1.0,0.999438,0.999719,1,1,1
53572,bot_iot,1,1.0,1.0,1.0,1,1,1
53576,bot_iot,1,1.0,0.999268,0.999634,1,1,1
53587,bot_iot,1,1.0,0.976804,0.988402,1,1,1
53593,bot_iot,1,1.0,0.999109,0.999555,1,1,1
53605,bot_iot,1,1.0,1.0,1.0,1,1,1
53609,bot_iot,1,1.0,0.999993,0.999997,1,1,1
53624,bot_iot,1,1.0,0.999386,0.999693,1,1,1
53627,bot_iot,1,1.0,0.999483,0.999742,1,1,1
53631,bot_iot,1,1.0,1.0,1.0,1,1,1
53632,bot_iot,1,1.0,0.99947,0.999735,1,1,1
53638,bot_iot,1,1.0,1.0,1.0,1,1,1
53641,bot_iot,1,1.0,0.999993,0.999996,1,1,1
53648,bot_iot,1,1.0,0.999383,0.999691,1,1,1
53649,bot_iot,1,1.0,0.999443,0.999721,1,1,1
53650,bot_iot,1,1.0,0.999093,0.999546,1,1,1
53654,bot_iot,1,1.0,0.999481,0.999741,1,1,1
53658,bot_iot,1,1.0,0.999988,0.999994,1,1,1
53662,bot_iot,1,1.0,0.999992,0.999996,1,1,1
53667,bot_iot,1,1.0,0.999993,0.999997,1,1,1
53670,bot_iot,1,1.0,0.99948,0.99974,1,1,1
53673,bot_iot,1,1.0,0.999335,0.999668,1,1,1
53674,bot_iot,1,1.0,1.0,1.0,1,1,1
53676,bot_iot,1,1.0,0.999386,0.999693,1,1,1
53680,bot_iot,1,1.0,1.0,1.0,1,1,1
53702,bot_iot,1,1.0,0.999465,0.999733,1,1,1
53707,bot_iot,1,1.0,0.999468,0.999734,1,1,1
53713,bot_iot,1,1.0,0.996639,0.998319,1,1,1
53725,bot_iot,1,1.0,0.999386,0.999693,1,1,1
53729,bot_iot,1,1.0,0.999182,0.999591,1,1,1
53730,bot_iot,1,1.0,1.0,1.0,1,1,1
53732,bot_iot,1,1.0,0.999363,0.999682,1,1,1
53742,bot_iot,1,1.0,0.999228,0.999614,1,1,1
53752,bot_iot,1,1.0,1.0,1.0,1,1,1
53753,bot_iot,1,1.0,0.999113,0.999556,1,1,1
53756,bot_iot,1,1.0,0.999993,0.999997,1,1,1
53761,bot_iot,1,1.0,0.999157,0.999579,1,1,1
53762,bot_iot,1,1.0,0.99943,0.999715,1,1,1
53766,bot_iot,1,1.0,0.999483,0.999741,1,1,1
53768,bot_iot,1,1.0,0.999459,0.999729,1,1,1
53776,bot_iot,1,1.0,0.998937,0.999469,1,1,1
53780,bot_iot,1,1.0,0.998995,0.999498,1,1,1
53789,bot_iot,1,1.0,0.999172,0.999586,1,1,1
53797,bot_iot,1,1.0,0.999468,0.999734,1,1,1
53798,bot_iot,1,1.0,0.999993,0.999997,1,1,1
53799,bot_iot,1,1.0,0.999993,0.999997,1,1,1
53802,bot_iot,1,1.0,0.998874,0.999437,1,1,1
53810,bot_iot,1,1.0,0.999334,0.999667,1,1,1
53824,bot_iot,1,1.0,0.999384,0.999692,1,1,1
53835,bot_iot,1,1.0,1.0,1.0,1,1,1
53837,bot_iot,1,1.0,0.999991,0.999996,1,1,1
53841,bot_iot,1,1.0,0.999433,0.999716,1,1,1
53842,bot_iot,1,1.0,0.999987,0.999994,1,1,1
53846,bot_iot,1,1.0,0.997624,0.998812,1,1,1
53847,bot_iot,1,1.0,0.999468,0.999734,1,1,1
53854,bot_iot,1,1.0,0.999398,0.999699,1,1,1
53860,bot_iot,1,1.0,0.999993,0.999997,1,1,1
53861,bot_iot,1,1.0,1.0,1.0,1,1,1
53863,bot_iot,1,1.0,0.999993,0.999997,1,1,1
53864,bot_iot,1,1.0,0.999113,0.999556,1,1,1
53870,bot_iot,1,1.0,1.0,1.0,1,1,1
53875,bot_iot,1,1.0,0.999466,0.999733,1,1,1
53885,bot_iot,1,1.0,0.99899,0.999495,1,1,1
53887,bot_iot,1,1.0,0.999974,0.999987,1,1,1
53888,bot_iot,1,1.0,0.999994,0.999997,1,1,1
53890,bot_iot,1,1.0,1.0,1.0,1,1,1
53892,bot_iot,1,1.0,0.999993,0.999996,1,1,1
53893,bot_iot,1,1.0,0.99948,0.99974,1,1,1
53897,bot_iot,1,1.0,0.999118,0.999559,1,1,1
53906,bot_iot,1,1.0,0.999468,0.999734,1,1,1
53923,bot_iot,1,1.0,0.99947,0.999735,1,1,1
53930,bot_iot,1,1.0,0.99921,0.999605,1,1,1
53932,bot_iot,1,1.0,0.999961,0.99998,1,1,1
53942,bot_iot,1,1.0,1.0,1.0,1,1,1
53947,bot_iot,1,1.0,0.998843,0.999421,1,1,1
53949,bot_iot,1,1.0,0.995175,0.997588,1,1,1
53955,bot_iot,1,1.0,0.999442,0.999721,1,1,1
53958,bot_iot,1,1.0,0.999182,0.999591,1,1,1
53960,bot_iot,1,1.0,0.999993,0.999997,1,1,1
53962,bot_iot,1,1.0,0.999335,0.999667,1,1,1
53963,bot_iot,1,1.0,0.999993,0.999997,1,1,1
53973,bot_iot,1,1.0,0.999993,0.999997,1,1,1
53976,bot_iot,1,1.0,0.99935,0.999675,1,1,1
53978,bot_iot,1,1.0,0.999993,0.999997,1,1,1
53982,bot_iot,1,1.0,0.99935,0.999675,1,1,1
53985,bot_iot,1,1.0,1.0,1.0,1,1,1
53987,bot_iot,1,1.0,0.999993,0.999997,1,1,1
53990,bot_iot,1,1.0,0.997722,0.998861,1,1,1
53999,bot_iot,1,1.0,1.0,1.0,1,1,1
54001,bot_iot,1,1.0,0.998898,0.999449,1,1,1
54002,bot_iot,1,0.99,1.0,0.995,1,1,1
54004,bot_iot,1,1.0,0.998989,0.999494,1,1,1
54016,bot_iot,1,1.0,1.0,1.0,1,1,1
54021,bot_iot,1,1.0,0.999994,0.999997,1,1,1
54022,bot_iot,1,1.0,0.999001,0.999501,1,1,1
54025,bot_iot,1,1.0,0.999437,0.999719,1,1,1
54028,bot_iot,1,1.0,1.0,1.0,1,1,1
54031,bot_iot,1,1.0,0.998989,0.999495,1,1,1
54036,bot_iot,1,1.0,0.999994,0.999997,1,1,1
54038,bot_iot,1,1.0,0.999431,0.999716,1,1,1
54039,bot_iot,1,1.0,0.999391,0.999696,1,1,1
54040,bot_iot,1,1.0,0.999987,0.999994,1,1,1
54044,bot_iot,1,1.0,0.99935,0.999675,1,1,1
54046,bot_iot,1,1.0,0.99935,0.999675,1,1,1
54047,bot_iot,1,1.0,0.999172,0.999586,1,1,1
54051,bot_iot,1,1.0,0.999994,0.999997,1,1,1
54053,bot_iot,1,1.0,1.0,1.0,1,1,1
54057,bot_iot,1,1.0,0.999993,0.999996,1,1,1
54067,bot_iot,1,1.0,0.999984,0.999992,1,1,1
54073,bot_iot,1,1.0,0.999994,0.999997,1,1,1
54082,bot_iot,1,1.0,0.998989,0.999495,1,1,1
54087,bot_iot,1,1.0,1.0,1.0,1,1,1
54093,bot_iot,1,1.0,0.99999,0.999995,1,1,1
54097,bot_iot,1,0.68716,0.052504,0.369832,1,0,0
54101,bot_iot,1,1.0,0.999304,0.999652,1,1,1
54102,bot_iot,1,1.0,0.976804,0.988402,1,1,1
54106,bot_iot,1,1.0,0.99948,0.99974,1,1,1
54117,bot_iot,1,1.0,0.999364,0.999682,1,1,1
54121,bot_iot,1,1.0,0.99755,0.998775,1,1,1
54123,bot_iot,1,1.0,0.999339,0.999669,1,1,1
54125,bot_iot,1,1.0,0.999994,0.999997,1,1,1
54127,bot_iot,1,1.0,0.998932,0.999466,1,1,1
54143,bot_iot,1,1.0,0.998998,0.999499,1,1,1
54146,bot_iot,1,1.0,0.999993,0.999996,1,1,1
54152,bot_iot,1,1.0,1.0,1.0,1,1,1
54155,bot_iot,1,1.0,0.999999,1.0,1,1,1
54156,bot_iot,1,1.0,0.976804,0.988402,1,1,1
54160,bot_iot,1,1.0,0.999328,0.999664,1,1,1
54165,bot_iot,1,1.0,0.999993,0.999997,1,1,1
54172,bot_iot,1,1.0,0.976804,0.988402,1,1,1
54173,bot_iot,1,1.0,0.999974,0.999987,1,1,1
54182,bot_iot,1,1.0,0.999994,0.999997,1,1,1
54187,bot_iot,1,1.0,0.999386,0.999693,1,1,1
54188,bot_iot,1,1.0,1.0,1.0,1,1,1
54190,bot_iot,1,1.0,0.998829,0.999414,1,1,1
54191,bot_iot,1,1.0,0.999993,0.999996,1,1,1
54192,bot_iot,1,1.0,0.99935,0.999675,1,1,1
54201,bot_iot,1,1.0,0.999993,0.999996,1,1,1
54212,bot_iot,1,1.0,0.998893,0.999447,1,1,1
54213,bot_iot,1,1.0,0.999061,0.999531,1,1,1
54214,bot_iot,1,1.0,0.999443,0.999721,1,1,1
54218,bot_iot,1,1.0,0.999991,0.999995,1,1,1
54219,bot_iot,1,1.0,0.999468,0.999734,1,1,1
54222,bot_iot,1,1.0,0.998875,0.999437,1,1,1
54226,bot_iot,1,1.0,0.993482,0.996741,1,1,1
54229,bot_iot,1,1.0,1.0,1.0,1,1,1
54235,bot_iot,1,1.0,0.999468,0.999734,1,1,1
54239,bot_iot,1,1.0,0.998937,0.999468,1,1,1
54241,bot_iot,1,1.0,0.999443,0.999721,1,1,1
54250,bot_iot,1,1.0,0.999468,0.999734,1,1,1
54255,bot_iot,1,1.0,0.485196,0.742598,1,0,1
54256,bot_iot,1,1.0,0.999993,0.999997,1,1,1
54258,bot_iot,1,1.0,0.976804,0.988402,1,1,1
54259,bot_iot,1,1.0,0.999339,0.999669,1,1,1
54270,bot_iot,1,1.0,0.999993,0.999996,1,1,1
54272,bot_iot,1,1.0,0.999385,0.999692,1,1,1
54279,bot_iot,1,1.0,0.99948,0.99974,1,1,1
54280,bot_iot,1,1.0,0.999468,0.999734,1,1,1
54282,bot_iot,1,1.0,1.0,1.0,1,1,1
54284,bot_iot,1,1.0,0.999945,0.999972,1,1,1
54287,bot_iot,1,1.0,0.999465,0.999733,1,1,1
54288,bot_iot,1,1.0,0.999993,0.999997,1,1,1
54291,bot_iot,1,1.0,0.999993,0.999997,1,1,1
54292,bot_iot,1,1.0,1.0,1.0,1,1,1
54293,bot_iot,1,1.0,0.99948,0.99974,1,1,1
54298,bot_iot,1,1.0,0.999958,0.999979,1,1,1
54310,bot_iot,1,1.0,0.976804,0.988402,1,1,1
54312,bot_iot,1,1.0,0.999434,0.999717,1,1,1
54323,bot_iot,1,1.0,1.0,1.0,1,1,1
54329,bot_iot,1,1.0,0.99935,0.999675,1,1,1
54331,bot_iot,1,1.0,0.999468,0.999734,1,1,1
54334,bot_iot,1,1.0,0.99946,0.99973,1,1,1
54340,bot_iot,1,1.0,0.999061,0.999531,1,1,1
54341,bot_iot,1,1.0,0.999993,0.999997,1,1,1
54347,bot_iot,1,1.0,0.120453,0.560226,1,0,1
54350,bot_iot,1,1.0,0.999187,0.999593,1,1,1
54351,bot_iot,1,1.0,0.999993,0.999997,1,1,1
54365,bot_iot,1,1.0,0.999981,0.99999,1,1,1
54372,bot_iot,1,1.0,0.99997,0.999985,1,1,1
54380,bot_iot,1,1.0,0.999386,0.999693,1,1,1
54383,bot_iot,1,1.0,0.999989,0.999995,1,1,1
54388,bot_iot,1,1.0,0.999422,0.999711,1,1,1
54392,bot_iot,1,1.0,1.0,1.0,1,1,1
54398,bot_iot,1,1.0,0.99948,0.99974,1,1,1
54399,bot_iot,1,1.0,0.998895,0.999447,1,1,1
54403,bot_iot,1,1.0,0.999455,0.999728,1,1,1
54405,bot_iot,1,1.0,1.0,1.0,1,1,1
54406,bot_iot,1,1.0,0.998829,0.999414,1,1,1
54407,bot_iot,1,1.0,0.999111,0.999555,1,1,1
54408,bot_iot,1,1.0,0.999136,0.999568,1,1,1
54409,bot_iot,1,1.0,0.999992,0.999996,1,1,1
54413,bot_iot,1,1.0,1.0,1.0,1,1,1
54418,bot_iot,1,1.0,0.976804,0.988402,1,1,1
54429,bot_iot,1,1.0,0.999993,0.999997,1,1,1
54430,bot_iot,1,1.0,0.999434,0.999717,1,1,1
54431,bot_iot,1,1.0,0.999989,0.999994,1,1,1
54435,bot_iot,1,1.0,0.999468,0.999734,1,1,1
54436,bot_iot,1,1.0,1.0,1.0,1,1,1
54437,bot_iot,1,1.0,0.999992,0.999996,1,1,1
54440,bot_iot,1,1.0,0.999989,0.999995,1,1,1
54448,bot_iot,1,1.0,0.999991,0.999995,1,1,1
54455,bot_iot,1,1.0,0.99948,0.99974,1,1,1
54466,bot_iot,1,1.0,0.99934,0.99967,1,1,1
54470,bot_iot,1,1.0,0.999993,0.999997,1,1,1
54477,bot_iot,1,1.0,0.998932,0.999466,1,1,1
54499,bot_iot,1,1.0,0.999986,0.999993,1,1,1
54502,bot_iot,1,1.0,0.995807,0.997903,1,1,1
54504,bot_iot,1,1.0,0.999993,0.999997,1,1,1
54505,bot_iot,1,1.0,0.999445,0.999723,1,1,1
54508,bot_iot,1,1.0,0.976804,0.988402,1,1,1
54509,bot_iot,1,1.0,0.976804,0.988402,1,1,1
54511,bot_iot,1,1.0,0.999987,0.999993,1,1,1
54512,bot_iot,1,1.0,0.999989,0.999994,1,1,1
54522,bot_iot,1,1.0,0.999443,0.999721,1,1,1
54526,bot_iot,1,1.0,1.0,1.0,1,1,1
54528,bot_iot,1,1.0,0.999063,0.999531,1,1,1
54529,bot_iot,1,1.0,0.99893,0.999465,1,1,1
54535,bot_iot,1,1.0,1.0,1.0,1,1,1
54539,bot_iot,1,1.0,0.99931,0.999655,1,1,1
54540,bot_iot,1,1.0,0.999425,0.999713,1,1,1
54544,bot_iot,1,1.0,0.999443,0.999721,1,1,1
54547,bot_iot,1,1.0,0.999172,0.999586,1,1,1
54548,bot_iot,1,1.0,0.999497,0.999748,1,1,1
54554,bot_iot,1,1.0,0.999171,0.999586,1,1,1
54555,bot_iot,1,1.0,1.0,1.0,1,1,1
54558,bot_iot,1,1.0,0.999335,0.999668,1,1,1
54564,bot_iot,1,1.0,0.998988,0.999494,1,1,1
54566,bot_iot,1,1.0,0.999987,0.999993,1,1,1
54575,bot_iot,1,1.0,0.999994,0.999997,1,1,1
54584,bot_iot,1,1.0,0.999982,0.999991,1,1,1
54586,bot_iot,1,1.0,0.999384,0.999692,1,1,1
54591,bot_iot,1,1.0,1.0,1.0,1,1,1
54600,bot_iot,1,1.0,0.999413,0.999706,1,1,1
54603,bot_iot,1,1.0,0.999992,0.999996,1,1,1
54612,bot_iot,1,1.0,0.998892,0.999446,1,1,1
54619,bot_iot,1,1.0,0.999007,0.999503,1,1,1
54624,bot_iot,1,1.0,0.999382,0.999691,1,1,1
54637,bot_iot,1,1.0,0.999443,0.999721,1,1,1
54647,bot_iot,1,1.0,0.998996,0.999498,1,1,1
54650,bot_iot,1,1.0,0.999213,0.999606,1,1,1
54651,bot_iot,1,1.0,0.999993,0.999997,1,1,1
54664,bot_iot,1,1.0,0.999157,0.999578,1,1,1
54679,bot_iot,1,1.0,0.999994,0.999997,1,1,1
54688,bot_iot,1,1.0,0.99935,0.999675,1,1,1
54689,bot_iot,1,1.0,0.999442,0.999721,1,1,1
54690,bot_iot,1,1.0,1.0,1.0,1,1,1
54691,bot_iot,1,1.0,1.0,1.0,1,1,1
54693,bot_iot,1,1.0,0.999484,0.999742,1,1,1
54694,bot_iot,1,1.0,1.0,1.0,1,1,1
54697,bot_iot,1,1.0,0.99914,0.99957,1,1,1
54703,bot_iot,1,1.0,0.999481,0.99974,1,1,1
54706,bot_iot,1,1.0,0.999987,0.999993,1,1,1
54718,bot_iot,1,1.0,0.99935,0.999675,1,1,1
54721,bot_iot,1,1.0,1.0,1.0,1,1,1
54728,bot_iot,1,1.0,1.0,1.0,1,1,1
54731,bot_iot,1,1.0,0.999993,0.999996,1,1,1
54732,bot_iot,1,1.0,1.0,1.0,1,1,1
54736,bot_iot,1,1.0,0.999999,1.0,1,1,1
54737,bot_iot,1,1.0,0.999982,0.999991,1,1,1
54739,bot_iot,1,1.0,0.99934,0.99967,1,1,1
54741,bot_iot,1,1.0,0.998947,0.999474,1,1,1
54749,bot_iot,1,1.0,0.998946,0.999473,1,1,1
54752,bot_iot,1,1.0,1.0,1.0,1,1,1
54759,bot_iot,1,1.0,0.999268,0.999634,1,1,1
54762,bot_iot,1,1.0,0.999993,0.999997,1,1,1
54763,bot_iot,1,1.0,0.999093,0.999547,1,1,1
54765,bot_iot,1,1.0,0.999384,0.999692,1,1,1
54774,bot_iot,1,1.0,0.999433,0.999717,1,1,1
54783,bot_iot,1,1.0,0.999182,0.999591,1,1,1
54799,bot_iot,1,1.0,0.999419,0.99971,1,1,1
54800,bot_iot,1,1.0,0.999466,0.999733,1,1,1
54806,bot_iot,1,1.0,0.999988,0.999994,1,1,1
54807,bot_iot,1,1.0,0.976804,0.988402,1,1,1
54812,bot_iot,1,1.0,1.0,1.0,1,1,1
54817,bot_iot,1,1.0,0.999443,0.999721,1,1,1
54822,bot_iot,1,1.0,0.999186,0.999593,1,1,1
54828,bot_iot,1,1.0,0.99946,0.99973,1,1,1
54831,bot_iot,1,1.0,1.0,1.0,1,1,1
54840,bot_iot,1,1.0,0.999993,0.999997,1,1,1
54841,bot_iot,1,1.0,0.976804,0.988402,1,1,1
54843,bot_iot,1,1.0,0.99893,0.999465,1,1,1
54847,bot_iot,1,1.0,0.99947,0.999735,1,1,1
54858,bot_iot,1,1.0,0.999994,0.999997,1,1,1
54871,bot_iot,1,1.0,1.0,1.0,1,1,1
54878,bot_iot,1,1.0,1.0,1.0,1,1,1
54880,bot_iot,1,1.0,0.999994,0.999997,1,1,1
54881,bot_iot,1,1.0,0.998879,0.999439,1,1,1
54893,bot_iot,1,1.0,0.999443,0.999721,1,1,1
54894,bot_iot,1,1.0,0.99935,0.999675,1,1,1
54897,bot_iot,1,1.0,0.999387,0.999693,1,1,1
54904,bot_iot,1,1.0,0.999994,0.999997,1,1,1
54905,bot_iot,1,1.0,0.998572,0.999286,1,1,1
54917,bot_iot,1,1.0,0.999992,0.999996,1,1,1
54919,bot_iot,1,1.0,0.999062,0.999531,1,1,1
54922,bot_iot,1,1.0,0.999431,0.999715,1,1,1
54943,bot_iot,1,1.0,0.999063,0.999531,1,1,1
54944,bot_iot,1,1.0,0.999171,0.999586,1,1,1
54948,bot_iot,1,1.0,0.999118,0.999559,1,1,1
54949,bot_iot,1,1.0,1.0,1.0,1,1,1
54950,bot_iot,1,1.0,0.998937,0.999468,1,1,1
54953,bot_iot,1,1.0,0.999174,0.999587,1,1,1
54961,bot_iot,1,1.0,0.999993,0.999997,1,1,1
54964,bot_iot,1,1.0,0.999386,0.999693,1,1,1
54966,bot_iot,1,1.0,0.999993,0.999997,1,1,1
54967,bot_iot,1,1.0,1.0,1.0,1,1,1
54981,bot_iot,1,1.0,1.0,1.0,1,1,1
54983,bot_iot,1,1.0,0.999468,0.999734,1,1,1
54984,bot_iot,1,1.0,0.999414,0.999707,1,1,1
54986,bot_iot,1,1.0,0.999385,0.999693,1,1,1
54996,bot_iot,1,1.0,0.99999,0.999995,1,1,1
55000,bot_iot,1,1.0,0.999987,0.999994,1,1,1
55004,bot_iot,1,1.0,0.999468,0.999734,1,1,1
55009,bot_iot,1,1.0,0.999993,0.999997,1,1,1
55034,bot_iot,1,1.0,0.999465,0.999733,1,1,1
55035,bot_iot,1,1.0,0.998898,0.999449,1,1,1
55041,bot_iot,1,1.0,0.998842,0.999421,1,1,1
55042,bot_iot,1,1.0,0.999351,0.999675,1,1,1
55043,bot_iot,1,1.0,0.999465,0.999733,1,1,1
55047,bot_iot,1,1.0,0.999987,0.999993,1,1,1
55051,bot_iot,1,1.0,0.999017,0.999508,1,1,1
55055,bot_iot,1,1.0,0.99931,0.999655,1,1,1
55056,bot_iot,1,1.0,0.998938,0.999469,1,1,1
55066,bot_iot,1,1.0,1.0,1.0,1,1,1
55071,bot_iot,1,1.0,0.998874,0.999437,1,1,1
55072,bot_iot,1,1.0,1.0,1.0,1,1,1
55073,bot_iot,1,1.0,1.0,1.0,1,1,1
55074,bot_iot,1,1.0,0.999482,0.999741,1,1,1
55080,bot_iot,1,1.0,0.999444,0.999722,1,1,1
55081,bot_iot,1,1.0,0.999384,0.999692,1,1,1
55084,bot_iot,1,1.0,0.999093,0.999546,1,1,1
55088,bot_iot,1,1.0,0.999384,0.999692,1,1,1
55093,bot_iot,1,1.0,0.999375,0.999688,1,1,1
55095,bot_iot,1,1.0,0.999386,0.999693,1,1,1
55099,bot_iot,1,1.0,0.999981,0.99999,1,1,1
55125,bot_iot,1,1.0,0.999171,0.999586,1,1,1
55127,bot_iot,1,1.0,0.999172,0.999586,1,1,1
55149,bot_iot,1,1.0,0.999123,0.999561,1,1,1
55158,bot_iot,1,1.0,0.999062,0.999531,1,1,1
55165,bot_iot,1,1.0,0.99948,0.99974,1,1,1
55167,bot_iot,1,1.0,0.998875,0.999437,1,1,1
55180,bot_iot,1,1.0,0.99948,0.99974,1,1,1
55181,bot_iot,1,1.0,0.999428,0.999714,1,1,1
55186,bot_iot,1,1.0,0.999483,0.999742,1,1,1
55201,bot_iot,1,1.0,0.999468,0.999734,1,1,1
55203,bot_iot,1,1.0,0.999993,0.999997,1,1,1
55206,bot_iot,1,1.0,0.999337,0.999668,1,1,1
55211,bot_iot,1,1.0,0.999479,0.999739,1,1,1
55214,bot_iot,1,1.0,0.976804,0.988402,1,1,1
55222,bot_iot,1,1.0,0.999363,0.999682,1,1,1
55226,bot_iot,1,1.0,0.999171,0.999586,1,1,1
55229,bot_iot,1,1.0,0.999992,0.999996,1,1,1
55239,bot_iot,1,1.0,0.999482,0.999741,1,1,1
55242,bot_iot,1,1.0,1.0,1.0,1,1,1
55247,bot_iot,1,1.0,1.0,1.0,1,1,1
55248,bot_iot,1,1.0,0.999312,0.999656,1,1,1
55254,bot_iot,1,1.0,0.999992,0.999996,1,1,1
55268,bot_iot,1,1.0,0.999222,0.999611,1,1,1
55279,bot_iot,1,1.0,0.999994,0.999997,1,1,1
55294,bot_iot,1,1.0,0.999993,0.999996,1,1,1
55295,bot_iot,1,1.0,0.999444,0.999722,1,1,1
55296,bot_iot,1,1.0,0.999163,0.999582,1,1,1
55297,bot_iot,1,1.0,0.998938,0.999469,1,1,1
55301,bot_iot,1,1.0,1.0,1.0,1,1,1
55303,bot_iot,1,1.0,1.0,1.0,1,1,1
55306,bot_iot,1,1.0,0.999312,0.999656,1,1,1
55312,bot_iot,1,1.0,0.999415,0.999707,1,1,1
55314,bot_iot,1,1.0,0.99947,0.999735,1,1,1
55319,bot_iot,1,1.0,0.999993,0.999996,1,1,1
55324,bot_iot,1,1.0,0.999443,0.999721,1,1,1
55326,bot_iot,1,1.0,0.99893,0.999465,1,1,1
55335,bot_iot,1,1.0,0.998937,0.999468,1,1,1
55337,bot_iot,1,1.0,1.0,1.0,1,1,1
55338,bot_iot,1,1.0,0.99935,0.999675,1,1,1
55358,bot_iot,1,1.0,0.999994,0.999997,1,1,1
55360,bot_iot,1,1.0,0.999172,0.999586,1,1,1
55362,bot_iot,1,1.0,0.999312,0.999656,1,1,1
55364,bot_iot,1,1.0,0.996469,0.998234,1,1,1
55366,bot_iot,1,1.0,0.999483,0.999742,1,1,1
55369,bot_iot,1,1.0,1.0,1.0,1,1,1
55388,bot_iot,1,1.0,0.999352,0.999676,1,1,1
55389,bot_iot,1,1.0,0.999385,0.999693,1,1,1
55394,bot_iot,1,1.0,0.998843,0.999421,1,1,1
55410,bot_iot,1,1.0,0.999991,0.999995,1,1,1
55412,bot_iot,1,1.0,0.998973,0.999486,1,1,1
55415,bot_iot,1,1.0,0.999986,0.999993,1,1,1
55422,bot_iot,1,1.0,1.0,1.0,1,1,1
55423,bot_iot,1,1.0,0.999479,0.999739,1,1,1
55425,bot_iot,1,1.0,0.999993,0.999996,1,1,1
55426,bot_iot,1,1.0,0.999993,0.999997,1,1,1
55427,bot_iot,1,1.0,0.999994,0.999997,1,1,1
55428,bot_iot,1,1.0,1.0,1.0,1,1,1
55430,bot_iot,1,1.0,1.0,1.0,1,1,1
55436,bot_iot,1,0.93,0.496934,0.713467,1,0,1
55442,bot_iot,1,1.0,1.0,1.0,1,1,1
55445,bot_iot,1,1.0,0.485196,0.742598,1,0,1
55447,bot_iot,1,1.0,0.999483,0.999741,1,1,1
55449,bot_iot,1,1.0,0.999335,0.999668,1,1,1
55451,bot_iot,1,1.0,0.999455,0.999727,1,1,1
55452,bot_iot,1,1.0,1.0,1.0,1,1,1
55457,bot_iot,1,1.0,0.999442,0.999721,1,1,1
55458,bot_iot,1,1.0,0.999993,0.999997,1,1,1
55460,bot_iot,1,1.0,0.999382,0.999691,1,1,1
55470,bot_iot,1,1.0,0.999348,0.999674,1,1,1
55472,bot_iot,1,1.0,0.999994,0.999997,1,1,1
55474,bot_iot,1,1.0,0.999443,0.999721,1,1,1
55477,bot_iot,1,1.0,0.99899,0.999495,1,1,1
55480,bot_iot,1,1.0,0.999172,0.999586,1,1,1
55484,bot_iot,1,1.0,0.999335,0.999668,1,1,1
55487,bot_iot,1,1.0,0.999187,0.999594,1,1,1
55493,bot_iot,1,1.0,0.999443,0.999721,1,1,1
55499,bot_iot,1,1.0,0.99934,0.99967,1,1,1
55504,bot_iot,1,1.0,0.976804,0.988402,1,1,1
55508,bot_iot,1,1.0,0.998874,0.999437,1,1,1
55509,bot_iot,1,1.0,0.999468,0.999734,1,1,1
55513,bot_iot,1,1.0,0.999988,0.999994,1,1,1
55525,bot_iot,1,1.0,0.999993,0.999997,1,1,1
55528,bot_iot,1,1.0,0.999348,0.999674,1,1,1
55530,bot_iot,1,1.0,0.999416,0.999708,1,1,1
55537,bot_iot,1,1.0,0.998894,0.999447,1,1,1
55541,bot_iot,1,1.0,0.999268,0.999634,1,1,1
55545,bot_iot,1,1.0,1.0,1.0,1,1,1
55552,bot_iot,1,1.0,0.993884,0.996942,1,1,1
55555,bot_iot,1,1.0,0.999463,0.999732,1,1,1
55563,bot_iot,1,1.0,0.999138,0.999569,1,1,1
55568,bot_iot,1,1.0,0.998978,0.999489,1,1,1
55570,bot_iot,1,1.0,0.999427,0.999714,1,1,1
55575,bot_iot,1,1.0,0.999479,0.999739,1,1,1
55584,bot_iot,1,1.0,0.999351,0.999676,1,1,1
55591,bot_iot,1,1.0,0.999993,0.999997,1,1,1
55594,bot_iot,1,1.0,0.999993,0.999997,1,1,1
55598,bot_iot,1,1.0,0.999993,0.999996,1,1,1
55599,bot_iot,1,1.0,1.0,1.0,1,1,1
55605,bot_iot,1,1.0,0.999987,0.999993,1,1,1
55615,bot_iot,1,1.0,0.999993,0.999997,1,1,1
55627,bot_iot,1,1.0,0.999988,0.999994,1,1,1
55637,bot_iot,1,1.0,0.99935,0.999675,1,1,1
55638,bot_iot,1,1.0,0.999989,0.999994,1,1,1
55641,bot_iot,1,1.0,1.0,1.0,1,1,1
55646,bot_iot,1,1.0,0.999465,0.999733,1,1,1
55650,bot_iot,1,1.0,0.999386,0.999693,1,1,1
55662,bot_iot,1,1.0,0.999385,0.999693,1,1,1
55665,bot_iot,1,1.0,0.999992,0.999996,1,1,1
55683,bot_iot,1,1.0,0.999443,0.999721,1,1,1
55692,bot_iot,1,1.0,0.999364,0.999682,1,1,1
55695,bot_iot,1,1.0,0.999434,0.999717,1,1,1
55696,bot_iot,1,1.0,0.999448,0.999724,1,1,1
55702,bot_iot,1,1.0,0.999497,0.999748,1,1,1
55704,bot_iot,1,1.0,0.999993,0.999997,1,1,1
55709,bot_iot,1,1.0,0.999268,0.999634,1,1,1
55712,bot_iot,1,1.0,0.999398,0.999699,1,1,1
55714,bot_iot,1,1.0,0.999468,0.999734,1,1,1
55719,bot_iot,1,1.0,0.999462,0.999731,1,1,1
55726,bot_iot,1,1.0,0.999334,0.999667,1,1,1
55728,bot_iot,1,1.0,0.998938,0.999469,1,1,1
55729,bot_iot,1,1.0,0.999442,0.999721,1,1,1
55736,bot_iot,1,1.0,0.999991,0.999995,1,1,1
55743,bot_iot,1,1.0,0.999159,0.99958,1,1,1
55756,bot_iot,1,1.0,0.999385,0.999692,1,1,1
55757,bot_iot,1,1.0,0.999414,0.999707,1,1,1
55762,bot_iot,1,1.0,0.999312,0.999656,1,1,1
55766,bot_iot,1,1.0,0.996958,0.998479,1,1,1
55768,bot_iot,1,1.0,0.999963,0.999982,1,1,1
55775,bot_iot,1,1.0,0.998937,0.999469,1,1,1
55776,bot_iot,1,1.0,0.999466,0.999733,1,1,1
55787,bot_iot,1,1.0,0.999991,0.999995,1,1,1
55791,bot_iot,1,1.0,0.976804,0.988402,1,1,1
55792,bot_iot,1,1.0,0.999986,0.999993,1,1,1
55796,bot_iot,1,1.0,0.999396,0.999698,1,1,1
55802,bot_iot,1,1.0,1.0,1.0,1,1,1
55806,bot_iot,1,1.0,1.0,1.0,1,1,1
55815,bot_iot,1,1.0,0.999985,0.999992,1,1,1
55819,bot_iot,1,1.0,0.999435,0.999717,1,1,1
55827,bot_iot,1,1.0,1.0,1.0,1,1,1
55828,bot_iot,1,1.0,0.999992,0.999996,1,1,1
55841,bot_iot,1,1.0,0.998999,0.999499,1,1,1
55849,bot_iot,1,1.0,0.999171,0.999586,1,1,1
55850,bot_iot,1,1.0,0.998936,0.999468,1,1,1
55862,bot_iot,1,1.0,0.999385,0.999693,1,1,1
55870,bot_iot,1,1.0,0.999351,0.999675,1,1,1
55871,bot_iot,1,1.0,0.999427,0.999713,1,1,1
55886,bot_iot,1,1.0,0.999442,0.999721,1,1,1
55901,bot_iot,1,1.0,0.999991,0.999996,1,1,1
55902,bot_iot,1,1.0,1.0,1.0,1,1,1
55903,bot_iot,1,1.0,1.0,1.0,1,1,1
55908,bot_iot,1,1.0,1.0,1.0,1,1,1
55911,bot_iot,1,1.0,0.999465,0.999733,1,1,1
55925,bot_iot,1,1.0,0.999336,0.999668,1,1,1
55931,bot_iot,1,1.0,0.998412,0.999206,1,1,1
55934,bot_iot,1,1.0,0.998935,0.999467,1,1,1
55941,bot_iot,1,1.0,0.99905,0.999525,1,1,1
55947,bot_iot,1,1.0,0.99935,0.999675,1,1,1
55948,bot_iot,1,1.0,0.998217,0.999109,1,1,1
55952,bot_iot,1,1.0,0.999447,0.999723,1,1,1
55953,bot_iot,1,1.0,0.999173,0.999586,1,1,1
55954,bot_iot,1,1.0,0.999484,0.999742,1,1,1
55955,bot_iot,1,1.0,0.99948,0.99974,1,1,1
55959,bot_iot,1,1.0,0.999993,0.999996,1,1,1
55961,bot_iot,1,1.0,0.999443,0.999721,1,1,1
55962,bot_iot,1,1.0,0.999443,0.999721,1,1,1
55970,bot_iot,1,1.0,0.998876,0.999438,1,1,1
55971,bot_iot,1,1.0,0.999993,0.999996,1,1,1
55975,bot_iot,1,1.0,0.999332,0.999666,1,1,1
55981,bot_iot,1,1.0,0.997508,0.998754,1,1,1
55987,bot_iot,1,1.0,0.999173,0.999587,1,1,1
55988,bot_iot,1,1.0,0.999182,0.999591,1,1,1
55992,bot_iot,1,1.0,1.0,1.0,1,1,1
55993,bot_iot,1,1.0,1.0,1.0,1,1,1
55995,bot_iot,1,1.0,0.999385,0.999692,1,1,1
55996,bot_iot,1,1.0,0.999097,0.999548,1,1,1
55997,bot_iot,1,1.0,0.963264,0.981632,1,1,1
55999,bot_iot,1,1.0,0.999468,0.999734,1,1,1
56002,bot_iot,1,1.0,0.999312,0.999656,1,1,1
56013,bot_iot,1,1.0,0.99943,0.999715,1,1,1
56014,bot_iot,1,1.0,0.999468,0.999734,1,1,1
56015,bot_iot,1,1.0,1.0,1.0,1,1,1
56019,bot_iot,1,1.0,0.999994,0.999997,1,1,1
56026,bot_iot,1,1.0,0.998937,0.999469,1,1,1
56029,bot_iot,1,1.0,0.999994,0.999997,1,1,1
56033,bot_iot,1,1.0,0.999386,0.999693,1,1,1
56036,bot_iot,1,1.0,1.0,1.0,1,1,1
56040,bot_iot,1,1.0,0.999384,0.999692,1,1,1
56051,bot_iot,1,1.0,1.0,1.0,1,1,1
56052,bot_iot,1,1.0,1.0,1.0,1,1,1
56057,bot_iot,1,1.0,0.999993,0.999997,1,1,1
56069,bot_iot,1,0.68716,0.052504,0.369832,1,0,0
56076,bot_iot,1,1.0,0.999061,0.999531,1,1,1
56088,bot_iot,1,1.0,0.999993,0.999997,1,1,1
56096,bot_iot,1,1.0,0.999496,0.999748,1,1,1
56103,bot_iot,1,1.0,0.999994,0.999997,1,1,1
56105,bot_iot,1,1.0,1.0,1.0,1,1,1
56111,bot_iot,1,1.0,0.999091,0.999545,1,1,1
56117,bot_iot,1,1.0,1.0,1.0,1,1,1
56120,bot_iot,1,1.0,0.998895,0.999448,1,1,1
56123,bot_iot,1,1.0,0.999993,0.999997,1,1,1
56126,bot_iot,1,1.0,1.0,1.0,1,1,1
56127,bot_iot,1,1.0,1.0,1.0,1,1,1
56133,bot_iot,1,1.0,0.999993,0.999997,1,1,1
56134,bot_iot,1,1.0,0.999386,0.999693,1,1,1
56135,bot_iot,1,1.0,0.99999,0.999995,1,1,1
56136,bot_iot,1,1.0,0.999465,0.999733,1,1,1
56138,bot_iot,1,1.0,0.998893,0.999447,1,1,1
56150,bot_iot,1,1.0,0.999468,0.999734,1,1,1
56156,bot_iot,1,1.0,0.999479,0.999739,1,1,1
56160,bot_iot,1,1.0,1.0,1.0,1,1,1
56165,bot_iot,1,1.0,0.999993,0.999997,1,1,1
56179,bot_iot,1,1.0,0.999173,0.999587,1,1,1
56186,bot_iot,1,1.0,0.999062,0.999531,1,1,1
56187,bot_iot,1,1.0,0.999394,0.999697,1,1,1
56189,bot_iot,1,1.0,0.999993,0.999996,1,1,1
56196,bot_iot,1,1.0,0.999335,0.999668,1,1,1
56208,bot_iot,1,1.0,0.999465,0.999733,1,1,1
56213,bot_iot,1,1.0,0.999334,0.999667,1,1,1
56218,bot_iot,1,1.0,0.999993,0.999997,1,1,1
56222,bot_iot,1,1.0,1.0,1.0,1,1,1
56231,bot_iot,1,1.0,0.999991,0.999995,1,1,1
56236,bot_iot,1,1.0,1.0,1.0,1,1,1
56237,bot_iot,1,1.0,0.99934,0.99967,1,1,1
56243,bot_iot,1,1.0,0.999077,0.999539,1,1,1
56255,bot_iot,1,1.0,0.999171,0.999585,1,1,1
56258,bot_iot,1,1.0,0.999993,0.999997,1,1,1
56259,bot_iot,1,1.0,0.999999,1.0,1,1,1
56261,bot_iot,1,1.0,0.999173,0.999586,1,1,1
56266,bot_iot,1,1.0,0.999063,0.999531,1,1,1
56267,bot_iot,1,1.0,0.999994,0.999997,1,1,1
56270,bot_iot,1,1.0,0.99944,0.99972,1,1,1
56285,bot_iot,1,1.0,0.998998,0.999499,1,1,1
56294,bot_iot,1,1.0,1.0,1.0,1,1,1
56298,bot_iot,1,1.0,0.999363,0.999682,1,1,1
56299,bot_iot,1,1.0,0.999993,0.999996,1,1,1
56300,bot_iot,1,1.0,0.999994,0.999997,1,1,1
56303,bot_iot,1,1.0,0.999182,0.999591,1,1,1
56305,bot_iot,1,1.0,0.999993,0.999997,1,1,1
56310,bot_iot,1,1.0,0.999974,0.999987,1,1,1
56315,bot_iot,1,1.0,0.999172,0.999586,1,1,1
56323,bot_iot,1,1.0,0.999232,0.999616,1,1,1
56326,bot_iot,1,1.0,0.998876,0.999438,1,1,1
56337,bot_iot,1,1.0,0.999468,0.999734,1,1,1
56338,bot_iot,1,1.0,0.999184,0.999592,1,1,1
56352,bot_iot,1,1.0,0.999993,0.999996,1,1,1
56356,bot_iot,1,1.0,0.999993,0.999997,1,1,1
56359,bot_iot,1,1.0,0.999435,0.999717,1,1,1
56365,bot_iot,1,1.0,0.999431,0.999715,1,1,1
56367,bot_iot,1,1.0,0.999347,0.999674,1,1,1
56369,bot_iot,1,1.0,0.999114,0.999557,1,1,1
56373,bot_iot,1,1.0,0.999993,0.999997,1,1,1
56387,bot_iot,1,1.0,0.999992,0.999996,1,1,1
56391,bot_iot,1,0.68716,0.052504,0.369832,1,0,0
56400,bot_iot,1,1.0,0.999294,0.999647,1,1,1
56408,bot_iot,1,1.0,1.0,1.0,1,1,1
56410,bot_iot,1,1.0,0.999206,0.999603,1,1,1
56411,bot_iot,1,1.0,0.999173,0.999587,1,1,1
56413,bot_iot,1,1.0,0.998893,0.999447,1,1,1
56421,bot_iot,1,1.0,1.0,1.0,1,1,1
56429,bot_iot,1,1.0,0.976804,0.988402,1,1,1
56440,bot_iot,1,1.0,0.999962,0.999981,1,1,1
56442,bot_iot,1,1.0,0.998843,0.999422,1,1,1
56454,bot_iot,1,1.0,0.99996,0.99998,1,1,1
56463,bot_iot,1,1.0,0.999483,0.999741,1,1,1
56466,bot_iot,1,1.0,0.999452,0.999726,1,1,1
56471,bot_iot,1,1.0,0.976804,0.988402,1,1,1
56473,bot_iot,1,1.0,0.999133,0.999566,1,1,1
56475,bot_iot,1,1.0,1.0,1.0,1,1,1
56477,bot_iot,1,1.0,0.999443,0.999721,1,1,1
56492,bot_iot,1,1.0,0.999119,0.999559,1,1,1
56494,bot_iot,1,1.0,0.999993,0.999996,1,1,1
56496,bot_iot,1,1.0,0.999993,0.999997,1,1,1
56500,bot_iot,1,1.0,0.999385,0.999692,1,1,1
56506,bot_iot,1,1.0,1.0,1.0,1,1,1
56510,bot_iot,1,1.0,0.999427,0.999713,1,1,1
56512,bot_iot,1,1.0,0.976804,0.988402,1,1,1
56516,bot_iot,1,1.0,0.999092,0.999546,1,1,1
56517,bot_iot,1,1.0,0.999312,0.999656,1,1,1
56519,bot_iot,1,1.0,0.999096,0.999548,1,1,1
56529,bot_iot,1,1.0,0.998598,0.999299,1,1,1
56530,bot_iot,1,1.0,1.0,1.0,1,1,1
56539,bot_iot,1,1.0,0.999183,0.999591,1,1,1
56543,bot_iot,1,1.0,0.999987,0.999994,1,1,1
56546,bot_iot,1,1.0,0.998933,0.999466,1,1,1
56561,bot_iot,1,1.0,0.999974,0.999987,1,1,1
56569,bot_iot,1,1.0,0.99999,0.999995,1,1,1
56571,bot_iot,1,1.0,0.999335,0.999667,1,1,1
56574,bot_iot,1,1.0,0.999093,0.999546,1,1,1
56575,bot_iot,1,1.0,0.999992,0.999996,1,1,1
56583,bot_iot,1,1.0,0.999177,0.999588,1,1,1
56590,bot_iot,1,1.0,0.999992,0.999996,1,1,1
56591,bot_iot,1,1.0,0.998998,0.999499,1,1,1
56593,bot_iot,1,1.0,0.999061,0.999531,1,1,1
56596,bot_iot,1,1.0,0.999464,0.999732,1,1,1
56599,bot_iot,1,1.0,0.999993,0.999997,1,1,1
56600,bot_iot,1,1.0,1.0,1.0,1,1,1
56606,bot_iot,1,1.0,0.99948,0.99974,1,1,1
56619,bot_iot,1,1.0,0.999,0.9995,1,1,1
56620,bot_iot,1,1.0,0.9991,0.99955,1,1,1
56621,bot_iot,1,1.0,0.999443,0.999721,1,1,1
56623,bot_iot,1,1.0,1.0,1.0,1,1,1
56627,bot_iot,1,1.0,0.999993,0.999997,1,1,1
56630,bot_iot,1,1.0,0.998892,0.999446,1,1,1
56632,bot_iot,1,1.0,0.999384,0.999692,1,1,1
56637,bot_iot,1,1.0,0.999172,0.999586,1,1,1
56638,bot_iot,1,1.0,0.99998,0.99999,1,1,1
56643,bot_iot,1,1.0,0.999386,0.999693,1,1,1
56647,bot_iot,1,1.0,0.999993,0.999997,1,1,1
56649,bot_iot,1,1.0,1.0,1.0,1,1,1
56654,bot_iot,1,1.0,0.99909,0.999545,1,1,1
56656,bot_iot,1,1.0,0.999991,0.999996,1,1,1
56658,bot_iot,1,1.0,0.999991,0.999996,1,1,1
56659,bot_iot,1,1.0,0.999987,0.999993,1,1,1
56666,bot_iot,1,1.0,1.0,1.0,1,1,1
56677,bot_iot,1,1.0,0.999312,0.999656,1,1,1
56678,bot_iot,1,1.0,0.999334,0.999667,1,1,1
56688,bot_iot,1,1.0,0.999466,0.999733,1,1,1
56689,bot_iot,1,1.0,0.999185,0.999593,1,1,1
56690,bot_iot,1,1.0,0.999183,0.999592,1,1,1
56692,bot_iot,1,1.0,0.999994,0.999997,1,1,1
56696,bot_iot,1,1.0,0.999134,0.999567,1,1,1
56700,bot_iot,1,1.0,0.998929,0.999465,1,1,1
56705,bot_iot,1,1.0,0.999063,0.999532,1,1,1
56724,bot_iot,1,1.0,0.999993,0.999996,1,1,1
56733,bot_iot,1,1.0,0.999384,0.999692,1,1,1
56736,bot_iot,1,1.0,0.99935,0.999675,1,1,1
56738,bot_iot,1,1.0,0.998895,0.999448,1,1,1
56740,bot_iot,1,1.0,0.99898,0.99949,1,1,1
56743,bot_iot,1,1.0,0.998996,0.999498,1,1,1
56748,bot_iot,1,1.0,0.998989,0.999495,1,1,1
56751,bot_iot,1,1.0,0.999993,0.999996,1,1,1
56752,bot_iot,1,1.0,0.998996,0.999498,1,1,1
56757,bot_iot,1,1.0,0.999992,0.999996,1,1,1
56761,bot_iot,1,1.0,0.999414,0.999707,1,1,1
56764,bot_iot,1,1.0,0.999484,0.999742,1,1,1
56766,bot_iot,1,1.0,0.999049,0.999525,1,1,1
56769,bot_iot,1,1.0,0.999434,0.999717,1,1,1
56772,bot_iot,1,1.0,1.0,1.0,1,1,1
56787,bot_iot,1,1.0,0.99943,0.999715,1,1,1
56793,bot_iot,1,1.0,1.0,1.0,1,1,1
56806,bot_iot,1,1.0,0.999992,0.999996,1,1,1
56810,bot_iot,1,1.0,0.999268,0.999634,1,1,1
56811,bot_iot,1,1.0,0.999386,0.999693,1,1,1
56819,bot_iot,1,1.0,0.999183,0.999592,1,1,1
56824,bot_iot,1,1.0,0.999468,0.999734,1,1,1
56826,bot_iot,1,1.0,1.0,1.0,1,1,1
56834,bot_iot,1,1.0,0.999993,0.999997,1,1,1
56838,bot_iot,1,1.0,0.999999,1.0,1,1,1
56840,bot_iot,1,1.0,0.999375,0.999688,1,1,1
56850,bot_iot,1,1.0,0.999991,0.999996,1,1,1
56862,bot_iot,1,1.0,0.999008,0.999504,1,1,1
56863,bot_iot,1,1.0,1.0,1.0,1,1,1
56867,bot_iot,1,1.0,1.0,1.0,1,1,1
56872,bot_iot,1,1.0,0.99947,0.999735,1,1,1
56874,bot_iot,1,1.0,0.999468,0.999734,1,1,1
56875,bot_iot,1,1.0,0.999993,0.999996,1,1,1
56876,bot_iot,1,1.0,0.999172,0.999586,1,1,1
56877,bot_iot,1,1.0,0.99935,0.999675,1,1,1
56880,bot_iot,1,1.0,0.999105,0.999552,1,1,1
56883,bot_iot,1,1.0,0.999991,0.999996,1,1,1
56887,bot_iot,1,1.0,0.999442,0.999721,1,1,1
56891,bot_iot,1,1.0,0.999443,0.999721,1,1,1
56898,bot_iot,1,1.0,0.999334,0.999667,1,1,1
56908,bot_iot,1,1.0,0.999222,0.999611,1,1,1
56909,bot_iot,1,1.0,0.999993,0.999997,1,1,1
56910,bot_iot,1,1.0,0.999182,0.999591,1,1,1
56914,bot_iot,1,1.0,0.999463,0.999732,1,1,1
56916,bot_iot,1,1.0,0.998989,0.999495,1,1,1
56918,bot_iot,1,1.0,0.999172,0.999586,1,1,1
56922,bot_iot,1,1.0,0.999384,0.999692,1,1,1
56923,bot_iot,1,1.0,0.99935,0.999675,1,1,1
56924,bot_iot,1,1.0,0.999312,0.999656,1,1,1
56927,bot_iot,1,1.0,0.999481,0.999741,1,1,1
56931,bot_iot,1,1.0,0.999268,0.999634,1,1,1
56934,bot_iot,1,1.0,1.0,1.0,1,1,1
56936,bot_iot,1,1.0,0.999431,0.999715,1,1,1
56961,bot_iot,1,1.0,0.999187,0.999594,1,1,1
56962,bot_iot,1,1.0,0.999182,0.999591,1,1,1
56983,bot_iot,1,1.0,0.999991,0.999996,1,1,1
56984,bot_iot,1,1.0,1.0,1.0,1,1,1
56988,bot_iot,1,1.0,0.999188,0.999594,1,1,1
56992,bot_iot,1,1.0,0.999443,0.999721,1,1,1
57000,bot_iot,1,1.0,0.999468,0.999734,1,1,1
57002,bot_iot,1,1.0,0.999147,0.999574,1,1,1
57003,bot_iot,1,1.0,0.996626,0.998313,1,1,1
57005,bot_iot,1,1.0,0.999111,0.999555,1,1,1
57019,bot_iot,1,1.0,0.998895,0.999447,1,1,1
57022,bot_iot,1,1.0,0.997896,0.998948,1,1,1
57024,bot_iot,1,1.0,1.0,1.0,1,1,1
57029,bot_iot,1,1.0,0.99948,0.99974,1,1,1
57030,bot_iot,1,1.0,0.999386,0.999693,1,1,1
57032,bot_iot,1,1.0,0.999312,0.999656,1,1,1
57034,bot_iot,1,1.0,0.998996,0.999498,1,1,1
57038,bot_iot,1,1.0,1.0,1.0,1,1,1
57040,bot_iot,1,1.0,0.99935,0.999675,1,1,1
57042,bot_iot,1,1.0,0.999438,0.999719,1,1,1
57043,bot_iot,1,1.0,0.999432,0.999716,1,1,1
57044,bot_iot,1,1.0,0.998929,0.999465,1,1,1
57046,bot_iot,1,1.0,0.999465,0.999733,1,1,1
57049,bot_iot,1,1.0,0.999993,0.999997,1,1,1
57062,bot_iot,1,1.0,1.0,1.0,1,1,1
57065,bot_iot,1,1.0,0.999993,0.999997,1,1,1
57066,bot_iot,1,1.0,0.999463,0.999732,1,1,1
57074,bot_iot,1,1.0,0.999463,0.999731,1,1,1
57085,bot_iot,1,1.0,0.999999,1.0,1,1,1
57088,bot_iot,1,1.0,0.99999,0.999995,1,1,1
57090,bot_iot,1,1.0,1.0,1.0,1,1,1
57091,bot_iot,1,1.0,1.0,1.0,1,1,1
57092,bot_iot,1,1.0,0.999386,0.999693,1,1,1
57093,bot_iot,1,1.0,0.999466,0.999733,1,1,1
57097,bot_iot,1,1.0,0.999385,0.999692,1,1,1
57107,bot_iot,1,1.0,0.999441,0.99972,1,1,1
57108,bot_iot,1,1.0,0.999442,0.999721,1,1,1
57111,bot_iot,1,1.0,0.999113,0.999556,1,1,1
57117,bot_iot,1,1.0,0.999171,0.999585,1,1,1
57122,bot_iot,1,1.0,0.999987,0.999993,1,1,1
57123,bot_iot,1,1.0,0.99935,0.999675,1,1,1
57125,bot_iot,1,1.0,0.999434,0.999717,1,1,1
57129,bot_iot,1,0.545012,0.12045,0.332731,1,0,0
57134,bot_iot,1,1.0,0.999992,0.999996,1,1,1
57136,bot_iot,1,1.0,1.0,1.0,1,1,1
57137,bot_iot,1,1.0,0.999312,0.999656,1,1,1
57138,bot_iot,1,1.0,0.999388,0.999694,1,1,1
57140,bot_iot,1,1.0,0.999993,0.999997,1,1,1
57142,bot_iot,1,1.0,0.999439,0.999719,1,1,1
57143,bot_iot,1,1.0,1.0,1.0,1,1,1
57155,bot_iot,1,1.0,0.999173,0.999587,1,1,1
57161,bot_iot,1,1.0,1.0,1.0,1,1,1
57162,bot_iot,1,1.0,0.999445,0.999723,1,1,1
57165,bot_iot,1,1.0,0.999437,0.999718,1,1,1
57175,bot_iot,1,1.0,0.999364,0.999682,1,1,1
57182,bot_iot,1,1.0,1.0,1.0,1,1,1
57183,bot_iot,1,1.0,0.99909,0.999545,1,1,1
57184,bot_iot,1,1.0,0.999994,0.999997,1,1,1
57190,bot_iot,1,1.0,0.999993,0.999996,1,1,1
57192,bot_iot,1,1.0,0.999061,0.999531,1,1,1
57193,bot_iot,1,1.0,1.0,1.0,1,1,1
57200,bot_iot,1,1.0,0.998988,0.999494,1,1,1
57201,bot_iot,1,1.0,0.999988,0.999994,1,1,1
57203,bot_iot,1,1.0,1.0,1.0,1,1,1
57204,bot_iot,1,1.0,0.999061,0.999531,1,1,1
57209,bot_iot,1,1.0,0.999312,0.999656,1,1,1
57211,bot_iot,1,1.0,0.999172,0.999586,1,1,1
57214,bot_iot,1,1.0,0.999171,0.999585,1,1,1
57218,bot_iot,1,1.0,0.999442,0.999721,1,1,1
57219,bot_iot,1,1.0,0.99902,0.99951,1,1,1
57222,bot_iot,1,1.0,0.999268,0.999634,1,1,1
57228,bot_iot,1,1.0,0.999463,0.999732,1,1,1
57247,bot_iot,1,1.0,0.999463,0.999731,1,1,1
57256,bot_iot,1,1.0,0.999468,0.999734,1,1,1
57259,bot_iot,1,1.0,1.0,1.0,1,1,1
57261,bot_iot,1,1.0,0.999034,0.999517,1,1,1
57265,bot_iot,1,1.0,0.976804,0.988402,1,1,1
57266,bot_iot,1,1.0,0.999109,0.999555,1,1,1
57267,bot_iot,1,1.0,0.999994,0.999997,1,1,1
57269,bot_iot,1,1.0,0.999989,0.999994,1,1,1
57283,bot_iot,1,1.0,0.976804,0.988402,1,1,1
57291,bot_iot,1,1.0,0.999989,0.999994,1,1,1
57293,bot_iot,1,1.0,0.99999,0.999995,1,1,1
57298,bot_iot,1,1.0,0.999442,0.999721,1,1,1
57302,bot_iot,1,1.0,1.0,1.0,1,1,1
57303,bot_iot,1,1.0,0.999173,0.999587,1,1,1
57305,bot_iot,1,1.0,0.999312,0.999656,1,1,1
57306,bot_iot,1,1.0,0.998895,0.999447,1,1,1
57313,bot_iot,1,1.0,0.999433,0.999716,1,1,1
57314,bot_iot,1,1.0,0.998978,0.999489,1,1,1
57315,bot_iot,1,1.0,0.999171,0.999586,1,1,1
57323,bot_iot,1,1.0,0.976804,0.988402,1,1,1
57328,bot_iot,1,1.0,0.999993,0.999996,1,1,1
57335,bot_iot,1,1.0,0.998996,0.999498,1,1,1
57345,bot_iot,1,1.0,0.999483,0.999742,1,1,1
57365,bot_iot,1,1.0,0.999348,0.999674,1,1,1
57370,bot_iot,1,1.0,0.999993,0.999997,1,1,1
57373,bot_iot,1,1.0,0.999444,0.999722,1,1,1
57377,bot_iot,1,1.0,0.999482,0.999741,1,1,1
57380,bot_iot,1,1.0,1.0,1.0,1,1,1
57385,bot_iot,1,1.0,1.0,1.0,1,1,1
57388,bot_iot,1,1.0,0.999483,0.999742,1,1,1
57393,bot_iot,1,1.0,1.0,1.0,1,1,1
57396,bot_iot,1,1.0,0.998878,0.999439,1,1,1
57405,bot_iot,1,1.0,0.999118,0.999559,1,1,1
57407,bot_iot,1,1.0,0.999993,0.999996,1,1,1
57418,bot_iot,1,1.0,0.999443,0.999721,1,1,1
57422,bot_iot,1,1.0,1.0,1.0,1,1,1
57429,bot_iot,1,0.99,1.0,0.995,1,1,1
57431,bot_iot,1,1.0,0.999118,0.999559,1,1,1
57432,bot_iot,1,0.76,0.787691,0.773846,1,1,1
57434,bot_iot,1,1.0,0.998937,0.999469,1,1,1
57435,bot_iot,1,1.0,0.999354,0.999677,1,1,1
57439,bot_iot,1,1.0,0.999994,0.999997,1,1,1
57443,bot_iot,1,1.0,0.999987,0.999993,1,1,1
57453,bot_iot,1,1.0,0.999268,0.999634,1,1,1
57454,bot_iot,1,1.0,0.999989,0.999995,1,1,1
57455,bot_iot,1,1.0,0.998004,0.999002,1,1,1
57458,bot_iot,1,1.0,0.999268,0.999634,1,1,1
57461,bot_iot,1,1.0,0.999172,0.999586,1,1,1
57462,bot_iot,1,1.0,1.0,1.0,1,1,1
57464,bot_iot,1,1.0,0.999436,0.999718,1,1,1
57492,bot_iot,1,1.0,1.0,1.0,1,1,1
57502,bot_iot,1,1.0,0.999173,0.999587,1,1,1
57511,bot_iot,1,0.545012,0.12045,0.332731,1,0,0
57512,bot_iot,1,1.0,0.999993,0.999997,1,1,1
57513,bot_iot,1,1.0,1.0,1.0,1,1,1
57514,bot_iot,1,1.0,0.999974,0.999987,1,1,1
57515,bot_iot,1,1.0,0.999993,0.999997,1,1,1
57518,bot_iot,1,1.0,0.998877,0.999439,1,1,1
57519,bot_iot,1,1.0,0.999993,0.999997,1,1,1
57527,bot_iot,1,1.0,0.999423,0.999711,1,1,1
57535,bot_iot,1,1.0,0.999483,0.999742,1,1,1
57547,bot_iot,1,1.0,1.0,1.0,1,1,1
57554,bot_iot,1,1.0,0.998167,0.999083,1,1,1
57559,bot_iot,1,1.0,0.999185,0.999593,1,1,1
57560,bot_iot,1,1.0,0.999339,0.999669,1,1,1
57561,bot_iot,1,1.0,0.999334,0.999667,1,1,1
57563,bot_iot,1,1.0,0.999468,0.999734,1,1,1
57582,bot_iot,1,1.0,1.0,1.0,1,1,1
57583,bot_iot,1,1.0,1.0,1.0,1,1,1
57594,bot_iot,1,1.0,0.999993,0.999996,1,1,1
57598,bot_iot,1,1.0,0.999987,0.999993,1,1,1
57599,bot_iot,1,1.0,0.999993,0.999997,1,1,1
57605,bot_iot,1,1.0,1.0,1.0,1,1,1
57609,bot_iot,1,1.0,0.999184,0.999592,1,1,1
57616,bot_iot,1,1.0,1.0,1.0,1,1,1
57618,bot_iot,1,1.0,0.998937,0.999469,1,1,1
57624,bot_iot,1,1.0,0.998895,0.999448,1,1,1
57646,bot_iot,1,1.0,0.999336,0.999668,1,1,1
57647,bot_iot,1,0.68716,0.052504,0.369832,1,0,0
57650,bot_iot,1,1.0,0.999442,0.999721,1,1,1
57651,bot_iot,1,1.0,0.997722,0.998861,1,1,1
57662,bot_iot,1,1.0,0.998979,0.99949,1,1,1
57664,bot_iot,1,1.0,0.998874,0.999437,1,1,1
57668,bot_iot,1,1.0,0.999149,0.999574,1,1,1
57669,bot_iot,1,1.0,0.999173,0.999587,1,1,1
57670,bot_iot,1,1.0,0.999348,0.999674,1,1,1
57674,bot_iot,1,1.0,0.999386,0.999693,1,1,1
57679,bot_iot,1,1.0,0.999482,0.999741,1,1,1
57684,bot_iot,1,1.0,0.997399,0.9987,1,1,1
57685,bot_iot,1,1.0,0.998832,0.999416,1,1,1
57687,bot_iot,1,1.0,0.999432,0.999716,1,1,1
57690,bot_iot,1,1.0,0.999993,0.999996,1,1,1
57698,bot_iot,1,1.0,0.999312,0.999656,1,1,1
57699,bot_iot,1,1.0,0.999991,0.999995,1,1,1
57708,bot_iot,1,1.0,0.999468,0.999734,1,1,1
57710,bot_iot,1,1.0,1.0,1.0,1,1,1
57711,bot_iot,1,1.0,0.999442,0.999721,1,1,1
57712,bot_iot,1,1.0,0.485196,0.742598,1,0,1
57713,bot_iot,1,1.0,0.998878,0.999439,1,1,1
57714,bot_iot,1,1.0,0.999443,0.999721,1,1,1
57715,bot_iot,1,1.0,0.998989,0.999494,1,1,1
57719,bot_iot,1,1.0,1.0,1.0,1,1,1
57721,bot_iot,1,1.0,0.999007,0.999504,1,1,1
57726,bot_iot,1,1.0,0.999468,0.999734,1,1,1
57729,bot_iot,1,1.0,0.99911,0.999555,1,1,1
57736,bot_iot,1,1.0,0.999993,0.999997,1,1,1
57738,bot_iot,1,0.68716,0.052504,0.369832,1,0,0
57752,bot_iot,1,1.0,0.999987,0.999993,1,1,1
57759,bot_iot,1,1.0,1.0,1.0,1,1,1
57762,bot_iot,1,1.0,0.998562,0.999281,1,1,1
57769,bot_iot,1,1.0,0.99935,0.999675,1,1,1
57782,bot_iot,1,1.0,0.999463,0.999732,1,1,1
57783,bot_iot,1,1.0,0.999092,0.999546,1,1,1
57790,bot_iot,1,1.0,0.999114,0.999557,1,1,1
57797,bot_iot,1,1.0,0.999479,0.999739,1,1,1
57806,bot_iot,1,1.0,0.999974,0.999987,1,1,1
57809,bot_iot,1,1.0,0.999993,0.999996,1,1,1
57812,bot_iot,1,1.0,1.0,1.0,1,1,1
57814,bot_iot,1,1.0,0.999994,0.999997,1,1,1
57819,bot_iot,1,1.0,0.999993,0.999997,1,1,1
57820,bot_iot,1,1.0,0.999993,0.999997,1,1,1
57821,bot_iot,1,1.0,0.999473,0.999736,1,1,1
57822,bot_iot,1,1.0,0.999993,0.999997,1,1,1
57827,bot_iot,1,1.0,0.999173,0.999586,1,1,1
57832,bot_iot,1,1.0,0.999334,0.999667,1,1,1
57838,bot_iot,1,1.0,0.999384,0.999692,1,1,1
57839,bot_iot,1,1.0,0.999994,0.999997,1,1,1
57846,bot_iot,1,1.0,0.999975,0.999987,1,1,1
57853,bot_iot,1,1.0,1.0,1.0,1,1,1
57858,bot_iot,1,1.0,0.999186,0.999593,1,1,1
57859,bot_iot,1,1.0,0.998931,0.999466,1,1,1
57861,bot_iot,1,1.0,0.999993,0.999996,1,1,1
57868,bot_iot,1,1.0,1.0,1.0,1,1,1
57869,bot_iot,1,1.0,0.99948,0.99974,1,1,1
57870,bot_iot,1,1.0,0.999386,0.999693,1,1,1
57876,bot_iot,1,1.0,0.999061,0.999531,1,1,1
57897,bot_iot,1,1.0,0.999462,0.999731,1,1,1
57900,bot_iot,1,1.0,0.999993,0.999997,1,1,1
57901,bot_iot,1,1.0,0.999993,0.999997,1,1,1
57903,bot_iot,1,1.0,1.0,1.0,1,1,1
57906,bot_iot,1,1.0,0.999974,0.999987,1,1,1
57907,bot_iot,1,1.0,1.0,1.0,1,1,1
57910,bot_iot,1,1.0,0.999165,0.999583,1,1,1
57912,bot_iot,1,1.0,0.999468,0.999734,1,1,1
57915,bot_iot,1,1.0,0.99934,0.99967,1,1,1
57917,bot_iot,1,1.0,0.999468,0.999734,1,1,1
57921,bot_iot,1,1.0,0.999999,0.999999,1,1,1
57923,bot_iot,1,1.0,0.999993,0.999997,1,1,1
57924,bot_iot,1,1.0,0.999104,0.999552,1,1,1
57933,bot_iot,1,1.0,0.999988,0.999994,1,1,1
57942,bot_iot,1,1.0,1.0,1.0,1,1,1
57947,bot_iot,1,1.0,0.999094,0.999547,1,1,1
57949,bot_iot,1,1.0,0.99905,0.999525,1,1,1
57956,bot_iot,1,1.0,0.999172,0.999586,1,1,1
57961,bot_iot,1,1.0,0.999465,0.999732,1,1,1
57965,bot_iot,1,1.0,0.999093,0.999546,1,1,1
57967,bot_iot,1,1.0,0.998873,0.999436,1,1,1
57980,bot_iot,1,1.0,0.999992,0.999996,1,1,1
57981,bot_iot,1,1.0,0.998939,0.999469,1,1,1
57986,bot_iot,1,1.0,0.998843,0.999421,1,1,1
57988,bot_iot,1,1.0,0.999993,0.999996,1,1,1
57989,bot_iot,1,1.0,0.998832,0.999416,1,1,1
57991,bot_iot,1,1.0,0.999993,0.999997,1,1,1
58000,bot_iot,1,1.0,0.999993,0.999997,1,1,1
58005,bot_iot,1,1.0,0.999171,0.999586,1,1,1
58006,bot_iot,1,1.0,0.999993,0.999996,1,1,1
58007,bot_iot,1,1.0,0.999994,0.999997,1,1,1
58009,bot_iot,1,1.0,0.99996,0.99998,1,1,1
58011,bot_iot,1,1.0,0.999385,0.999692,1,1,1
58012,bot_iot,1,1.0,0.999468,0.999734,1,1,1
58015,bot_iot,1,1.0,0.999174,0.999587,1,1,1
58017,bot_iot,1,1.0,0.999468,0.999734,1,1,1
58024,bot_iot,1,1.0,0.999992,0.999996,1,1,1
58025,bot_iot,1,1.0,0.999993,0.999996,1,1,1
58028,bot_iot,1,1.0,0.999385,0.999692,1,1,1
58030,bot_iot,1,1.0,0.999484,0.999742,1,1,1
58043,bot_iot,1,1.0,0.999993,0.999996,1,1,1
58046,bot_iot,1,1.0,0.998877,0.999438,1,1,1
58047,bot_iot,1,1.0,1.0,1.0,1,1,1
58058,bot_iot,1,1.0,1.0,1.0,1,1,1
58061,bot_iot,1,1.0,0.999476,0.999738,1,1,1
58068,bot_iot,1,1.0,0.998937,0.999469,1,1,1
58072,bot_iot,1,1.0,0.999468,0.999734,1,1,1
58075,bot_iot,1,1.0,1.0,1.0,1,1,1
58080,bot_iot,1,1.0,0.999415,0.999707,1,1,1
58084,bot_iot,1,1.0,0.998841,0.999421,1,1,1
58090,bot_iot,1,1.0,1.0,1.0,1,1,1
58099,bot_iot,1,1.0,0.999987,0.999994,1,1,1
58101,bot_iot,1,1.0,0.999993,0.999997,1,1,1
58105,bot_iot,1,1.0,0.99934,0.99967,1,1,1
58108,bot_iot,1,1.0,1.0,1.0,1,1,1
58109,bot_iot,1,1.0,0.999443,0.999721,1,1,1
58110,bot_iot,1,1.0,0.999349,0.999674,1,1,1
58112,bot_iot,1,0.99475,0.120451,0.5576,1,0,1
58113,bot_iot,1,1.0,0.999991,0.999995,1,1,1
58140,bot_iot,1,1.0,0.999973,0.999987,1,1,1
58141,bot_iot,1,1.0,0.999444,0.999722,1,1,1
58147,bot_iot,1,1.0,0.999974,0.999987,1,1,1
58150,bot_iot,1,1.0,0.999992,0.999996,1,1,1
58159,bot_iot,1,1.0,0.999993,0.999997,1,1,1
58164,bot_iot,1,1.0,0.999986,0.999993,1,1,1
58166,bot_iot,1,1.0,0.999993,0.999996,1,1,1
58168,bot_iot,1,1.0,0.999415,0.999708,1,1,1
58170,bot_iot,1,1.0,0.999466,0.999733,1,1,1
58173,bot_iot,1,1.0,0.999987,0.999994,1,1,1
58185,bot_iot,1,1.0,1.0,1.0,1,1,1
58188,bot_iot,1,1.0,0.99935,0.999675,1,1,1
58189,bot_iot,1,1.0,1.0,1.0,1,1,1
58193,bot_iot,1,1.0,0.999469,0.999734,1,1,1
58194,bot_iot,1,1.0,0.998836,0.999418,1,1,1
58200,bot_iot,1,1.0,0.99999,0.999995,1,1,1
58203,bot_iot,1,1.0,0.99999,0.999995,1,1,1
58205,bot_iot,1,1.0,0.976804,0.988402,1,1,1
58206,bot_iot,1,1.0,0.998937,0.999468,1,1,1
58209,bot_iot,1,1.0,0.999989,0.999994,1,1,1
58213,bot_iot,1,1.0,0.999268,0.999634,1,1,1
58216,bot_iot,1,1.0,0.999934,0.999967,1,1,1
58219,bot_iot,1,1.0,0.999993,0.999997,1,1,1
58232,bot_iot,1,1.0,0.999363,0.999681,1,1,1
58237,bot_iot,1,1.0,0.999346,0.999673,1,1,1
58244,bot_iot,1,1.0,0.999974,0.999987,1,1,1
58249,bot_iot,1,1.0,0.999483,0.999741,1,1,1
58252,bot_iot,1,1.0,0.999483,0.999741,1,1,1
58254,bot_iot,1,1.0,0.998878,0.999439,1,1,1
58257,bot_iot,1,1.0,0.999991,0.999995,1,1,1
58263,bot_iot,1,1.0,0.99944,0.99972,1,1,1
58265,bot_iot,1,1.0,0.999312,0.999656,1,1,1
58267,bot_iot,1,1.0,0.999432,0.999716,1,1,1
58274,bot_iot,1,1.0,1.0,1.0,1,1,1
58275,bot_iot,1,1.0,0.999171,0.999585,1,1,1
58281,bot_iot,1,1.0,0.999434,0.999717,1,1,1
58289,bot_iot,1,1.0,0.999268,0.999634,1,1,1
58293,bot_iot,1,1.0,0.999467,0.999734,1,1,1
58296,bot_iot,1,1.0,0.999475,0.999738,1,1,1
58298,bot_iot,1,1.0,0.999993,0.999996,1,1,1
58304,bot_iot,1,1.0,0.999443,0.999721,1,1,1
58309,bot_iot,1,1.0,0.997861,0.998931,1,1,1
58312,bot_iot,1,1.0,0.999993,0.999997,1,1,1
58317,bot_iot,1,1.0,1.0,1.0,1,1,1
58319,bot_iot,1,1.0,0.999465,0.999733,1,1,1
58320,bot_iot,1,1.0,0.99899,0.999495,1,1,1
58322,bot_iot,1,1.0,0.999172,0.999586,1,1,1
58323,bot_iot,1,1.0,0.999188,0.999594,1,1,1
58333,bot_iot,1,1.0,0.999434,0.999717,1,1,1
58334,bot_iot,1,1.0,0.99893,0.999465,1,1,1
58337,bot_iot,1,1.0,0.998682,0.999341,1,1,1
58346,bot_iot,1,1.0,0.999464,0.999732,1,1,1
58347,bot_iot,1,1.0,0.999424,0.999712,1,1,1
58364,bot_iot,1,1.0,0.99899,0.999495,1,1,1
58375,bot_iot,1,1.0,1.0,1.0,1,1,1
58377,bot_iot,1,1.0,0.976804,0.988402,1,1,1
58378,bot_iot,1,1.0,0.999339,0.999669,1,1,1
58382,bot_iot,1,1.0,0.999334,0.999667,1,1,1
58387,bot_iot,1,1.0,0.999268,0.999634,1,1,1
58389,bot_iot,1,1.0,0.999443,0.999721,1,1,1
58390,bot_iot,1,1.0,0.99947,0.999735,1,1,1
58400,bot_iot,1,1.0,0.999335,0.999668,1,1,1
58401,bot_iot,1,1.0,0.999993,0.999997,1,1,1
58402,bot_iot,1,1.0,0.998816,0.999408,1,1,1
58409,bot_iot,1,1.0,0.999469,0.999734,1,1,1
58412,bot_iot,1,1.0,1.0,1.0,1,1,1
58428,bot_iot,1,1.0,0.999173,0.999586,1,1,1
58429,bot_iot,1,1.0,0.998623,0.999312,1,1,1
58430,bot_iot,1,1.0,0.999268,0.999634,1,1,1
58437,bot_iot,1,1.0,0.999988,0.999994,1,1,1
58439,bot_iot,1,1.0,0.999988,0.999994,1,1,1
58440,bot_iot,1,1.0,0.998879,0.99944,1,1,1
58442,bot_iot,1,1.0,0.999467,0.999734,1,1,1
58450,bot_iot,1,1.0,1.0,1.0,1,1,1
58457,bot_iot,1,1.0,0.999386,0.999693,1,1,1
58458,bot_iot,1,1.0,0.999136,0.999568,1,1,1
58459,bot_iot,1,1.0,0.999442,0.999721,1,1,1
58461,bot_iot,1,1.0,0.976804,0.988402,1,1,1
58462,bot_iot,1,1.0,0.999443,0.999721,1,1,1
58464,bot_iot,1,1.0,0.999437,0.999718,1,1,1
58468,bot_iot,1,1.0,0.999994,0.999997,1,1,1
58470,bot_iot,1,1.0,1.0,1.0,1,1,1
58480,bot_iot,1,1.0,0.998936,0.999468,1,1,1
58483,bot_iot,1,1.0,0.976804,0.988402,1,1,1
58487,bot_iot,1,1.0,1.0,1.0,1,1,1
58491,bot_iot,1,1.0,0.999351,0.999675,1,1,1
58493,bot_iot,1,1.0,0.999268,0.999634,1,1,1
58494,bot_iot,1,1.0,0.999386,0.999693,1,1,1
58498,bot_iot,1,1.0,1.0,1.0,1,1,1
58500,bot_iot,1,1.0,0.999363,0.999682,1,1,1
58501,bot_iot,1,1.0,0.999993,0.999996,1,1,1
58505,bot_iot,1,1.0,0.999443,0.999721,1,1,1
58509,bot_iot,1,1.0,0.999484,0.999742,1,1,1
58514,bot_iot,1,1.0,0.99999,0.999995,1,1,1
58516,bot_iot,1,1.0,1.0,1.0,1,1,1
58529,bot_iot,1,1.0,1.0,1.0,1,1,1
58530,bot_iot,1,1.0,0.998898,0.999449,1,1,1
58541,bot_iot,1,1.0,0.998933,0.999467,1,1,1
58543,bot_iot,1,1.0,0.998932,0.999466,1,1,1
58548,bot_iot,1,1.0,0.999416,0.999708,1,1,1
58551,bot_iot,1,1.0,0.999993,0.999996,1,1,1
58562,bot_iot,1,1.0,0.999987,0.999994,1,1,1
58567,bot_iot,1,1.0,0.999993,0.999997,1,1,1
58575,bot_iot,1,1.0,0.120451,0.560226,1,0,1
58582,bot_iot,1,1.0,1.0,1.0,1,1,1
58586,bot_iot,1,1.0,1.0,1.0,1,1,1
58587,bot_iot,1,1.0,0.999093,0.999546,1,1,1
58599,bot_iot,1,1.0,0.99947,0.999735,1,1,1
58608,bot_iot,1,1.0,0.999444,0.999722,1,1,1
58614,bot_iot,1,0.98,0.469544,0.724772,1,0,1
58616,bot_iot,1,1.0,0.999993,0.999997,1,1,1
58617,bot_iot,1,1.0,0.998995,0.999498,1,1,1
58618,bot_iot,1,1.0,0.999468,0.999734,1,1,1
58622,bot_iot,1,1.0,0.998829,0.999414,1,1,1
58624,bot_iot,1,1.0,0.999993,0.999997,1,1,1
58625,bot_iot,1,1.0,0.999268,0.999634,1,1,1
58630,bot_iot,1,1.0,0.999989,0.999995,1,1,1
58636,bot_iot,1,1.0,0.999442,0.999721,1,1,1
58641,bot_iot,1,1.0,1.0,1.0,1,1,1
58649,bot_iot,1,1.0,0.976804,0.988402,1,1,1
58650,bot_iot,1,1.0,1.0,1.0,1,1,1
58655,bot_iot,1,1.0,0.999377,0.999688,1,1,1
58661,bot_iot,1,1.0,0.976804,0.988402,1,1,1
58662,bot_iot,1,1.0,0.998879,0.999439,1,1,1
58673,bot_iot,1,1.0,1.0,1.0,1,1,1
58677,bot_iot,1,1.0,0.999986,0.999993,1,1,1
58680,bot_iot,1,1.0,0.999312,0.999656,1,1,1
58691,bot_iot,1,1.0,0.999384,0.999692,1,1,1
58695,bot_iot,1,1.0,1.0,1.0,1,1,1
58696,bot_iot,1,1.0,0.999108,0.999554,1,1,1
58711,bot_iot,1,1.0,0.999415,0.999708,1,1,1
58724,bot_iot,1,1.0,0.999934,0.999967,1,1,1
58730,bot_iot,1,1.0,0.998988,0.999494,1,1,1
58736,bot_iot,1,1.0,1.0,1.0,1,1,1
58737,bot_iot,1,1.0,0.99935,0.999675,1,1,1
58745,bot_iot,1,1.0,0.999969,0.999984,1,1,1
58755,bot_iot,1,1.0,0.99893,0.999465,1,1,1
58766,bot_iot,1,1.0,0.999935,0.999967,1,1,1
58771,bot_iot,1,1.0,1.0,1.0,1,1,1
58772,bot_iot,1,1.0,0.999381,0.99969,1,1,1
58780,bot_iot,1,1.0,0.999215,0.999607,1,1,1
58786,bot_iot,1,1.0,1.0,1.0,1,1,1
58789,bot_iot,1,1.0,0.999438,0.999719,1,1,1
58793,bot_iot,1,1.0,0.999392,0.999696,1,1,1
58799,bot_iot,1,1.0,1.0,1.0,1,1,1
58812,bot_iot,1,1.0,0.999347,0.999673,1,1,1
58817,bot_iot,1,1.0,0.999268,0.999634,1,1,1
58825,bot_iot,1,1.0,0.998937,0.999469,1,1,1
58826,bot_iot,1,1.0,0.999993,0.999996,1,1,1
58829,bot_iot,1,1.0,0.999183,0.999591,1,1,1
58832,bot_iot,1,1.0,1.0,1.0,1,1,1
58836,bot_iot,1,1.0,1.0,1.0,1,1,1
58842,bot_iot,1,1.0,1.0,1.0,1,1,1
58849,bot_iot,1,1.0,0.99935,0.999675,1,1,1
58851,bot_iot,1,1.0,0.999496,0.999748,1,1,1
58854,bot_iot,1,1.0,0.999993,0.999996,1,1,1
58865,bot_iot,1,1.0,0.999104,0.999552,1,1,1
58876,bot_iot,1,1.0,0.976804,0.988402,1,1,1
58878,bot_iot,1,1.0,0.999463,0.999731,1,1,1
58886,bot_iot,1,1.0,0.999993,0.999996,1,1,1
58889,bot_iot,1,1.0,0.999432,0.999716,1,1,1
58903,bot_iot,1,1.0,1.0,1.0,1,1,1
58920,bot_iot,1,1.0,0.999468,0.999734,1,1,1
58927,bot_iot,1,1.0,0.976804,0.988402,1,1,1
58937,bot_iot,1,1.0,1.0,1.0,1,1,1
58939,bot_iot,1,1.0,1.0,1.0,1,1,1
58941,bot_iot,1,1.0,0.99913,0.999565,1,1,1
58942,bot_iot,1,1.0,0.999482,0.999741,1,1,1
58944,bot_iot,1,1.0,0.999171,0.999585,1,1,1
58948,bot_iot,1,1.0,0.998977,0.999488,1,1,1
58956,bot_iot,1,1.0,1.0,1.0,1,1,1
58973,bot_iot,1,1.0,0.976804,0.988402,1,1,1
58979,bot_iot,1,1.0,0.999468,0.999734,1,1,1
58986,bot_iot,1,1.0,0.999019,0.999509,1,1,1
58990,bot_iot,1,1.0,0.999363,0.999681,1,1,1
58992,bot_iot,1,1.0,0.999992,0.999996,1,1,1
59002,bot_iot,1,1.0,0.99999,0.999995,1,1,1
59005,bot_iot,1,1.0,0.976804,0.988402,1,1,1
59008,bot_iot,1,1.0,0.999994,0.999997,1,1,1
59015,bot_iot,1,1.0,0.99947,0.999735,1,1,1
59020,bot_iot,1,1.0,0.999975,0.999987,1,1,1
59023,bot_iot,1,1.0,0.998937,0.999468,1,1,1
59024,bot_iot,1,1.0,0.999113,0.999556,1,1,1
59026,bot_iot,1,1.0,0.999992,0.999996,1,1,1
59033,bot_iot,1,1.0,0.99935,0.999675,1,1,1
59036,bot_iot,1,1.0,0.998996,0.999498,1,1,1
59040,bot_iot,1,1.0,0.998937,0.999468,1,1,1
59049,bot_iot,1,1.0,1.0,1.0,1,1,1
59050,bot_iot,1,1.0,1.0,1.0,1,1,1
59057,bot_iot,1,1.0,1.0,1.0,1,1,1
59059,bot_iot,1,1.0,0.998996,0.999498,1,1,1
59061,bot_iot,1,1.0,1.0,1.0,1,1,1
59063,bot_iot,1,1.0,0.999993,0.999996,1,1,1
59064,bot_iot,1,1.0,0.999993,0.999997,1,1,1
59068,bot_iot,1,1.0,1.0,1.0,1,1,1
59072,bot_iot,1,1.0,0.999312,0.999656,1,1,1
59073,bot_iot,1,1.0,0.999479,0.999739,1,1,1
59077,bot_iot,1,1.0,0.999386,0.999693,1,1,1
59078,bot_iot,1,1.0,0.999385,0.999692,1,1,1
59081,bot_iot,1,1.0,0.998879,0.99944,1,1,1
59083,bot_iot,1,1.0,1.0,1.0,1,1,1
59088,bot_iot,1,1.0,1.0,1.0,1,1,1
59090,bot_iot,1,1.0,0.998928,0.999464,1,1,1
59092,bot_iot,1,1.0,0.999065,0.999533,1,1,1
59102,bot_iot,1,1.0,0.999109,0.999555,1,1,1
59107,bot_iot,1,1.0,0.999993,0.999996,1,1,1
59108,bot_iot,1,1.0,0.999093,0.999546,1,1,1
59109,bot_iot,1,1.0,0.120452,0.560226,1,0,1
59110,bot_iot,1,1.0,0.998977,0.999489,1,1,1
59119,bot_iot,1,1.0,0.999061,0.999531,1,1,1
59124,bot_iot,1,1.0,0.999994,0.999997,1,1,1
59125,bot_iot,1,1.0,1.0,1.0,1,1,1
59136,bot_iot,1,1.0,0.999993,0.999997,1,1,1
59137,bot_iot,1,1.0,0.999974,0.999987,1,1,1
59146,bot_iot,1,1.0,0.999993,0.999996,1,1,1
59149,bot_iot,1,1.0,0.99934,0.99967,1,1,1
59153,bot_iot,1,1.0,0.999468,0.999734,1,1,1
59154,bot_iot,1,1.0,1.0,1.0,1,1,1
59164,bot_iot,1,1.0,1.0,1.0,1,1,1
59168,bot_iot,1,1.0,0.999093,0.999546,1,1,1
59172,bot_iot,1,1.0,0.999366,0.999683,1,1,1
59176,bot_iot,1,1.0,0.999384,0.999692,1,1,1
59182,bot_iot,1,1.0,0.999078,0.999539,1,1,1
59183,bot_iot,1,1.0,0.999173,0.999586,1,1,1
59185,bot_iot,1,1.0,0.999994,0.999997,1,1,1
59187,bot_iot,1,1.0,0.999974,0.999987,1,1,1
59189,bot_iot,1,1.0,0.999986,0.999993,1,1,1
59191,bot_iot,1,1.0,0.999172,0.999586,1,1,1
59192,bot_iot,1,1.0,0.976804,0.988402,1,1,1
59198,bot_iot,1,1.0,0.999385,0.999692,1,1,1
59204,bot_iot,1,1.0,0.999171,0.999586,1,1,1
59205,bot_iot,1,1.0,0.999974,0.999987,1,1,1
59209,bot_iot,1,1.0,0.999993,0.999997,1,1,1
59210,bot_iot,1,1.0,0.998245,0.999123,1,1,1
59212,bot_iot,1,1.0,0.99893,0.999465,1,1,1
59215,bot_iot,1,1.0,0.999483,0.999741,1,1,1
59219,bot_iot,1,1.0,0.99907,0.999535,1,1,1
59221,bot_iot,1,1.0,0.999172,0.999586,1,1,1
59222,bot_iot,1,1.0,0.99943,0.999715,1,1,1
59223,bot_iot,1,1.0,0.999981,0.999991,1,1,1
59227,bot_iot,1,1.0,0.999993,0.999996,1,1,1
59236,bot_iot,1,1.0,1.0,1.0,1,1,1
59238,bot_iot,1,1.0,0.999092,0.999546,1,1,1
59241,bot_iot,1,1.0,0.999063,0.999531,1,1,1
59245,bot_iot,1,1.0,0.999992,0.999996,1,1,1
59255,bot_iot,1,1.0,0.999141,0.99957,1,1,1
59265,bot_iot,1,1.0,0.999993,0.999997,1,1,1
59268,bot_iot,1,1.0,0.999268,0.999634,1,1,1
59278,bot_iot,1,1.0,0.976804,0.988402,1,1,1
59281,bot_iot,1,1.0,1.0,1.0,1,1,1
59282,bot_iot,1,1.0,0.999172,0.999586,1,1,1
59303,bot_iot,1,1.0,0.999959,0.999979,1,1,1
59305,bot_iot,1,1.0,0.999981,0.99999,1,1,1
59307,bot_iot,1,1.0,0.976804,0.988402,1,1,1
59313,bot_iot,1,1.0,1.0,1.0,1,1,1
59315,bot_iot,1,1.0,1.0,1.0,1,1,1
59319,bot_iot,1,1.0,0.999497,0.999748,1,1,1
59320,bot_iot,1,1.0,0.999329,0.999664,1,1,1
59324,bot_iot,1,1.0,0.999335,0.999668,1,1,1
59332,bot_iot,1,1.0,0.999155,0.999577,1,1,1
59333,bot_iot,1,1.0,1.0,1.0,1,1,1
59338,bot_iot,1,1.0,0.999993,0.999997,1,1,1
59339,bot_iot,1,1.0,0.998988,0.999494,1,1,1
59340,bot_iot,1,1.0,0.999434,0.999717,1,1,1
59341,bot_iot,1,1.0,0.999444,0.999722,1,1,1
59342,bot_iot,1,1.0,0.999993,0.999996,1,1,1
59346,bot_iot,1,1.0,0.99999,0.999995,1,1,1
59349,bot_iot,1,1.0,0.999171,0.999586,1,1,1
59351,bot_iot,1,1.0,0.99902,0.99951,1,1,1
59353,bot_iot,1,1.0,0.999444,0.999722,1,1,1
59354,bot_iot,1,1.0,0.998996,0.999498,1,1,1
59357,bot_iot,1,1.0,1.0,1.0,1,1,1
59360,bot_iot,1,1.0,0.999377,0.999689,1,1,1
59375,bot_iot,1,1.0,0.99935,0.999675,1,1,1
59378,bot_iot,1,1.0,0.999268,0.999634,1,1,1
59380,bot_iot,1,1.0,0.999481,0.999741,1,1,1
59397,bot_iot,1,1.0,1.0,1.0,1,1,1
59399,bot_iot,1,1.0,0.999468,0.999734,1,1,1
59405,bot_iot,1,1.0,0.99935,0.999675,1,1,1
59416,bot_iot,1,1.0,0.999987,0.999993,1,1,1
59420,bot_iot,1,1.0,0.999993,0.999997,1,1,1
59421,bot_iot,1,1.0,0.999419,0.99971,1,1,1
59422,bot_iot,1,1.0,0.999468,0.999734,1,1,1
59439,bot_iot,1,1.0,0.976804,0.988402,1,1,1
59451,bot_iot,1,1.0,0.999994,0.999997,1,1,1
59456,bot_iot,1,1.0,0.999468,0.999734,1,1,1
59459,bot_iot,1,1.0,0.999449,0.999725,1,1,1
59471,bot_iot,1,1.0,0.999268,0.999634,1,1,1
59480,bot_iot,1,1.0,1.0,1.0,1,1,1
59490,bot_iot,1,1.0,0.999174,0.999587,1,1,1
59491,bot_iot,1,1.0,0.99944,0.99972,1,1,1
59494,bot_iot,1,1.0,0.999093,0.999546,1,1,1
59496,bot_iot,1,1.0,0.999427,0.999713,1,1,1
59501,bot_iot,1,1.0,0.99943,0.999715,1,1,1
59509,bot_iot,1,1.0,0.999991,0.999996,1,1,1
59513,bot_iot,1,1.0,0.999993,0.999997,1,1,1
59514,bot_iot,1,1.0,0.999312,0.999656,1,1,1
59515,bot_iot,1,1.0,0.998937,0.999469,1,1,1
59518,bot_iot,1,1.0,1.0,1.0,1,1,1
59520,bot_iot,1,1.0,0.999349,0.999674,1,1,1
59522,bot_iot,1,1.0,0.998898,0.999449,1,1,1
59528,bot_iot,1,1.0,0.999993,0.999997,1,1,1
59545,bot_iot,1,1.0,0.976804,0.988402,1,1,1
59546,bot_iot,1,1.0,0.998843,0.999421,1,1,1
59550,bot_iot,1,1.0,0.99934,0.99967,1,1,1
59553,bot_iot,1,1.0,0.999482,0.999741,1,1,1
59559,bot_iot,1,1.0,0.999442,0.999721,1,1,1
59560,bot_iot,1,1.0,0.998842,0.999421,1,1,1
59562,bot_iot,1,1.0,0.999312,0.999656,1,1,1
59565,bot_iot,1,1.0,1.0,1.0,1,1,1
59571,bot_iot,1,1.0,0.999993,0.999997,1,1,1
59574,bot_iot,1,1.0,1.0,1.0,1,1,1
59575,bot_iot,1,1.0,1.0,1.0,1,1,1
59586,bot_iot,1,1.0,0.999126,0.999563,1,1,1
59587,bot_iot,1,1.0,1.0,1.0,1,1,1
59590,bot_iot,1,1.0,0.999989,0.999995,1,1,1
59596,bot_iot,1,1.0,0.999993,0.999996,1,1,1
59601,bot_iot,1,1.0,0.999481,0.999741,1,1,1
59604,bot_iot,1,1.0,0.999993,0.999996,1,1,1
59608,bot_iot,1,1.0,0.999268,0.999634,1,1,1
59611,bot_iot,1,1.0,0.999442,0.999721,1,1,1
59614,bot_iot,1,1.0,0.999993,0.999996,1,1,1
59620,bot_iot,1,1.0,0.999993,0.999996,1,1,1
59622,bot_iot,1,1.0,1.0,1.0,1,1,1
59624,bot_iot,1,1.0,1.0,1.0,1,1,1
59625,bot_iot,1,1.0,0.999312,0.999656,1,1,1
59630,bot_iot,1,1.0,0.999442,0.999721,1,1,1
59636,bot_iot,1,1.0,0.999061,0.999531,1,1,1
59642,bot_iot,1,1.0,0.999989,0.999994,1,1,1
59645,bot_iot,1,1.0,0.999346,0.999673,1,1,1
59651,bot_iot,1,1.0,0.976804,0.988402,1,1,1
59665,bot_iot,1,1.0,0.998937,0.999469,1,1,1
59666,bot_iot,1,1.0,0.999093,0.999546,1,1,1
59669,bot_iot,1,1.0,0.998998,0.999499,1,1,1
59672,bot_iot,1,1.0,0.998869,0.999434,1,1,1
59679,bot_iot,1,1.0,1.0,1.0,1,1,1
59683,bot_iot,1,1.0,0.999353,0.999676,1,1,1
59688,bot_iot,1,1.0,0.99935,0.999675,1,1,1
59692,bot_iot,1,1.0,0.99935,0.999675,1,1,1
59699,bot_iot,1,1.0,0.999443,0.999721,1,1,1
59702,bot_iot,1,1.0,0.998988,0.999494,1,1,1
59703,bot_iot,1,1.0,0.999444,0.999722,1,1,1
59713,bot_iot,1,1.0,0.999118,0.999559,1,1,1
59714,bot_iot,1,1.0,0.999993,0.999997,1,1,1
59718,bot_iot,1,0.68716,0.052504,0.369832,1,0,0
59719,bot_iot,1,1.0,0.999993,0.999996,1,1,1
59720,bot_iot,1,1.0,0.999444,0.999722,1,1,1
59730,bot_iot,1,1.0,0.999351,0.999675,1,1,1
59733,bot_iot,1,1.0,0.998976,0.999488,1,1,1
59735,bot_iot,1,1.0,0.999429,0.999714,1,1,1
59744,bot_iot,1,1.0,0.999312,0.999656,1,1,1
59745,bot_iot,1,1.0,0.999118,0.999559,1,1,1
59749,bot_iot,1,1.0,0.999186,0.999593,1,1,1
59755,bot_iot,1,1.0,0.996315,0.998157,1,1,1
59757,bot_iot,1,1.0,0.998989,0.999494,1,1,1
59759,bot_iot,1,1.0,0.999434,0.999717,1,1,1
59761,bot_iot,1,1.0,0.976804,0.988402,1,1,1
59762,bot_iot,1,1.0,0.999442,0.999721,1,1,1
59765,bot_iot,1,1.0,0.999268,0.999634,1,1,1
59767,bot_iot,1,1.0,0.999443,0.999721,1,1,1
59771,bot_iot,1,1.0,0.999993,0.999997,1,1,1
59774,bot_iot,1,1.0,0.998712,0.999356,1,1,1
59780,bot_iot,1,1.0,0.999442,0.999721,1,1,1
59785,bot_iot,1,1.0,0.999444,0.999722,1,1,1
59787,bot_iot,1,1.0,0.999175,0.999587,1,1,1
59808,bot_iot,1,1.0,0.999335,0.999668,1,1,1
59809,bot_iot,1,1.0,0.996896,0.998448,1,1,1
59812,bot_iot,1,1.0,0.999092,0.999546,1,1,1
59820,bot_iot,1,1.0,0.998997,0.999498,1,1,1
59822,bot_iot,1,1.0,0.999443,0.999721,1,1,1
59824,bot_iot,1,1.0,0.99999,0.999995,1,1,1
59829,bot_iot,1,1.0,0.999363,0.999682,1,1,1
59837,bot_iot,1,1.0,0.999466,0.999733,1,1,1
59841,bot_iot,1,1.0,0.999483,0.999742,1,1,1
59844,bot_iot,1,1.0,1.0,1.0,1,1,1
59848,bot_iot,1,1.0,0.998957,0.999478,1,1,1
59849,bot_iot,1,1.0,0.99999,0.999995,1,1,1
59851,bot_iot,1,1.0,1.0,1.0,1,1,1
59856,bot_iot,1,1.0,0.997772,0.998886,1,1,1
59858,bot_iot,1,1.0,0.999363,0.999682,1,1,1
59860,bot_iot,1,1.0,0.998897,0.999448,1,1,1
59868,bot_iot,1,1.0,0.999416,0.999708,1,1,1
59869,bot_iot,1,1.0,1.0,1.0,1,1,1
59872,bot_iot,1,1.0,0.999385,0.999692,1,1,1
59874,bot_iot,1,1.0,1.0,1.0,1,1,1
59875,bot_iot,1,1.0,1.0,1.0,1,1,1
59876,bot_iot,1,1.0,0.999993,0.999997,1,1,1
59877,bot_iot,1,1.0,0.999444,0.999722,1,1,1
59880,bot_iot,1,1.0,0.976804,0.988402,1,1,1
59892,bot_iot,1,1.0,0.999312,0.999656,1,1,1
59900,bot_iot,1,1.0,0.999435,0.999717,1,1,1
59902,bot_iot,1,1.0,1.0,1.0,1,1,1
59909,bot_iot,1,1.0,1.0,1.0,1,1,1
59918,bot_iot,1,1.0,0.999994,0.999997,1,1,1
59921,bot_iot,1,1.0,1.0,1.0,1,1,1
59927,bot_iot,1,1.0,0.99883,0.999415,1,1,1
59928,bot_iot,1,1.0,0.999468,0.999734,1,1,1
59929,bot_iot,1,1.0,0.998931,0.999466,1,1,1
59931,bot_iot,1,1.0,1.0,1.0,1,1,1
59936,bot_iot,1,1.0,1.0,1.0,1,1,1
59938,bot_iot,1,1.0,0.999986,0.999993,1,1,1
59939,bot_iot,1,1.0,0.999992,0.999996,1,1,1
59946,bot_iot,1,1.0,0.999443,0.999721,1,1,1
59948,bot_iot,1,1.0,0.99935,0.999675,1,1,1
59952,bot_iot,1,1.0,0.976804,0.988402,1,1,1
59960,bot_iot,1,1.0,0.998878,0.999439,1,1,1
59968,bot_iot,1,1.0,0.999483,0.999741,1,1,1
59989,bot_iot,1,1.0,1.0,1.0,1,1,1
59993,bot_iot,1,1.0,0.99939,0.999695,1,1,1
59994,bot_iot,1,1.0,0.998831,0.999415,1,1,1
60014,cic_ids2017,0,0.0,0.006996,0.003498,0,0,0
60023,cic_ids2017,0,0.0,0.046324,0.023162,0,0,0
60025,cic_ids2017,1,1.0,0.042485,0.521242,1,0,1
60028,cic_ids2017,1,0.97,0.039089,0.504544,1,0,1
60035,cic_ids2017,0,0.0,0.049842,0.024921,0,0,0
60037,cic_ids2017,0,0.002048,0.051812,0.02693,0,0,0
60038,cic_ids2017,0,0.0,0.045076,0.022538,0,0,0
60059,cic_ids2017,0,0.0,0.040298,0.020149,0,0,0
60060,cic_ids2017,0,0.02,0.043054,0.031527,0,0,0
60064,cic_ids2017,0,0.0,0.071451,0.035726,0,0,0
60067,cic_ids2017,0,0.0,0.049735,0.024868,0,0,0
60072,cic_ids2017,0,0.0,0.046459,0.02323,0,0,0
60073,cic_ids2017,0,0.0,0.04106,0.02053,0,0,0
60078,cic_ids2017,0,0.001146,0.046299,0.023722,0,0,0
60087,cic_ids2017,0,0.001146,0.046292,0.023719,0,0,0
60091,cic_ids2017,0,0.0,0.028773,0.014386,0,0,0
60096,cic_ids2017,0,0.0,0.00509,0.002545,0,0,0
60099,cic_ids2017,0,0.0,0.049209,0.024604,0,0,0
60101,cic_ids2017,0,0.064423,0.049647,0.057035,0,0,0
60104,cic_ids2017,0,0.0,0.046334,0.023167,0,0,0
60105,cic_ids2017,1,1.0,0.317252,0.658626,1,0,1
60108,cic_ids2017,0,0.0,0.016588,0.008294,0,0,0
60111,cic_ids2017,1,1.0,0.037194,0.518597,1,0,1
60112,cic_ids2017,0,0.0,0.049693,0.024846,0,0,0
60119,cic_ids2017,0,0.0,0.049778,0.024889,0,0,0
60123,cic_ids2017,1,0.854015,0.049647,0.451831,1,0,0
60126,cic_ids2017,0,0.001705,0.051812,0.026758,0,0,0
60127,cic_ids2017,0,0.0,0.046382,0.023191,0,0,0
60136,cic_ids2017,0,0.001146,0.046301,0.023724,0,0,0
60142,cic_ids2017,0,0.001146,0.046293,0.023719,0,0,0
60143,cic_ids2017,1,1.0,0.457965,0.728983,1,0,1
60145,cic_ids2017,0,0.0,0.049758,0.024879,0,0,0
60146,cic_ids2017,0,0.001146,0.046292,0.023719,0,0,0
60152,cic_ids2017,0,0.001146,0.046294,0.02372,0,0,0
60157,cic_ids2017,0,0.001146,0.046294,0.02372,0,0,0
60158,cic_ids2017,0,0.001146,0.046292,0.023719,0,0,0
60163,cic_ids2017,0,0.001781,0.051812,0.026797,0,0,0
60165,cic_ids2017,0,0.001146,0.04629,0.023718,0,0,0
60169,cic_ids2017,0,0.0,0.045049,0.022525,0,0,0
60177,cic_ids2017,1,1.0,0.307324,0.653662,1,0,1
60200,cic_ids2017,0,0.0,0.049734,0.024867,0,0,0
60206,cic_ids2017,0,0.001778,0.051812,0.026795,0,0,0
60211,cic_ids2017,0,0.0,0.008963,0.004481,0,0,0
60213,cic_ids2017,0,0.0,0.012088,0.006044,0,0,0
60220,cic_ids2017,1,0.849249,0.049647,0.449448,1,0,0
60221,cic_ids2017,0,0.0,0.009293,0.004647,0,0,0
60224,cic_ids2017,0,0.0,0.002676,0.001338,0,0,0
60230,cic_ids2017,1,0.854015,0.049647,0.451831,1,0,0
60233,cic_ids2017,0,1.5e-05,0.048307,0.024161,0,0,0
60245,cic_ids2017,0,0.003545,0.051844,0.027694,0,0,0
60247,cic_ids2017,0,0.0,0.049286,0.024643,0,0,0
60250,cic_ids2017,0,0.0,0.052774,0.026387,0,0,0
60253,cic_ids2017,1,0.849249,0.049647,0.449448,1,0,0
60254,cic_ids2017,1,0.97,0.033136,0.501568,1,0,1
60257,cic_ids2017,0,0.001146,0.0463,0.023723,0,0,0
60265,cic_ids2017,1,0.854325,0.049647,0.451986,1,0,0
60268,cic_ids2017,0,0.001705,0.051812,0.026758,0,0,0
60270,cic_ids2017,1,0.963545,0.055796,0.50967,1,0,1
60271,cic_ids2017,0,0.001146,0.046289,0.023718,0,0,0
60272,cic_ids2017,0,0.064423,0.049647,0.057035,0,0,0
60278,cic_ids2017,0,0.0,0.046412,0.023206,0,0,0
60279,cic_ids2017,0,0.0,0.000962,0.000481,0,0,0
60281,cic_ids2017,0,0.001146,0.046292,0.023719,0,0,0
60294,cic_ids2017,1,1.0,0.040402,0.520201,1,0,1
60297,cic_ids2017,1,0.031313,0.051812,0.041563,0,0,0
60299,cic_ids2017,0,0.0,0.049694,0.024847,0,0,0
60301,cic_ids2017,0,0.0,0.049683,0.024842,0,0,0
60304,cic_ids2017,0,0.0,0.025232,0.012616,0,0,0
60318,cic_ids2017,1,0.854015,0.049647,0.451831,1,0,0
60322,cic_ids2017,0,0.003545,0.051833,0.027689,0,0,0
60324,cic_ids2017,0,0.0,0.015007,0.007503,0,0,0
60326,cic_ids2017,0,0.0,0.038598,0.019299,0,0,0
60330,cic_ids2017,0,0.0,0.042053,0.021026,0,0,0
60335,cic_ids2017,0,0.0,0.00538,0.00269,0,0,0
60336,cic_ids2017,0,0.0,0.009454,0.004727,0,0,0
60338,cic_ids2017,0,0.064423,0.049647,0.057035,0,0,0
60358,cic_ids2017,0,0.0,0.046331,0.023165,0,0,0
60360,cic_ids2017,0,0.0,0.01473,0.007365,0,0,0
60368,cic_ids2017,0,0.516687,0.066425,0.291556,1,0,0
60369,cic_ids2017,0,0.0,0.049802,0.024901,0,0,0
60373,cic_ids2017,0,0.000881,0.051142,0.026012,0,0,0
60388,cic_ids2017,0,0.001146,0.046292,0.023719,0,0,0
60390,cic_ids2017,1,1.0,0.282552,0.641276,1,0,1
60395,cic_ids2017,0,0.0,0.013462,0.006731,0,0,0
60403,cic_ids2017,1,1.0,0.50877,0.754385,1,1,1
60407,cic_ids2017,0,0.0,0.008104,0.004052,0,0,0
60413,cic_ids2017,0,0.0,0.04641,0.023205,0,0,0
60414,cic_ids2017,0,0.0,0.046375,0.023188,0,0,0
60416,cic_ids2017,1,1.0,0.353666,0.676833,1,0,1
60420,cic_ids2017,1,0.849249,0.049647,0.449448,1,0,0
60422,cic_ids2017,0,0.0,0.049691,0.024846,0,0,0
60424,cic_ids2017,1,1.0,0.03717,0.518585,1,0,1
60437,cic_ids2017,0,0.0,0.014744,0.007372,0,0,0
60438,cic_ids2017,0,0.0,0.011558,0.005779,0,0,0
60444,cic_ids2017,0,0.0,0.046412,0.023206,0,0,0
60451,cic_ids2017,0,0.0,0.049649,0.024825,0,0,0
60452,cic_ids2017,0,0.0,0.046427,0.023214,0,0,0
60453,cic_ids2017,1,1.0,0.037163,0.518582,1,0,1
60457,cic_ids2017,0,0.0,0.046438,0.023219,0,0,0
60459,cic_ids2017,0,0.0,0.046383,0.023191,0,0,0
60466,cic_ids2017,0,0.0,0.010598,0.005299,0,0,0
60481,cic_ids2017,1,1.0,0.289551,0.644776,1,0,1
60482,cic_ids2017,1,1.0,0.281819,0.640909,1,0,1
60483,cic_ids2017,0,0.0,0.049691,0.024846,0,0,0
60487,cic_ids2017,0,0.064423,0.049647,0.057035,0,0,0
60489,cic_ids2017,0,0.0,0.049788,0.024894,0,0,0
60496,cic_ids2017,0,0.0,0.011271,0.005636,0,0,0
60506,cic_ids2017,0,0.001587,0.045844,0.023715,0,0,0
60507,cic_ids2017,1,0.971447,0.046306,0.508877,1,0,1
60512,cic_ids2017,1,0.854015,0.049647,0.451831,1,0,0
60514,cic_ids2017,0,0.001146,0.046293,0.023719,0,0,0
60519,cic_ids2017,0,0.016071,0.049019,0.032545,0,0,0
60529,cic_ids2017,0,0.0,0.045048,0.022524,0,0,0
60544,cic_ids2017,0,0.0,0.046294,0.023147,0,0,0
60553,cic_ids2017,0,0.001764,0.049011,0.025388,0,0,0
60559,cic_ids2017,1,0.030881,0.057097,0.043989,0,0,0
60572,cic_ids2017,0,0.0,0.040297,0.020148,0,0,0
60576,cic_ids2017,0,0.001146,0.046289,0.023718,0,0,0
60578,cic_ids2017,0,0.011161,0.048946,0.030053,0,0,0
60579,cic_ids2017,0,0.0,0.049733,0.024867,0,0,0
60583,cic_ids2017,0,0.0,0.011471,0.005736,0,0,0
60600,cic_ids2017,0,0.0,0.04636,0.02318,0,0,0
60613,cic_ids2017,1,1.0,0.03753,0.518765,1,0,1
60619,cic_ids2017,0,0.001146,0.046294,0.02372,0,0,0
60626,cic_ids2017,0,0.001315,0.048945,0.02513,0,0,0
60630,cic_ids2017,1,0.13098,0.051812,0.091396,0,0,0
60632,cic_ids2017,0,0.0,0.003963,0.001981,0,0,0
60647,cic_ids2017,1,0.854015,0.049647,0.451831,1,0,0
60654,cic_ids2017,0,0.030093,0.049647,0.03987,0,0,0
60667,cic_ids2017,0,0.0,0.045173,0.022587,0,0,0
60674,cic_ids2017,1,0.990881,0.075727,0.533304,1,0,1
60677,cic_ids2017,0,0.001146,0.04629,0.023718,0,0,0
60678,cic_ids2017,1,0.849249,0.049647,0.449448,1,0,0
60679,cic_ids2017,1,1.0,0.264905,0.632453,1,0,1
60684,cic_ids2017,0,0.0,0.049693,0.024847,0,0,0
60690,cic_ids2017,0,0.001315,0.048945,0.02513,0,0,0
60692,cic_ids2017,0,0.0,0.049682,0.024841,0,0,0
60693,cic_ids2017,0,0.130846,0.051812,0.091329,0,0,0
60698,cic_ids2017,1,0.849249,0.049647,0.449448,1,0,0
60699,cic_ids2017,0,0.0,0.035828,0.017914,0,0,0
60702,cic_ids2017,0,0.0,0.040947,0.020473,0,0,0
60706,cic_ids2017,0,0.0,0.049734,0.024867,0,0,0
60708,cic_ids2017,0,0.0,0.046327,0.023164,0,0,0
60711,cic_ids2017,1,0.854015,0.049647,0.451831,1,0,0
60720,cic_ids2017,1,0.004067,0.051812,0.02794,0,0,0
60733,cic_ids2017,0,0.013068,0.051812,0.03244,0,0,0
60739,cic_ids2017,1,0.941587,0.048318,0.494952,1,0,0
60740,cic_ids2017,0,0.01,0.046329,0.028165,0,0,0
60741,cic_ids2017,0,0.0,0.049893,0.024946,0,0,0
60745,cic_ids2017,0,0.0,0.049681,0.024841,0,0,0
60757,cic_ids2017,0,0.001146,0.046291,0.023719,0,0,0
60764,cic_ids2017,0,0.120881,0.051151,0.086016,0,0,0
60768,cic_ids2017,0,0.0,0.049682,0.024841,0,0,0
60770,cic_ids2017,0,0.064423,0.049647,0.057035,0,0,0
60774,cic_ids2017,0,0.130846,0.051812,0.091329,0,0,0
60783,cic_ids2017,0,0.001553,0.048946,0.025249,0,0,0
60785,cic_ids2017,0,0.001146,0.046293,0.023719,0,0,0
60788,cic_ids2017,0,0.016919,0.070421,0.04367,0,0,0
60790,cic_ids2017,0,0.001146,0.046292,0.023719,0,0,0
60793,cic_ids2017,1,0.849249,0.049647,0.449448,1,0,0
60811,cic_ids2017,0,0.000881,0.051825,0.026353,0,0,0
60818,cic_ids2017,0,0.0,0.01661,0.008305,0,0,0
60821,cic_ids2017,0,0.064423,0.049647,0.057035,0,0,0
60823,cic_ids2017,1,0.731657,0.051812,0.391734,1,0,0
60827,cic_ids2017,0,0.003545,0.051812,0.027679,0,0,0
60839,cic_ids2017,0,0.001781,0.051812,0.026797,0,0,0
60843,cic_ids2017,1,0.854015,0.049647,0.451831,1,0,0
60862,cic_ids2017,0,0.001521,0.04708,0.0243,0,0,0
60866,cic_ids2017,1,0.854015,0.049647,0.451831,1,0,0
60872,cic_ids2017,0,0.002048,0.051812,0.02693,0,0,0
60873,cic_ids2017,0,0.0,0.049651,0.024826,0,0,0
60886,cic_ids2017,0,0.0,0.017618,0.008809,0,0,0
60892,cic_ids2017,0,0.0,0.001328,0.000664,0,0,0
60899,cic_ids2017,0,0.0,0.008945,0.004472,0,0,0
60901,cic_ids2017,0,0.0,0.033676,0.016838,0,0,0
60904,cic_ids2017,0,0.0,0.046327,0.023163,0,0,0
60905,cic_ids2017,0,0.015085,0.049781,0.032433,0,0,0
60910,cic_ids2017,0,0.001146,0.046297,0.023722,0,0,0
60913,cic_ids2017,0,0.0,0.046356,0.023178,0,0,0
60914,cic_ids2017,0,0.001146,0.046292,0.023719,0,0,0
60915,cic_ids2017,0,0.03,0.074981,0.052491,0,0,0
60919,cic_ids2017,0,0.0,0.071361,0.03568,0,0,0
60926,cic_ids2017,0,0.0,0.049649,0.024825,0,0,0
60935,cic_ids2017,1,1.0,0.446144,0.723072,1,0,1
60936,cic_ids2017,0,0.001429,0.050464,0.025947,0,0,0
60938,cic_ids2017,0,0.0,0.04639,0.023195,0,0,0
60945,cic_ids2017,1,1.0,0.043401,0.521701,1,0,1
60947,cic_ids2017,0,0.0,0.046646,0.023323,0,0,0
60952,cic_ids2017,0,0.001778,0.051812,0.026795,0,0,0
60955,cic_ids2017,0,0.0,0.04669,0.023345,0,0,0
60967,cic_ids2017,0,0.0,0.043092,0.021546,0,0,0
60969,cic_ids2017,0,0.064423,0.049647,0.057035,0,0,0
60974,cic_ids2017,0,0.0,0.04637,0.023185,0,0,0
60979,cic_ids2017,1,0.990881,0.0705,0.530691,1,0,1
60984,cic_ids2017,0,0.01,0.038104,0.024052,0,0,0
60986,cic_ids2017,0,0.001146,0.046293,0.023719,0,0,0
60987,cic_ids2017,0,0.001146,0.046293,0.02372,0,0,0
60991,cic_ids2017,0,0.0,0.046293,0.023146,0,0,0
60992,cic_ids2017,0,0.0,0.046485,0.023242,0,0,0
61000,cic_ids2017,0,0.001143,0.049651,0.025397,0,0,0
61002,cic_ids2017,0,0.10183,0.048303,0.075067,0,0,0
61005,cic_ids2017,0,0.0,0.008477,0.004238,0,0,0
61009,cic_ids2017,0,0.001146,0.046297,0.023721,0,0,0
61012,cic_ids2017,1,0.854015,0.049647,0.451831,1,0,0
61026,cic_ids2017,0,0.0,0.046378,0.023189,0,0,0
61030,cic_ids2017,1,0.849249,0.049647,0.449448,1,0,0
61035,cic_ids2017,1,0.98,0.084921,0.53246,1,0,1
61036,cic_ids2017,0,0.064423,0.049647,0.057035,0,0,0
61037,cic_ids2017,0,0.0,0.035705,0.017853,0,0,0
61040,cic_ids2017,1,0.854015,0.049647,0.451831,1,0,0
61047,cic_ids2017,1,0.769808,0.051813,0.410811,1,0,0
61055,cic_ids2017,0,0.0,0.049691,0.024846,0,0,0
61058,cic_ids2017,0,0.0,0.039908,0.019954,0,0,0
61060,cic_ids2017,1,0.849249,0.049647,0.449448,1,0,0
61063,cic_ids2017,0,0.001654,0.051813,0.026733,0,0,0
61078,cic_ids2017,0,0.0,0.045122,0.022561,0,0,0
61084,cic_ids2017,1,1.0,0.036608,0.518304,1,0,1
61088,cic_ids2017,0,0.0,0.046356,0.023178,0,0,0
61093,cic_ids2017,1,0.849249,0.049647,0.449448,1,0,0
61095,cic_ids2017,0,0.0,0.064246,0.032123,0,0,0
61100,cic_ids2017,0,0.001146,0.04629,0.023718,0,0,0
61103,cic_ids2017,0,0.001146,0.046298,0.023722,0,0,0
61104,cic_ids2017,0,0.00182,0.048303,0.025061,0,0,0
61109,cic_ids2017,0,0.001143,0.04965,0.025397,0,0,0
61113,cic_ids2017,0,2.4e-05,0.033583,0.016804,0,0,0
61132,cic_ids2017,0,0.021143,0.032515,0.026829,0,0,0
61133,cic_ids2017,0,0.0,0.045139,0.022569,0,0,0
61135,cic_ids2017,1,0.849249,0.049647,0.449448,1,0,0
61139,cic_ids2017,0,0.0,0.059418,0.029709,0,0,0
61140,cic_ids2017,0,0.0,0.046343,0.023172,0,0,0
61152,cic_ids2017,0,0.02,0.001306,0.010653,0,0,0
61154,cic_ids2017,0,0.001146,0.046293,0.02372,0,0,0
61157,cic_ids2017,0,0.003014,0.120664,0.061839,0,0,0
61184,cic_ids2017,0,0.001146,0.046294,0.02372,0,0,0
61188,cic_ids2017,1,1.0,0.401953,0.700976,1,0,1
61198,cic_ids2017,0,0.17,0.041972,0.105986,0,0,0
61203,cic_ids2017,1,1.0,0.458686,0.729343,1,0,1
61215,cic_ids2017,0,0.002687,0.051812,0.02725,0,0,0
61220,cic_ids2017,1,0.849249,0.049647,0.449448,1,0,0
61222,cic_ids2017,1,1.0,0.489837,0.744919,1,0,1
61224,cic_ids2017,0,0.019924,0.051812,0.035868,0,0,0
61239,cic_ids2017,0,0.0,0.013424,0.006712,0,0,0
61243,cic_ids2017,0,0.0,0.046427,0.023214,0,0,0
61244,cic_ids2017,1,0.854015,0.049647,0.451831,1,0,0
61247,cic_ids2017,0,0.001146,0.046294,0.02372,0,0,0
61248,cic_ids2017,0,0.0,0.049898,0.024949,0,0,0
61255,cic_ids2017,0,0.015085,0.04968,0.032382,0,0,0
61261,cic_ids2017,0,0.0,0.014713,0.007357,0,0,0
61262,cic_ids2017,0,0.0,0.046335,0.023168,0,0,0
61268,cic_ids2017,0,0.0,0.046377,0.023188,0,0,0
61274,cic_ids2017,0,0.030093,0.049647,0.03987,0,0,0
61275,cic_ids2017,0,2.4e-05,0.040528,0.020276,0,0,0
61280,cic_ids2017,0,0.010881,0.051206,0.031044,0,0,0
61287,cic_ids2017,0,0.0,0.049681,0.024841,0,0,0
61289,cic_ids2017,1,1.0,0.037031,0.518515,1,0,1
61290,cic_ids2017,1,1.0,0.369873,0.684937,1,0,1
61293,cic_ids2017,0,0.001778,0.051812,0.026795,0,0,0
61302,cic_ids2017,1,1.0,0.374397,0.687198,1,0,1
61303,cic_ids2017,0,0.030093,0.049647,0.03987,0,0,0
61307,cic_ids2017,0,0.001781,0.051812,0.026797,0,0,0
61309,cic_ids2017,0,0.07,0.067899,0.06895,0,0,0
61310,cic_ids2017,1,0.7,0.097194,0.398597,1,0,0
61328,cic_ids2017,0,0.0,0.046326,0.023163,0,0,0
61337,cic_ids2017,0,0.030093,0.049647,0.03987,0,0,0
61338,cic_ids2017,0,1.5e-05,0.04831,0.024162,0,0,0
61349,cic_ids2017,0,0.0,0.046396,0.023198,0,0,0
61352,cic_ids2017,0,0.0,0.045052,0.022526,0,0,0
61358,cic_ids2017,0,0.001146,0.046292,0.023719,0,0,0
61359,cic_ids2017,0,0.030093,0.049647,0.03987,0,0,0
61363,cic_ids2017,0,0.001146,0.046295,0.02372,0,0,0
61376,cic_ids2017,0,0.0,0.046375,0.023188,0,0,0
61377,cic_ids2017,0,0.001705,0.051812,0.026758,0,0,0
61383,cic_ids2017,0,0.0,0.045073,0.022536,0,0,0
61391,cic_ids2017,0,0.003545,0.051888,0.027716,0,0,0
61402,cic_ids2017,0,0.015085,0.049685,0.032385,0,0,0
61418,cic_ids2017,0,0.001146,0.046291,0.023719,0,0,0
61419,cic_ids2017,0,0.0,0.046374,0.023187,0,0,0
61420,cic_ids2017,1,1.0,0.358117,0.679058,1,0,1
61429,cic_ids2017,1,1.0,0.407622,0.703811,1,0,1
61432,cic_ids2017,1,0.854015,0.049647,0.451831,1,0,0
61439,cic_ids2017,0,0.064423,0.049647,0.057035,0,0,0
61444,cic_ids2017,0,0.0,0.049682,0.024841,0,0,0
61449,cic_ids2017,0,0.002687,0.051812,0.02725,0,0,0
61450,cic_ids2017,0,0.0,0.049821,0.02491,0,0,0
61453,cic_ids2017,0,0.0,0.049735,0.024868,0,0,0
61456,cic_ids2017,0,0.031313,0.051812,0.041563,0,0,0
61459,cic_ids2017,0,0.11,0.048108,0.079054,0,0,0
61460,cic_ids2017,1,0.849249,0.049647,0.449448,1,0,0
61465,cic_ids2017,0,0.031313,0.051812,0.041563,0,0,0
61466,cic_ids2017,0,0.029302,0.049647,0.039475,0,0,0
61473,cic_ids2017,0,0.0,0.043786,0.021893,0,0,0
61488,cic_ids2017,0,0.001146,0.046292,0.023719,0,0,0
61495,cic_ids2017,0,0.0,0.046334,0.023167,0,0,0
61496,cic_ids2017,0,0.0,0.049734,0.024867,0,0,0
61518,cic_ids2017,0,0.064423,0.049647,0.057035,0,0,0
61523,cic_ids2017,0,0.001778,0.051812,0.026795,0,0,0
61524,cic_ids2017,0,0.003545,0.051817,0.027681,0,0,0
61527,cic_ids2017,0,0.0,0.046476,0.023238,0,0,0
61530,cic_ids2017,0,0.0,0.046399,0.023199,0,0,0
61531,cic_ids2017,0,0.001146,0.046293,0.02372,0,0,0
61534,cic_ids2017,0,0.001146,0.046293,0.02372,0,0,0
61547,cic_ids2017,0,0.001146,0.046292,0.023719,0,0,0
61548,cic_ids2017,0,0.0,0.051252,0.025626,0,0,0
61558,cic_ids2017,0,0.001654,0.051813,0.026733,0,0,0
61566,cic_ids2017,0,0.000899,0.051142,0.02602,0,0,0
61570,cic_ids2017,0,0.030093,0.049647,0.03987,0,0,0
61580,cic_ids2017,0,0.0,0.049692,0.024846,0,0,0
61585,cic_ids2017,1,0.913014,0.154973,0.533993,1,0,1
61588,cic_ids2017,1,0.849249,0.049647,0.449448,1,0,0
61589,cic_ids2017,0,0.001146,0.046294,0.02372,0,0,0
61593,cic_ids2017,0,0.001146,0.046297,0.023722,0,0,0
61595,cic_ids2017,0,0.0,0.014622,0.007311,0,0,0
61598,cic_ids2017,1,0.580888,0.049647,0.315268,1,0,0
61599,cic_ids2017,0,0.0,0.030531,0.015265,0,0,0
61600,cic_ids2017,0,0.0,0.049692,0.024846,0,0,0
61607,cic_ids2017,0,0.0,0.046643,0.023321,0,0,0
61611,cic_ids2017,0,0.001146,0.046292,0.023719,0,0,0
61612,cic_ids2017,0,0.0,0.043799,0.0219,0,0,0
61619,cic_ids2017,0,0.001778,0.051812,0.026795,0,0,0
61625,cic_ids2017,0,1.5e-05,0.04627,0.023143,0,0,0
61630,cic_ids2017,0,0.0,0.041178,0.020589,0,0,0
61638,cic_ids2017,0,0.656877,0.067532,0.362204,1,0,0
61639,cic_ids2017,1,1.0,0.037438,0.518719,1,0,1
61645,cic_ids2017,0,0.064423,0.049647,0.057035,0,0,0
61650,cic_ids2017,0,0.0,0.014704,0.007352,0,0,0
61659,cic_ids2017,1,1.0,0.475594,0.737797,1,0,1
61662,cic_ids2017,0,0.0,0.043783,0.021891,0,0,0
61669,cic_ids2017,0,0.001285,0.048945,0.025115,0,0,0
61672,cic_ids2017,1,0.956582,0.082757,0.519669,1,0,1
61678,cic_ids2017,1,1.0,0.290211,0.645105,1,0,1
61693,cic_ids2017,0,0.001146,0.046292,0.023719,0,0,0
61697,cic_ids2017,0,0.0,0.046342,0.023171,0,0,0
61706,cic_ids2017,0,0.0,0.041079,0.02054,0,0,0
61712,cic_ids2017,1,0.849249,0.049647,0.449448,1,0,0
61714,cic_ids2017,0,0.001146,0.046292,0.023719,0,0,0
61720,cic_ids2017,0,0.0,0.008804,0.004402,0,0,0
61723,cic_ids2017,0,0.0,0.044802,0.022401,0,0,0
61727,cic_ids2017,0,0.001705,0.051812,0.026758,0,0,0
61731,cic_ids2017,0,0.0,0.017531,0.008765,0,0,0
61734,cic_ids2017,0,0.001146,0.046293,0.023719,0,0,0
61735,cic_ids2017,0,0.001146,0.04629,0.023718,0,0,0
61737,cic_ids2017,0,0.0,0.049681,0.024841,0,0,0
61743,cic_ids2017,0,0.0,0.046356,0.023178,0,0,0
61747,cic_ids2017,1,0.854325,0.049647,0.451986,1,0,0
61758,cic_ids2017,0,0.0,0.046377,0.023188,0,0,0
61760,cic_ids2017,0,0.094493,0.051812,0.073153,0,0,0
61766,cic_ids2017,1,0.854015,0.049647,0.451831,1,0,0
61768,cic_ids2017,1,0.849249,0.049647,0.449448,1,0,0
61780,cic_ids2017,0,0.001146,0.046289,0.023718,0,0,0
61784,cic_ids2017,0,0.022385,0.049647,0.036016,0,0,0
61787,cic_ids2017,0,0.0,0.014213,0.007106,0,0,0
61796,cic_ids2017,0,0.0,0.02209,0.011045,0,0,0
61809,cic_ids2017,0,0.001731,0.061216,0.031473,0,0,0
61818,cic_ids2017,1,0.39,0.011871,0.200935,0,0,0
61820,cic_ids2017,0,0.0,0.050354,0.025177,0,0,0
61823,cic_ids2017,0,0.001146,0.046293,0.02372,0,0,0
61833,cic_ids2017,1,0.854325,0.049647,0.451986,1,0,0
61839,cic_ids2017,0,0.0,0.046337,0.023169,0,0,0
61848,cic_ids2017,0,0.0,0.049733,0.024867,0,0,0
61852,cic_ids2017,0,0.0,0.002047,0.001023,0,0,0
61865,cic_ids2017,1,1.0,0.286525,0.643262,1,0,1
61873,cic_ids2017,0,0.0,0.124638,0.062319,0,0,0
61876,cic_ids2017,0,0.022385,0.049647,0.036016,0,0,0
61879,cic_ids2017,0,0.001146,0.046292,0.023719,0,0,0
61893,cic_ids2017,0,0.001146,0.046296,0.023721,0,0,0
61914,cic_ids2017,0,0.01,0.007942,0.008971,0,0,0
61922,cic_ids2017,0,0.0,0.049693,0.024846,0,0,0
61928,cic_ids2017,0,0.0,0.04507,0.022535,0,0,0
61930,cic_ids2017,0,0.031313,0.051812,0.041563,0,0,0
61933,cic_ids2017,1,0.990881,0.13238,0.56163,1,0,1
61936,cic_ids2017,0,0.0,0.046324,0.023162,0,0,0
61946,cic_ids2017,0,0.0,0.012878,0.006439,0,0,0
61954,cic_ids2017,0,0.015085,0.049702,0.032393,0,0,0
61956,cic_ids2017,0,0.0,0.046434,0.023217,0,0,0
61978,cic_ids2017,0,0.0,0.001642,0.000821,0,0,0
61984,cic_ids2017,0,0.0,0.049738,0.024869,0,0,0
61995,cic_ids2017,0,0.0,0.050069,0.025034,0,0,0
61998,cic_ids2017,0,0.0,0.046356,0.023178,0,0,0
62005,cic_ids2017,0,0.001146,0.046292,0.023719,0,0,0
62006,cic_ids2017,0,0.0,0.045497,0.022749,0,0,0
62011,cic_ids2017,0,0.001146,0.046294,0.02372,0,0,0
62024,cic_ids2017,1,1.0,0.040527,0.520264,1,0,1
62032,cic_ids2017,0,0.001705,0.051812,0.026758,0,0,0
62034,cic_ids2017,0,0.0,0.008259,0.00413,0,0,0
62038,cic_ids2017,0,0.0,0.049692,0.024846,0,0,0
62040,cic_ids2017,0,0.0,0.045113,0.022557,0,0,0
62042,cic_ids2017,0,0.064423,0.049647,0.057035,0,0,0
62044,cic_ids2017,0,0.943545,0.051813,0.497679,1,0,0
62051,cic_ids2017,0,0.0,0.046295,0.023147,0,0,0
62059,cic_ids2017,0,0.01,0.101731,0.055866,0,0,0
62068,cic_ids2017,0,0.030093,0.049647,0.03987,0,0,0
62082,cic_ids2017,0,0.0,0.054559,0.027279,0,0,0
62093,cic_ids2017,0,0.0,0.041037,0.020519,0,0,0
62095,cic_ids2017,0,0.0,0.049616,0.024808,0,0,0
62098,cic_ids2017,0,0.0,0.047145,0.023572,0,0,0
62099,cic_ids2017,0,0.00746,0.047771,0.027616,0,0,0
62105,cic_ids2017,0,0.0,0.046528,0.023264,0,0,0
62107,cic_ids2017,0,0.001259,0.051812,0.026536,0,0,0
62109,cic_ids2017,0,0.001146,0.046294,0.02372,0,0,0
62110,cic_ids2017,0,0.0,0.000783,0.000392,0,0,0
62113,cic_ids2017,0,0.0,0.143226,0.071613,0,0,0
62121,cic_ids2017,1,1.0,0.041219,0.520609,1,0,1
62124,cic_ids2017,0,0.0,0.049734,0.024867,0,0,0
62139,cic_ids2017,0,0.030093,0.049647,0.03987,0,0,0
62150,cic_ids2017,1,0.854015,0.049647,0.451831,1,0,0
62152,cic_ids2017,0,0.001705,0.051812,0.026758,0,0,0
62158,cic_ids2017,0,0.250699,0.051141,0.15092,0,0,0
62161,cic_ids2017,0,0.0,0.046453,0.023227,0,0,0
62168,cic_ids2017,0,0.0,0.024153,0.012076,0,0,0
62169,cic_ids2017,0,1.5e-05,0.049092,0.024554,0,0,0
62170,cic_ids2017,0,0.0,0.045138,0.022569,0,0,0
62177,cic_ids2017,0,0.0,0.021743,0.010872,0,0,0
62178,cic_ids2017,0,0.001146,0.046292,0.023719,0,0,0
62182,cic_ids2017,0,0.0,0.507592,0.253796,0,1,0
62190,cic_ids2017,0,0.0,0.049681,0.024841,0,0,0
62191,cic_ids2017,0,0.0,0.014389,0.007195,0,0,0
62196,cic_ids2017,1,0.961447,0.046308,0.503878,1,0,1
62200,cic_ids2017,0,0.001146,0.046292,0.023719,0,0,0
62201,cic_ids2017,0,0.016071,0.048978,0.032524,0,0,0
62213,cic_ids2017,0,0.015085,0.04968,0.032383,0,0,0
62244,cic_ids2017,0,0.000899,0.051142,0.02602,0,0,0
62255,cic_ids2017,0,0.0,0.033658,0.016829,0,0,0
62261,cic_ids2017,1,1.0,0.463121,0.731561,1,0,1
62264,cic_ids2017,0,0.001148,0.051141,0.026145,0,0,0
62265,cic_ids2017,0,0.001259,0.051812,0.026536,0,0,0
62269,cic_ids2017,0,0.001146,0.046292,0.023719,0,0,0
62275,cic_ids2017,0,0.001146,0.046296,0.023721,0,0,0
62276,cic_ids2017,1,0.854015,0.049647,0.451831,1,0,0
62279,cic_ids2017,0,0.001146,0.046291,0.023719,0,0,0
62288,cic_ids2017,0,0.031313,0.051812,0.041563,0,0,0
62291,cic_ids2017,0,0.001146,0.046291,0.023719,0,0,0
62293,cic_ids2017,0,0.001146,0.046292,0.023719,0,0,0
62298,cic_ids2017,0,0.0,0.001095,0.000548,0,0,0
62301,cic_ids2017,0,0.02,0.032346,0.026173,0,0,0
62309,cic_ids2017,0,0.001146,0.046296,0.023721,0,0,0
62310,cic_ids2017,0,0.001146,0.046292,0.023719,0,0,0
62315,cic_ids2017,0,0.01,0.049648,0.029824,0,0,0
62318,cic_ids2017,0,0.0,0.008467,0.004234,0,0,0
62323,cic_ids2017,0,0.1,0.04709,0.073545,0,0,0
62332,cic_ids2017,0,0.001146,0.046293,0.02372,0,0,0
62343,cic_ids2017,0,0.001146,0.046292,0.023719,0,0,0
62356,cic_ids2017,0,0.001146,0.046295,0.02372,0,0,0
62358,cic_ids2017,0,0.02,0.039702,0.029851,0,0,0
62369,cic_ids2017,0,0.0,0.041345,0.020673,0,0,0
62371,cic_ids2017,0,0.001146,0.046294,0.02372,0,0,0
62372,cic_ids2017,0,0.0,0.049717,0.024858,0,0,0
62379,cic_ids2017,0,0.016071,0.048991,0.032531,0,0,0
62380,cic_ids2017,0,0.0,0.002929,0.001465,0,0,0
62381,cic_ids2017,0,0.0,0.049671,0.024835,0,0,0
62385,cic_ids2017,0,0.0,0.046337,0.023168,0,0,0
62386,cic_ids2017,0,0.015085,0.049668,0.032376,0,0,0
62393,cic_ids2017,0,0.015085,0.04968,0.032382,0,0,0
62394,cic_ids2017,0,0.0,0.049692,0.024846,0,0,0
62397,cic_ids2017,0,0.030093,0.049647,0.03987,0,0,0
62405,cic_ids2017,0,0.001146,0.04629,0.023718,0,0,0
62411,cic_ids2017,0,0.0,0.036574,0.018287,0,0,0
62412,cic_ids2017,1,0.854015,0.049647,0.451831,1,0,0
62417,cic_ids2017,0,0.030093,0.049647,0.03987,0,0,0
62418,cic_ids2017,1,1.0,0.454658,0.727329,1,0,1
62422,cic_ids2017,0,0.0,0.002459,0.001229,0,0,0
62430,cic_ids2017,0,0.001146,0.046292,0.023719,0,0,0
62437,cic_ids2017,0,0.0,0.049681,0.02484,0,0,0
62452,cic_ids2017,1,0.983014,0.21574,0.599377,1,0,1
62453,cic_ids2017,1,0.853895,0.049647,0.451771,1,0,0
62457,cic_ids2017,0,0.0,0.010081,0.00504,0,0,0
62459,cic_ids2017,0,0.0,0.009005,0.004502,0,0,0
62468,cic_ids2017,0,0.001146,0.046292,0.023719,0,0,0
62489,cic_ids2017,0,0.001259,0.051812,0.026536,0,0,0
62490,cic_ids2017,0,0.000881,0.050465,0.025673,0,0,0
62491,cic_ids2017,0,0.064423,0.049647,0.057035,0,0,0
62497,cic_ids2017,0,0.0,0.053944,0.026972,0,0,0
62502,cic_ids2017,0,0.0,0.046323,0.023162,0,0,0
62507,cic_ids2017,0,0.0,0.046361,0.02318,0,0,0
62512,cic_ids2017,0,0.130846,0.051812,0.091329,0,0,0
62518,cic_ids2017,0,0.0,0.061495,0.030747,0,0,0
62519,cic_ids2017,0,0.0,0.033802,0.016901,0,0,0
62521,cic_ids2017,1,0.849249,0.049647,0.449448,1,0,0
62529,cic_ids2017,0,0.0,0.046357,0.023178,0,0,0
62540,cic_ids2017,0,0.0,0.049716,0.024858,0,0,0
62545,cic_ids2017,0,0.0,0.014096,0.007048,0,0,0
62546,cic_ids2017,0,0.0,0.049824,0.024912,0,0,0
62549,cic_ids2017,0,0.0,0.046357,0.023179,0,0,0
62555,cic_ids2017,0,0.121203,0.047784,0.084493,0,0,0
62560,cic_ids2017,0,0.0,0.046626,0.023313,0,0,0
62563,cic_ids2017,0,0.02997,0.049647,0.039809,0,0,0
62567,cic_ids2017,0,0.0,0.021223,0.010612,0,0,0
62572,cic_ids2017,0,2.4e-05,0.041098,0.020561,0,0,0
62574,cic_ids2017,0,0.0,0.049691,0.024845,0,0,0
62578,cic_ids2017,0,0.131203,0.042533,0.086868,0,0,0
62593,cic_ids2017,0,0.001087,0.051813,0.02645,0,0,0
62595,cic_ids2017,0,0.001146,0.046291,0.023719,0,0,0
62601,cic_ids2017,0,0.000881,0.052015,0.026448,0,0,0
62602,cic_ids2017,0,0.0,0.13396,0.06698,0,0,0
62606,cic_ids2017,0,0.0,0.049692,0.024846,0,0,0
62608,cic_ids2017,0,0.0,0.046374,0.023187,0,0,0
62611,cic_ids2017,0,0.01,0.066216,0.038108,0,0,0
62612,cic_ids2017,0,0.000881,0.068145,0.034513,0,0,0
62614,cic_ids2017,1,0.849249,0.049647,0.449448,1,0,0
62627,cic_ids2017,1,0.854015,0.049647,0.451831,1,0,0
62634,cic_ids2017,0,0.0,0.017542,0.008771,0,0,0
62636,cic_ids2017,1,0.849249,0.049647,0.449448,1,0,0
62657,cic_ids2017,0,0.001146,0.04629,0.023718,0,0,0
62667,cic_ids2017,1,0.986582,0.102175,0.544378,1,0,1
62680,cic_ids2017,0,0.0,0.011706,0.005853,0,0,0
62695,cic_ids2017,0,1.5e-05,0.047016,0.023516,0,0,0
62699,cic_ids2017,0,0.0,0.026296,0.013148,0,0,0
62706,cic_ids2017,1,0.99,0.121926,0.555963,1,0,1
62710,cic_ids2017,1,0.854015,0.049647,0.451831,1,0,0
62711,cic_ids2017,0,0.0,0.003641,0.001821,0,0,0
62712,cic_ids2017,0,0.030093,0.049647,0.03987,0,0,0
62729,cic_ids2017,0,0.0,0.013708,0.006854,0,0,0
62733,cic_ids2017,0,0.0,0.046357,0.023178,0,0,0
62739,cic_ids2017,0,0.0,0.152662,0.076331,0,0,0
62741,cic_ids2017,0,0.0,0.046392,0.023196,0,0,0
62748,cic_ids2017,0,0.001146,0.046293,0.02372,0,0,0
62757,cic_ids2017,1,1.0,0.521604,0.760802,1,1,1
62758,cic_ids2017,1,1.0,0.041221,0.520611,1,0,1
62759,cic_ids2017,0,0.133082,0.051812,0.092447,0,0,0
62767,cic_ids2017,1,0.849249,0.049647,0.449448,1,0,0
62774,cic_ids2017,0,0.031313,0.051812,0.041563,0,0,0
62779,cic_ids2017,0,0.002048,0.051812,0.02693,0,0,0
62780,cic_ids2017,0,0.0,0.044516,0.022258,0,0,0
62784,cic_ids2017,0,0.000881,0.051815,0.026348,0,0,0
62788,cic_ids2017,1,0.849249,0.049647,0.449448,1,0,0
62789,cic_ids2017,0,0.001521,0.04708,0.0243,0,0,0
62792,cic_ids2017,0,0.0,0.049682,0.024841,0,0,0
62794,cic_ids2017,0,0.001781,0.051812,0.026797,0,0,0
62797,cic_ids2017,1,0.990881,0.053186,0.522033,1,0,1
62798,cic_ids2017,0,0.001146,0.046293,0.023719,0,0,0
62800,cic_ids2017,0,0.0,0.015884,0.007942,0,0,0
62804,cic_ids2017,1,0.99,0.064304,0.527152,1,0,1
62817,cic_ids2017,0,0.015951,0.047691,0.031821,0,0,0
62831,cic_ids2017,0,0.0,0.03298,0.01649,0,0,0
62836,cic_ids2017,0,0.0,0.061735,0.030867,0,0,0
62840,cic_ids2017,1,1.0,0.473903,0.736951,1,0,1
62842,cic_ids2017,0,0.001285,0.048945,0.025115,0,0,0
62848,cic_ids2017,0,0.001146,0.046293,0.023719,0,0,0
62849,cic_ids2017,0,0.001146,0.046292,0.023719,0,0,0
62855,cic_ids2017,0,0.000881,0.051336,0.026109,0,0,0
62861,cic_ids2017,0,0.08,0.037707,0.058854,0,0,0
62865,cic_ids2017,1,0.849249,0.049647,0.449448,1,0,0
62870,cic_ids2017,0,0.0,0.008488,0.004244,0,0,0
62874,cic_ids2017,0,0.001161,0.048946,0.025053,0,0,0
62881,cic_ids2017,1,1.0,0.327034,0.663517,1,0,1
62883,cic_ids2017,0,0.002296,0.051812,0.027054,0,0,0
62889,cic_ids2017,0,0.001146,0.046292,0.023719,0,0,0
62903,cic_ids2017,0,0.001143,0.046295,0.023719,0,0,0
62913,cic_ids2017,0,0.0,0.045049,0.022524,0,0,0
62920,cic_ids2017,0,0.0,0.049692,0.024846,0,0,0
62922,cic_ids2017,1,1.0,0.039613,0.519806,1,0,1
62923,cic_ids2017,0,0.0,0.049691,0.024846,0,0,0
62925,cic_ids2017,0,0.299319,0.051812,0.175565,0,0,0
62939,cic_ids2017,0,0.0,0.046373,0.023187,0,0,0
62941,cic_ids2017,0,0.0,0.036177,0.018088,0,0,0
62942,cic_ids2017,0,0.0,0.03562,0.01781,0,0,0
62947,cic_ids2017,0,0.0,0.046415,0.023208,0,0,0
62948,cic_ids2017,0,0.0,0.049691,0.024846,0,0,0
62955,cic_ids2017,0,0.0,0.052208,0.026104,0,0,0
62972,cic_ids2017,0,0.002439,0.061549,0.031994,0,0,0
62981,cic_ids2017,0,0.001146,0.046295,0.02372,0,0,0
62982,cic_ids2017,0,0.001146,0.046292,0.023719,0,0,0
62996,cic_ids2017,1,0.250699,0.051141,0.15092,0,0,0
63000,cic_ids2017,0,0.001146,0.046292,0.023719,0,0,0
63002,cic_ids2017,0,0.001143,0.04965,0.025396,0,0,0
63005,cic_ids2017,0,0.0,0.008461,0.004231,0,0,0
63007,cic_ids2017,0,0.001778,0.051812,0.026795,0,0,0
63008,cic_ids2017,0,0.00155,0.051812,0.026681,0,0,0
63009,cic_ids2017,0,0.0,0.046969,0.023484,0,0,0
63010,cic_ids2017,0,0.0,0.049781,0.02489,0,0,0
63011,cic_ids2017,0,0.016211,0.048639,0.032425,0,0,0
63016,cic_ids2017,0,0.0,0.049716,0.024858,0,0,0
63027,cic_ids2017,0,0.001705,0.051812,0.026758,0,0,0
63029,cic_ids2017,0,0.0,0.049691,0.024846,0,0,0
63038,cic_ids2017,0,0.0,0.047796,0.023898,0,0,0
63041,cic_ids2017,0,0.064423,0.049647,0.057035,0,0,0
63048,cic_ids2017,0,0.0,0.024657,0.012328,0,0,0
63052,cic_ids2017,0,0.0,0.046324,0.023162,0,0,0
63058,cic_ids2017,0,0.064423,0.049647,0.057035,0,0,0
63065,cic_ids2017,0,0.034813,0.048945,0.041879,0,0,0
63072,cic_ids2017,1,0.849249,0.049647,0.449448,1,0,0
63080,cic_ids2017,0,0.001146,0.046293,0.023719,0,0,0
63081,cic_ids2017,0,0.0,0.05163,0.025815,0,0,0
63090,cic_ids2017,0,0.001146,0.046294,0.02372,0,0,0
63108,cic_ids2017,0,0.09,0.018123,0.054061,0,0,0
63109,cic_ids2017,0,0.0,0.465661,0.232831,0,0,0
63111,cic_ids2017,0,0.0,0.046357,0.023179,0,0,0
63126,cic_ids2017,0,0.0,0.093779,0.04689,0,0,0
63129,cic_ids2017,1,1.0,0.302295,0.651148,1,0,1
63134,cic_ids2017,1,0.854015,0.049647,0.451831,1,0,0
63136,cic_ids2017,0,0.001146,0.046293,0.02372,0,0,0
63137,cic_ids2017,0,0.17,0.025033,0.097517,0,0,0
63143,cic_ids2017,0,0.030093,0.049647,0.03987,0,0,0
63147,cic_ids2017,0,0.031313,0.051812,0.041563,0,0,0
63163,cic_ids2017,0,0.0,0.049783,0.024892,0,0,0
63166,cic_ids2017,1,0.854015,0.049647,0.451831,1,0,0
63169,cic_ids2017,0,0.001146,0.046294,0.02372,0,0,0
63172,cic_ids2017,0,0.064423,0.049647,0.057035,0,0,0
63173,cic_ids2017,0,0.064423,0.049647,0.057035,0,0,0
63186,cic_ids2017,0,0.001315,0.048945,0.02513,0,0,0
63187,cic_ids2017,0,0.0,0.004711,0.002356,0,0,0
63188,cic_ids2017,0,0.0,0.046374,0.023187,0,0,0
63189,cic_ids2017,0,0.001146,0.046295,0.02372,0,0,0
63191,cic_ids2017,0,0.0,0.049671,0.024836,0,0,0
63193,cic_ids2017,0,0.0,0.046357,0.023179,0,0,0
63198,cic_ids2017,0,0.0,0.046335,0.023168,0,0,0
63199,cic_ids2017,0,0.001778,0.051812,0.026795,0,0,0
63200,cic_ids2017,0,0.001587,0.045844,0.023715,0,0,0
63209,cic_ids2017,0,0.064423,0.049647,0.057035,0,0,0
63210,cic_ids2017,1,0.980881,0.117167,0.549024,1,0,1
63213,cic_ids2017,1,1.0,0.222505,0.611253,1,0,1
63217,cic_ids2017,0,0.01,0.020027,0.015013,0,0,0
63222,cic_ids2017,0,0.064423,0.049647,0.057035,0,0,0
63223,cic_ids2017,0,0.0,0.049693,0.024847,0,0,0
63230,cic_ids2017,1,1.0,0.323079,0.661539,1,0,1
63236,cic_ids2017,0,0.064423,0.049647,0.057035,0,0,0
63238,cic_ids2017,0,0.0,0.049668,0.024834,0,0,0
63246,cic_ids2017,0,0.001778,0.051812,0.026795,0,0,0
63250,cic_ids2017,0,0.001146,0.046298,0.023722,0,0,0
63255,cic_ids2017,0,0.004284,0.051812,0.028048,0,0,0
63262,cic_ids2017,0,0.030093,0.049647,0.03987,0,0,0
63275,cic_ids2017,0,0.0,0.023357,0.011679,0,0,0
63282,cic_ids2017,0,0.015085,0.049719,0.032402,0,0,0
63298,cic_ids2017,0,0.015085,0.049781,0.032433,0,0,0
63304,cic_ids2017,0,0.0,0.049822,0.024911,0,0,0
63308,cic_ids2017,0,0.0,0.049719,0.02486,0,0,0
63313,cic_ids2017,0,0.0,0.045077,0.022539,0,0,0
63322,cic_ids2017,0,0.001146,0.046296,0.023721,0,0,0
63334,cic_ids2017,0,0.010015,0.048978,0.029497,0,0,0
63335,cic_ids2017,1,0.854015,0.049647,0.451831,1,0,0
63342,cic_ids2017,0,0.0,0.046421,0.02321,0,0,0
63345,cic_ids2017,0,0.001778,0.051812,0.026795,0,0,0
63350,cic_ids2017,0,0.0,0.014175,0.007087,0,0,0
63351,cic_ids2017,0,0.001146,0.046293,0.02372,0,0,0
63355,cic_ids2017,1,1.0,0.44724,0.72362,1,0,1
63357,cic_ids2017,0,0.001146,0.046293,0.023719,0,0,0
63368,cic_ids2017,0,0.0,0.045074,0.022537,0,0,0
63369,cic_ids2017,0,0.001146,0.04629,0.023718,0,0,0
63370,cic_ids2017,1,1.0,0.036984,0.518492,1,0,1
63383,cic_ids2017,0,0.001146,0.046292,0.023719,0,0,0
63389,cic_ids2017,1,1.0,0.463357,0.731679,1,0,1
63394,cic_ids2017,0,0.001146,0.046295,0.02372,0,0,0
63399,cic_ids2017,0,0.001146,0.046294,0.02372,0,0,0
63401,cic_ids2017,0,0.0,0.046339,0.02317,0,0,0
63403,cic_ids2017,0,0.0,0.052243,0.026121,0,0,0
63404,cic_ids2017,0,0.0,0.046326,0.023163,0,0,0
63406,cic_ids2017,0,0.010015,0.04832,0.029168,0,0,0
63412,cic_ids2017,0,0.001778,0.051812,0.026795,0,0,0
63418,cic_ids2017,0,0.010322,0.038774,0.024548,0,0,0
63428,cic_ids2017,0,0.001146,0.04629,0.023718,0,0,0
63433,cic_ids2017,0,0.0,0.000946,0.000473,0,0,0
63436,cic_ids2017,0,0.001146,0.046297,0.023722,0,0,0
63444,cic_ids2017,0,0.0,0.027297,0.013648,0,0,0
63446,cic_ids2017,0,0.0,0.051286,0.025643,0,0,0
63450,cic_ids2017,0,0.001146,0.046292,0.023719,0,0,0
63458,cic_ids2017,0,0.0,0.045102,0.022551,0,0,0
63463,cic_ids2017,0,0.064423,0.049647,0.057035,0,0,0
63465,cic_ids2017,0,0.0,0.049692,0.024846,0,0,0
63466,cic_ids2017,1,0.849249,0.049647,0.449448,1,0,0
63480,cic_ids2017,1,0.854015,0.049647,0.451831,1,0,0
63481,cic_ids2017,0,0.02,0.008784,0.014392,0,0,0
63485,cic_ids2017,0,0.0,0.040326,0.020163,0,0,0
63487,cic_ids2017,0,0.031313,0.051812,0.041563,0,0,0
63488,cic_ids2017,0,0.030093,0.049647,0.03987,0,0,0
63490,cic_ids2017,0,0.001146,0.046292,0.023719,0,0,0
63498,cic_ids2017,1,0.851203,0.294287,0.572745,1,0,1
63515,cic_ids2017,0,0.001705,0.051812,0.026758,0,0,0
63516,cic_ids2017,0,0.001146,0.046296,0.023721,0,0,0
63521,cic_ids2017,1,1.0,0.041316,0.520658,1,0,1
63524,cic_ids2017,0,0.001158,0.048946,0.025052,0,0,0
63525,cic_ids2017,0,0.0,0.004978,0.002489,0,0,0
63527,cic_ids2017,0,0.064052,0.049647,0.056849,0,0,0
63535,cic_ids2017,0,0.0,0.046472,0.023236,0,0,0
63536,cic_ids2017,1,0.854015,0.049647,0.451831,1,0,0
63540,cic_ids2017,0,0.0,0.317873,0.158936,0,0,0
63544,cic_ids2017,0,0.0,0.045461,0.022731,0,0,0
63547,cic_ids2017,0,0.001778,0.051812,0.026795,0,0,0
63552,cic_ids2017,1,0.849249,0.049647,0.449448,1,0,0
63560,cic_ids2017,0,0.0,0.005084,0.002542,0,0,0
63563,cic_ids2017,0,0.002048,0.051812,0.02693,0,0,0
63572,cic_ids2017,0,0.000915,0.051142,0.026028,0,0,0
63581,cic_ids2017,0,0.015085,0.049678,0.032382,0,0,0
63582,cic_ids2017,1,1.0,0.493815,0.746907,1,0,1
63590,cic_ids2017,0,0.0,0.030503,0.015251,0,0,0
63594,cic_ids2017,0,0.0,0.006405,0.003202,0,0,0
63603,cic_ids2017,1,0.883014,0.216079,0.549546,1,0,1
63606,cic_ids2017,0,0.06,0.092423,0.076211,0,0,0
63618,cic_ids2017,0,0.0,0.043765,0.021882,0,0,0
63623,cic_ids2017,0,0.01,0.040268,0.025134,0,0,0
63629,cic_ids2017,0,0.0,0.044313,0.022157,0,0,0
63631,cic_ids2017,0,0.004437,0.051812,0.028124,0,0,0
63634,cic_ids2017,0,0.000881,0.25025,0.125566,0,0,0
63649,cic_ids2017,0,0.064423,0.049647,0.057035,0,0,0
63669,cic_ids2017,0,0.001146,0.046292,0.023719,0,0,0
63671,cic_ids2017,0,0.001025,0.051815,0.02642,0,0,0
63675,cic_ids2017,0,0.0,0.031865,0.015933,0,0,0
63677,cic_ids2017,0,0.001146,0.046289,0.023718,0,0,0
63678,cic_ids2017,0,0.0,0.046326,0.023163,0,0,0
63679,cic_ids2017,0,0.0,0.219814,0.109907,0,0,0
63680,cic_ids2017,0,0.000881,0.051845,0.026363,0,0,0
63681,cic_ids2017,0,0.0,0.049734,0.024867,0,0,0
63685,cic_ids2017,0,0.0,0.045102,0.022551,0,0,0
63690,cic_ids2017,0,0.001285,0.048945,0.025115,0,0,0
63691,cic_ids2017,0,0.250881,0.371501,0.311191,0,0,0
63696,cic_ids2017,0,0.0,0.040482,0.020241,0,0,0
63701,cic_ids2017,0,0.0,0.009982,0.004991,0,0,0
63703,cic_ids2017,0,0.0,0.046373,0.023187,0,0,0
63713,cic_ids2017,0,0.001143,0.04965,0.025396,0,0,0
63723,cic_ids2017,0,0.000881,0.051813,0.026347,0,0,0
63732,cic_ids2017,0,0.000915,0.051142,0.026028,0,0,0
63739,cic_ids2017,0,0.0,0.06469,0.032345,0,0,0
63747,cic_ids2017,1,1.0,0.037015,0.518507,1,0,1
63748,cic_ids2017,0,0.0,0.049736,0.024868,0,0,0
63749,cic_ids2017,0,0.0,0.052928,0.026464,0,0,0
63771,cic_ids2017,0,0.0,0.046323,0.023161,0,0,0
63772,cic_ids2017,0,0.0,0.002471,0.001235,0,0,0
63776,cic_ids2017,1,0.99,0.431899,0.71095,1,0,1
63781,cic_ids2017,0,0.0,0.04634,0.02317,0,0,0
63784,cic_ids2017,0,0.0,0.046323,0.023161,0,0,0
63806,cic_ids2017,0,0.0,0.012737,0.006368,0,0,0
63807,cic_ids2017,0,0.064423,0.049647,0.057035,0,0,0
63813,cic_ids2017,0,0.064423,0.049647,0.057035,0,0,0
63816,cic_ids2017,0,0.0,0.009025,0.004513,0,0,0
63817,cic_ids2017,1,1.0,0.325242,0.662621,1,0,1
63821,cic_ids2017,0,0.0,0.049695,0.024847,0,0,0
63826,cic_ids2017,0,0.001143,0.04965,0.025396,0,0,0
63838,cic_ids2017,0,0.064423,0.049647,0.057035,0,0,0
63840,cic_ids2017,0,0.0,0.049805,0.024902,0,0,0
63845,cic_ids2017,0,0.0,0.046533,0.023267,0,0,0
63852,cic_ids2017,0,0.0,0.046326,0.023163,0,0,0
63853,cic_ids2017,1,0.976582,0.053519,0.51505,1,0,1
63865,cic_ids2017,0,0.000881,0.051939,0.02641,0,0,0
63866,cic_ids2017,0,0.030093,0.049647,0.03987,0,0,0
63868,cic_ids2017,1,0.849249,0.049647,0.449448,1,0,0
63870,cic_ids2017,0,0.0,0.014601,0.007301,0,0,0
63874,cic_ids2017,0,0.0,0.022916,0.011458,0,0,0
63879,cic_ids2017,0,0.064423,0.049647,0.057035,0,0,0
63882,cic_ids2017,0,0.001146,0.046296,0.023721,0,0,0
63883,cic_ids2017,0,0.0,3.9e-05,1.9e-05,0,0,0
63890,cic_ids2017,0,0.006211,0.047123,0.026667,0,0,0
63891,cic_ids2017,0,0.0,0.025872,0.012936,0,0,0
63894,cic_ids2017,1,1.0,0.464037,0.732018,1,0,1
63904,cic_ids2017,0,1.5e-05,0.048994,0.024505,0,0,0
63906,cic_ids2017,0,0.0,0.015907,0.007953,0,0,0
63911,cic_ids2017,0,0.0,0.045051,0.022525,0,0,0
63912,cic_ids2017,1,0.88343,0.051143,0.467287,1,0,0
63918,cic_ids2017,0,0.02997,0.049647,0.039809,0,0,0
63920,cic_ids2017,0,0.13098,0.051812,0.091396,0,0,0
63921,cic_ids2017,0,0.001146,0.046296,0.023721,0,0,0
63935,cic_ids2017,0,0.0,0.045071,0.022536,0,0,0
63936,cic_ids2017,0,0.064423,0.049647,0.057035,0,0,0
63937,cic_ids2017,1,1.0,0.410823,0.705411,1,0,1
63940,cic_ids2017,0,0.0,0.046327,0.023163,0,0,0
63944,cic_ids2017,0,0.010741,0.042814,0.026777,0,0,0
63948,cic_ids2017,0,0.0,0.049693,0.024846,0,0,0
63953,cic_ids2017,0,0.0,0.12768,0.06384,0,0,0
63954,cic_ids2017,0,0.001146,0.046292,0.023719,0,0,0
63961,cic_ids2017,0,0.0,0.172611,0.086305,0,0,0
63965,cic_ids2017,0,0.013068,0.051812,0.03244,0,0,0
63968,cic_ids2017,0,0.064423,0.049647,0.057035,0,0,0
63971,cic_ids2017,0,0.000881,0.041025,0.020953,0,0,0
63973,cic_ids2017,0,0.0,0.04634,0.02317,0,0,0
63975,cic_ids2017,0,0.001146,0.046293,0.023719,0,0,0
63983,cic_ids2017,0,0.002671,0.06905,0.035861,0,0,0
63985,cic_ids2017,0,0.001146,0.046294,0.02372,0,0,0
63990,cic_ids2017,0,0.0,0.046357,0.023179,0,0,0
64012,cic_ids2017,0,0.030093,0.049647,0.03987,0,0,0
64013,cic_ids2017,1,0.99,0.035105,0.512553,1,0,1
64020,cic_ids2017,0,0.030093,0.049647,0.03987,0,0,0
64025,cic_ids2017,1,0.978549,0.132333,0.555441,1,0,1
64028,cic_ids2017,0,0.0,0.046295,0.023148,0,0,0
64030,cic_ids2017,0,0.015085,0.049649,0.032367,0,0,0
64031,cic_ids2017,0,0.001146,0.046292,0.023719,0,0,0
64032,cic_ids2017,0,0.040881,0.051813,0.046347,0,0,0
64043,cic_ids2017,0,0.0,0.049715,0.024857,0,0,0
64064,cic_ids2017,0,0.0,0.049681,0.024841,0,0,0
64065,cic_ids2017,0,0.0,0.029302,0.014651,0,0,0
64068,cic_ids2017,0,0.0,0.026092,0.013046,0,0,0
64081,cic_ids2017,0,0.0,0.024787,0.012394,0,0,0
64085,cic_ids2017,0,0.180881,0.0222,0.101541,0,0,0
64091,cic_ids2017,0,0.0,0.045109,0.022554,0,0,0
64100,cic_ids2017,1,1.0,0.479469,0.739735,1,0,1
64102,cic_ids2017,0,0.0,0.049683,0.024841,0,0,0
64104,cic_ids2017,0,0.001146,0.04629,0.023718,0,0,0
64108,cic_ids2017,0,0.0,0.33912,0.16956,0,0,0
64115,cic_ids2017,0,0.0,0.049661,0.02483,0,0,0
64116,cic_ids2017,0,0.064423,0.049647,0.057035,0,0,0
64117,cic_ids2017,0,0.011587,0.045619,0.028603,0,0,0
64140,cic_ids2017,1,1.0,0.513333,0.756667,1,1,1
64142,cic_ids2017,0,2.4e-05,0.042984,0.021504,0,0,0
64143,cic_ids2017,1,0.849249,0.049647,0.449448,1,0,0
64146,cic_ids2017,0,0.0,0.045051,0.022526,0,0,0
64157,cic_ids2017,1,0.854015,0.049647,0.451831,1,0,0
64158,cic_ids2017,0,0.0,0.052876,0.026438,0,0,0
64164,cic_ids2017,0,0.001146,0.04629,0.023718,0,0,0
64167,cic_ids2017,0,0.620881,0.051154,0.336018,1,0,0
64168,cic_ids2017,0,0.0,0.046681,0.023341,0,0,0
64177,cic_ids2017,0,0.001146,0.046294,0.02372,0,0,0
64181,cic_ids2017,0,0.0,0.034704,0.017352,0,0,0
64189,cic_ids2017,0,0.001143,0.040258,0.020701,0,0,0
64190,cic_ids2017,0,0.001146,0.046293,0.023719,0,0,0
64193,cic_ids2017,1,1.0,0.464369,0.732185,1,0,1
64202,cic_ids2017,0,0.001654,0.051813,0.026733,0,0,0
64205,cic_ids2017,0,0.001146,0.046293,0.023719,0,0,0
64217,cic_ids2017,0,0.001146,0.046293,0.02372,0,0,0
64218,cic_ids2017,0,0.001146,0.046296,0.023721,0,0,0
64227,cic_ids2017,0,0.001146,0.046292,0.023719,0,0,0
64232,cic_ids2017,0,0.0,0.049718,0.024859,0,0,0
64238,cic_ids2017,0,0.001146,0.046301,0.023724,0,0,0
64240,cic_ids2017,0,0.0,0.046376,0.023188,0,0,0
64242,cic_ids2017,0,0.0,0.049735,0.024868,0,0,0
64248,cic_ids2017,0,0.000881,0.051849,0.026365,0,0,0
64249,cic_ids2017,0,0.001146,0.046293,0.02372,0,0,0
64253,cic_ids2017,0,0.0,0.026311,0.013156,0,0,0
64256,cic_ids2017,0,0.001146,0.046296,0.023721,0,0,0
64257,cic_ids2017,0,0.0,0.040302,0.020151,0,0,0
64261,cic_ids2017,0,0.0,0.045319,0.022659,0,0,0
64269,cic_ids2017,0,0.0,0.04635,0.023175,0,0,0
64277,cic_ids2017,1,1.0,0.303234,0.651617,1,0,1
64280,cic_ids2017,0,0.666687,0.067493,0.36709,1,0,0
64284,cic_ids2017,0,0.0,0.156939,0.078469,0,0,0
64287,cic_ids2017,0,0.0,0.576472,0.288236,0,1,0
64290,cic_ids2017,0,0.030093,0.049647,0.03987,0,0,0
64293,cic_ids2017,1,0.849249,0.049647,0.449448,1,0,0
64297,cic_ids2017,0,0.0,0.049817,0.024909,0,0,0
64300,cic_ids2017,0,0.0,0.014101,0.00705,0,0,0
64305,cic_ids2017,0,0.0,0.091754,0.045877,0,0,0
64307,cic_ids2017,0,0.001146,0.046292,0.023719,0,0,0
64308,cic_ids2017,1,0.849249,0.049647,0.449448,1,0,0
64311,cic_ids2017,0,0.05,0.034505,0.042253,0,0,0
64315,cic_ids2017,0,0.001146,0.046294,0.02372,0,0,0
64328,cic_ids2017,0,0.0,0.049697,0.024849,0,0,0
64332,cic_ids2017,0,0.001146,0.046293,0.023719,0,0,0
64339,cic_ids2017,0,0.0,0.012939,0.006469,0,0,0
64358,cic_ids2017,0,0.001781,0.051812,0.026797,0,0,0
64368,cic_ids2017,0,0.023545,0.050494,0.037019,0,0,0
64370,cic_ids2017,0,0.001146,0.046294,0.02372,0,0,0
64376,cic_ids2017,0,0.001146,0.04629,0.023718,0,0,0
64385,cic_ids2017,1,1.0,0.418049,0.709024,1,0,1
64391,cic_ids2017,0,0.0,0.014582,0.007291,0,0,0
64396,cic_ids2017,0,0.0,0.046335,0.023168,0,0,0
64401,cic_ids2017,0,0.0,0.045145,0.022572,0,0,0
64403,cic_ids2017,0,0.0,0.049694,0.024847,0,0,0
64408,cic_ids2017,0,0.001143,0.046293,0.023718,0,0,0
64409,cic_ids2017,1,0.97,0.092604,0.531302,1,0,1
64413,cic_ids2017,0,0.001146,0.046289,0.023718,0,0,0
64414,cic_ids2017,0,0.0,0.121901,0.060951,0,0,0
64417,cic_ids2017,0,0.0,0.046334,0.023167,0,0,0
64421,cic_ids2017,1,1.0,0.272578,0.636289,1,0,1
64425,cic_ids2017,1,1.0,0.329747,0.664874,1,0,1
64426,cic_ids2017,0,0.0,0.049692,0.024846,0,0,0
64433,cic_ids2017,1,1.0,0.428791,0.714396,1,0,1
64436,cic_ids2017,1,0.990881,0.056916,0.523898,1,0,1
64441,cic_ids2017,0,0.0,0.038039,0.01902,0,0,0
64444,cic_ids2017,1,0.854015,0.049647,0.451831,1,0,0
64445,cic_ids2017,1,1.0,0.29389,0.646945,1,0,1
64457,cic_ids2017,0,0.0,0.037168,0.018584,0,0,0
64465,cic_ids2017,0,0.0,0.01429,0.007145,0,0,0
64469,cic_ids2017,0,0.0,0.049738,0.024869,0,0,0
64487,cic_ids2017,0,0.0,0.045786,0.022893,0,0,0
64490,cic_ids2017,0,0.001146,0.046291,0.023719,0,0,0
64496,cic_ids2017,1,0.849249,0.049647,0.449448,1,0,0
64497,cic_ids2017,0,0.001143,0.04965,0.025396,0,0,0
64506,cic_ids2017,0,0.0,0.046388,0.023194,0,0,0
64509,cic_ids2017,1,0.854015,0.049647,0.451831,1,0,0
64529,cic_ids2017,0,0.001146,0.046294,0.02372,0,0,0
64555,cic_ids2017,0,0.0,0.011028,0.005514,0,0,0
64558,cic_ids2017,0,0.002439,0.061189,0.031814,0,0,0
64568,cic_ids2017,0,0.005055,0.044046,0.024551,0,0,0
64572,cic_ids2017,1,0.849249,0.049647,0.449448,1,0,0
64574,cic_ids2017,0,0.031313,0.051812,0.041563,0,0,0
64589,cic_ids2017,0,0.0,0.046361,0.02318,0,0,0
64590,cic_ids2017,0,0.001781,0.051812,0.026797,0,0,0
64593,cic_ids2017,0,0.001146,0.046294,0.02372,0,0,0
64599,cic_ids2017,0,0.015085,0.049698,0.032391,0,0,0
64603,cic_ids2017,0,0.0,0.041035,0.020518,0,0,0
64610,cic_ids2017,0,0.0,0.046378,0.023189,0,0,0
64611,cic_ids2017,0,0.064423,0.049647,0.057035,0,0,0
64612,cic_ids2017,0,0.0,0.045167,0.022584,0,0,0
64619,cic_ids2017,1,0.988549,0.138285,0.563417,1,0,1
64623,cic_ids2017,0,0.001146,0.046296,0.023721,0,0,0
64624,cic_ids2017,0,0.001146,0.046295,0.02372,0,0,0
64628,cic_ids2017,0,0.0,0.046396,0.023198,0,0,0
64634,cic_ids2017,0,0.00149,0.063697,0.032593,0,0,0
64637,cic_ids2017,0,1.5e-05,0.04899,0.024503,0,0,0
64640,cic_ids2017,0,0.001146,0.04629,0.023718,0,0,0
64644,cic_ids2017,0,0.0,0.009454,0.004727,0,0,0
64648,cic_ids2017,1,1.0,0.497504,0.748752,1,0,1
64658,cic_ids2017,1,0.990881,0.125107,0.557994,1,0,1
64659,cic_ids2017,0,0.0,0.026554,0.013277,0,0,0
64667,cic_ids2017,0,0.01,0.010045,0.010022,0,0,0
64670,cic_ids2017,0,0.001705,0.051812,0.026758,0,0,0
64685,cic_ids2017,0,0.0,0.046334,0.023167,0,0,0
64686,cic_ids2017,0,0.001146,0.046297,0.023721,0,0,0
64687,cic_ids2017,0,0.030093,0.049647,0.03987,0,0,0
64690,cic_ids2017,0,0.001778,0.051812,0.026795,0,0,0
64691,cic_ids2017,0,0.0,0.023403,0.011702,0,0,0
64692,cic_ids2017,0,0.001158,0.048304,0.024731,0,0,0
64694,cic_ids2017,0,0.0,0.046295,0.023148,0,0,0
64698,cic_ids2017,1,0.99,0.273147,0.631573,1,0,1
64700,cic_ids2017,0,0.0,0.045065,0.022533,0,0,0
64706,cic_ids2017,0,0.003545,0.051847,0.027696,0,0,0
64711,cic_ids2017,0,0.0,0.12374,0.06187,0,0,0
64715,cic_ids2017,0,0.250699,0.051141,0.15092,0,0,0
64716,cic_ids2017,0,0.001146,0.046292,0.023719,0,0,0
64718,cic_ids2017,0,0.064423,0.049647,0.057035,0,0,0
64732,cic_ids2017,0,0.022385,0.049647,0.036016,0,0,0
64737,cic_ids2017,0,0.0,0.039734,0.019867,0,0,0
64739,cic_ids2017,0,0.0,0.049718,0.024859,0,0,0
64753,cic_ids2017,0,0.001146,0.046293,0.023719,0,0,0
64754,cic_ids2017,0,0.005055,0.044974,0.025014,0,0,0
64760,cic_ids2017,0,0.0,0.019086,0.009543,0,0,0
64768,cic_ids2017,0,0.0,0.045102,0.022551,0,0,0
64775,cic_ids2017,0,0.001781,0.051812,0.026797,0,0,0
64781,cic_ids2017,1,0.849249,0.049647,0.449448,1,0,0
64783,cic_ids2017,0,0.029461,0.049647,0.039554,0,0,0
64784,cic_ids2017,0,0.017716,0.048945,0.033331,0,0,0
64785,cic_ids2017,0,0.0,0.046359,0.02318,0,0,0
64786,cic_ids2017,0,0.0,0.045051,0.022525,0,0,0
64787,cic_ids2017,0,0.0,0.049737,0.024868,0,0,0
64788,cic_ids2017,0,0.001146,0.046293,0.02372,0,0,0
64798,cic_ids2017,0,0.0,0.046356,0.023178,0,0,0
64810,cic_ids2017,0,0.0,0.123274,0.061637,0,0,0
64813,cic_ids2017,0,0.001146,0.046295,0.023721,0,0,0
64815,cic_ids2017,1,0.866105,0.049647,0.457876,1,0,0
64817,cic_ids2017,1,1.0,0.489823,0.744912,1,0,1
64821,cic_ids2017,1,0.849249,0.049647,0.449448,1,0,0
64827,cic_ids2017,0,0.0,0.536706,0.268353,0,1,0
64837,cic_ids2017,0,0.001146,0.046295,0.02372,0,0,0
64845,cic_ids2017,0,0.0,0.046389,0.023195,0,0,0
64848,cic_ids2017,1,1.0,0.48535,0.742675,1,0,1
64855,cic_ids2017,0,0.0,0.3278,0.1639,0,0,0
64868,cic_ids2017,0,0.001146,0.046292,0.023719,0,0,0
64872,cic_ids2017,0,0.001146,0.046294,0.02372,0,0,0
64885,cic_ids2017,0,0.0,0.005177,0.002589,0,0,0
64886,cic_ids2017,0,0.001146,0.046296,0.023721,0,0,0
64887,cic_ids2017,1,0.443545,0.051816,0.24768,0,0,0
64890,cic_ids2017,0,0.0,0.049715,0.024858,0,0,0
64897,cic_ids2017,0,0.0,0.046416,0.023208,0,0,0
64903,cic_ids2017,0,0.030093,0.049647,0.03987,0,0,0
64905,cic_ids2017,0,0.0,0.049649,0.024825,0,0,0
64911,cic_ids2017,0,0.0,0.045072,0.022536,0,0,0
64915,cic_ids2017,0,0.004618,0.048945,0.026782,0,0,0
64919,cic_ids2017,0,0.0,0.044228,0.022114,0,0,0
64927,cic_ids2017,0,0.0,0.033984,0.016992,0,0,0
64954,cic_ids2017,0,0.000881,0.051818,0.026349,0,0,0
64968,cic_ids2017,0,0.0,0.036426,0.018213,0,0,0
64975,cic_ids2017,1,0.94,0.039267,0.489633,1,0,0
64979,cic_ids2017,0,0.010015,0.049017,0.029516,0,0,0
64980,cic_ids2017,0,0.0,0.045091,0.022546,0,0,0
64981,cic_ids2017,0,0.001146,0.046294,0.02372,0,0,0
64983,cic_ids2017,0,0.0,0.036844,0.018422,0,0,0
64991,cic_ids2017,0,0.006788,0.051813,0.0293,0,0,0
64998,cic_ids2017,0,0.0,0.046332,0.023166,0,0,0
65014,cic_ids2017,1,0.854015,0.049647,0.451831,1,0,0
65015,cic_ids2017,0,0.0,0.127779,0.06389,0,0,0
65018,cic_ids2017,0,0.000881,0.041015,0.020948,0,0,0
65019,cic_ids2017,0,0.0,0.049692,0.024846,0,0,0
65023,cic_ids2017,0,0.030093,0.049647,0.03987,0,0,0
65030,cic_ids2017,0,0.001146,0.046292,0.023719,0,0,0
65032,cic_ids2017,0,0.001146,0.046293,0.023719,0,0,0
65034,cic_ids2017,0,0.0,0.049717,0.024858,0,0,0
65038,cic_ids2017,0,0.030093,0.049647,0.03987,0,0,0
65047,cic_ids2017,0,2.4e-05,0.047397,0.023711,0,0,0
65057,cic_ids2017,1,1.0,0.039051,0.519525,1,0,1
65061,cic_ids2017,0,0.001146,0.04629,0.023718,0,0,0
65062,cic_ids2017,0,0.001146,0.04629,0.023718,0,0,0
65064,cic_ids2017,0,0.001146,0.046295,0.02372,0,0,0
65070,cic_ids2017,1,0.849249,0.049647,0.449448,1,0,0
65076,cic_ids2017,0,0.0,0.010836,0.005418,0,0,0
65080,cic_ids2017,0,0.001146,0.046296,0.023721,0,0,0
65093,cic_ids2017,0,2.4e-05,0.037238,0.018631,0,0,0
65104,cic_ids2017,0,0.000322,0.130666,0.065494,0,0,0
65111,cic_ids2017,0,0.0,0.049692,0.024846,0,0,0
65114,cic_ids2017,0,0.001146,0.046291,0.023719,0,0,0
65117,cic_ids2017,0,0.02,0.076149,0.048075,0,0,0
65120,cic_ids2017,0,0.0,0.049682,0.024841,0,0,0
65127,cic_ids2017,0,0.001146,0.046297,0.023721,0,0,0
65131,cic_ids2017,0,0.064423,0.049647,0.057035,0,0,0
65132,cic_ids2017,0,0.0,0.049717,0.024859,0,0,0
65136,cic_ids2017,1,0.854015,0.049647,0.451831,1,0,0
65138,cic_ids2017,0,0.0,0.045107,0.022553,0,0,0
65146,cic_ids2017,0,0.001778,0.051812,0.026795,0,0,0
65160,cic_ids2017,0,0.0,0.046334,0.023167,0,0,0
65163,cic_ids2017,0,0.004067,0.051812,0.02794,0,0,0
65168,cic_ids2017,0,0.001146,0.04629,0.023718,0,0,0
65170,cic_ids2017,0,0.0,0.031121,0.015561,0,0,0
65182,cic_ids2017,0,0.0,0.046335,0.023167,0,0,0
65186,cic_ids2017,0,0.002439,0.062611,0.032525,0,0,0
65188,cic_ids2017,0,0.01,0.050174,0.030087,0,0,0
65198,cic_ids2017,0,0.0,0.051735,0.025868,0,0,0
65204,cic_ids2017,0,0.01,0.046547,0.028273,0,0,0
65207,cic_ids2017,0,0.001259,0.051812,0.026536,0,0,0
65211,cic_ids2017,0,0.0,0.017162,0.008581,0,0,0
65218,cic_ids2017,1,1.0,0.275809,0.637905,1,0,1
65225,cic_ids2017,0,0.015085,0.049714,0.0324,0,0,0
65232,cic_ids2017,0,0.001146,0.046291,0.023719,0,0,0
65248,cic_ids2017,0,0.0,0.040333,0.020167,0,0,0
65254,cic_ids2017,0,0.001146,0.046296,0.023721,0,0,0
65256,cic_ids2017,0,0.0,0.046294,0.023147,0,0,0
65257,cic_ids2017,0,0.001146,0.046296,0.023721,0,0,0
65265,cic_ids2017,0,0.0,0.022065,0.011033,0,0,0
65268,cic_ids2017,1,1.0,0.484857,0.742429,1,0,1
65273,cic_ids2017,0,0.0,0.022828,0.011414,0,0,0
65283,cic_ids2017,0,0.001146,0.046293,0.023719,0,0,0
65286,cic_ids2017,1,0.990881,0.14535,0.568115,1,0,1
65287,cic_ids2017,1,0.250699,0.051141,0.15092,0,0,0
65291,cic_ids2017,1,0.988549,0.12397,0.556259,1,0,1
65297,cic_ids2017,0,0.0,0.016565,0.008283,0,0,0
65300,cic_ids2017,0,0.064423,0.049647,0.057035,0,0,0
65301,cic_ids2017,0,0.0,0.022358,0.011179,0,0,0
65302,cic_ids2017,0,0.0,0.046375,0.023188,0,0,0
65314,cic_ids2017,0,0.010881,0.051148,0.031015,0,0,0
65317,cic_ids2017,0,0.0,0.008702,0.004351,0,0,0
65323,cic_ids2017,1,0.99,0.037179,0.513589,1,0,1
65336,cic_ids2017,0,0.001146,0.046293,0.023719,0,0,0
65338,cic_ids2017,1,1.0,0.035346,0.517673,1,0,1
65341,cic_ids2017,0,0.02386,0.051438,0.037649,0,0,0
65348,cic_ids2017,1,1.0,0.416681,0.70834,1,0,1
65351,cic_ids2017,1,0.99,0.292507,0.641254,1,0,1
65354,cic_ids2017,1,0.962653,0.048946,0.505799,1,0,1
65356,cic_ids2017,0,0.001259,0.051812,0.026536,0,0,0
65359,cic_ids2017,1,1.0,0.412043,0.706022,1,0,1
65362,cic_ids2017,0,0.064423,0.049647,0.057035,0,0,0
65366,cic_ids2017,0,0.001146,0.046296,0.023721,0,0,0
65367,cic_ids2017,0,0.0,0.049681,0.024841,0,0,0
65372,cic_ids2017,0,0.000898,0.051143,0.02602,0,0,0
65376,cic_ids2017,0,0.030093,0.049647,0.03987,0,0,0
65378,cic_ids2017,0,0.001146,0.046292,0.023719,0,0,0
65396,cic_ids2017,0,0.001146,0.046292,0.023719,0,0,0
65399,cic_ids2017,0,0.0,0.046477,0.023238,0,0,0
65400,cic_ids2017,0,0.001146,0.046292,0.023719,0,0,0
65401,cic_ids2017,0,0.0,0.046336,0.023168,0,0,0
65415,cic_ids2017,0,0.030093,0.049647,0.03987,0,0,0
65417,cic_ids2017,0,0.0,0.049684,0.024842,0,0,0
65427,cic_ids2017,0,0.0,0.013749,0.006875,0,0,0
65430,cic_ids2017,0,0.0,0.060506,0.030253,0,0,0
65431,cic_ids2017,0,0.031313,0.051812,0.041563,0,0,0
65439,cic_ids2017,0,0.001146,0.046292,0.023719,0,0,0
65445,cic_ids2017,0,0.0,0.046344,0.023172,0,0,0
65449,cic_ids2017,0,0.01,0.015834,0.012917,0,0,0
65454,cic_ids2017,0,0.064423,0.049647,0.057035,0,0,0
65469,cic_ids2017,0,0.0,0.035961,0.01798,0,0,0
65475,cic_ids2017,0,0.0,0.03411,0.017055,0,0,0
65477,cic_ids2017,0,0.022718,0.049647,0.036182,0,0,0
65483,cic_ids2017,0,0.001146,0.046294,0.02372,0,0,0
65485,cic_ids2017,0,0.01,0.046486,0.028243,0,0,0
65486,cic_ids2017,0,0.001146,0.0463,0.023723,0,0,0
65496,cic_ids2017,0,0.0,0.031932,0.015966,0,0,0
65506,cic_ids2017,0,0.003545,0.051815,0.02768,0,0,0
65507,cic_ids2017,0,0.0,0.045994,0.022997,0,0,0
65509,cic_ids2017,1,0.854015,0.049647,0.451831,1,0,0
65510,cic_ids2017,0,0.0,0.242511,0.121256,0,0,0
65511,cic_ids2017,0,0.0,0.050158,0.025079,0,0,0
65516,cic_ids2017,1,1.0,0.473559,0.73678,1,0,1
65519,cic_ids2017,1,0.849249,0.049647,0.449448,1,0,0
65521,cic_ids2017,0,0.0,0.046332,0.023166,0,0,0
65526,cic_ids2017,1,0.144939,0.124271,0.134605,0,0,0
65529,cic_ids2017,0,0.0,0.099905,0.049952,0,0,0
65533,cic_ids2017,0,0.0,0.049691,0.024846,0,0,0
65539,cic_ids2017,1,0.99,0.427097,0.708548,1,0,1
65545,cic_ids2017,0,0.001146,0.046294,0.02372,0,0,0
65551,cic_ids2017,0,0.015085,0.049702,0.032393,0,0,0
65560,cic_ids2017,0,0.0,0.008539,0.004269,0,0,0
65566,cic_ids2017,1,1.0,0.486602,0.743301,1,0,1
65573,cic_ids2017,0,0.000881,0.021627,0.011254,0,0,0
65574,cic_ids2017,0,0.0,0.049717,0.024858,0,0,0
65575,cic_ids2017,0,0.019924,0.051812,0.035868,0,0,0
65576,cic_ids2017,0,0.064423,0.049647,0.057035,0,0,0
65580,cic_ids2017,0,0.064423,0.049647,0.057035,0,0,0
65586,cic_ids2017,1,0.854015,0.049647,0.451831,1,0,0
65588,cic_ids2017,0,0.0,0.02833,0.014165,0,0,0
65600,cic_ids2017,0,0.0,0.046374,0.023187,0,0,0
65602,cic_ids2017,0,0.016388,0.072559,0.044473,0,0,0
65603,cic_ids2017,0,0.003545,0.051845,0.027695,0,0,0
65609,cic_ids2017,0,0.064423,0.049647,0.057035,0,0,0
65613,cic_ids2017,1,1.0,0.039067,0.519534,1,0,1
65616,cic_ids2017,1,0.064423,0.049647,0.057035,0,0,0
65618,cic_ids2017,0,0.0,0.040306,0.020153,0,0,0
65624,cic_ids2017,0,0.0,0.054084,0.027042,0,0,0
65625,cic_ids2017,0,0.001146,0.046296,0.023721,0,0,0
65629,cic_ids2017,0,1.5e-05,0.048957,0.024486,0,0,0
65631,cic_ids2017,0,0.0,0.000162,8.1e-05,0,0,0
65632,cic_ids2017,0,0.001143,0.04965,0.025397,0,0,0
65640,cic_ids2017,1,1.0,0.039343,0.519672,1,0,1
65641,cic_ids2017,0,0.001143,0.04965,0.025396,0,0,0
65644,cic_ids2017,0,0.0,0.040373,0.020187,0,0,0
65656,cic_ids2017,0,0.0,0.061257,0.030629,0,0,0
65658,cic_ids2017,1,0.990881,0.140324,0.565603,1,0,1
65660,cic_ids2017,0,0.015085,0.049855,0.03247,0,0,0
65664,cic_ids2017,0,0.0,0.041468,0.020734,0,0,0
65667,cic_ids2017,0,0.001146,0.046291,0.023719,0,0,0
65669,cic_ids2017,0,0.001146,0.046294,0.02372,0,0,0
65680,cic_ids2017,0,0.001146,0.046294,0.02372,0,0,0
65693,cic_ids2017,0,0.003545,0.051813,0.027679,0,0,0
65695,cic_ids2017,0,0.001146,0.04629,0.023718,0,0,0
65705,cic_ids2017,0,0.0,0.049749,0.024875,0,0,0
65713,cic_ids2017,0,0.0,0.049716,0.024858,0,0,0
65717,cic_ids2017,0,0.0,0.342926,0.171463,0,0,0
65744,cic_ids2017,0,0.030093,0.049647,0.03987,0,0,0
65747,cic_ids2017,0,0.0,0.033158,0.016579,0,0,0
65759,cic_ids2017,0,0.1,0.357809,0.228905,0,0,0
65766,cic_ids2017,1,0.988549,0.130457,0.559503,1,0,1
65772,cic_ids2017,0,0.0,0.049719,0.02486,0,0,0
65775,cic_ids2017,1,1.0,0.041045,0.520523,1,0,1
65777,cic_ids2017,0,0.000881,0.041015,0.020948,0,0,0
65787,cic_ids2017,0,0.0,0.046335,0.023167,0,0,0
65793,cic_ids2017,1,1.0,0.037744,0.518872,1,0,1
65796,cic_ids2017,0,0.0,0.041912,0.020956,0,0,0
65800,cic_ids2017,1,1.0,0.480972,0.740486,1,0,1
65813,cic_ids2017,1,0.849249,0.049647,0.449448,1,0,0
65815,cic_ids2017,0,0.001146,0.04629,0.023718,0,0,0
65817,cic_ids2017,0,0.001146,0.046293,0.02372,0,0,0
65824,cic_ids2017,0,0.0,0.049682,0.024841,0,0,0
65826,cic_ids2017,0,0.0,0.038806,0.019403,0,0,0
65828,cic_ids2017,0,0.0,0.046335,0.023168,0,0,0
65837,cic_ids2017,0,0.0,0.046323,0.023161,0,0,0
65839,cic_ids2017,0,0.0,0.051257,0.025628,0,0,0
65841,cic_ids2017,0,0.0,0.046355,0.023178,0,0,0
65843,cic_ids2017,1,0.990881,0.064306,0.527593,1,0,1
65846,cic_ids2017,0,0.0,0.049692,0.024846,0,0,0
65852,cic_ids2017,0,0.064423,0.049647,0.057035,0,0,0
65855,cic_ids2017,0,0.001146,0.046295,0.02372,0,0,0
65856,cic_ids2017,0,0.0,0.049715,0.024857,0,0,0
65860,cic_ids2017,0,0.001778,0.051812,0.026795,0,0,0
65863,cic_ids2017,0,0.000881,0.051142,0.026011,0,0,0
65864,cic_ids2017,0,0.0,0.046375,0.023187,0,0,0
65867,cic_ids2017,0,0.01,0.046332,0.028166,0,0,0
65869,cic_ids2017,0,0.0,0.049737,0.024869,0,0,0
65871,cic_ids2017,1,0.990881,0.053408,0.522144,1,0,1
65877,cic_ids2017,0,0.0,0.044994,0.022497,0,0,0
65884,cic_ids2017,1,0.9,0.553692,0.726846,1,1,1
65886,cic_ids2017,0,0.0,0.024446,0.012223,0,0,0
65887,cic_ids2017,0,0.0,0.046359,0.023179,0,0,0
65893,cic_ids2017,0,0.0,0.046336,0.023168,0,0,0
65896,cic_ids2017,0,0.001146,0.046292,0.023719,0,0,0
65901,cic_ids2017,0,0.064423,0.049647,0.057035,0,0,0
65904,cic_ids2017,0,0.001146,0.046293,0.023719,0,0,0
65908,cic_ids2017,1,1.0,0.460955,0.730478,1,0,1
65927,cic_ids2017,0,0.001146,0.046292,0.023719,0,0,0
65928,cic_ids2017,0,0.179973,0.04471,0.112342,0,0,0
65929,cic_ids2017,0,0.38,0.088636,0.234318,0,0,0
65935,cic_ids2017,0,0.0,0.029705,0.014852,0,0,0
65936,cic_ids2017,0,0.001146,0.046292,0.023719,0,0,0
65937,cic_ids2017,0,0.001146,0.046293,0.023719,0,0,0
65938,cic_ids2017,0,0.001778,0.051812,0.026795,0,0,0
65940,cic_ids2017,0,0.0,0.00548,0.00274,0,0,0
65941,cic_ids2017,0,0.0,0.045156,0.022578,0,0,0
65948,cic_ids2017,1,1.0,0.427376,0.713688,1,0,1
65949,cic_ids2017,0,0.001259,0.051812,0.026536,0,0,0
65956,cic_ids2017,1,0.98,0.098685,0.539343,1,0,1
65957,cic_ids2017,0,0.0,0.049682,0.024841,0,0,0
65970,cic_ids2017,0,0.01,0.041532,0.025766,0,0,0
65973,cic_ids2017,1,0.849249,0.049647,0.449448,1,0,0
65974,cic_ids2017,0,0.0,0.04972,0.02486,0,0,0
65979,cic_ids2017,0,0.150881,0.050464,0.100672,0,0,0
65987,cic_ids2017,0,0.064423,0.049647,0.057035,0,0,0
66006,cic_ids2017,0,0.000881,0.051971,0.026426,0,0,0
66009,cic_ids2017,0,0.004067,0.051812,0.02794,0,0,0
66013,cic_ids2017,1,1.0,0.345764,0.672882,1,0,1
66024,cic_ids2017,1,0.990881,0.052441,0.521661,1,0,1
66035,cic_ids2017,0,0.051552,0.046384,0.048968,0,0,0
66039,cic_ids2017,0,0.016919,0.071621,0.04427,0,0,0
66047,cic_ids2017,0,0.0,0.049682,0.024841,0,0,0
66052,cic_ids2017,0,2.4e-05,0.039632,0.019828,0,0,0
66060,cic_ids2017,1,0.849249,0.049647,0.449448,1,0,0
66066,cic_ids2017,0,0.0,0.046293,0.023147,0,0,0
66068,cic_ids2017,0,0.0,0.045124,0.022562,0,0,0
66081,cic_ids2017,0,0.001764,0.049015,0.02539,0,0,0
66086,cic_ids2017,0,0.0,0.046334,0.023167,0,0,0
66087,cic_ids2017,0,0.0,0.049734,0.024867,0,0,0
66088,cic_ids2017,0,0.000881,0.041017,0.020949,0,0,0
66089,cic_ids2017,0,0.015966,0.048946,0.032456,0,0,0
66093,cic_ids2017,0,0.001146,0.046293,0.023719,0,0,0
66099,cic_ids2017,0,0.0,0.046592,0.023296,0,0,0
66109,cic_ids2017,0,0.0,0.046378,0.023189,0,0,0
66111,cic_ids2017,0,0.0,0.046341,0.02317,0,0,0
66118,cic_ids2017,0,0.000881,0.051852,0.026366,0,0,0
66119,cic_ids2017,0,0.0,0.049766,0.024883,0,0,0
66125,cic_ids2017,0,0.001778,0.051812,0.026795,0,0,0
66132,cic_ids2017,1,1.0,0.266934,0.633467,1,0,1
66147,cic_ids2017,0,0.0,0.046331,0.023165,0,0,0
66154,cic_ids2017,0,0.0,0.046377,0.023188,0,0,0
66158,cic_ids2017,0,0.019396,0.051812,0.035604,0,0,0
66162,cic_ids2017,1,0.849249,0.049647,0.449448,1,0,0
66164,cic_ids2017,0,0.0,0.046325,0.023163,0,0,0
66165,cic_ids2017,1,1.0,0.280444,0.640222,1,0,1
66171,cic_ids2017,0,0.0,0.026496,0.013248,0,0,0
66174,cic_ids2017,1,1.0,0.496219,0.74811,1,0,1
66180,cic_ids2017,0,0.030015,0.04517,0.037593,0,0,0
66182,cic_ids2017,0,0.01,0.098813,0.054407,0,0,0
66185,cic_ids2017,1,1.0,0.444273,0.722137,1,0,1
66187,cic_ids2017,0,0.0,0.046295,0.023147,0,0,0
66198,cic_ids2017,0,0.064423,0.049647,0.057035,0,0,0
66199,cic_ids2017,0,0.064423,0.049647,0.057035,0,0,0
66202,cic_ids2017,0,0.002036,0.051812,0.026924,0,0,0
66204,cic_ids2017,0,0.001146,0.046293,0.023719,0,0,0
66209,cic_ids2017,0,0.0,0.049682,0.024841,0,0,0
66210,cic_ids2017,0,0.001158,0.048303,0.024731,0,0,0
66216,cic_ids2017,0,0.0,0.046301,0.02315,0,0,0
66217,cic_ids2017,0,0.001778,0.051812,0.026795,0,0,0
66230,cic_ids2017,0,0.015085,0.049766,0.032425,0,0,0
66237,cic_ids2017,0,0.0,0.049744,0.024872,0,0,0
66238,cic_ids2017,0,0.0,0.049692,0.024846,0,0,0
66239,cic_ids2017,0,0.0,0.039661,0.019831,0,0,0
66240,cic_ids2017,0,0.001146,0.046292,0.023719,0,0,0
66245,cic_ids2017,0,0.01,0.041173,0.025587,0,0,0
66246,cic_ids2017,0,0.001463,0.051142,0.026302,0,0,0
66252,cic_ids2017,0,0.001146,0.046293,0.023719,0,0,0
66253,cic_ids2017,0,0.001146,0.046292,0.023719,0,0,0
66257,cic_ids2017,0,0.013068,0.051812,0.03244,0,0,0
66259,cic_ids2017,0,0.001259,0.051812,0.026536,0,0,0
66263,cic_ids2017,0,0.0,0.008049,0.004024,0,0,0
66265,cic_ids2017,0,0.003545,0.051819,0.027682,0,0,0
66289,cic_ids2017,0,0.0,0.069979,0.03499,0,0,0
66295,cic_ids2017,0,0.001146,0.046292,0.023719,0,0,0
66297,cic_ids2017,0,0.0,0.012057,0.006028,0,0,0
66314,cic_ids2017,1,1.0,0.037029,0.518515,1,0,1
66318,cic_ids2017,0,0.064423,0.049647,0.057035,0,0,0
66321,cic_ids2017,1,0.849249,0.049647,0.449448,1,0,0
66323,cic_ids2017,1,1.0,0.037142,0.518571,1,0,1
66327,cic_ids2017,0,0.0,0.046334,0.023167,0,0,0
66332,cic_ids2017,0,0.0,0.003899,0.00195,0,0,0
66341,cic_ids2017,0,0.0,0.049668,0.024834,0,0,0
66349,cic_ids2017,0,0.064423,0.049647,0.057035,0,0,0
66350,cic_ids2017,0,0.0,0.042912,0.021456,0,0,0
66352,cic_ids2017,0,0.001114,0.051142,0.026128,0,0,0
66361,cic_ids2017,1,1.0,0.037398,0.518699,1,0,1
66362,cic_ids2017,0,0.0,0.014633,0.007316,0,0,0
66372,cic_ids2017,0,0.0,0.029217,0.014608,0,0,0
66378,cic_ids2017,1,0.988549,0.132593,0.560571,1,0,1
66387,cic_ids2017,0,0.0,0.007057,0.003528,0,0,0
66396,cic_ids2017,0,0.0,0.049778,0.024889,0,0,0
66404,cic_ids2017,0,0.0,0.049682,0.024841,0,0,0
66409,cic_ids2017,0,0.001445,0.051142,0.026294,0,0,0
66410,cic_ids2017,0,0.002396,0.046291,0.024344,0,0,0
66414,cic_ids2017,1,1.0,0.039506,0.519753,1,0,1
66415,cic_ids2017,0,0.0,0.049656,0.024828,0,0,0
66416,cic_ids2017,0,0.0,0.046396,0.023198,0,0,0
66419,cic_ids2017,0,0.0,0.051427,0.025713,0,0,0
66429,cic_ids2017,1,1.0,0.039629,0.519814,1,0,1
66432,cic_ids2017,0,0.001143,0.046293,0.023718,0,0,0
66434,cic_ids2017,0,0.001146,0.046298,0.023722,0,0,0
66440,cic_ids2017,1,0.854015,0.049647,0.451831,1,0,0
66445,cic_ids2017,0,0.001146,0.046293,0.02372,0,0,0
66449,cic_ids2017,0,0.001146,0.046298,0.023722,0,0,0
66450,cic_ids2017,0,0.0,0.046439,0.02322,0,0,0
66455,cic_ids2017,1,0.854015,0.049647,0.451831,1,0,0
66458,cic_ids2017,1,0.99,0.039055,0.514527,1,0,1
66470,cic_ids2017,0,0.001146,0.046293,0.023719,0,0,0
66475,cic_ids2017,0,0.001146,0.046292,0.023719,0,0,0
66476,cic_ids2017,0,0.0,0.060744,0.030372,0,0,0
66480,cic_ids2017,1,1.0,0.518384,0.759192,1,1,1
66483,cic_ids2017,0,0.001146,0.046296,0.023721,0,0,0
66484,cic_ids2017,0,0.034813,0.048945,0.041879,0,0,0
66486,cic_ids2017,1,1.0,0.04266,0.52133,1,0,1
66488,cic_ids2017,0,0.001778,0.051812,0.026795,0,0,0
66494,cic_ids2017,0,0.015085,0.049781,0.032433,0,0,0
66498,cic_ids2017,0,0.0,0.050137,0.025068,0,0,0
66509,cic_ids2017,0,0.064423,0.049647,0.057035,0,0,0
66510,cic_ids2017,1,0.849249,0.049647,0.449448,1,0,0
66511,cic_ids2017,0,0.0,0.059535,0.029767,0,0,0
66513,cic_ids2017,0,0.013547,0.044676,0.029112,0,0,0
66515,cic_ids2017,1,0.99,0.066217,0.528108,1,0,1
66528,cic_ids2017,0,0.0,0.049751,0.024876,0,0,0
66533,cic_ids2017,0,0.0,0.046415,0.023208,0,0,0
66544,cic_ids2017,0,0.01,0.047563,0.028781,0,0,0
66547,cic_ids2017,0,0.0,0.046356,0.023178,0,0,0
66554,cic_ids2017,1,0.854015,0.049647,0.451831,1,0,0
66558,cic_ids2017,1,1.0,0.038087,0.519043,1,0,1
66576,cic_ids2017,0,0.001146,0.046292,0.023719,0,0,0
66587,cic_ids2017,0,0.001259,0.051812,0.026536,0,0,0
66588,cic_ids2017,0,0.064423,0.049647,0.057035,0,0,0
66593,cic_ids2017,0,0.064423,0.049647,0.057035,0,0,0
66594,cic_ids2017,0,0.031313,0.051812,0.041563,0,0,0
66598,cic_ids2017,0,0.0,0.112067,0.056033,0,0,0
66600,cic_ids2017,1,1.0,0.039052,0.519526,1,0,1
66603,cic_ids2017,0,0.002687,0.051812,0.02725,0,0,0
66609,cic_ids2017,1,0.849249,0.049647,0.449448,1,0,0
66611,cic_ids2017,0,0.031313,0.051812,0.041563,0,0,0
66618,cic_ids2017,0,0.015085,0.049957,0.032521,0,0,0
66620,cic_ids2017,0,0.0,0.046336,0.023168,0,0,0
66623,cic_ids2017,0,0.001146,0.046295,0.023721,0,0,0
66629,cic_ids2017,0,0.001285,0.048945,0.025115,0,0,0
66634,cic_ids2017,0,0.0,0.059949,0.029974,0,0,0
66641,cic_ids2017,1,0.981265,0.5639,0.772582,1,1,1
66650,cic_ids2017,0,0.0,0.049696,0.024848,0,0,0
66651,cic_ids2017,0,0.0,0.046354,0.023177,0,0,0
66661,cic_ids2017,0,0.016687,0.065452,0.041069,0,0,0
66663,cic_ids2017,0,0.0,0.046325,0.023163,0,0,0
66664,cic_ids2017,0,0.0,0.045199,0.022599,0,0,0
66669,cic_ids2017,0,0.0,0.049681,0.024841,0,0,0
66673,cic_ids2017,0,0.0,0.035898,0.017949,0,0,0
66684,cic_ids2017,0,0.0,0.005832,0.002916,0,0,0
66685,cic_ids2017,0,0.001146,0.046296,0.023721,0,0,0
66686,cic_ids2017,0,0.0,0.049806,0.024903,0,0,0
66692,cic_ids2017,0,0.0,0.044668,0.022334,0,0,0
66693,cic_ids2017,0,0.002212,0.048303,0.025258,0,0,0
66696,cic_ids2017,1,0.854015,0.049647,0.451831,1,0,0
66701,cic_ids2017,1,1.0,0.435467,0.717734,1,0,1
66706,cic_ids2017,0,0.015085,0.049781,0.032433,0,0,0
66707,cic_ids2017,1,0.849249,0.049647,0.449448,1,0,0
66708,cic_ids2017,0,0.0,0.046354,0.023177,0,0,0
66711,cic_ids2017,0,0.002048,0.051812,0.02693,0,0,0
66713,cic_ids2017,0,0.0,0.03371,0.016855,0,0,0
66714,cic_ids2017,0,0.019924,0.051812,0.035868,0,0,0
66716,cic_ids2017,0,0.001146,0.046295,0.023721,0,0,0
66718,cic_ids2017,1,0.849249,0.049647,0.449448,1,0,0
66719,cic_ids2017,0,0.001146,0.046294,0.02372,0,0,0
66720,cic_ids2017,0,0.001146,0.046294,0.02372,0,0,0
66729,cic_ids2017,0,0.000881,0.140987,0.070934,0,0,0
66731,cic_ids2017,0,0.0,0.049692,0.024846,0,0,0
66736,cic_ids2017,0,0.0,0.034761,0.01738,0,0,0
66737,cic_ids2017,0,0.01,0.04517,0.027585,0,0,0
66745,cic_ids2017,0,0.0,0.089416,0.044708,0,0,0
66746,cic_ids2017,0,0.001521,0.04708,0.0243,0,0,0
66751,cic_ids2017,1,0.849249,0.049647,0.449448,1,0,0
66753,cic_ids2017,1,0.849249,0.049647,0.449448,1,0,0
66755,cic_ids2017,0,0.001146,0.046296,0.023721,0,0,0
66763,cic_ids2017,1,0.849249,0.049647,0.449448,1,0,0
66783,cic_ids2017,0,0.021587,0.045732,0.033659,0,0,0
66788,cic_ids2017,1,1.0,0.326801,0.6634,1,0,1
66793,cic_ids2017,0,0.0,0.004952,0.002476,0,0,0
66795,cic_ids2017,0,0.002687,0.051812,0.02725,0,0,0
66802,cic_ids2017,1,1.0,0.139791,0.569895,1,0,1
66803,cic_ids2017,0,0.0,0.049718,0.024859,0,0,0
66808,cic_ids2017,1,1.0,0.036984,0.518492,1,0,1
66809,cic_ids2017,1,1.0,0.162704,0.581352,1,0,1
66815,cic_ids2017,1,0.849249,0.049647,0.449448,1,0,0
66818,cic_ids2017,0,0.001285,0.048945,0.025115,0,0,0
66822,cic_ids2017,0,0.016919,0.069349,0.043134,0,0,0
66823,cic_ids2017,0,0.0,0.049972,0.024986,0,0,0
66825,cic_ids2017,1,1.0,0.200884,0.600442,1,0,1
66826,cic_ids2017,0,0.034813,0.048945,0.041879,0,0,0
66837,cic_ids2017,0,0.001146,0.046291,0.023719,0,0,0
66840,cic_ids2017,1,0.849249,0.049647,0.449448,1,0,0
66842,cic_ids2017,0,0.001146,0.046292,0.023719,0,0,0
66849,cic_ids2017,0,0.0,0.012981,0.00649,0,0,0
66852,cic_ids2017,0,0.064423,0.049647,0.057035,0,0,0
66856,cic_ids2017,0,0.064423,0.049647,0.057035,0,0,0
66875,cic_ids2017,1,0.854015,0.049647,0.451831,1,0,0
66885,cic_ids2017,0,0.000881,0.052634,0.026758,0,0,0
66891,cic_ids2017,0,0.001146,0.046294,0.02372,0,0,0
66894,cic_ids2017,0,0.019924,0.051812,0.035868,0,0,0
66900,cic_ids2017,0,0.0,0.049777,0.024889,0,0,0
66902,cic_ids2017,1,0.94,0.31043,0.625215,1,0,1
66903,cic_ids2017,0,0.0,0.049718,0.024859,0,0,0
66905,cic_ids2017,0,0.0,0.046293,0.023146,0,0,0
66908,cic_ids2017,0,0.0,0.032396,0.016198,0,0,0
66909,cic_ids2017,0,0.0,0.046323,0.023162,0,0,0
66918,cic_ids2017,0,0.0,0.220727,0.110363,0,0,0
66923,cic_ids2017,1,0.849249,0.049647,0.449448,1,0,0
66925,cic_ids2017,1,1.0,0.397096,0.698548,1,0,1
66928,cic_ids2017,0,0.0,0.030509,0.015255,0,0,0
66939,cic_ids2017,0,0.0,0.046374,0.023187,0,0,0
66946,cic_ids2017,0,0.0,0.010075,0.005038,0,0,0
66947,cic_ids2017,0,0.0,0.04509,0.022545,0,0,0
66949,cic_ids2017,0,0.0,0.042625,0.021312,0,0,0
66956,cic_ids2017,0,0.016211,0.047106,0.031658,0,0,0
66958,cic_ids2017,1,1.0,0.039278,0.519639,1,0,1
66964,cic_ids2017,0,0.0,0.116246,0.058123,0,0,0
66965,cic_ids2017,0,0.0,0.010015,0.005008,0,0,0
66967,cic_ids2017,0,0.0,0.046491,0.023245,0,0,0
66969,cic_ids2017,0,0.0,0.046294,0.023147,0,0,0
66970,cic_ids2017,0,0.0,0.046373,0.023187,0,0,0
66977,cic_ids2017,0,0.0,0.049693,0.024846,0,0,0
66987,cic_ids2017,0,0.0,0.046461,0.02323,0,0,0
66990,cic_ids2017,0,0.001146,0.046294,0.02372,0,0,0
66993,cic_ids2017,1,1.0,0.457196,0.728598,1,0,1
66999,cic_ids2017,0,0.001146,0.046302,0.023724,0,0,0
67000,cic_ids2017,0,0.001143,0.04965,0.025397,0,0,0
67002,cic_ids2017,1,0.650041,0.049647,0.349844,1,0,0
67004,cic_ids2017,0,0.0,0.049717,0.024858,0,0,0
67010,cic_ids2017,1,1.0,0.314393,0.657196,1,0,1
67021,cic_ids2017,0,0.901203,0.047671,0.474437,1,0,0
67026,cic_ids2017,1,1.0,0.330097,0.665049,1,0,1
67030,cic_ids2017,0,0.0,0.046374,0.023187,0,0,0
67031,cic_ids2017,0,0.0,0.002288,0.001144,0,0,0
67032,cic_ids2017,0,0.0,0.062725,0.031363,0,0,0
67034,cic_ids2017,0,0.0,0.046378,0.023189,0,0,0
67049,cic_ids2017,0,0.001553,0.048946,0.025249,0,0,0
67053,cic_ids2017,0,0.0,0.002094,0.001047,0,0,0
67069,cic_ids2017,0,0.0,0.027353,0.013676,0,0,0
67080,cic_ids2017,0,0.0,0.039864,0.019932,0,0,0
67082,cic_ids2017,0,0.034813,0.048945,0.041879,0,0,0
67083,cic_ids2017,0,0.0,0.046478,0.023239,0,0,0
67084,cic_ids2017,1,0.91,0.035863,0.472931,1,0,0
67087,cic_ids2017,1,0.849249,0.049647,0.449448,1,0,0
67094,cic_ids2017,1,1.0,0.489803,0.744902,1,0,1
67095,cic_ids2017,0,0.001146,0.046295,0.02372,0,0,0
67099,cic_ids2017,0,0.016071,0.048997,0.032534,0,0,0
67109,cic_ids2017,1,1.0,0.037148,0.518574,1,0,1
67123,cic_ids2017,1,1.0,0.037932,0.518966,1,0,1
67124,cic_ids2017,0,0.0,0.004574,0.002287,0,0,0
67131,cic_ids2017,0,0.0,0.049818,0.024909,0,0,0
67132,cic_ids2017,0,0.0,0.049908,0.024954,0,0,0
67139,cic_ids2017,1,0.854015,0.049647,0.451831,1,0,0
67144,cic_ids2017,1,1.0,0.041345,0.520672,1,0,1
67147,cic_ids2017,0,0.064423,0.049647,0.057035,0,0,0
67148,cic_ids2017,0,0.0,0.049718,0.024859,0,0,0
67168,cic_ids2017,0,0.0,0.046298,0.023149,0,0,0
67172,cic_ids2017,0,0.0,0.049939,0.02497,0,0,0
67174,cic_ids2017,0,0.064423,0.049647,0.057035,0,0,0
67178,cic_ids2017,0,0.001705,0.051812,0.026758,0,0,0
67179,cic_ids2017,1,0.064423,0.049647,0.057035,0,0,0
67185,cic_ids2017,0,0.0,0.046376,0.023188,0,0,0
67186,cic_ids2017,0,0.0,0.046329,0.023164,0,0,0
67192,cic_ids2017,1,1.0,0.351288,0.675644,1,0,1
67193,cic_ids2017,0,0.002705,0.051812,0.027259,0,0,0
67194,cic_ids2017,0,0.0,0.049798,0.024899,0,0,0
67201,cic_ids2017,0,0.001146,0.046292,0.023719,0,0,0
67204,cic_ids2017,0,0.0,0.049681,0.024841,0,0,0
67211,cic_ids2017,0,0.130846,0.051812,0.091329,0,0,0
67218,cic_ids2017,0,0.0,0.034582,0.017291,0,0,0
67226,cic_ids2017,1,0.064423,0.049647,0.057035,0,0,0
67229,cic_ids2017,0,0.000881,0.053294,0.027087,0,0,0
67236,cic_ids2017,0,0.015085,0.049648,0.032366,0,0,0
67250,cic_ids2017,0,0.015085,0.050023,0.032554,0,0,0
67257,cic_ids2017,0,0.001705,0.051812,0.026758,0,0,0
67259,cic_ids2017,0,0.0,0.049731,0.024866,0,0,0
67269,cic_ids2017,0,0.0,0.049735,0.024867,0,0,0
67286,cic_ids2017,0,0.016071,0.049044,0.032557,0,0,0
67289,cic_ids2017,0,0.0,0.049901,0.024951,0,0,0
67292,cic_ids2017,0,0.0,0.055292,0.027646,0,0,0
67293,cic_ids2017,1,1.0,0.037229,0.518615,1,0,1
67295,cic_ids2017,0,0.01,0.038389,0.024195,0,0,0
67303,cic_ids2017,0,0.0,0.024426,0.012213,0,0,0
67306,cic_ids2017,0,0.064423,0.049647,0.057035,0,0,0
67310,cic_ids2017,0,0.001146,0.046295,0.023721,0,0,0
67312,cic_ids2017,0,0.025085,0.049648,0.037367,0,0,0
67313,cic_ids2017,1,0.849249,0.049647,0.449448,1,0,0
67316,cic_ids2017,0,0.0,0.041036,0.020518,0,0,0
67320,cic_ids2017,0,0.0,0.046358,0.023179,0,0,0
67321,cic_ids2017,0,0.0,0.004911,0.002455,0,0,0
67323,cic_ids2017,0,0.001146,0.046294,0.02372,0,0,0
67335,cic_ids2017,0,0.0,0.023934,0.011967,0,0,0
67336,cic_ids2017,0,0.0,0.020681,0.01034,0,0,0
67337,cic_ids2017,1,0.854015,0.049647,0.451831,1,0,0
67347,cic_ids2017,0,0.001781,0.051812,0.026797,0,0,0
67355,cic_ids2017,0,0.00155,0.051812,0.026681,0,0,0
67357,cic_ids2017,0,0.0,0.045069,0.022534,0,0,0
67361,cic_ids2017,0,0.0,0.049771,0.024886,0,0,0
67374,cic_ids2017,1,0.961265,0.128155,0.54471,1,0,1
67378,cic_ids2017,0,0.01,0.046916,0.028458,0,0,0
67379,cic_ids2017,0,0.0,0.046335,0.023167,0,0,0
67387,cic_ids2017,1,0.97,0.415614,0.692807,1,0,1
67389,cic_ids2017,0,0.01,0.005875,0.007937,0,0,0
67393,cic_ids2017,0,0.0,0.033806,0.016903,0,0,0
67407,cic_ids2017,1,1.0,0.31378,0.65689,1,0,1
67420,cic_ids2017,0,0.01,0.043486,0.026743,0,0,0
67424,cic_ids2017,1,1.0,0.320854,0.660427,1,0,1
67430,cic_ids2017,0,0.0,0.049853,0.024927,0,0,0
67435,cic_ids2017,0,0.001146,0.046292,0.023719,0,0,0
67440,cic_ids2017,0,0.0,0.008035,0.004018,0,0,0
67441,cic_ids2017,0,0.001146,0.046292,0.023719,0,0,0
67447,cic_ids2017,0,0.0,0.041353,0.020677,0,0,0
67448,cic_ids2017,0,0.0,0.049862,0.024931,0,0,0
67452,cic_ids2017,0,2.4e-05,0.041098,0.020561,0,0,0
67453,cic_ids2017,0,0.001146,0.046292,0.023719,0,0,0
67459,cic_ids2017,0,0.064423,0.049647,0.057035,0,0,0
67494,cic_ids2017,0,0.001146,0.046294,0.02372,0,0,0
67508,cic_ids2017,1,0.849249,0.049647,0.449448,1,0,0
67514,cic_ids2017,0,0.001146,0.046293,0.023719,0,0,0
67525,cic_ids2017,0,0.0,0.014661,0.007331,0,0,0
67526,cic_ids2017,0,0.0,0.027338,0.013669,0,0,0
67529,cic_ids2017,0,0.001146,0.046294,0.02372,0,0,0
67531,cic_ids2017,0,0.001146,0.04629,0.023718,0,0,0
67534,cic_ids2017,0,0.0,0.046336,0.023168,0,0,0
67537,cic_ids2017,0,0.001928,0.048996,0.025462,0,0,0
67539,cic_ids2017,0,0.0,0.041035,0.020518,0,0,0
67540,cic_ids2017,0,0.069324,0.051812,0.060568,0,0,0
67541,cic_ids2017,0,0.015055,0.043991,0.029523,0,0,0
67549,cic_ids2017,0,0.0,0.046468,0.023234,0,0,0
67557,cic_ids2017,0,0.03,0.039593,0.034796,0,0,0
67560,cic_ids2017,0,0.001146,0.046293,0.02372,0,0,0
67562,cic_ids2017,0,0.0,0.049692,0.024846,0,0,0
67569,cic_ids2017,1,1.0,0.508506,0.754253,1,1,1
67572,cic_ids2017,0,0.0,0.046333,0.023167,0,0,0
67580,cic_ids2017,1,0.849249,0.049647,0.449448,1,0,0
67581,cic_ids2017,0,0.001781,0.051812,0.026797,0,0,0
67592,cic_ids2017,0,0.0,0.049694,0.024847,0,0,0
67598,cic_ids2017,1,0.849249,0.049647,0.449448,1,0,0
67605,cic_ids2017,0,0.031313,0.051812,0.041563,0,0,0
67613,cic_ids2017,0,0.0,0.049681,0.024841,0,0,0
67615,cic_ids2017,0,0.0,0.049737,0.024869,0,0,0
67619,cic_ids2017,0,0.015085,0.049654,0.03237,0,0,0
67621,cic_ids2017,0,0.0,0.04965,0.024825,0,0,0
67624,cic_ids2017,1,0.854015,0.049647,0.451831,1,0,0
67628,cic_ids2017,0,0.04,0.416325,0.228162,0,0,0
67636,cic_ids2017,0,0.0,0.049692,0.024846,0,0,0
67645,cic_ids2017,0,0.000881,0.051142,0.026012,0,0,0
67668,cic_ids2017,1,0.99,0.466995,0.728497,1,0,1
67670,cic_ids2017,0,0.0,0.041492,0.020746,0,0,0
67696,cic_ids2017,0,0.013547,0.044676,0.029112,0,0,0
67704,cic_ids2017,0,0.002687,0.051812,0.02725,0,0,0
67709,cic_ids2017,0,0.001146,0.046293,0.023719,0,0,0
67713,cic_ids2017,0,0.0,0.045044,0.022522,0,0,0
67714,cic_ids2017,0,0.0,0.049735,0.024868,0,0,0
67718,cic_ids2017,1,1.0,0.44815,0.724075,1,0,1
67726,cic_ids2017,0,0.0,0.04108,0.02054,0,0,0
67729,cic_ids2017,0,0.0,0.046362,0.023181,0,0,0
67730,cic_ids2017,0,0.001146,0.046291,0.023719,0,0,0
67737,cic_ids2017,0,0.001705,0.051812,0.026758,0,0,0
67738,cic_ids2017,0,0.000881,0.250558,0.125719,0,0,0
67743,cic_ids2017,0,0.0,0.021207,0.010604,0,0,0
67752,cic_ids2017,0,0.0,0.046323,0.023161,0,0,0
67754,cic_ids2017,0,0.0,0.007351,0.003675,0,0,0
67760,cic_ids2017,0,0.001705,0.051812,0.026758,0,0,0
67766,cic_ids2017,0,0.001146,0.046293,0.02372,0,0,0
67773,cic_ids2017,0,0.0,0.046938,0.023469,0,0,0
67783,cic_ids2017,0,0.001705,0.051812,0.026758,0,0,0
67786,cic_ids2017,0,0.0,0.049763,0.024881,0,0,0
67791,cic_ids2017,0,0.0,0.049746,0.024873,0,0,0
67806,cic_ids2017,1,0.849249,0.049647,0.449448,1,0,0
67811,cic_ids2017,0,0.001146,0.046293,0.02372,0,0,0
67823,cic_ids2017,0,0.0,0.04082,0.02041,0,0,0
67843,cic_ids2017,0,0.001781,0.051812,0.026797,0,0,0
67844,cic_ids2017,0,0.0,0.04969,0.024845,0,0,0
67845,cic_ids2017,0,0.039973,0.044676,0.042325,0,0,0
67853,cic_ids2017,0,0.0,0.017497,0.008748,0,0,0
67854,cic_ids2017,0,0.001146,0.046292,0.023719,0,0,0
67858,cic_ids2017,0,0.0,0.049737,0.024868,0,0,0
67860,cic_ids2017,0,0.001146,0.046293,0.02372,0,0,0
67862,cic_ids2017,0,0.01,0.488671,0.249336,0,0,0
67864,cic_ids2017,0,0.001146,0.046292,0.023719,0,0,0
67867,cic_ids2017,0,1.5e-05,0.048304,0.02416,0,0,0
67871,cic_ids2017,0,0.0,0.041034,0.020517,0,0,0
67872,cic_ids2017,0,0.0,0.065711,0.032856,0,0,0
67887,cic_ids2017,0,0.0,0.049717,0.024858,0,0,0
67888,cic_ids2017,1,1.0,0.038264,0.519132,1,0,1
67891,cic_ids2017,0,0.0,0.048214,0.024107,0,0,0
67892,cic_ids2017,0,0.0,0.04647,0.023235,0,0,0
67894,cic_ids2017,0,0.0,0.035636,0.017818,0,0,0
67898,cic_ids2017,0,0.0,0.046336,0.023168,0,0,0
67902,cic_ids2017,1,0.849249,0.049647,0.449448,1,0,0
67908,cic_ids2017,0,0.0,0.046294,0.023147,0,0,0
67910,cic_ids2017,1,0.854015,0.049647,0.451831,1,0,0
67915,cic_ids2017,0,0.0,0.046334,0.023167,0,0,0
67918,cic_ids2017,0,0.0,0.057333,0.028666,0,0,0
67920,cic_ids2017,0,0.0,0.04643,0.023215,0,0,0
67922,cic_ids2017,0,0.0,0.046406,0.023203,0,0,0
67949,cic_ids2017,0,0.0,0.046332,0.023166,0,0,0
67954,cic_ids2017,0,0.064423,0.049647,0.057035,0,0,0
67967,cic_ids2017,0,0.0,0.046738,0.023369,0,0,0
67970,cic_ids2017,0,0.0,0.049671,0.024835,0,0,0
67971,cic_ids2017,0,0.001781,0.051812,0.026797,0,0,0
67972,cic_ids2017,0,0.0,0.050352,0.025176,0,0,0
67973,cic_ids2017,1,0.849249,0.049647,0.449448,1,0,0
67979,cic_ids2017,0,0.0,0.046333,0.023167,0,0,0
67996,cic_ids2017,0,0.001705,0.051812,0.026758,0,0,0
68008,cic_ids2017,0,0.001146,0.046294,0.02372,0,0,0
68011,cic_ids2017,0,0.0,0.049752,0.024876,0,0,0
68017,cic_ids2017,0,0.007197,0.057149,0.032173,0,0,0
68020,cic_ids2017,0,0.0,0.002322,0.001161,0,0,0
68034,cic_ids2017,0,0.0,0.04965,0.024825,0,0,0
68040,cic_ids2017,1,0.98,0.037398,0.508699,1,0,1
68042,cic_ids2017,0,0.0,0.049866,0.024933,0,0,0
68048,cic_ids2017,0,0.0,0.046355,0.023178,0,0,0
68049,cic_ids2017,0,0.0,0.049683,0.024842,0,0,0
68050,cic_ids2017,0,0.0,0.046335,0.023168,0,0,0
68051,cic_ids2017,0,0.0,0.046391,0.023196,0,0,0
68059,cic_ids2017,0,0.001146,0.046293,0.02372,0,0,0
68063,cic_ids2017,0,0.0,0.15546,0.07773,0,0,0
68082,cic_ids2017,0,0.0,0.049754,0.024877,0,0,0
68087,cic_ids2017,0,0.003545,0.051812,0.027679,0,0,0
68092,cic_ids2017,0,2.4e-05,0.034781,0.017403,0,0,0
68097,cic_ids2017,0,0.001705,0.051812,0.026758,0,0,0
68099,cic_ids2017,0,0.001781,0.051812,0.026797,0,0,0
68100,cic_ids2017,0,0.001146,0.046292,0.023719,0,0,0
68101,cic_ids2017,0,0.0,0.028035,0.014018,0,0,0
68106,cic_ids2017,1,0.854015,0.049647,0.451831,1,0,0
68107,cic_ids2017,0,0.002048,0.051812,0.02693,0,0,0
68108,cic_ids2017,1,0.92,0.071859,0.49593,1,0,0
68117,cic_ids2017,0,0.0,0.045051,0.022526,0,0,0
68129,cic_ids2017,0,0.001146,0.04629,0.023718,0,0,0
68133,cic_ids2017,0,0.000881,0.051142,0.026011,0,0,0
68136,cic_ids2017,1,0.981265,0.563945,0.772605,1,1,1
68149,cic_ids2017,0,0.0,0.049681,0.024841,0,0,0
68151,cic_ids2017,0,0.030093,0.049647,0.03987,0,0,0
68152,cic_ids2017,0,0.001778,0.051812,0.026795,0,0,0
68164,cic_ids2017,0,0.064423,0.049647,0.057035,0,0,0
68170,cic_ids2017,0,0.0,0.032617,0.016308,0,0,0
68171,cic_ids2017,0,0.001146,0.046293,0.02372,0,0,0
68177,cic_ids2017,0,0.064423,0.049647,0.057035,0,0,0
68183,cic_ids2017,0,0.0,0.030397,0.015199,0,0,0
68185,cic_ids2017,0,0.030093,0.049647,0.03987,0,0,0
68193,cic_ids2017,0,0.0,0.04508,0.02254,0,0,0
68198,cic_ids2017,0,0.002048,0.051812,0.02693,0,0,0
68201,cic_ids2017,1,1.0,0.03754,0.51877,1,0,1
68210,cic_ids2017,1,0.941447,0.046305,0.493876,1,0,0
68213,cic_ids2017,1,0.064423,0.049647,0.057035,0,0,0
68228,cic_ids2017,0,0.0,0.049718,0.024859,0,0,0
68236,cic_ids2017,1,1.0,0.442435,0.721218,1,0,1
68252,cic_ids2017,0,0.0,0.049682,0.024841,0,0,0
68258,cic_ids2017,0,0.0,0.049719,0.024859,0,0,0
68270,cic_ids2017,1,0.96,0.130266,0.545133,1,0,1
68271,cic_ids2017,0,0.001259,0.051812,0.026536,0,0,0
68275,cic_ids2017,0,0.0,0.010005,0.005003,0,0,0
68276,cic_ids2017,0,0.0,0.040672,0.020336,0,0,0
68277,cic_ids2017,0,0.001259,0.051812,0.026536,0,0,0
68278,cic_ids2017,0,0.0,0.046398,0.023199,0,0,0
68288,cic_ids2017,0,0.0,0.046382,0.023191,0,0,0
68297,cic_ids2017,0,0.01,0.041543,0.025772,0,0,0
68302,cic_ids2017,0,0.001146,0.046293,0.023719,0,0,0
68304,cic_ids2017,0,0.0,0.046326,0.023163,0,0,0
68308,cic_ids2017,0,0.001146,0.0463,0.023723,0,0,0
68313,cic_ids2017,0,0.064423,0.049647,0.057035,0,0,0
68314,cic_ids2017,0,0.0,0.049733,0.024866,0,0,0
68318,cic_ids2017,0,2.4e-05,0.042787,0.021406,0,0,0
68323,cic_ids2017,0,0.001146,0.04629,0.023718,0,0,0
68327,cic_ids2017,0,0.0,0.037144,0.018572,0,0,0
68331,cic_ids2017,0,0.0,0.0463,0.02315,0,0,0
68332,cic_ids2017,0,0.0,0.042305,0.021152,0,0,0
68339,cic_ids2017,0,0.010881,0.231384,0.121132,0,0,0
68341,cic_ids2017,1,0.92,0.236312,0.578156,1,0,1
68343,cic_ids2017,1,0.854015,0.049647,0.451831,1,0,0
68345,cic_ids2017,0,0.0,0.023681,0.01184,0,0,0
68352,cic_ids2017,0,0.001781,0.051812,0.026797,0,0,0
68357,cic_ids2017,1,0.963545,0.049763,0.506654,1,0,1
68359,cic_ids2017,0,0.0,0.049693,0.024846,0,0,0
68362,cic_ids2017,0,0.001146,0.046291,0.023719,0,0,0
68365,cic_ids2017,0,0.001146,0.046301,0.023724,0,0,0
68374,cic_ids2017,0,0.040881,0.144242,0.092561,0,0,0
68379,cic_ids2017,0,0.013547,0.04708,0.030313,0,0,0
68388,cic_ids2017,0,0.0,0.049738,0.024869,0,0,0
68399,cic_ids2017,0,0.0,0.506737,0.253368,0,1,0
68405,cic_ids2017,0,0.015085,0.049718,0.032401,0,0,0
68406,cic_ids2017,0,0.064423,0.049647,0.057035,0,0,0
68425,cic_ids2017,0,0.0,0.344582,0.172291,0,0,0
68435,cic_ids2017,0,0.001146,0.046294,0.02372,0,0,0
68442,cic_ids2017,0,0.0,0.046546,0.023273,0,0,0
68443,cic_ids2017,1,0.980881,0.054305,0.517593,1,0,1
68451,cic_ids2017,0,0.0,0.005253,0.002627,0,0,0
68460,cic_ids2017,0,0.001146,0.046292,0.023719,0,0,0
68465,cic_ids2017,0,0.001778,0.051812,0.026795,0,0,0
68467,cic_ids2017,1,0.854015,0.049647,0.451831,1,0,0
68479,cic_ids2017,0,0.0,0.045057,0.022528,0,0,0
68483,cic_ids2017,0,0.0,0.049682,0.024841,0,0,0
68487,cic_ids2017,0,0.0,0.078353,0.039177,0,0,0
68488,cic_ids2017,0,0.0,0.053326,0.026663,0,0,0
68489,cic_ids2017,0,0.0,0.037577,0.018789,0,0,0
68493,cic_ids2017,0,0.001146,0.046292,0.023719,0,0,0
68499,cic_ids2017,0,0.0,0.049804,0.024902,0,0,0
68516,cic_ids2017,0,0.001146,0.04629,0.023718,0,0,0
68518,cic_ids2017,0,0.031313,0.051812,0.041563,0,0,0
68521,cic_ids2017,0,0.0,0.046451,0.023225,0,0,0
68523,cic_ids2017,1,1.0,0.286991,0.643496,1,0,1
68528,cic_ids2017,1,0.96,0.073225,0.516612,1,0,1
68529,cic_ids2017,0,0.002671,0.069798,0.036235,0,0,0
68535,cic_ids2017,0,0.031313,0.051812,0.041563,0,0,0
68539,cic_ids2017,0,0.0,0.033716,0.016858,0,0,0
68540,cic_ids2017,0,0.0,0.009932,0.004966,0,0,0
68573,cic_ids2017,0,0.0,0.106849,0.053425,0,0,0
68575,cic_ids2017,0,0.0,0.049682,0.024841,0,0,0
68581,cic_ids2017,1,1.0,0.037139,0.51857,1,0,1
68586,cic_ids2017,0,0.001146,0.046291,0.023719,0,0,0
68590,cic_ids2017,0,0.0,0.049685,0.024842,0,0,0
68592,cic_ids2017,0,0.010322,0.038836,0.024579,0,0,0
68607,cic_ids2017,1,0.854015,0.049647,0.451831,1,0,0
68612,cic_ids2017,0,0.0,0.046441,0.02322,0,0,0
68623,cic_ids2017,0,0.0,0.049692,0.024846,0,0,0
68637,cic_ids2017,0,0.01,0.049665,0.029832,0,0,0
68640,cic_ids2017,0,0.09,0.042632,0.066316,0,0,0
68642,cic_ids2017,0,0.0,0.116318,0.058159,0,0,0
68646,cic_ids2017,1,0.854015,0.049647,0.451831,1,0,0
68652,cic_ids2017,0,0.0,0.006208,0.003104,0,0,0
68654,cic_ids2017,0,0.0,0.281766,0.140883,0,0,0
68655,cic_ids2017,0,0.064423,0.049647,0.057035,0,0,0
68661,cic_ids2017,0,0.001705,0.051812,0.026758,0,0,0
68667,cic_ids2017,0,0.002671,0.071474,0.037072,0,0,0
68679,cic_ids2017,0,0.0,0.024544,0.012272,0,0,0
68681,cic_ids2017,0,0.0,0.017581,0.00879,0,0,0
68688,cic_ids2017,0,0.0,0.045121,0.02256,0,0,0
68693,cic_ids2017,0,0.001778,0.051812,0.026795,0,0,0
68700,cic_ids2017,1,1.0,0.202616,0.601308,1,0,1
68704,cic_ids2017,1,1.0,0.150324,0.575162,1,0,1
68719,cic_ids2017,0,0.00746,0.045236,0.026348,0,0,0
68725,cic_ids2017,0,0.001521,0.04708,0.0243,0,0,0
68730,cic_ids2017,1,0.849249,0.049647,0.449448,1,0,0
68745,cic_ids2017,0,0.0,0.052964,0.026482,0,0,0
68754,cic_ids2017,0,0.0,0.045292,0.022646,0,0,0
68755,cic_ids2017,0,0.001146,0.046293,0.02372,0,0,0
68756,cic_ids2017,0,0.001146,0.046297,0.023721,0,0,0
68762,cic_ids2017,0,0.0,0.049683,0.024841,0,0,0
68777,cic_ids2017,0,0.0,0.049743,0.024871,0,0,0
68793,cic_ids2017,0,0.0,0.111989,0.055995,0,0,0
68798,cic_ids2017,0,0.0,0.049836,0.024918,0,0,0
68809,cic_ids2017,0,0.0,0.06069,0.030345,0,0,0
68810,cic_ids2017,0,0.0,0.432108,0.216054,0,0,0
68812,cic_ids2017,1,1.0,0.523036,0.761518,1,1,1
68817,cic_ids2017,0,0.0,0.045099,0.02255,0,0,0
68818,cic_ids2017,0,0.064423,0.049647,0.057035,0,0,0
68820,cic_ids2017,0,0.001705,0.051812,0.026758,0,0,0
68821,cic_ids2017,0,0.001781,0.051812,0.026797,0,0,0
68832,cic_ids2017,0,0.0,0.046336,0.023168,0,0,0
68837,cic_ids2017,0,0.039973,0.044676,0.042325,0,0,0
68862,cic_ids2017,1,1.0,0.397203,0.698602,1,0,1
68863,cic_ids2017,0,0.0,0.043445,0.021722,0,0,0
68871,cic_ids2017,0,0.001146,0.046293,0.023719,0,0,0
68872,cic_ids2017,0,0.0,0.064541,0.032271,0,0,0
68875,cic_ids2017,0,0.001146,0.046297,0.023721,0,0,0
68879,cic_ids2017,0,0.064423,0.049647,0.057035,0,0,0
68881,cic_ids2017,0,0.003545,0.051854,0.0277,0,0,0
68882,cic_ids2017,0,0.0,0.049747,0.024874,0,0,0
68891,cic_ids2017,0,0.0,0.046375,0.023188,0,0,0
68893,cic_ids2017,0,0.001146,0.046296,0.023721,0,0,0
68898,cic_ids2017,0,0.001146,0.046293,0.02372,0,0,0
68899,cic_ids2017,0,0.0,0.049735,0.024868,0,0,0
68907,cic_ids2017,0,0.030093,0.049647,0.03987,0,0,0
68912,cic_ids2017,0,0.001146,0.046292,0.023719,0,0,0
68913,cic_ids2017,0,0.01,0.004659,0.007329,0,0,0
68914,cic_ids2017,0,0.002439,0.065107,0.033773,0,0,0
68928,cic_ids2017,0,0.001146,0.046291,0.023719,0,0,0
68931,cic_ids2017,0,0.0,0.008264,0.004132,0,0,0
68933,cic_ids2017,0,0.0,0.050137,0.025069,0,0,0
68935,cic_ids2017,1,0.99,0.295387,0.642693,1,0,1
68938,cic_ids2017,0,0.016479,0.048596,0.032537,0,0,0
68942,cic_ids2017,0,0.0,0.046326,0.023163,0,0,0
68945,cic_ids2017,1,0.854015,0.049647,0.451831,1,0,0
68946,cic_ids2017,0,0.0,0.049736,0.024868,0,0,0
68949,cic_ids2017,0,0.0,0.046332,0.023166,0,0,0
68952,cic_ids2017,0,0.013547,0.04708,0.030313,0,0,0
68953,cic_ids2017,0,0.0,0.010635,0.005317,0,0,0
68958,cic_ids2017,0,0.0,0.046389,0.023195,0,0,0
68966,cic_ids2017,0,0.443545,0.051816,0.24768,0,0,0
68977,cic_ids2017,0,0.0,0.046357,0.023179,0,0,0
68998,cic_ids2017,0,0.001146,0.046294,0.02372,0,0,0
69005,cic_ids2017,0,0.0,0.049716,0.024858,0,0,0
69011,cic_ids2017,0,0.0,0.046573,0.023286,0,0,0
69016,cic_ids2017,0,0.016071,0.048995,0.032533,0,0,0
69022,cic_ids2017,0,0.0,0.094884,0.047442,0,0,0
69031,cic_ids2017,0,0.002705,0.051812,0.027259,0,0,0
69032,cic_ids2017,1,1.0,0.492187,0.746093,1,0,1
69037,cic_ids2017,1,1.0,0.482459,0.741229,1,0,1
69043,cic_ids2017,0,0.0,0.046335,0.023167,0,0,0
69047,cic_ids2017,0,0.0,0.008621,0.00431,0,0,0
69051,cic_ids2017,0,0.001146,0.046295,0.02372,0,0,0
69054,cic_ids2017,0,0.226687,0.065531,0.146109,0,0,0
69057,cic_ids2017,0,0.0,0.046325,0.023163,0,0,0
69062,cic_ids2017,0,0.0,0.060101,0.03005,0,0,0
69063,cic_ids2017,0,0.0,0.049733,0.024867,0,0,0
69066,cic_ids2017,0,0.0,0.003521,0.001761,0,0,0
69068,cic_ids2017,1,0.849249,0.049647,0.449448,1,0,0
69070,cic_ids2017,1,0.849249,0.049647,0.449448,1,0,0
69079,cic_ids2017,0,0.0,0.019691,0.009845,0,0,0
69080,cic_ids2017,0,0.0,0.004759,0.002379,0,0,0
69081,cic_ids2017,0,0.001146,0.046292,0.023719,0,0,0
69083,cic_ids2017,0,0.0,0.049693,0.024846,0,0,0
69088,cic_ids2017,0,0.0,0.043011,0.021505,0,0,0
69100,cic_ids2017,0,0.01,0.041825,0.025913,0,0,0
69110,cic_ids2017,0,0.0,0.049694,0.024847,0,0,0
69111,cic_ids2017,1,1.0,0.311595,0.655798,1,0,1
69112,cic_ids2017,0,0.015085,0.049664,0.032374,0,0,0
69117,cic_ids2017,1,1.0,0.453624,0.726812,1,0,1
69118,cic_ids2017,1,0.854015,0.049647,0.451831,1,0,0
69121,cic_ids2017,1,0.990881,0.092628,0.541755,1,0,1
69129,cic_ids2017,1,0.064423,0.049647,0.057035,0,0,0
69136,cic_ids2017,0,0.001146,0.046292,0.023719,0,0,0
69146,cic_ids2017,0,0.027828,0.048945,0.038387,0,0,0
69151,cic_ids2017,0,0.0,0.046335,0.023168,0,0,0
69160,cic_ids2017,0,0.0,0.04969,0.024845,0,0,0
69163,cic_ids2017,0,0.010881,0.051837,0.031359,0,0,0
69172,cic_ids2017,0,0.001146,0.046294,0.02372,0,0,0
69178,cic_ids2017,1,0.854015,0.049647,0.451831,1,0,0
69181,cic_ids2017,0,0.136919,0.06987,0.103395,0,0,0
69183,cic_ids2017,0,0.0,0.00498,0.00249,0,0,0
69194,cic_ids2017,0,0.001146,0.046297,0.023721,0,0,0
69201,cic_ids2017,0,0.001146,0.046295,0.02372,0,0,0
69212,cic_ids2017,0,0.0,0.038817,0.019408,0,0,0
69218,cic_ids2017,0,0.0,0.04972,0.02486,0,0,0
69219,cic_ids2017,0,0.0,0.018232,0.009116,0,0,0
69223,cic_ids2017,0,0.0,0.049713,0.024857,0,0,0
69230,cic_ids2017,0,0.0,0.038331,0.019166,0,0,0
69234,cic_ids2017,1,1.0,0.437113,0.718556,1,0,1
69235,cic_ids2017,1,0.854015,0.049647,0.451831,1,0,0
69239,cic_ids2017,0,0.001146,0.046292,0.023719,0,0,0
69241,cic_ids2017,0,0.0,0.013658,0.006829,0,0,0
69242,cic_ids2017,1,0.849249,0.049647,0.449448,1,0,0
69246,cic_ids2017,0,0.02,0.004895,0.012447,0,0,0
69250,cic_ids2017,0,0.001146,0.046294,0.02372,0,0,0
69258,cic_ids2017,0,0.0,0.049693,0.024846,0,0,0
69270,cic_ids2017,0,0.052439,0.065731,0.059085,0,0,0
69271,cic_ids2017,0,0.015085,0.049647,0.032366,0,0,0
69272,cic_ids2017,0,0.0,0.049686,0.024843,0,0,0
69276,cic_ids2017,1,1.0,0.039673,0.519836,1,0,1
69290,cic_ids2017,0,0.0,0.000721,0.00036,0,0,0
69294,cic_ids2017,0,0.001778,0.051812,0.026795,0,0,0
69298,cic_ids2017,0,0.000881,0.052074,0.026477,0,0,0
69303,cic_ids2017,1,1.0,0.248187,0.624094,1,0,1
69307,cic_ids2017,0,0.161282,0.048303,0.104793,0,0,0
69314,cic_ids2017,0,0.086334,0.049648,0.067991,0,0,0
69315,cic_ids2017,1,0.98,0.400587,0.690293,1,0,1
69320,cic_ids2017,0,0.0,0.049671,0.024835,0,0,0
69326,cic_ids2017,0,0.001781,0.051812,0.026797,0,0,0
69328,cic_ids2017,0,0.000881,0.052074,0.026477,0,0,0
69337,cic_ids2017,0,0.0,0.049684,0.024842,0,0,0
69338,cic_ids2017,1,1.0,0.478952,0.739476,1,0,1
69351,cic_ids2017,0,0.0,0.049694,0.024847,0,0,0
69361,cic_ids2017,0,0.0,0.036452,0.018226,0,0,0
69376,cic_ids2017,0,0.001146,0.04629,0.023718,0,0,0
69389,cic_ids2017,0,0.0,0.049714,0.024857,0,0,0
69392,cic_ids2017,0,0.001146,0.046295,0.023721,0,0,0
69393,cic_ids2017,0,0.0,0.046294,0.023147,0,0,0
69416,cic_ids2017,0,0.0,0.025474,0.012737,0,0,0
69418,cic_ids2017,1,1.0,0.038722,0.519361,1,0,1
69428,cic_ids2017,1,0.854015,0.049647,0.451831,1,0,0
69431,cic_ids2017,0,0.0,0.049691,0.024846,0,0,0
69433,cic_ids2017,0,0.0,0.050086,0.025043,0,0,0
69436,cic_ids2017,0,0.001587,0.048303,0.024945,0,0,0
69438,cic_ids2017,0,0.000881,0.051812,0.026347,0,0,0
69454,cic_ids2017,0,0.001778,0.051812,0.026795,0,0,0
69459,cic_ids2017,0,0.064423,0.049647,0.057035,0,0,0
69460,cic_ids2017,0,0.001146,0.04629,0.023718,0,0,0
69462,cic_ids2017,0,0.001705,0.051812,0.026758,0,0,0
69471,cic_ids2017,0,0.0,0.176782,0.088391,0,0,0
69474,cic_ids2017,0,0.016919,0.069426,0.043172,0,0,0
69475,cic_ids2017,1,0.854015,0.049647,0.451831,1,0,0
69478,cic_ids2017,0,0.0,0.046333,0.023166,0,0,0
69481,cic_ids2017,0,0.0,0.204728,0.102364,0,0,0
69483,cic_ids2017,0,0.0,0.049698,0.024849,0,0,0
69486,cic_ids2017,0,0.0,0.047033,0.023517,0,0,0
69489,cic_ids2017,0,0.0,0.022486,0.011243,0,0,0
69490,cic_ids2017,1,0.959014,0.050834,0.504924,1,0,1
69492,cic_ids2017,0,0.0,0.049702,0.024851,0,0,0
69498,cic_ids2017,0,0.0,0.049848,0.024924,0,0,0
69505,cic_ids2017,1,1.0,0.49016,0.74508,1,0,1
69510,cic_ids2017,0,0.0,0.046333,0.023167,0,0,0
69516,cic_ids2017,0,0.0,0.049691,0.024846,0,0,0
69520,cic_ids2017,0,0.0,0.014753,0.007377,0,0,0
69521,cic_ids2017,0,0.0,0.036036,0.018018,0,0,0
69528,cic_ids2017,0,0.001778,0.051812,0.026795,0,0,0
69537,cic_ids2017,0,0.000881,0.051814,0.026347,0,0,0
69539,cic_ids2017,0,0.0,0.041252,0.020626,0,0,0
69542,cic_ids2017,0,0.0,0.045065,0.022533,0,0,0
69543,cic_ids2017,0,0.0,0.015464,0.007732,0,0,0
69544,cic_ids2017,1,1.0,0.2032,0.6016,1,0,1
69551,cic_ids2017,0,0.064423,0.049647,0.057035,0,0,0
69554,cic_ids2017,0,0.02,0.069778,0.044889,0,0,0
69572,cic_ids2017,0,0.006323,0.04708,0.026701,0,0,0
69575,cic_ids2017,0,0.064052,0.049647,0.056849,0,0,0
69580,cic_ids2017,0,0.0,0.046337,0.023169,0,0,0
69583,cic_ids2017,1,1.0,0.041184,0.520592,1,0,1
69586,cic_ids2017,0,0.0,0.049693,0.024846,0,0,0
69593,cic_ids2017,0,2.4e-05,0.042063,0.021044,0,0,0
69594,cic_ids2017,0,0.0,0.040298,0.020149,0,0,0
69596,cic_ids2017,1,1.0,0.040432,0.520216,1,0,1
69601,cic_ids2017,0,0.0,0.049651,0.024825,0,0,0
69602,cic_ids2017,0,0.001146,0.046293,0.023719,0,0,0
69603,cic_ids2017,0,0.001146,0.046294,0.02372,0,0,0
69604,cic_ids2017,1,1.0,0.067705,0.533853,1,0,1
69606,cic_ids2017,1,0.124939,0.158627,0.141783,0,0,0
69609,cic_ids2017,0,0.0,0.046336,0.023168,0,0,0
69611,cic_ids2017,0,0.0,0.046355,0.023177,0,0,0
69623,cic_ids2017,0,0.001146,0.04629,0.023718,0,0,0
69625,cic_ids2017,0,0.0,0.010514,0.005257,0,0,0
69632,cic_ids2017,0,0.001146,0.046292,0.023719,0,0,0
69640,cic_ids2017,0,0.0,0.049733,0.024867,0,0,0
69641,cic_ids2017,0,0.0,0.023069,0.011534,0,0,0
69646,cic_ids2017,1,1.0,0.329414,0.664707,1,0,1
69656,cic_ids2017,0,0.0,0.071521,0.03576,0,0,0
69662,cic_ids2017,0,0.001992,0.051813,0.026902,0,0,0
69669,cic_ids2017,0,0.061143,0.040964,0.051053,0,0,0
69687,cic_ids2017,0,0.0,0.046326,0.023163,0,0,0
69688,cic_ids2017,0,0.001146,0.046293,0.023719,0,0,0
69689,cic_ids2017,0,0.0,0.049691,0.024845,0,0,0
69698,cic_ids2017,0,0.0,0.049719,0.024859,0,0,0
69705,cic_ids2017,0,0.0,0.008983,0.004491,0,0,0
69710,cic_ids2017,0,0.0,0.002751,0.001375,0,0,0
69713,cic_ids2017,0,0.030093,0.049647,0.03987,0,0,0
69714,cic_ids2017,0,0.0,0.024314,0.012157,0,0,0
69721,cic_ids2017,0,0.001146,0.046291,0.023719,0,0,0
69732,cic_ids2017,0,0.000881,0.051821,0.026351,0,0,0
69739,cic_ids2017,0,0.771203,0.047663,0.409433,1,0,0
69745,cic_ids2017,0,0.064423,0.049647,0.057035,0,0,0
69747,cic_ids2017,0,0.029271,0.049647,0.039459,0,0,0
69748,cic_ids2017,0,0.0,0.046335,0.023167,0,0,0
69749,cic_ids2017,0,0.0,0.171125,0.085563,0,0,0
69750,cic_ids2017,0,0.019924,0.051812,0.035868,0,0,0
69751,cic_ids2017,0,0.001146,0.046293,0.02372,0,0,0
69774,cic_ids2017,0,0.0,0.03344,0.01672,0,0,0
69775,cic_ids2017,0,0.030093,0.049647,0.03987,0,0,0
69777,cic_ids2017,0,0.0,0.021237,0.010619,0,0,0
69778,cic_ids2017,0,0.0,0.04636,0.02318,0,0,0
69779,cic_ids2017,0,0.064423,0.049647,0.057035,0,0,0
69781,cic_ids2017,0,0.001146,0.046292,0.023719,0,0,0
69783,cic_ids2017,0,0.0,0.019501,0.00975,0,0,0
69785,cic_ids2017,0,0.001146,0.046293,0.023719,0,0,0
69786,cic_ids2017,0,0.031313,0.051812,0.041563,0,0,0
69794,cic_ids2017,0,0.01,0.009017,0.009508,0,0,0
69796,cic_ids2017,1,1.0,0.459153,0.729577,1,0,1
69808,cic_ids2017,0,0.0,0.046334,0.023167,0,0,0
69818,cic_ids2017,0,0.0,0.046333,0.023166,0,0,0
69821,cic_ids2017,1,1.0,0.473729,0.736865,1,0,1
69826,cic_ids2017,0,0.0,0.049738,0.024869,0,0,0
69830,cic_ids2017,0,0.0,0.046339,0.023169,0,0,0
69838,cic_ids2017,1,0.849249,0.049647,0.449448,1,0,0
69839,cic_ids2017,1,1.0,0.275603,0.637802,1,0,1
69840,cic_ids2017,0,0.0,0.047994,0.023997,0,0,0
69844,cic_ids2017,1,0.98,0.136109,0.558055,1,0,1
69845,cic_ids2017,0,0.003545,0.051812,0.027679,0,0,0
69853,cic_ids2017,1,0.990881,0.056756,0.523819,1,0,1
69854,cic_ids2017,0,0.016919,0.068873,0.042896,0,0,0
69864,cic_ids2017,0,0.0,0.053231,0.026615,0,0,0
69869,cic_ids2017,0,0.0,0.049716,0.024858,0,0,0
69870,cic_ids2017,0,0.0,0.046334,0.023167,0,0,0
69875,cic_ids2017,0,0.0,0.050782,0.025391,0,0,0
69882,cic_ids2017,0,0.0,0.043992,0.021996,0,0,0
69885,cic_ids2017,0,0.0,0.046356,0.023178,0,0,0
69887,cic_ids2017,0,0.0,0.087162,0.043581,0,0,0
69902,cic_ids2017,0,0.0,0.04519,0.022595,0,0,0
69911,cic_ids2017,0,0.064423,0.049647,0.057035,0,0,0
69934,cic_ids2017,0,0.0,0.05808,0.02904,0,0,0
69939,cic_ids2017,0,0.0,0.027355,0.013677,0,0,0
69942,cic_ids2017,0,0.0,0.049693,0.024846,0,0,0
69944,cic_ids2017,0,0.0,0.027371,0.013686,0,0,0
69953,cic_ids2017,0,0.0,0.045095,0.022548,0,0,0
69956,cic_ids2017,0,0.001146,0.046292,0.023719,0,0,0
69957,cic_ids2017,0,0.064423,0.049647,0.057035,0,0,0
69959,cic_ids2017,0,0.001705,0.051812,0.026758,0,0,0
69961,cic_ids2017,0,0.0,0.346152,0.173076,0,0,0
69980,cic_ids2017,0,0.0,0.046375,0.023187,0,0,0
69983,cic_ids2017,0,0.0,0.007019,0.003509,0,0,0
69988,cic_ids2017,0,0.016687,0.064552,0.04062,0,0,0
69989,cic_ids2017,1,0.849249,0.049647,0.449448,1,0,0
69993,cic_ids2017,0,0.030093,0.049647,0.03987,0,0,0
70008,cic_ids2017,0,0.064423,0.049647,0.057035,0,0,0
70017,cic_ids2017,1,0.986582,0.052339,0.51946,1,0,1
70020,cic_ids2017,0,0.001146,0.046291,0.023719,0,0,0
70023,cic_ids2017,1,0.849249,0.049647,0.449448,1,0,0
70027,cic_ids2017,0,0.064423,0.049647,0.057035,0,0,0
70030,cic_ids2017,0,0.01,0.008368,0.009184,0,0,0
70035,cic_ids2017,0,0.01,0.006475,0.008237,0,0,0
70036,cic_ids2017,1,0.854015,0.049647,0.451831,1,0,0
70040,cic_ids2017,0,0.0,0.046335,0.023167,0,0,0
70041,cic_ids2017,1,1.0,0.45393,0.726965,1,0,1
70049,cic_ids2017,0,0.001146,0.04629,0.023718,0,0,0
70054,cic_ids2017,0,0.01,0.095865,0.052932,0,0,0
70059,cic_ids2017,0,0.0,0.049735,0.024867,0,0,0
70060,cic_ids2017,0,0.031313,0.051812,0.041563,0,0,0
70067,cic_ids2017,0,0.015951,0.047691,0.031821,0,0,0
70072,cic_ids2017,0,0.08,0.040237,0.060119,0,0,0
70077,cic_ids2017,1,0.854015,0.049647,0.451831,1,0,0
70081,cic_ids2017,0,0.0,0.034487,0.017243,0,0,0
70084,cic_ids2017,1,1.0,0.425666,0.712833,1,0,1
70088,cic_ids2017,0,0.0,0.199999,0.099999,0,0,0
70096,cic_ids2017,0,0.001146,0.04629,0.023718,0,0,0
70102,cic_ids2017,0,0.003545,0.051306,0.027426,0,0,0
70105,cic_ids2017,0,0.0,0.049692,0.024846,0,0,0
70106,cic_ids2017,0,0.0,0.054813,0.027407,0,0,0
70112,cic_ids2017,0,0.0,0.049701,0.024851,0,0,0
70119,cic_ids2017,0,0.01,0.464347,0.237174,0,0,0
70125,cic_ids2017,0,0.0,0.049735,0.024868,0,0,0
70127,cic_ids2017,0,0.064423,0.049647,0.057035,0,0,0
70130,cic_ids2017,0,0.001146,0.046292,0.023719,0,0,0
70135,cic_ids2017,1,1.0,0.041193,0.520596,1,0,1
70155,cic_ids2017,1,0.849249,0.049647,0.449448,1,0,0
70158,cic_ids2017,0,0.0,0.049649,0.024825,0,0,0
70160,cic_ids2017,0,0.0,0.049692,0.024846,0,0,0
70161,cic_ids2017,0,0.001259,0.051812,0.026536,0,0,0
70164,cic_ids2017,0,0.0,0.046294,0.023147,0,0,0
70171,cic_ids2017,0,0.0,0.049691,0.024846,0,0,0
70180,cic_ids2017,1,0.849249,0.049647,0.449448,1,0,0
70182,cic_ids2017,1,0.849249,0.049647,0.449448,1,0,0
70183,cic_ids2017,0,0.0,0.056117,0.028059,0,0,0
70184,cic_ids2017,1,1.0,0.453264,0.726632,1,0,1
70185,cic_ids2017,1,0.961447,0.04631,0.503879,1,0,1
70186,cic_ids2017,0,1.5e-05,0.046287,0.023151,0,0,0
70192,cic_ids2017,1,0.849249,0.049647,0.449448,1,0,0
70194,cic_ids2017,0,0.0,0.046423,0.023211,0,0,0
70202,cic_ids2017,0,0.0,0.049692,0.024846,0,0,0
70205,cic_ids2017,0,0.0,0.046454,0.023227,0,0,0
70213,cic_ids2017,0,0.019924,0.051812,0.035868,0,0,0
70219,cic_ids2017,1,0.986582,0.051714,0.519148,1,0,1
70220,cic_ids2017,0,0.0,0.049692,0.024846,0,0,0
70223,cic_ids2017,0,0.0,0.002223,0.001112,0,0,0
70224,cic_ids2017,1,1.0,0.315401,0.6577,1,0,1
70226,cic_ids2017,0,0.001146,0.046293,0.02372,0,0,0
70231,cic_ids2017,0,0.0,0.049749,0.024875,0,0,0
70232,cic_ids2017,0,0.001146,0.046292,0.023719,0,0,0
70234,cic_ids2017,0,0.015085,0.049655,0.03237,0,0,0
70235,cic_ids2017,0,0.001445,0.051142,0.026294,0,0,0
70237,cic_ids2017,0,0.001146,0.046293,0.023719,0,0,0
70250,cic_ids2017,0,2.4e-05,0.036047,0.018036,0,0,0
70251,cic_ids2017,1,0.849249,0.049647,0.449448,1,0,0
70257,cic_ids2017,1,0.849249,0.049647,0.449448,1,0,0
70261,cic_ids2017,1,0.92,0.060374,0.490187,1,0,0
70275,cic_ids2017,1,0.031313,0.051812,0.041563,0,0,0
70276,cic_ids2017,0,0.064423,0.049647,0.057035,0,0,0
70277,cic_ids2017,0,0.0,0.046334,0.023167,0,0,0
70279,cic_ids2017,0,0.0,0.046383,0.023192,0,0,0
70280,cic_ids2017,0,0.307994,0.04708,0.177537,0,0,0
70286,cic_ids2017,1,0.854015,0.049647,0.451831,1,0,0
70287,cic_ids2017,0,0.064423,0.049647,0.057035,0,0,0
70293,cic_ids2017,0,0.013547,0.04708,0.030313,0,0,0
70298,cic_ids2017,0,0.030093,0.049647,0.03987,0,0,0
70299,cic_ids2017,0,0.000881,0.250207,0.125544,0,0,0
70301,cic_ids2017,1,0.971447,0.046306,0.508876,1,0,1
70311,cic_ids2017,0,0.000881,0.051922,0.026401,0,0,0
70313,cic_ids2017,0,0.0,0.024284,0.012142,0,0,0
70315,cic_ids2017,0,0.001146,0.046293,0.02372,0,0,0
70316,cic_ids2017,0,0.002671,0.067924,0.035298,0,0,0
70318,cic_ids2017,0,0.0,0.049716,0.024858,0,0,0
70320,cic_ids2017,0,0.0,0.024058,0.012029,0,0,0
70326,cic_ids2017,0,0.0,0.007447,0.003724,0,0,0
70333,cic_ids2017,0,0.0,0.191574,0.095787,0,0,0
70337,cic_ids2017,1,1.0,0.471661,0.73583,1,0,1
70343,cic_ids2017,1,0.854015,0.049647,0.451831,1,0,0
70345,cic_ids2017,0,0.016687,0.06332,0.040004,0,0,0
70349,cic_ids2017,0,0.000881,0.051142,0.026011,0,0,0
70369,cic_ids2017,0,0.0,0.057873,0.028936,0,0,0
70375,cic_ids2017,0,0.0,0.046295,0.023147,0,0,0
70382,cic_ids2017,0,0.0,0.046343,0.023171,0,0,0
70402,cic_ids2017,1,1.0,0.499203,0.749601,1,0,1
70405,cic_ids2017,0,0.0,0.157288,0.078644,0,0,0
70407,cic_ids2017,0,0.0,0.046294,0.023147,0,0,0
70411,cic_ids2017,0,0.001148,0.051141,0.026145,0,0,0
70416,cic_ids2017,0,0.0,0.049682,0.024841,0,0,0
70419,cic_ids2017,0,0.001146,0.046292,0.023719,0,0,0
70427,cic_ids2017,0,0.0,0.010544,0.005272,0,0,0
70432,cic_ids2017,1,0.9,0.075395,0.487698,1,0,0
70434,cic_ids2017,0,0.00746,0.04543,0.026445,0,0,0
70441,cic_ids2017,0,0.0,0.039383,0.019691,0,0,0
70444,cic_ids2017,0,0.001146,0.046292,0.023719,0,0,0
70446,cic_ids2017,0,0.0,0.140736,0.070368,0,0,0
70448,cic_ids2017,1,1.0,0.039438,0.519719,1,0,1
70459,cic_ids2017,1,0.93,0.104097,0.517049,1,0,1
70464,cic_ids2017,0,0.030093,0.049647,0.03987,0,0,0
70465,cic_ids2017,0,0.001146,0.04629,0.023718,0,0,0
70471,cic_ids2017,1,1.0,0.478586,0.739293,1,0,1
70473,cic_ids2017,1,0.7,0.09445,0.397225,1,0,0
70475,cic_ids2017,1,1.0,0.03779,0.518895,1,0,1
70489,cic_ids2017,0,0.064423,0.049647,0.057035,0,0,0
70491,cic_ids2017,1,0.854015,0.049647,0.451831,1,0,0
70500,cic_ids2017,0,0.0,0.046468,0.023234,0,0,0
70502,cic_ids2017,0,0.02,0.096152,0.058076,0,0,0
70507,cic_ids2017,0,0.0,0.046337,0.023168,0,0,0
70508,cic_ids2017,1,1.0,0.042105,0.521052,1,0,1
70509,cic_ids2017,0,0.015085,0.049826,0.032456,0,0,0
70520,cic_ids2017,0,0.0,0.027118,0.013559,0,0,0
70540,cic_ids2017,1,0.849249,0.049647,0.449448,1,0,0
70541,cic_ids2017,0,0.0,0.03305,0.016525,0,0,0
70542,cic_ids2017,0,0.064423,0.049647,0.057035,0,0,0
70548,cic_ids2017,0,0.001146,0.046294,0.02372,0,0,0
70549,cic_ids2017,0,0.0,0.050072,0.025036,0,0,0
70556,cic_ids2017,1,1.0,0.474296,0.737148,1,0,1
70558,cic_ids2017,0,0.0,0.046337,0.023168,0,0,0
70559,cic_ids2017,1,0.978549,0.132021,0.555285,1,0,1
70561,cic_ids2017,0,0.001778,0.051812,0.026795,0,0,0
70567,cic_ids2017,0,0.0,0.04644,0.02322,0,0,0
70574,cic_ids2017,0,0.01,0.054085,0.032043,0,0,0
70583,cic_ids2017,0,0.001146,0.046296,0.023721,0,0,0
70584,cic_ids2017,1,0.990881,0.057193,0.524037,1,0,1
70587,cic_ids2017,0,0.001285,0.048945,0.025115,0,0,0
70591,cic_ids2017,0,0.0,0.036369,0.018184,0,0,0
70593,cic_ids2017,0,0.030093,0.049647,0.03987,0,0,0
70594,cic_ids2017,0,0.0,0.046735,0.023367,0,0,0
70601,cic_ids2017,0,0.001259,0.051812,0.026536,0,0,0
70606,cic_ids2017,0,0.002439,0.065464,0.033952,0,0,0
70616,cic_ids2017,0,0.064423,0.049647,0.057035,0,0,0
70630,cic_ids2017,0,0.064423,0.049647,0.057035,0,0,0
70631,cic_ids2017,0,0.0,0.046325,0.023163,0,0,0
70635,cic_ids2017,0,0.0,0.002413,0.001206,0,0,0
70659,cic_ids2017,0,0.0,0.049682,0.024841,0,0,0
70660,cic_ids2017,0,0.001146,0.046294,0.02372,0,0,0
70663,cic_ids2017,1,1.0,0.041226,0.520613,1,0,1
70668,cic_ids2017,0,0.001146,0.046291,0.023719,0,0,0
70673,cic_ids2017,0,0.001162,0.051813,0.026487,0,0,0
70674,cic_ids2017,0,0.0,0.046386,0.023193,0,0,0
70676,cic_ids2017,0,0.0,0.046332,0.023166,0,0,0
70684,cic_ids2017,0,0.02,0.018278,0.019139,0,0,0
70688,cic_ids2017,0,0.621731,0.04833,0.33503,1,0,0
70690,cic_ids2017,0,0.0,0.005589,0.002794,0,0,0
70692,cic_ids2017,0,0.0,0.049654,0.024827,0,0,0
70694,cic_ids2017,0,0.0,0.017614,0.008807,0,0,0
70696,cic_ids2017,0,0.0,0.046333,0.023166,0,0,0
70708,cic_ids2017,0,0.030093,0.049647,0.03987,0,0,0
70709,cic_ids2017,0,0.064423,0.049647,0.057035,0,0,0
70720,cic_ids2017,0,0.001146,0.046291,0.023719,0,0,0
70726,cic_ids2017,0,0.0,0.006982,0.003491,0,0,0
70736,cic_ids2017,0,0.014919,0.051812,0.033365,0,0,0
70737,cic_ids2017,0,0.020015,0.047664,0.03384,0,0,0
70745,cic_ids2017,1,0.88,0.068172,0.474086,1,0,0
70748,cic_ids2017,0,0.0,0.049716,0.024858,0,0,0
70755,cic_ids2017,0,0.0,0.024047,0.012024,0,0,0
70772,cic_ids2017,0,0.039973,0.044676,0.042325,0,0,0
70775,cic_ids2017,0,0.0,0.046377,0.023188,0,0,0
70781,cic_ids2017,0,0.0,0.049736,0.024868,0,0,0
70792,cic_ids2017,1,1.0,0.395499,0.697749,1,0,1
70796,cic_ids2017,0,0.001146,0.046294,0.02372,0,0,0
70811,cic_ids2017,0,0.001146,0.046293,0.02372,0,0,0
70821,cic_ids2017,0,0.02,0.007031,0.013516,0,0,0
70823,cic_ids2017,0,0.000881,0.051142,0.026011,0,0,0
70825,cic_ids2017,0,0.0,0.032338,0.016169,0,0,0
70828,cic_ids2017,0,0.001969,0.051812,0.02689,0,0,0
70830,cic_ids2017,1,0.073014,0.144658,0.108836,0,0,0
70836,cic_ids2017,0,0.0,0.046375,0.023188,0,0,0
70837,cic_ids2017,0,0.0,0.009395,0.004697,0,0,0
70838,cic_ids2017,0,0.0,0.036435,0.018218,0,0,0
70841,cic_ids2017,0,0.0,0.049744,0.024872,0,0,0
70845,cic_ids2017,0,0.0,0.049691,0.024846,0,0,0
70846,cic_ids2017,0,0.254314,0.048945,0.151629,0,0,0
70851,cic_ids2017,0,0.022385,0.049647,0.036016,0,0,0
70854,cic_ids2017,0,0.0,0.046335,0.023168,0,0,0
70855,cic_ids2017,0,0.001146,0.046293,0.02372,0,0,0
70859,cic_ids2017,0,0.0,0.046388,0.023194,0,0,0
70870,cic_ids2017,1,1.0,0.040013,0.520007,1,0,1
70871,cic_ids2017,1,0.849249,0.049647,0.449448,1,0,0
70872,cic_ids2017,0,0.030093,0.049647,0.03987,0,0,0
70874,cic_ids2017,0,0.001146,0.046291,0.023719,0,0,0
70877,cic_ids2017,0,0.001146,0.046293,0.023719,0,0,0
70888,cic_ids2017,0,0.0,0.04968,0.02484,0,0,0
70892,cic_ids2017,1,0.849249,0.049647,0.449448,1,0,0
70893,cic_ids2017,0,0.0,0.014656,0.007328,0,0,0
70898,cic_ids2017,0,0.0,0.046331,0.023166,0,0,0
70902,cic_ids2017,0,0.001146,0.046292,0.023719,0,0,0
70917,cic_ids2017,0,0.0,0.00877,0.004385,0,0,0
70923,cic_ids2017,0,0.001146,0.046289,0.023718,0,0,0
70933,cic_ids2017,0,0.001146,0.046293,0.02372,0,0,0
70941,cic_ids2017,0,0.001146,0.046292,0.023719,0,0,0
70943,cic_ids2017,0,0.010881,0.051148,0.031014,0,0,0
70944,cic_ids2017,0,0.0,0.046426,0.023213,0,0,0
70948,cic_ids2017,0,0.016071,0.049077,0.032574,0,0,0
70952,cic_ids2017,0,0.0,0.049715,0.024858,0,0,0
70953,cic_ids2017,0,0.064423,0.049647,0.057035,0,0,0
70964,cic_ids2017,0,0.0,0.045184,0.022592,0,0,0
70968,cic_ids2017,0,0.0,0.006396,0.003198,0,0,0
70969,cic_ids2017,0,0.000881,0.051233,0.026057,0,0,0
70970,cic_ids2017,0,0.031313,0.051812,0.041563,0,0,0
70972,cic_ids2017,0,0.019924,0.051812,0.035868,0,0,0
70974,cic_ids2017,0,0.002048,0.051812,0.02693,0,0,0
70977,cic_ids2017,0,0.0,0.049736,0.024868,0,0,0
70983,cic_ids2017,0,0.0,0.046327,0.023164,0,0,0
70990,cic_ids2017,0,0.0,0.033616,0.016808,0,0,0
71002,cic_ids2017,1,0.854325,0.049647,0.451986,1,0,0
71004,cic_ids2017,0,0.0,0.006599,0.003299,0,0,0
71021,cic_ids2017,0,0.0,0.182783,0.091391,0,0,0
71022,cic_ids2017,0,0.0,0.028904,0.014452,0,0,0
71032,cic_ids2017,0,0.00412,0.047753,0.025937,0,0,0
71052,cic_ids2017,1,1.0,0.346653,0.673326,1,0,1
71062,cic_ids2017,0,0.001146,0.046296,0.023721,0,0,0
71067,cic_ids2017,0,0.013068,0.051812,0.03244,0,0,0
71071,cic_ids2017,0,0.002048,0.051812,0.02693,0,0,0
71075,cic_ids2017,0,0.000898,0.051143,0.02602,0,0,0
71084,cic_ids2017,0,0.0,0.24244,0.12122,0,0,0
71089,cic_ids2017,0,0.015085,0.049703,0.032394,0,0,0
71094,cic_ids2017,0,0.0,0.030001,0.015001,0,0,0
71098,cic_ids2017,0,0.0,0.055032,0.027516,0,0,0
71100,cic_ids2017,1,1.0,0.040891,0.520445,1,0,1
71103,cic_ids2017,0,0.001146,0.046293,0.023719,0,0,0
71113,cic_ids2017,1,0.854015,0.049647,0.451831,1,0,0
71115,cic_ids2017,0,0.003545,0.051812,0.027679,0,0,0
71116,cic_ids2017,1,0.854015,0.049647,0.451831,1,0,0
71121,cic_ids2017,0,0.0,0.023534,0.011767,0,0,0
71123,cic_ids2017,1,0.990881,0.055511,0.523196,1,0,1
71127,cic_ids2017,0,0.0,0.000239,0.00012,0,0,0
71130,cic_ids2017,0,0.0,0.046332,0.023166,0,0,0
71147,cic_ids2017,0,0.030093,0.049647,0.03987,0,0,0
71148,cic_ids2017,0,0.0,0.010581,0.00529,0,0,0
71154,cic_ids2017,0,0.0,0.046326,0.023163,0,0,0
71159,cic_ids2017,0,0.001146,0.046297,0.023721,0,0,0
71163,cic_ids2017,0,0.031313,0.051812,0.041563,0,0,0
71165,cic_ids2017,0,0.001146,0.046294,0.02372,0,0,0
71181,cic_ids2017,0,0.0,0.019927,0.009963,0,0,0
71183,cic_ids2017,0,0.04,0.071603,0.055801,0,0,0
71190,cic_ids2017,0,0.001146,0.046293,0.02372,0,0,0
71199,cic_ids2017,1,0.849249,0.049647,0.449448,1,0,0
71210,cic_ids2017,0,0.000881,0.051142,0.026011,0,0,0
71212,cic_ids2017,0,2.4e-05,0.039824,0.019924,0,0,0
71215,cic_ids2017,0,0.001146,0.046291,0.023719,0,0,0
71222,cic_ids2017,1,1.0,0.03714,0.51857,1,0,1
71223,cic_ids2017,0,0.0,0.049693,0.024846,0,0,0
71228,cic_ids2017,0,0.004284,0.051812,0.028048,0,0,0
71235,cic_ids2017,0,0.000881,0.051812,0.026347,0,0,0
71242,cic_ids2017,0,0.0,0.036452,0.018226,0,0,0
71247,cic_ids2017,0,0.0,0.046334,0.023167,0,0,0
71248,cic_ids2017,0,0.005055,0.044046,0.024551,0,0,0
71255,cic_ids2017,0,0.001333,0.045076,0.023205,0,0,0
71257,cic_ids2017,1,0.854015,0.049647,0.451831,1,0,0
71271,cic_ids2017,0,0.021143,0.045619,0.033381,0,0,0
71273,cic_ids2017,0,0.010881,0.041013,0.025947,0,0,0
71275,cic_ids2017,1,1.0,0.320824,0.660412,1,0,1
71277,cic_ids2017,0,2.4e-05,0.038936,0.01948,0,0,0
71289,cic_ids2017,0,0.0,0.049682,0.024841,0,0,0
71291,cic_ids2017,1,1.0,0.420256,0.710128,1,0,1
71292,cic_ids2017,0,0.030093,0.049647,0.03987,0,0,0
71293,cic_ids2017,0,0.0,0.045343,0.022671,0,0,0
71298,cic_ids2017,0,0.0,0.046359,0.023179,0,0,0
71301,cic_ids2017,0,0.030093,0.049647,0.03987,0,0,0
71303,cic_ids2017,0,0.001146,0.046292,0.023719,0,0,0
71304,cic_ids2017,0,0.153545,0.058539,0.106042,0,0,0
71312,cic_ids2017,0,0.030093,0.049647,0.03987,0,0,0
71320,cic_ids2017,1,1.0,0.489719,0.744859,1,0,1
71321,cic_ids2017,0,0.001146,0.04629,0.023718,0,0,0
71338,cic_ids2017,0,0.0,0.046398,0.023199,0,0,0
71344,cic_ids2017,0,0.001146,0.046291,0.023719,0,0,0
71354,cic_ids2017,1,1.0,0.037245,0.518622,1,0,1
71356,cic_ids2017,0,0.0,0.049684,0.024842,0,0,0
71360,cic_ids2017,0,0.0,0.046374,0.023187,0,0,0
71369,cic_ids2017,0,0.005055,0.04405,0.024552,0,0,0
71371,cic_ids2017,0,0.0,0.037124,0.018562,0,0,0
71383,cic_ids2017,0,0.0,0.045052,0.022526,0,0,0
71414,cic_ids2017,0,0.0,0.045134,0.022567,0,0,0
71422,cic_ids2017,0,0.001146,0.046295,0.02372,0,0,0
71425,cic_ids2017,0,0.001146,0.046295,0.02372,0,0,0
71430,cic_ids2017,0,0.001146,0.046292,0.023719,0,0,0
71431,cic_ids2017,0,0.001146,0.046299,0.023722,0,0,0
71433,cic_ids2017,0,0.0,0.005221,0.002611,0,0,0
71435,cic_ids2017,1,0.971447,0.046307,0.508877,1,0,1
71436,cic_ids2017,0,0.0,0.081942,0.040971,0,0,0
71439,cic_ids2017,1,0.986582,0.062006,0.524294,1,0,1
71440,cic_ids2017,0,0.0,0.012905,0.006453,0,0,0
71442,cic_ids2017,0,0.0,0.042142,0.021071,0,0,0
71455,cic_ids2017,0,0.0,0.046416,0.023208,0,0,0
71459,cic_ids2017,0,0.001781,0.051812,0.026797,0,0,0
71461,cic_ids2017,1,0.769808,0.051813,0.410811,1,0,0
71464,cic_ids2017,0,0.001146,0.046292,0.023719,0,0,0
71473,cic_ids2017,0,0.001146,0.046289,0.023718,0,0,0
71476,cic_ids2017,0,0.0,0.046355,0.023178,0,0,0
71480,cic_ids2017,0,0.015085,0.049697,0.032391,0,0,0
71507,cic_ids2017,0,0.001146,0.046289,0.023718,0,0,0
71509,cic_ids2017,0,0.030093,0.049647,0.03987,0,0,0
71510,cic_ids2017,0,0.01,0.246873,0.128437,0,0,0
71512,cic_ids2017,0,0.0,0.020948,0.010474,0,0,0
71520,cic_ids2017,0,0.0,0.036942,0.018471,0,0,0
71525,cic_ids2017,0,0.001146,0.046296,0.023721,0,0,0
71527,cic_ids2017,0,0.005881,0.051144,0.028513,0,0,0
71538,cic_ids2017,0,0.0,0.041524,0.020762,0,0,0
71542,cic_ids2017,0,0.030093,0.049647,0.03987,0,0,0
71547,cic_ids2017,0,0.0,0.049074,0.024537,0,0,0
71556,cic_ids2017,0,0.030093,0.049647,0.03987,0,0,0
71559,cic_ids2017,0,0.0,0.049532,0.024766,0,0,0
71567,cic_ids2017,1,0.678364,0.050001,0.364182,1,0,0
71573,cic_ids2017,0,0.0,0.045051,0.022526,0,0,0
71586,cic_ids2017,1,1.0,0.51903,0.759515,1,1,1
71590,cic_ids2017,0,0.0,0.04113,0.020565,0,0,0
71595,cic_ids2017,0,0.0,0.056439,0.028219,0,0,0
71606,cic_ids2017,0,0.0,0.046586,0.023293,0,0,0
71612,cic_ids2017,0,0.03,0.084947,0.057473,0,0,0
71614,cic_ids2017,0,0.0,0.017176,0.008588,0,0,0
71621,cic_ids2017,0,0.0,0.034843,0.017421,0,0,0
71623,cic_ids2017,0,0.001654,0.051813,0.026733,0,0,0
71624,cic_ids2017,0,0.0,0.054823,0.027412,0,0,0
71626,cic_ids2017,0,0.01,0.237344,0.123672,0,0,0
71627,cic_ids2017,0,0.0,0.011046,0.005523,0,0,0
71628,cic_ids2017,0,0.022324,0.049647,0.035986,0,0,0
71650,cic_ids2017,0,0.001146,0.046294,0.02372,0,0,0
71651,cic_ids2017,0,0.039973,0.044676,0.042325,0,0,0
71654,cic_ids2017,0,0.0,0.04507,0.022535,0,0,0
71655,cic_ids2017,1,1.0,0.456753,0.728377,1,0,1
71676,cic_ids2017,0,0.001146,0.04629,0.023718,0,0,0
71679,cic_ids2017,1,1.0,0.282878,0.641439,1,0,1
71681,cic_ids2017,0,0.030093,0.049647,0.03987,0,0,0
71686,cic_ids2017,0,0.001146,0.046292,0.023719,0,0,0
71688,cic_ids2017,0,0.001764,0.049069,0.025417,0,0,0
71690,cic_ids2017,0,0.001146,0.046293,0.023719,0,0,0
71692,cic_ids2017,0,0.001705,0.051812,0.026758,0,0,0
71698,cic_ids2017,0,0.000881,0.051812,0.026347,0,0,0
71710,cic_ids2017,0,0.001259,0.051812,0.026536,0,0,0
71719,cic_ids2017,0,0.016919,0.069375,0.043147,0,0,0
71728,cic_ids2017,0,0.001259,0.051812,0.026536,0,0,0
71732,cic_ids2017,1,0.98,0.039199,0.509599,1,0,1
71737,cic_ids2017,0,0.064423,0.049647,0.057035,0,0,0
71741,cic_ids2017,0,0.01,0.051604,0.030802,0,0,0
71743,cic_ids2017,0,0.001146,0.046295,0.02372,0,0,0
71745,cic_ids2017,0,0.0,0.049682,0.024841,0,0,0
71748,cic_ids2017,0,0.0,0.02801,0.014005,0,0,0
71757,cic_ids2017,0,0.0,0.052998,0.026499,0,0,0
71766,cic_ids2017,0,0.0,0.14232,0.07116,0,0,0
71772,cic_ids2017,0,0.0,0.014617,0.007309,0,0,0
71773,cic_ids2017,1,0.97,0.356283,0.663142,1,0,1
71777,cic_ids2017,0,0.064423,0.049647,0.057035,0,0,0
71780,cic_ids2017,0,0.08046,0.051141,0.065801,0,0,0
71787,cic_ids2017,0,0.0,0.016752,0.008376,0,0,0
71788,cic_ids2017,0,2.4e-05,0.038657,0.019341,0,0,0
71795,cic_ids2017,1,0.990881,0.056392,0.523637,1,0,1
71799,cic_ids2017,1,0.849249,0.049647,0.449448,1,0,0
71803,cic_ids2017,0,0.064423,0.049647,0.057035,0,0,0
71805,cic_ids2017,0,0.030093,0.049647,0.03987,0,0,0
71806,cic_ids2017,0,0.000881,0.051815,0.026348,0,0,0
71820,cic_ids2017,1,0.98,0.084642,0.532321,1,0,1
71822,cic_ids2017,0,0.030093,0.049647,0.03987,0,0,0
71829,cic_ids2017,0,0.001146,0.046297,0.023722,0,0,0
71830,cic_ids2017,1,0.854015,0.049647,0.451831,1,0,0
71837,cic_ids2017,1,0.983014,0.21585,0.599432,1,0,1
71840,cic_ids2017,0,0.0,0.046328,0.023164,0,0,0
71847,cic_ids2017,0,0.0,0.046582,0.023291,0,0,0
71853,cic_ids2017,0,0.0,0.007817,0.003908,0,0,0
71855,cic_ids2017,0,0.015085,0.049648,0.032366,0,0,0
71861,cic_ids2017,0,0.01,0.041427,0.025713,0,0,0
71869,cic_ids2017,0,0.011161,0.048946,0.030053,0,0,0
71873,cic_ids2017,0,0.002687,0.051812,0.02725,0,0,0
71877,cic_ids2017,0,0.0,0.010424,0.005212,0,0,0
71884,cic_ids2017,0,0.0,0.046333,0.023167,0,0,0
71894,cic_ids2017,0,0.0,0.049808,0.024904,0,0,0
71897,cic_ids2017,0,0.007076,0.065173,0.036125,0,0,0
71900,cic_ids2017,1,0.849249,0.049647,0.449448,1,0,0
71905,cic_ids2017,1,1.0,0.486118,0.743059,1,0,1
71913,cic_ids2017,0,0.030093,0.049647,0.03987,0,0,0
71919,cic_ids2017,0,0.031313,0.051812,0.041563,0,0,0
71925,cic_ids2017,1,0.858549,0.138889,0.498719,1,0,0
71929,cic_ids2017,0,0.001781,0.051812,0.026797,0,0,0
71930,cic_ids2017,0,0.001146,0.046294,0.02372,0,0,0
71934,cic_ids2017,0,0.001146,0.046293,0.02372,0,0,0
71935,cic_ids2017,0,0.0,0.006971,0.003485,0,0,0
71938,cic_ids2017,1,0.986582,0.102145,0.544363,1,0,1
71941,cic_ids2017,0,0.0,0.04977,0.024885,0,0,0
71945,cic_ids2017,0,0.0,0.007104,0.003552,0,0,0
71951,cic_ids2017,0,0.0,0.001541,0.000771,0,0,0
71957,cic_ids2017,0,0.030093,0.049647,0.03987,0,0,0
71960,cic_ids2017,0,0.001146,0.04629,0.023718,0,0,0
71963,cic_ids2017,1,0.986582,0.055686,0.521134,1,0,1
71966,cic_ids2017,0,0.001146,0.046294,0.02372,0,0,0
71969,cic_ids2017,0,0.001146,0.046291,0.023719,0,0,0
71974,cic_ids2017,0,0.06,0.053934,0.056967,0,0,0
71977,cic_ids2017,0,0.06,0.034394,0.047197,0,0,0
71981,cic_ids2017,0,0.016919,0.070821,0.04387,0,0,0
71989,cic_ids2017,0,0.001521,0.044677,0.023099,0,0,0
71995,cic_ids2017,0,0.0,0.045136,0.022568,0,0,0
72000,cic_ids2017,1,0.849249,0.049647,0.449448,1,0,0
72001,cic_ids2017,0,0.220881,0.04977,0.135325,0,0,0
72003,cic_ids2017,1,1.0,0.453092,0.726546,1,0,1
72004,cic_ids2017,0,0.0,0.040295,0.020148,0,0,0
72006,cic_ids2017,0,0.031313,0.051812,0.041563,0,0,0
72007,cic_ids2017,0,0.0,0.045076,0.022538,0,0,0
72010,cic_ids2017,1,1.0,0.461578,0.730789,1,0,1
72012,cic_ids2017,0,0.0,0.049693,0.024847,0,0,0
72023,cic_ids2017,0,0.0,0.049785,0.024892,0,0,0
72033,cic_ids2017,0,0.0,0.004431,0.002215,0,0,0
72036,cic_ids2017,0,0.002439,0.062335,0.032387,0,0,0
72039,cic_ids2017,0,0.0,0.041039,0.020519,0,0,0
72040,cic_ids2017,0,0.0,0.048183,0.024092,0,0,0
72060,cic_ids2017,0,0.050322,0.031234,0.040778,0,0,0
72068,cic_ids2017,0,0.075698,0.051141,0.06342,0,0,0
72072,cic_ids2017,0,0.0,0.050797,0.025399,0,0,0
72091,cic_ids2017,0,0.030093,0.049647,0.03987,0,0,0
72115,cic_ids2017,0,0.030015,0.048966,0.03949,0,0,0
72120,cic_ids2017,0,0.0,0.513749,0.256874,0,1,0
72126,cic_ids2017,0,0.001146,0.046293,0.023719,0,0,0
72127,cic_ids2017,0,0.001146,0.046294,0.02372,0,0,0
72129,cic_ids2017,0,0.0,0.049692,0.024846,0,0,0
72131,cic_ids2017,0,0.0,0.039098,0.019549,0,0,0
72133,cic_ids2017,0,0.0,0.020589,0.010295,0,0,0
72147,cic_ids2017,0,0.0,0.049696,0.024848,0,0,0
72153,cic_ids2017,0,0.002048,0.051812,0.02693,0,0,0
72168,cic_ids2017,0,0.0,0.008156,0.004078,0,0,0
72170,cic_ids2017,0,0.0,0.005879,0.00294,0,0,0
72171,cic_ids2017,1,1.0,0.041737,0.520869,1,0,1
72175,cic_ids2017,0,0.015085,0.049679,0.032382,0,0,0
72185,cic_ids2017,1,1.0,0.47532,0.73766,1,0,1
72186,cic_ids2017,0,0.0,0.30838,0.15419,0,0,0
72187,cic_ids2017,0,0.001705,0.051812,0.026758,0,0,0
72190,cic_ids2017,0,0.0,0.049738,0.024869,0,0,0
72191,cic_ids2017,0,0.0,0.049778,0.024889,0,0,0
72197,cic_ids2017,0,0.001146,0.04629,0.023718,0,0,0
72199,cic_ids2017,0,0.064423,0.049647,0.057035,0,0,0
72200,cic_ids2017,0,0.0,0.020095,0.010048,0,0,0
72206,cic_ids2017,0,1.5e-05,0.048304,0.02416,0,0,0
72211,cic_ids2017,0,0.0,0.032308,0.016154,0,0,0
72218,cic_ids2017,0,0.015085,0.049717,0.032401,0,0,0
72235,cic_ids2017,0,0.0,0.046324,0.023162,0,0,0
72239,cic_ids2017,0,0.0,0.008435,0.004218,0,0,0
72241,cic_ids2017,0,0.0,0.219867,0.109933,0,0,0
72254,cic_ids2017,0,0.0,0.04255,0.021275,0,0,0
72265,cic_ids2017,0,0.001778,0.051812,0.026795,0,0,0
72266,cic_ids2017,0,0.001705,0.051812,0.026758,0,0,0
72268,cic_ids2017,0,0.023545,0.05217,0.037857,0,0,0
72271,cic_ids2017,0,0.0,0.060557,0.030278,0,0,0
72272,cic_ids2017,0,0.001158,0.048304,0.024731,0,0,0
72296,cic_ids2017,0,2.4e-05,0.040655,0.020339,0,0,0
72302,cic_ids2017,1,0.854015,0.049647,0.451831,1,0,0
72304,cic_ids2017,0,0.0,0.049682,0.024841,0,0,0
72320,cic_ids2017,0,0.0,0.046339,0.02317,0,0,0
72323,cic_ids2017,0,0.0,0.046315,0.023158,0,0,0
72324,cic_ids2017,0,0.0,0.533273,0.266636,0,1,0
72326,cic_ids2017,0,0.0,0.04975,0.024875,0,0,0
72333,cic_ids2017,0,0.0,0.046335,0.023167,0,0,0
72345,cic_ids2017,0,0.0,0.315419,0.157709,0,0,0
72365,cic_ids2017,0,0.986582,0.051639,0.51911,1,0,1
72368,cic_ids2017,0,0.0,0.03309,0.016545,0,0,0
72373,cic_ids2017,1,0.854015,0.049647,0.451831,1,0,0
72378,cic_ids2017,0,0.0,0.04508,0.02254,0,0,0
72383,cic_ids2017,0,0.000881,0.051857,0.026369,0,0,0
72390,cic_ids2017,0,0.001146,0.046292,0.023719,0,0,0
72391,cic_ids2017,0,0.020881,0.051172,0.036027,0,0,0
72402,cic_ids2017,0,0.0,0.046326,0.023163,0,0,0
72410,cic_ids2017,0,0.002439,0.062867,0.032653,0,0,0
72415,cic_ids2017,0,0.0,0.046332,0.023166,0,0,0
72416,cic_ids2017,1,0.838874,0.050464,0.444669,1,0,0
72417,cic_ids2017,0,0.001146,0.046294,0.02372,0,0,0
72429,cic_ids2017,1,1.0,0.512764,0.756382,1,1,1
72441,cic_ids2017,0,0.015085,0.049852,0.032468,0,0,0
72443,cic_ids2017,1,1.0,0.492005,0.746003,1,0,1
72445,cic_ids2017,0,0.0,0.015903,0.007951,0,0,0
72447,cic_ids2017,0,0.001146,0.046293,0.023719,0,0,0
72455,cic_ids2017,1,0.959014,0.050823,0.504919,1,0,1
72467,cic_ids2017,0,0.001146,0.046292,0.023719,0,0,0
72473,cic_ids2017,0,0.0,0.005198,0.002599,0,0,0
72483,cic_ids2017,0,0.064423,0.049647,0.057035,0,0,0
72488,cic_ids2017,0,0.0,0.017566,0.008783,0,0,0
72490,cic_ids2017,0,0.001087,0.051813,0.02645,0,0,0
72496,cic_ids2017,0,0.001146,0.046292,0.023719,0,0,0
72507,cic_ids2017,0,0.0,0.002728,0.001364,0,0,0
72510,cic_ids2017,0,0.0,0.049683,0.024841,0,0,0
72512,cic_ids2017,0,0.0,0.022714,0.011357,0,0,0
72535,cic_ids2017,0,0.0,0.049689,0.024844,0,0,0
72536,cic_ids2017,0,0.0,0.049733,0.024867,0,0,0
72542,cic_ids2017,0,0.001146,0.046292,0.023719,0,0,0
72543,cic_ids2017,0,0.0,0.046797,0.023399,0,0,0
72546,cic_ids2017,0,0.0,0.022411,0.011206,0,0,0
72550,cic_ids2017,0,0.002671,0.072727,0.037699,0,0,0
72552,cic_ids2017,0,0.001778,0.051812,0.026795,0,0,0
72554,cic_ids2017,0,0.0,0.049691,0.024846,0,0,0
72558,cic_ids2017,0,0.0,0.007438,0.003719,0,0,0
72560,cic_ids2017,1,0.986582,0.071893,0.529237,1,0,1
72562,cic_ids2017,0,0.064423,0.049647,0.057035,0,0,0
72567,cic_ids2017,1,0.98,0.080809,0.530404,1,0,1
72583,cic_ids2017,0,0.0,0.165421,0.08271,0,0,0
72584,cic_ids2017,0,2.4e-05,0.041457,0.020741,0,0,0
72586,cic_ids2017,0,0.0,0.046335,0.023168,0,0,0
72599,cic_ids2017,0,0.0,0.015805,0.007903,0,0,0
72600,cic_ids2017,0,0.0,0.049735,0.024868,0,0,0
72601,cic_ids2017,0,0.001705,0.051812,0.026758,0,0,0
72605,cic_ids2017,0,0.06,0.100806,0.080403,0,0,0
72607,cic_ids2017,0,0.0,0.042005,0.021003,0,0,0
72619,cic_ids2017,1,1.0,0.305566,0.652783,1,0,1
72622,cic_ids2017,0,0.030093,0.049647,0.03987,0,0,0
72625,cic_ids2017,0,0.0,0.046415,0.023208,0,0,0
72626,cic_ids2017,0,0.0,0.000416,0.000208,0,0,0
72632,cic_ids2017,1,1.0,0.037044,0.518522,1,0,1
72637,cic_ids2017,1,0.986582,0.08904,0.537811,1,0,1
72648,cic_ids2017,0,0.064423,0.049647,0.057035,0,0,0
72651,cic_ids2017,0,0.001087,0.051813,0.02645,0,0,0
72652,cic_ids2017,0,0.064423,0.049647,0.057035,0,0,0
72657,cic_ids2017,0,0.0,0.127335,0.063668,0,0,0
72659,cic_ids2017,0,0.001143,0.04965,0.025396,0,0,0
72663,cic_ids2017,1,0.99,0.321477,0.655738,1,0,1
72667,cic_ids2017,0,0.0,0.046414,0.023207,0,0,0
72677,cic_ids2017,0,0.0,0.046334,0.023167,0,0,0
72678,cic_ids2017,0,0.0,0.012883,0.006441,0,0,0
72681,cic_ids2017,0,0.0,0.046893,0.023447,0,0,0
72686,cic_ids2017,0,0.00155,0.051812,0.026681,0,0,0
72697,cic_ids2017,0,0.0,0.046332,0.023166,0,0,0
72714,cic_ids2017,0,0.0,0.045096,0.022548,0,0,0
72716,cic_ids2017,0,0.0,0.0448,0.0224,0,0,0
72719,cic_ids2017,0,0.0,0.046503,0.023252,0,0,0
72731,cic_ids2017,0,0.0,0.041466,0.020733,0,0,0
72734,cic_ids2017,0,0.0,0.046325,0.023163,0,0,0
72741,cic_ids2017,0,0.022385,0.049647,0.036016,0,0,0
72742,cic_ids2017,0,0.001143,0.049651,0.025397,0,0,0
72744,cic_ids2017,1,0.849249,0.049647,0.449448,1,0,0
72747,cic_ids2017,0,0.0,0.046336,0.023168,0,0,0
72749,cic_ids2017,0,0.0,0.049693,0.024846,0,0,0
72752,cic_ids2017,0,0.0,0.049724,0.024862,0,0,0
72754,cic_ids2017,1,0.854015,0.049647,0.451831,1,0,0
72756,cic_ids2017,0,0.0,0.018322,0.009161,0,0,0
72757,cic_ids2017,0,0.064423,0.049647,0.057035,0,0,0
72764,cic_ids2017,0,0.001146,0.046295,0.02372,0,0,0
72767,cic_ids2017,0,0.0,0.049697,0.024849,0,0,0
72773,cic_ids2017,0,0.064423,0.049647,0.057035,0,0,0
72779,cic_ids2017,0,0.0,0.020017,0.010008,0,0,0
72784,cic_ids2017,0,0.001146,0.046292,0.023719,0,0,0
72792,cic_ids2017,0,0.030093,0.049647,0.03987,0,0,0
72795,cic_ids2017,1,0.849249,0.049647,0.449448,1,0,0
72796,cic_ids2017,0,0.001146,0.046297,0.023721,0,0,0
72798,cic_ids2017,0,0.0,0.046322,0.023161,0,0,0
72803,cic_ids2017,0,0.001146,0.046298,0.023722,0,0,0
72807,cic_ids2017,0,0.0,0.060935,0.030467,0,0,0
72808,cic_ids2017,0,0.001158,0.048304,0.024731,0,0,0
72812,cic_ids2017,0,0.0,0.052632,0.026316,0,0,0
72815,cic_ids2017,1,0.986582,0.062666,0.524624,1,0,1
72825,cic_ids2017,0,0.0,0.049682,0.024841,0,0,0
72827,cic_ids2017,1,1.0,0.281824,0.640912,1,0,1
72834,cic_ids2017,0,2.4e-05,0.040318,0.020171,0,0,0
72839,cic_ids2017,0,0.000881,0.052412,0.026647,0,0,0
72841,cic_ids2017,1,0.970881,0.055382,0.513131,1,0,1
72842,cic_ids2017,0,0.030093,0.049647,0.03987,0,0,0
72843,cic_ids2017,1,0.99,0.037059,0.513529,1,0,1
72853,cic_ids2017,0,0.0,0.041034,0.020517,0,0,0
72856,cic_ids2017,0,0.001774,0.051812,0.026793,0,0,0
72870,cic_ids2017,0,0.0,0.131301,0.06565,0,0,0
72873,cic_ids2017,0,0.0,0.041035,0.020518,0,0,0
72880,cic_ids2017,1,1.0,0.465375,0.732687,1,0,1
72886,cic_ids2017,0,0.013547,0.04708,0.030313,0,0,0
72889,cic_ids2017,0,0.0,0.046325,0.023163,0,0,0
72890,cic_ids2017,0,0.296687,0.065603,0.181145,0,0,0
72892,cic_ids2017,0,0.001146,0.04629,0.023718,0,0,0
72893,cic_ids2017,0,0.0,0.010714,0.005357,0,0,0
72898,cic_ids2017,1,1.0,0.286174,0.643087,1,0,1
72900,cic_ids2017,0,0.0,0.049684,0.024842,0,0,0
72901,cic_ids2017,0,0.064423,0.049647,0.057035,0,0,0
72902,cic_ids2017,1,0.849249,0.049647,0.449448,1,0,0
72904,cic_ids2017,0,0.0,0.049682,0.024841,0,0,0
72907,cic_ids2017,0,0.001259,0.051812,0.026536,0,0,0
72915,cic_ids2017,0,0.0,0.046336,0.023168,0,0,0
72916,cic_ids2017,0,0.001143,0.04965,0.025397,0,0,0
72917,cic_ids2017,1,0.980881,0.048998,0.51494,1,0,1
72918,cic_ids2017,1,0.99,0.13013,0.560065,1,0,1
72929,cic_ids2017,0,0.0,0.036545,0.018273,0,0,0
72934,cic_ids2017,0,0.001146,0.04629,0.023718,0,0,0
72939,cic_ids2017,0,0.0,0.024004,0.012002,0,0,0
72942,cic_ids2017,0,0.064423,0.049647,0.057035,0,0,0
72944,cic_ids2017,0,0.0,0.000795,0.000398,0,0,0
72950,cic_ids2017,0,0.0,0.036718,0.018359,0,0,0
72951,cic_ids2017,0,0.0,0.04965,0.024825,0,0,0
72953,cic_ids2017,1,0.990881,0.115821,0.553351,1,0,1
72956,cic_ids2017,0,0.0,0.053974,0.026987,0,0,0
72987,cic_ids2017,0,0.031313,0.051812,0.041563,0,0,0
72991,cic_ids2017,0,0.016071,0.048995,0.032533,0,0,0
72992,cic_ids2017,0,2.4e-05,0.037499,0.018761,0,0,0
72993,cic_ids2017,0,0.010881,0.051157,0.031019,0,0,0
72994,cic_ids2017,1,1.0,0.472585,0.736292,1,0,1
72996,cic_ids2017,0,0.001146,0.046293,0.02372,0,0,0
73001,cic_ids2017,0,0.0,0.046354,0.023177,0,0,0
73004,cic_ids2017,1,0.849249,0.049647,0.449448,1,0,0
73009,cic_ids2017,0,0.001146,0.046291,0.023719,0,0,0
73014,cic_ids2017,0,0.001146,0.046292,0.023719,0,0,0
73024,cic_ids2017,0,0.001705,0.051812,0.026758,0,0,0
73030,cic_ids2017,0,0.001146,0.046292,0.023719,0,0,0
73034,cic_ids2017,0,0.001259,0.051812,0.026536,0,0,0
73043,cic_ids2017,0,0.0,0.172582,0.086291,0,0,0
73061,cic_ids2017,0,0.001553,0.048946,0.025249,0,0,0
73079,cic_ids2017,1,1.0,0.350911,0.675455,1,0,1
73082,cic_ids2017,0,0.001146,0.046293,0.02372,0,0,0
73089,cic_ids2017,0,0.0,0.038288,0.019144,0,0,0
73090,cic_ids2017,0,0.001146,0.046297,0.023721,0,0,0
73107,cic_ids2017,0,0.001146,0.046291,0.023719,0,0,0
73113,cic_ids2017,0,0.064423,0.049647,0.057035,0,0,0
73116,cic_ids2017,0,0.0,0.028512,0.014256,0,0,0
73117,cic_ids2017,0,0.0,0.046496,0.023248,0,0,0
73123,cic_ids2017,0,0.0,0.049693,0.024846,0,0,0
73125,cic_ids2017,1,1.0,0.309678,0.654839,1,0,1
73128,cic_ids2017,0,0.002396,0.04392,0.023158,0,0,0
73135,cic_ids2017,0,0.0,0.036594,0.018297,0,0,0
73136,cic_ids2017,0,0.0,0.040508,0.020254,0,0,0
73137,cic_ids2017,0,0.0,0.013664,0.006832,0,0,0
73138,cic_ids2017,1,0.849249,0.049647,0.449448,1,0,0
73139,cic_ids2017,0,0.0,0.046335,0.023168,0,0,0
73149,cic_ids2017,0,0.0,0.005492,0.002746,0,0,0
73153,cic_ids2017,0,0.031313,0.051812,0.041563,0,0,0
73168,cic_ids2017,0,0.0,0.00073,0.000365,0,0,0
73171,cic_ids2017,0,0.0,0.046294,0.023147,0,0,0
73181,cic_ids2017,0,0.0,0.023101,0.01155,0,0,0
73183,cic_ids2017,1,0.986582,0.101271,0.543926,1,0,1
73187,cic_ids2017,1,0.854015,0.049647,0.451831,1,0,0
73188,cic_ids2017,0,0.002917,0.10167,0.052293,0,0,0
73193,cic_ids2017,0,0.015085,0.049678,0.032381,0,0,0
73218,cic_ids2017,1,0.87,0.012467,0.441234,1,0,0
73219,cic_ids2017,0,0.001146,0.046294,0.02372,0,0,0
73223,cic_ids2017,1,0.849249,0.049647,0.449448,1,0,0
73226,cic_ids2017,1,0.986582,0.064638,0.52561,1,0,1
73227,cic_ids2017,0,0.001146,0.046293,0.023719,0,0,0
73228,cic_ids2017,1,1.0,0.039879,0.519939,1,0,1
73232,cic_ids2017,1,1.0,0.250126,0.625063,1,0,1
73234,cic_ids2017,0,0.0,0.007809,0.003905,0,0,0
73236,cic_ids2017,0,0.0,0.049781,0.02489,0,0,0
73239,cic_ids2017,1,0.854015,0.049647,0.451831,1,0,0
73240,cic_ids2017,0,0.0,0.049694,0.024847,0,0,0
73245,cic_ids2017,0,0.001146,0.046296,0.023721,0,0,0
73250,cic_ids2017,0,0.0,0.046333,0.023167,0,0,0
73251,cic_ids2017,0,0.064423,0.049647,0.057035,0,0,0
73258,cic_ids2017,0,0.01,0.010015,0.010008,0,0,0
73260,cic_ids2017,0,0.001705,0.051812,0.026758,0,0,0
73261,cic_ids2017,1,0.854015,0.049647,0.451831,1,0,0
73262,cic_ids2017,1,0.849249,0.049647,0.449448,1,0,0
73267,cic_ids2017,0,0.001146,0.04629,0.023718,0,0,0
73274,cic_ids2017,1,0.990881,0.05697,0.523925,1,0,1
73279,cic_ids2017,0,0.001146,0.046292,0.023719,0,0,0
73280,cic_ids2017,0,0.064423,0.049647,0.057035,0,0,0
73281,cic_ids2017,0,0.0,0.046452,0.023226,0,0,0
73286,cic_ids2017,0,0.0,0.049692,0.024846,0,0,0
73291,cic_ids2017,0,0.0,0.01513,0.007565,0,0,0
73293,cic_ids2017,0,0.00183,0.048303,0.025067,0,0,0
73299,cic_ids2017,0,0.001146,0.046289,0.023718,0,0,0
73309,cic_ids2017,0,0.0,0.049736,0.024868,0,0,0
73312,cic_ids2017,0,0.0,0.049735,0.024868,0,0,0
73328,cic_ids2017,1,0.064423,0.049647,0.057035,0,0,0
73332,cic_ids2017,0,1.5e-05,0.048995,0.024505,0,0,0
73333,cic_ids2017,0,0.0,0.062362,0.031181,0,0,0
73337,cic_ids2017,0,0.0,0.046354,0.023177,0,0,0
73353,cic_ids2017,0,0.0,0.046294,0.023147,0,0,0
73359,cic_ids2017,0,0.0,0.049681,0.02484,0,0,0
73362,cic_ids2017,0,0.0,0.012567,0.006284,0,0,0
73363,cic_ids2017,1,1.0,0.307348,0.653674,1,0,1
73367,cic_ids2017,1,1.0,0.437212,0.718606,1,0,1
73369,cic_ids2017,0,0.0,0.046325,0.023163,0,0,0
73370,cic_ids2017,1,1.0,0.313799,0.6569,1,0,1
73372,cic_ids2017,0,0.015085,0.049649,0.032367,0,0,0
73375,cic_ids2017,0,0.0,0.049679,0.02484,0,0,0
73384,cic_ids2017,0,0.0,0.046327,0.023164,0,0,0
73392,cic_ids2017,0,0.001146,0.046302,0.023724,0,0,0
73395,cic_ids2017,0,0.001146,0.046296,0.023721,0,0,0
73403,cic_ids2017,0,0.02505,0.017409,0.02123,0,0,0
73405,cic_ids2017,0,0.0,0.04634,0.02317,0,0,0
73413,cic_ids2017,0,0.01,0.08183,0.045915,0,0,0
73414,cic_ids2017,0,0.001146,0.046292,0.023719,0,0,0
73420,cic_ids2017,0,0.0,0.049766,0.024883,0,0,0
73421,cic_ids2017,0,0.0,0.046359,0.02318,0,0,0
73423,cic_ids2017,0,0.030093,0.049647,0.03987,0,0,0
73435,cic_ids2017,0,0.0,0.049694,0.024847,0,0,0
73438,cic_ids2017,0,0.0,0.046335,0.023167,0,0,0
73439,cic_ids2017,0,0.03,0.049514,0.039757,0,0,0
73442,cic_ids2017,0,0.0,0.049719,0.02486,0,0,0
73444,cic_ids2017,0,0.003545,0.05186,0.027703,0,0,0
73446,cic_ids2017,0,0.001146,0.046291,0.023719,0,0,0
73449,cic_ids2017,1,1.0,0.040361,0.520181,1,0,1
73451,cic_ids2017,0,0.0,0.014905,0.007453,0,0,0
73457,cic_ids2017,0,0.001705,0.051812,0.026758,0,0,0
73462,cic_ids2017,1,0.854325,0.049647,0.451986,1,0,0
73463,cic_ids2017,0,0.013547,0.044676,0.029112,0,0,0
73469,cic_ids2017,1,1.0,0.467684,0.733842,1,0,1
73481,cic_ids2017,0,0.001146,0.0463,0.023723,0,0,0
73489,cic_ids2017,0,0.0,0.046326,0.023163,0,0,0
73490,cic_ids2017,0,0.0,0.014589,0.007295,0,0,0
73492,cic_ids2017,0,0.001146,0.046292,0.023719,0,0,0
73494,cic_ids2017,0,0.001146,0.04629,0.023718,0,0,0
73498,cic_ids2017,0,2.4e-05,0.037364,0.018694,0,0,0
73502,cic_ids2017,0,0.0,0.046419,0.02321,0,0,0
73512,cic_ids2017,0,0.0,0.0302,0.0151,0,0,0
73516,cic_ids2017,0,0.000881,0.041015,0.020948,0,0,0
73518,cic_ids2017,0,0.130846,0.051812,0.091329,0,0,0
73522,cic_ids2017,0,0.01,0.040398,0.025199,0,0,0
73527,cic_ids2017,0,0.001705,0.051812,0.026758,0,0,0
73534,cic_ids2017,0,0.0,0.008041,0.00402,0,0,0
73542,cic_ids2017,1,1.0,0.315126,0.657563,1,0,1
73543,cic_ids2017,0,0.064423,0.049647,0.057035,0,0,0
73547,cic_ids2017,0,0.0,0.019758,0.009879,0,0,0
73565,cic_ids2017,1,0.986582,0.056193,0.521387,1,0,1
73566,cic_ids2017,0,0.001143,0.04965,0.025396,0,0,0
73576,cic_ids2017,0,0.001265,0.048945,0.025105,0,0,0
73586,cic_ids2017,1,1.0,0.473517,0.736759,1,0,1
73587,cic_ids2017,1,1.0,0.391556,0.695778,1,0,1
73599,cic_ids2017,0,0.001146,0.046292,0.023719,0,0,0
73606,cic_ids2017,0,0.064423,0.049647,0.057035,0,0,0
73617,cic_ids2017,0,0.0,0.046371,0.023186,0,0,0
73619,cic_ids2017,0,0.0,0.032031,0.016016,0,0,0
73625,cic_ids2017,0,0.0,0.046374,0.023187,0,0,0
73626,cic_ids2017,1,1.0,0.481388,0.740694,1,0,1
73628,cic_ids2017,0,0.0,0.046324,0.023162,0,0,0
73630,cic_ids2017,0,0.0,0.046333,0.023167,0,0,0
73634,cic_ids2017,0,0.001146,0.046296,0.023721,0,0,0
73637,cic_ids2017,0,0.0,0.049692,0.024846,0,0,0
73641,cic_ids2017,1,1.0,0.126252,0.563126,1,0,1
73643,cic_ids2017,0,0.0,0.000717,0.000358,0,0,0
73651,cic_ids2017,0,0.001778,0.051812,0.026795,0,0,0
73654,cic_ids2017,0,0.001146,0.046294,0.02372,0,0,0
73655,cic_ids2017,0,0.0,0.047024,0.023512,0,0,0
73657,cic_ids2017,0,0.0,0.046373,0.023186,0,0,0
73659,cic_ids2017,0,0.0,0.045167,0.022584,0,0,0
73663,cic_ids2017,0,0.0,0.049744,0.024872,0,0,0
73670,cic_ids2017,1,0.854015,0.049647,0.451831,1,0,0
73689,cic_ids2017,1,0.990881,0.053448,0.522165,1,0,1
73695,cic_ids2017,0,0.0,0.049693,0.024846,0,0,0
73696,cic_ids2017,0,0.0,0.046326,0.023163,0,0,0
73706,cic_ids2017,0,0.031313,0.051812,0.041563,0,0,0
73710,cic_ids2017,0,0.015085,0.049917,0.032501,0,0,0
73718,cic_ids2017,0,0.0,0.046335,0.023168,0,0,0
73722,cic_ids2017,0,0.015085,0.049687,0.032386,0,0,0
73728,cic_ids2017,0,0.0,0.04639,0.023195,0,0,0
73731,cic_ids2017,1,1.0,0.036986,0.518493,1,0,1
73732,cic_ids2017,1,0.966582,0.05325,0.509916,1,0,1
73743,cic_ids2017,1,1.0,0.440234,0.720117,1,0,1
73745,cic_ids2017,0,0.0,0.086052,0.043026,0,0,0
73747,cic_ids2017,0,0.002439,0.065994,0.034217,0,0,0
73748,cic_ids2017,0,0.0,0.072299,0.03615,0,0,0
73755,cic_ids2017,0,0.0,0.030473,0.015236,0,0,0
73766,cic_ids2017,0,0.0,0.046356,0.023178,0,0,0
73777,cic_ids2017,1,0.854015,0.049647,0.451831,1,0,0
73778,cic_ids2017,1,0.849249,0.049647,0.449448,1,0,0
73780,cic_ids2017,0,0.030093,0.049647,0.03987,0,0,0
73781,cic_ids2017,0,0.001146,0.046292,0.023719,0,0,0
73783,cic_ids2017,0,0.0,0.035407,0.017704,0,0,0
73786,cic_ids2017,0,0.0,0.045763,0.022882,0,0,0
73791,cic_ids2017,0,0.001146,0.046293,0.023719,0,0,0
73802,cic_ids2017,0,0.040015,0.062632,0.051324,0,0,0
73803,cic_ids2017,0,0.0,0.049735,0.024868,0,0,0
73805,cic_ids2017,0,0.001259,0.051812,0.026536,0,0,0
73818,cic_ids2017,0,0.0,0.049802,0.024901,0,0,0
73821,cic_ids2017,0,0.0,0.046322,0.023161,0,0,0
73833,cic_ids2017,0,0.0,0.050179,0.025089,0,0,0
73838,cic_ids2017,1,0.849249,0.049647,0.449448,1,0,0
73846,cic_ids2017,1,0.854015,0.049647,0.451831,1,0,0
73849,cic_ids2017,0,0.0,0.046334,0.023167,0,0,0
73856,cic_ids2017,0,0.001146,0.046293,0.02372,0,0,0
73864,cic_ids2017,0,0.0,0.049757,0.024878,0,0,0
73869,cic_ids2017,0,0.0,0.049685,0.024842,0,0,0
73872,cic_ids2017,0,0.064423,0.049647,0.057035,0,0,0
73886,cic_ids2017,0,0.00149,0.061518,0.031504,0,0,0
73900,cic_ids2017,0,0.101472,0.051812,0.076642,0,0,0
73901,cic_ids2017,0,0.0,0.022617,0.011309,0,0,0
73903,cic_ids2017,0,0.733545,0.05655,0.395047,1,0,0
73910,cic_ids2017,0,0.010015,0.04899,0.029502,0,0,0
73911,cic_ids2017,1,0.943545,0.051813,0.497679,1,0,0
73921,cic_ids2017,0,0.0,0.049733,0.024867,0,0,0
73924,cic_ids2017,0,0.001705,0.051812,0.026758,0,0,0
73927,cic_ids2017,0,0.013612,0.049268,0.03144,0,0,0
73929,cic_ids2017,0,0.030093,0.049647,0.03987,0,0,0
73931,cic_ids2017,0,0.030093,0.049647,0.03987,0,0,0
73932,cic_ids2017,0,0.003545,0.051387,0.027466,0,0,0
73939,cic_ids2017,0,0.0,0.045078,0.022539,0,0,0
73940,cic_ids2017,1,0.854325,0.049647,0.451986,1,0,0
73956,cic_ids2017,1,0.849249,0.049647,0.449448,1,0,0
73966,cic_ids2017,0,0.0,0.010613,0.005306,0,0,0
73967,cic_ids2017,0,0.0,0.013161,0.006581,0,0,0
73979,cic_ids2017,0,0.000881,0.051144,0.026013,0,0,0
73988,cic_ids2017,0,0.0,0.001365,0.000682,0,0,0
73991,cic_ids2017,0,0.001146,0.046291,0.023719,0,0,0
73994,cic_ids2017,0,0.064423,0.049647,0.057035,0,0,0
74001,cic_ids2017,0,0.001146,0.046292,0.023719,0,0,0
74002,cic_ids2017,0,0.0,0.049691,0.024846,0,0,0
74005,cic_ids2017,0,0.002671,0.069025,0.035848,0,0,0
74014,cic_ids2017,0,0.001146,0.046292,0.023719,0,0,0
74018,cic_ids2017,0,0.0,0.049691,0.024846,0,0,0
74021,cic_ids2017,0,0.000915,0.051142,0.026028,0,0,0
74035,cic_ids2017,0,0.000322,0.09902,0.049671,0,0,0
74038,cic_ids2017,0,1.5e-05,0.048353,0.024184,0,0,0
74043,cic_ids2017,1,1.0,0.15362,0.57681,1,0,1
74044,cic_ids2017,0,0.0,0.522969,0.261484,0,1,0
74045,cic_ids2017,0,0.0,0.046333,0.023167,0,0,0
74050,cic_ids2017,0,0.0,0.009999,0.005,0,0,0
74053,cic_ids2017,0,0.015085,0.049647,0.032366,0,0,0
74054,cic_ids2017,1,0.854015,0.049647,0.451831,1,0,0
74056,cic_ids2017,1,1.0,0.45201,0.726005,1,0,1
74059,cic_ids2017,0,0.0,0.03064,0.01532,0,0,0
74065,cic_ids2017,0,0.0,0.049055,0.024527,0,0,0
74069,cic_ids2017,1,0.849249,0.049647,0.449448,1,0,0
74073,cic_ids2017,0,0.0,0.053926,0.026963,0,0,0
74074,cic_ids2017,0,0.031313,0.051812,0.041563,0,0,0
74079,cic_ids2017,0,0.0,0.046332,0.023166,0,0,0
74082,cic_ids2017,1,1.0,0.486616,0.743308,1,0,1
74088,cic_ids2017,0,0.001778,0.051812,0.026795,0,0,0
74089,cic_ids2017,0,0.001087,0.051813,0.02645,0,0,0
74098,cic_ids2017,0,0.001705,0.051812,0.026758,0,0,0
74109,cic_ids2017,0,0.0,0.046533,0.023266,0,0,0
74115,cic_ids2017,0,0.0,0.049824,0.024912,0,0,0
74123,cic_ids2017,0,0.001146,0.046294,0.02372,0,0,0
74137,cic_ids2017,0,0.0,0.05246,0.02623,0,0,0
74138,cic_ids2017,0,0.001146,0.046297,0.023721,0,0,0
74139,cic_ids2017,0,0.00195,0.051812,0.026881,0,0,0
74140,cic_ids2017,0,0.0,0.04968,0.02484,0,0,0
74159,cic_ids2017,1,0.854015,0.049647,0.451831,1,0,0
74163,cic_ids2017,1,0.849249,0.049647,0.449448,1,0,0
74175,cic_ids2017,0,0.001146,0.046292,0.023719,0,0,0
74179,cic_ids2017,0,0.17,0.048327,0.109163,0,0,0
74193,cic_ids2017,0,0.001146,0.046296,0.023721,0,0,0
74197,cic_ids2017,0,0.0,0.049714,0.024857,0,0,0
74204,cic_ids2017,0,0.030093,0.049647,0.03987,0,0,0
74208,cic_ids2017,0,0.016071,0.049018,0.032544,0,0,0
74211,cic_ids2017,1,0.962653,0.048946,0.505799,1,0,1
74212,cic_ids2017,0,0.0,0.046324,0.023162,0,0,0
74217,cic_ids2017,0,0.0,0.014738,0.007369,0,0,0
74225,cic_ids2017,0,0.0,0.019187,0.009594,0,0,0
74233,cic_ids2017,0,0.015085,0.049675,0.03238,0,0,0
74235,cic_ids2017,0,2.4e-05,0.038282,0.019153,0,0,0
74246,cic_ids2017,1,1.0,0.294935,0.647467,1,0,1
74249,cic_ids2017,0,0.0,0.005954,0.002977,0,0,0
74250,cic_ids2017,0,0.001146,0.046293,0.023719,0,0,0
74255,cic_ids2017,0,0.04,0.092563,0.066282,0,0,0
74260,cic_ids2017,0,0.0,0.046458,0.023229,0,0,0
74280,cic_ids2017,0,0.016687,0.061629,0.039158,0,0,0
74284,cic_ids2017,0,0.0,0.0464,0.0232,0,0,0
74285,cic_ids2017,0,0.001146,0.046292,0.023719,0,0,0
74295,cic_ids2017,0,0.001146,0.046293,0.02372,0,0,0
74296,cic_ids2017,0,0.0,0.04975,0.024875,0,0,0
74310,cic_ids2017,0,0.0,0.00766,0.00383,0,0,0
74315,cic_ids2017,0,0.004067,0.051812,0.02794,0,0,0
74323,cic_ids2017,1,0.99,0.038707,0.514354,1,0,1
74324,cic_ids2017,0,0.001146,0.046294,0.02372,0,0,0
74327,cic_ids2017,0,1.5e-05,0.048958,0.024487,0,0,0
74349,cic_ids2017,1,0.020881,0.057099,0.03899,0,0,0
74352,cic_ids2017,0,0.001146,0.046292,0.023719,0,0,0
74357,cic_ids2017,0,0.0,0.126634,0.063317,0,0,0
74362,cic_ids2017,0,0.013547,0.044676,0.029112,0,0,0
74365,cic_ids2017,0,0.03,0.014607,0.022304,0,0,0
74374,cic_ids2017,0,0.001778,0.051812,0.026795,0,0,0
74376,cic_ids2017,0,0.064423,0.049647,0.057035,0,0,0
74381,cic_ids2017,1,1.0,0.405572,0.702786,1,0,1
74384,cic_ids2017,0,2.4e-05,0.032517,0.01627,0,0,0
74386,cic_ids2017,0,0.064423,0.049647,0.057035,0,0,0
74398,cic_ids2017,0,0.0,0.017855,0.008928,0,0,0
74404,cic_ids2017,1,1.0,0.036716,0.518358,1,0,1
74406,cic_ids2017,0,0.0,0.072524,0.036262,0,0,0
74409,cic_ids2017,0,0.0,0.02449,0.012245,0,0,0
74413,cic_ids2017,0,0.001146,0.046297,0.023721,0,0,0
74426,cic_ids2017,0,0.0,0.175716,0.087858,0,0,0
74428,cic_ids2017,1,0.99,0.035104,0.512552,1,0,1
74437,cic_ids2017,0,0.0,0.0497,0.02485,0,0,0
74440,cic_ids2017,0,0.0,6.5e-05,3.3e-05,0,0,0
74443,cic_ids2017,1,1.0,0.454041,0.727021,1,0,1
74457,cic_ids2017,1,1.0,0.488827,0.744414,1,0,1
74474,cic_ids2017,0,0.001146,0.046294,0.02372,0,0,0
74479,cic_ids2017,0,0.0,0.001979,0.00099,0,0,0
74480,cic_ids2017,1,1.0,0.303425,0.651712,1,0,1
74486,cic_ids2017,1,0.548091,0.049647,0.298869,1,0,0
74488,cic_ids2017,1,0.854015,0.049647,0.451831,1,0,0
74493,cic_ids2017,0,0.001146,0.046292,0.023719,0,0,0
74497,cic_ids2017,1,1.0,0.506582,0.753291,1,1,1
74499,cic_ids2017,0,0.0,0.033724,0.016862,0,0,0
74501,cic_ids2017,0,0.0,0.033187,0.016594,0,0,0
74505,cic_ids2017,0,0.001146,0.046291,0.023719,0,0,0
74506,cic_ids2017,0,0.094493,0.051812,0.073153,0,0,0
74508,cic_ids2017,0,0.001146,0.046292,0.023719,0,0,0
74512,cic_ids2017,0,0.0,0.040316,0.020158,0,0,0
74523,cic_ids2017,1,0.849249,0.049647,0.449448,1,0,0
74527,cic_ids2017,1,0.849249,0.049647,0.449448,1,0,0
74533,cic_ids2017,1,0.983014,0.215845,0.59943,1,0,1
74535,cic_ids2017,1,1.0,0.167596,0.583798,1,0,1
74548,cic_ids2017,1,1.0,0.314274,0.657137,1,0,1
74552,cic_ids2017,0,0.001146,0.046292,0.023719,0,0,0
74555,cic_ids2017,0,0.0,0.046357,0.023178,0,0,0
74572,cic_ids2017,0,0.034813,0.048945,0.041879,0,0,0
74577,cic_ids2017,1,0.99,0.031183,0.510591,1,0,1
74581,cic_ids2017,0,0.015085,0.049659,0.032372,0,0,0
74584,cic_ids2017,0,0.0,0.046343,0.023172,0,0,0
74586,cic_ids2017,0,0.308676,0.169781,0.239228,0,0,0
74593,cic_ids2017,0,0.0,0.049735,0.024867,0,0,0
74596,cic_ids2017,0,0.0,0.046332,0.023166,0,0,0
74598,cic_ids2017,0,0.0,0.045073,0.022536,0,0,0
74600,cic_ids2017,0,0.001705,0.051812,0.026758,0,0,0
74609,cic_ids2017,0,0.0,0.006857,0.003429,0,0,0
74620,cic_ids2017,0,0.001146,0.046292,0.023719,0,0,0
74622,cic_ids2017,0,0.001285,0.048945,0.025115,0,0,0
74631,cic_ids2017,0,0.000899,0.051142,0.02602,0,0,0
74637,cic_ids2017,1,1.0,0.030978,0.515489,1,0,1
74646,cic_ids2017,1,0.849249,0.049647,0.449448,1,0,0
74647,cic_ids2017,0,0.002296,0.051812,0.027054,0,0,0
74652,cic_ids2017,0,0.001146,0.046293,0.02372,0,0,0
74653,cic_ids2017,0,0.0,0.040402,0.020201,0,0,0
74656,cic_ids2017,0,0.0,0.055801,0.0279,0,0,0
74659,cic_ids2017,0,0.0,0.008012,0.004006,0,0,0
74669,cic_ids2017,1,0.854325,0.049647,0.451986,1,0,0
74671,cic_ids2017,0,0.0,0.018807,0.009404,0,0,0
74673,cic_ids2017,0,0.0,0.038655,0.019327,0,0,0
74674,cic_ids2017,0,0.001146,0.046289,0.023718,0,0,0
74676,cic_ids2017,0,0.0,0.049777,0.024889,0,0,0
74681,cic_ids2017,0,0.0,0.046332,0.023166,0,0,0
74685,cic_ids2017,0,0.0,0.046324,0.023162,0,0,0
74691,cic_ids2017,0,0.001146,0.046292,0.023719,0,0,0
74708,cic_ids2017,0,0.030015,0.04895,0.039483,0,0,0
74709,cic_ids2017,0,0.0,0.046325,0.023162,0,0,0
74711,cic_ids2017,0,0.001146,0.046295,0.02372,0,0,0
74717,cic_ids2017,0,0.0,0.049718,0.024859,0,0,0
74722,cic_ids2017,0,0.007138,0.04399,0.025564,0,0,0
74724,cic_ids2017,0,0.001146,0.04629,0.023718,0,0,0
74729,cic_ids2017,0,0.001146,0.046292,0.023719,0,0,0
74733,cic_ids2017,0,0.0,0.046376,0.023188,0,0,0
74736,cic_ids2017,0,0.010015,0.04832,0.029168,0,0,0
74740,cic_ids2017,1,1.0,0.037918,0.518959,1,0,1
74755,cic_ids2017,0,0.0,0.04642,0.02321,0,0,0
74757,cic_ids2017,0,0.001146,0.046294,0.02372,0,0,0
74760,cic_ids2017,0,0.001259,0.051812,0.026536,0,0,0
74763,cic_ids2017,0,0.001146,0.046293,0.02372,0,0,0
74764,cic_ids2017,0,0.121587,0.048322,0.084954,0,0,0
74768,cic_ids2017,0,0.0,0.046373,0.023186,0,0,0
74772,cic_ids2017,0,0.0,0.045051,0.022526,0,0,0
74777,cic_ids2017,0,0.022385,0.049647,0.036016,0,0,0
74780,cic_ids2017,0,0.000881,0.051819,0.02635,0,0,0
74781,cic_ids2017,0,0.02,0.031755,0.025877,0,0,0
74784,cic_ids2017,0,0.0,0.466532,0.233266,0,0,0
74789,cic_ids2017,0,0.001778,0.051812,0.026795,0,0,0
74791,cic_ids2017,0,0.0,0.0451,0.02255,0,0,0
74792,cic_ids2017,0,0.001146,0.046294,0.02372,0,0,0
74793,cic_ids2017,0,0.001587,0.045843,0.023715,0,0,0
74795,cic_ids2017,1,0.990881,0.141432,0.566157,1,0,1
74807,cic_ids2017,0,0.006788,0.051813,0.0293,0,0,0
74810,cic_ids2017,0,0.0,0.049683,0.024841,0,0,0
74813,cic_ids2017,0,0.001146,0.046294,0.02372,0,0,0
74814,cic_ids2017,0,0.0,0.0113,0.00565,0,0,0
74815,cic_ids2017,1,1.0,0.475329,0.737664,1,0,1
74819,cic_ids2017,0,0.064423,0.049647,0.057035,0,0,0
74822,cic_ids2017,0,0.01,0.009119,0.00956,0,0,0
74825,cic_ids2017,0,0.001146,0.046292,0.023719,0,0,0
74834,cic_ids2017,0,0.064423,0.049647,0.057035,0,0,0
74842,cic_ids2017,1,0.980881,0.050467,0.515674,1,0,1
74844,cic_ids2017,1,0.849249,0.049647,0.449448,1,0,0
74848,cic_ids2017,1,0.849249,0.049647,0.449448,1,0,0
74850,cic_ids2017,0,0.0,0.006697,0.003349,0,0,0
74854,cic_ids2017,0,0.001285,0.048945,0.025115,0,0,0
74858,cic_ids2017,1,1.0,0.29735,0.648675,1,0,1
74860,cic_ids2017,0,0.0,0.050419,0.02521,0,0,0
74861,cic_ids2017,0,0.0,0.049679,0.02484,0,0,0
74862,cic_ids2017,0,0.0,0.049735,0.024867,0,0,0
74869,cic_ids2017,0,0.001146,0.046297,0.023721,0,0,0
74873,cic_ids2017,0,0.030093,0.049647,0.03987,0,0,0
74875,cic_ids2017,0,0.001146,0.046293,0.023719,0,0,0
74883,cic_ids2017,0,0.000881,0.05277,0.026825,0,0,0
74887,cic_ids2017,0,0.0,0.005154,0.002577,0,0,0
74899,cic_ids2017,0,0.0,0.064107,0.032053,0,0,0
74901,cic_ids2017,0,0.001146,0.046293,0.023719,0,0,0
74906,cic_ids2017,0,0.0,0.049682,0.024841,0,0,0
74909,cic_ids2017,0,0.0,0.024922,0.012461,0,0,0
74920,cic_ids2017,0,0.01,0.05682,0.03341,0,0,0
74933,cic_ids2017,0,0.0,0.049716,0.024858,0,0,0
74934,cic_ids2017,1,0.973545,0.04976,0.511653,1,0,1
74936,cic_ids2017,0,0.001146,0.046291,0.023719,0,0,0
74940,cic_ids2017,0,0.0,0.032824,0.016412,0,0,0
74943,cic_ids2017,1,1.0,0.03925,0.519625,1,0,1
74946,cic_ids2017,1,1.0,0.246633,0.623317,1,0,1
74949,cic_ids2017,0,0.001146,0.046298,0.023722,0,0,0
74953,cic_ids2017,0,0.0,0.051557,0.025778,0,0,0
74959,cic_ids2017,1,0.130846,0.051812,0.091329,0,0,0
74968,cic_ids2017,0,0.001146,0.046293,0.02372,0,0,0
74972,cic_ids2017,1,0.849249,0.049647,0.449448,1,0,0
74981,cic_ids2017,0,0.0,0.035504,0.017752,0,0,0
74982,cic_ids2017,0,0.0,0.023529,0.011765,0,0,0
74985,cic_ids2017,0,0.0,0.047932,0.023966,0,0,0
74987,cic_ids2017,1,0.963014,0.557484,0.760249,1,1,1
74993,cic_ids2017,0,0.0,0.127757,0.063879,0,0,0
74994,cic_ids2017,0,0.030093,0.049647,0.03987,0,0,0
75000,cic_ids2017,0,0.001146,0.046293,0.023719,0,0,0
75004,cic_ids2017,0,0.001778,0.051812,0.026795,0,0,0
75007,cic_ids2017,0,0.001521,0.044677,0.023099,0,0,0
75010,cic_ids2017,1,0.849249,0.049647,0.449448,1,0,0
75025,cic_ids2017,0,0.0,0.046336,0.023168,0,0,0
75033,cic_ids2017,0,0.0,0.045279,0.02264,0,0,0
75039,cic_ids2017,0,0.001146,0.046298,0.023722,0,0,0
75052,cic_ids2017,0,0.0,0.050038,0.025019,0,0,0
75056,cic_ids2017,0,0.064423,0.049647,0.057035,0,0,0
75061,cic_ids2017,0,0.0,0.046332,0.023166,0,0,0
75062,cic_ids2017,0,0.001143,0.04965,0.025396,0,0,0
75072,cic_ids2017,0,0.0,0.005734,0.002867,0,0,0
75074,cic_ids2017,1,1.0,0.03511,0.517555,1,0,1
75077,cic_ids2017,0,0.003545,0.051813,0.027679,0,0,0
75088,cic_ids2017,0,0.0,0.046531,0.023266,0,0,0
75089,cic_ids2017,0,0.064423,0.049647,0.057035,0,0,0
75110,cic_ids2017,0,0.031313,0.051812,0.041563,0,0,0
75111,cic_ids2017,0,0.0,0.045153,0.022577,0,0,0
75112,cic_ids2017,0,0.0,0.000184,9.2e-05,0,0,0
75114,cic_ids2017,1,0.849249,0.049647,0.449448,1,0,0
75120,cic_ids2017,0,0.0,0.401279,0.200639,0,0,0
75123,cic_ids2017,0,0.040881,0.026449,0.033665,0,0,0
75124,cic_ids2017,0,0.0,0.046787,0.023394,0,0,0
75126,cic_ids2017,0,0.001146,0.046294,0.02372,0,0,0
75129,cic_ids2017,0,0.001146,0.0463,0.023723,0,0,0
75132,cic_ids2017,1,0.99,0.347351,0.668676,1,0,1
75134,cic_ids2017,0,0.030093,0.049647,0.03987,0,0,0
75135,cic_ids2017,0,0.001764,0.049185,0.025475,0,0,0
75140,cic_ids2017,1,0.849249,0.049647,0.449448,1,0,0
75141,cic_ids2017,0,0.0,0.049823,0.024911,0,0,0
75143,cic_ids2017,1,1.0,0.039035,0.519517,1,0,1
75146,cic_ids2017,0,0.0,0.046327,0.023163,0,0,0
75150,cic_ids2017,0,0.0,0.041465,0.020732,0,0,0
75153,cic_ids2017,1,0.990881,0.075615,0.533248,1,0,1
75158,cic_ids2017,0,0.0,0.045555,0.022777,0,0,0
75160,cic_ids2017,0,0.0,0.045091,0.022545,0,0,0
75168,cic_ids2017,0,0.0,0.049787,0.024894,0,0,0
75174,cic_ids2017,0,0.000881,0.051935,0.026408,0,0,0
75175,cic_ids2017,0,0.0,0.031801,0.015901,0,0,0
75177,cic_ids2017,0,0.0,0.014814,0.007407,0,0,0
75178,cic_ids2017,0,0.0,0.00875,0.004375,0,0,0
75181,cic_ids2017,0,0.001146,0.046296,0.023721,0,0,0
75189,cic_ids2017,1,0.854015,0.049647,0.451831,1,0,0
75196,cic_ids2017,0,0.064423,0.049647,0.057035,0,0,0
75197,cic_ids2017,0,0.0,0.03804,0.01902,0,0,0
75198,cic_ids2017,0,0.030093,0.049647,0.03987,0,0,0
75201,cic_ids2017,0,0.0,0.049693,0.024846,0,0,0
75203,cic_ids2017,0,0.031313,0.051812,0.041563,0,0,0
75204,cic_ids2017,0,0.001833,0.048945,0.025389,0,0,0
75210,cic_ids2017,0,0.0,0.045113,0.022556,0,0,0
75211,cic_ids2017,1,0.849249,0.049647,0.449448,1,0,0
75219,cic_ids2017,0,0.001146,0.046293,0.023719,0,0,0
75221,cic_ids2017,0,0.001778,0.051812,0.026795,0,0,0
75223,cic_ids2017,0,0.0,0.034631,0.017315,0,0,0
75226,cic_ids2017,1,1.0,0.039681,0.519841,1,0,1
75230,cic_ids2017,0,0.0,0.002058,0.001029,0,0,0
75231,cic_ids2017,0,0.0,0.046529,0.023265,0,0,0
75233,cic_ids2017,0,0.0,0.308415,0.154207,0,0,0
75234,cic_ids2017,0,0.016919,0.069469,0.043194,0,0,0
75238,cic_ids2017,0,0.0,0.046359,0.02318,0,0,0
75248,cic_ids2017,0,0.001146,0.046292,0.023719,0,0,0
75249,cic_ids2017,0,0.015085,0.049648,0.032366,0,0,0
75251,cic_ids2017,0,0.030093,0.049647,0.03987,0,0,0
75268,cic_ids2017,0,0.0,0.040299,0.02015,0,0,0
75273,cic_ids2017,0,0.0,0.046686,0.023343,0,0,0
75284,cic_ids2017,0,0.0,0.049681,0.02484,0,0,0
75291,cic_ids2017,0,0.0,0.046333,0.023167,0,0,0
75295,cic_ids2017,0,0.064423,0.049647,0.057035,0,0,0
75306,cic_ids2017,0,0.001146,0.046291,0.023719,0,0,0
75307,cic_ids2017,0,0.064423,0.049647,0.057035,0,0,0
75315,cic_ids2017,0,0.0,0.012669,0.006335,0,0,0
75319,cic_ids2017,1,1.0,0.271723,0.635862,1,0,1
75322,cic_ids2017,1,0.93,0.263734,0.596867,1,0,1
75323,cic_ids2017,0,0.001259,0.051812,0.026536,0,0,0
75325,cic_ids2017,0,0.0,0.033704,0.016852,0,0,0
75331,cic_ids2017,0,0.0,0.046371,0.023186,0,0,0
75335,cic_ids2017,0,0.000881,0.051818,0.02635,0,0,0
75336,cic_ids2017,0,0.002705,0.051812,0.027259,0,0,0
75339,cic_ids2017,1,0.716197,0.051813,0.384005,1,0,0
75341,cic_ids2017,0,0.001781,0.051812,0.026797,0,0,0
75343,cic_ids2017,0,0.0,0.067205,0.033603,0,0,0
75347,cic_ids2017,0,0.001143,0.049651,0.025397,0,0,0
75350,cic_ids2017,0,0.002812,0.048946,0.025879,0,0,0
75351,cic_ids2017,0,0.01,0.051813,0.030906,0,0,0
75357,cic_ids2017,0,0.0,0.015719,0.00786,0,0,0
75361,cic_ids2017,0,0.002296,0.051812,0.027054,0,0,0
75366,cic_ids2017,0,0.001705,0.051812,0.026758,0,0,0
75375,cic_ids2017,0,0.0,0.046294,0.023147,0,0,0
75376,cic_ids2017,0,0.0,0.046378,0.023189,0,0,0
75408,cic_ids2017,0,0.01,0.041001,0.025501,0,0,0
75413,cic_ids2017,0,0.07,0.007805,0.038903,0,0,0
75414,cic_ids2017,1,0.854015,0.049647,0.451831,1,0,0
75415,cic_ids2017,0,0.030093,0.049647,0.03987,0,0,0
75416,cic_ids2017,0,0.001146,0.046293,0.023719,0,0,0
75417,cic_ids2017,0,0.001087,0.051813,0.02645,0,0,0
75418,cic_ids2017,0,0.0,0.041259,0.020629,0,0,0
75429,cic_ids2017,0,0.0,0.046529,0.023264,0,0,0
75430,cic_ids2017,0,0.001146,0.046292,0.023719,0,0,0
75432,cic_ids2017,0,0.0,0.002735,0.001368,0,0,0
75434,cic_ids2017,1,1.0,0.484891,0.742446,1,0,1
75435,cic_ids2017,0,0.001778,0.051812,0.026795,0,0,0
75437,cic_ids2017,0,0.002439,0.064829,0.033634,0,0,0
75440,cic_ids2017,0,0.001447,0.051142,0.026294,0,0,0
75443,cic_ids2017,0,0.001146,0.046294,0.02372,0,0,0
75445,cic_ids2017,1,0.849249,0.049647,0.449448,1,0,0
75449,cic_ids2017,0,2.4e-05,0.038858,0.019441,0,0,0
75460,cic_ids2017,0,0.031313,0.051812,0.041563,0,0,0
75465,cic_ids2017,1,0.849249,0.049647,0.449448,1,0,0
75473,cic_ids2017,0,0.0,0.046415,0.023208,0,0,0
75475,cic_ids2017,0,0.001146,0.046289,0.023718,0,0,0
75476,cic_ids2017,1,1.0,0.041203,0.520601,1,0,1
75479,cic_ids2017,0,0.001143,0.04965,0.025396,0,0,0
75481,cic_ids2017,0,0.001146,0.046294,0.02372,0,0,0
75495,cic_ids2017,0,0.001146,0.046292,0.023719,0,0,0
75499,cic_ids2017,0,0.064423,0.049647,0.057035,0,0,0
75501,cic_ids2017,0,0.01,0.049738,0.029869,0,0,0
75505,cic_ids2017,0,0.003545,0.051813,0.027679,0,0,0
75515,cic_ids2017,0,0.001463,0.051142,0.026302,0,0,0
75521,cic_ids2017,1,1.0,0.205793,0.602897,1,0,1
75524,cic_ids2017,0,0.001705,0.051812,0.026758,0,0,0
75528,cic_ids2017,0,0.015085,0.050027,0.032556,0,0,0
75533,cic_ids2017,0,0.001146,0.046292,0.023719,0,0,0
75541,cic_ids2017,0,0.0,0.046325,0.023163,0,0,0
75542,cic_ids2017,0,0.001778,0.051812,0.026795,0,0,0
75545,cic_ids2017,1,1.0,0.473652,0.736826,1,0,1
75547,cic_ids2017,0,0.000881,0.050464,0.025673,0,0,0
75562,cic_ids2017,0,0.001146,0.04629,0.023718,0,0,0
75565,cic_ids2017,0,0.0,0.049737,0.024868,0,0,0
75566,cic_ids2017,0,0.001705,0.051812,0.026758,0,0,0
75573,cic_ids2017,0,0.0,0.049693,0.024846,0,0,0
75582,cic_ids2017,0,0.0,0.01978,0.00989,0,0,0
75590,cic_ids2017,0,0.001146,0.046301,0.023724,0,0,0
75591,cic_ids2017,0,0.0,0.005344,0.002672,0,0,0
75598,cic_ids2017,0,0.0,0.012631,0.006316,0,0,0
75603,cic_ids2017,0,0.0,0.046325,0.023163,0,0,0
75606,cic_ids2017,0,0.001146,0.046292,0.023719,0,0,0
75607,cic_ids2017,0,0.019711,0.051812,0.035761,0,0,0
75612,cic_ids2017,0,0.019554,0.048945,0.03425,0,0,0
75621,cic_ids2017,0,0.0,0.049691,0.024846,0,0,0
75622,cic_ids2017,0,0.0,0.038274,0.019137,0,0,0
75626,cic_ids2017,1,1.0,0.425529,0.712764,1,0,1
75638,cic_ids2017,0,0.064423,0.049647,0.057035,0,0,0
75640,cic_ids2017,0,0.0,0.04551,0.022755,0,0,0
75652,cic_ids2017,0,0.0,0.045104,0.022552,0,0,0
75659,cic_ids2017,0,0.0,0.049682,0.024841,0,0,0
75669,cic_ids2017,0,0.0,0.049732,0.024866,0,0,0
75670,cic_ids2017,0,0.853545,0.055862,0.454703,1,0,0
75671,cic_ids2017,0,0.001146,0.046292,0.023719,0,0,0
75675,cic_ids2017,1,0.953545,0.049764,0.501654,1,0,1
75676,cic_ids2017,0,0.0,0.04917,0.024585,0,0,0
75680,cic_ids2017,0,0.0,0.049822,0.024911,0,0,0
75684,cic_ids2017,0,0.0,0.046338,0.023169,0,0,0
75688,cic_ids2017,0,0.0,0.045073,0.022536,0,0,0
75691,cic_ids2017,1,0.99,0.34724,0.66862,1,0,1
75692,cic_ids2017,0,0.0,0.055168,0.027584,0,0,0
75702,cic_ids2017,0,0.0,0.012558,0.006279,0,0,0
75720,cic_ids2017,0,0.001146,0.046292,0.023719,0,0,0
75730,cic_ids2017,0,0.0,0.049651,0.024825,0,0,0
75733,cic_ids2017,0,0.030093,0.049647,0.03987,0,0,0
75734,cic_ids2017,0,0.001146,0.046296,0.023721,0,0,0
75735,cic_ids2017,1,0.854015,0.049647,0.451831,1,0,0
75752,cic_ids2017,1,1.0,0.191659,0.59583,1,0,1
75753,cic_ids2017,0,0.001146,0.046292,0.023719,0,0,0
75754,cic_ids2017,0,0.0,0.046333,0.023166,0,0,0
75768,cic_ids2017,1,0.030093,0.049647,0.03987,0,0,0
75770,cic_ids2017,0,0.0,0.046333,0.023166,0,0,0
75771,cic_ids2017,0,0.002439,0.065878,0.034158,0,0,0
75778,cic_ids2017,0,0.0,0.04631,0.023155,0,0,0
75788,cic_ids2017,0,0.030384,0.041954,0.036169,0,0,0
75792,cic_ids2017,0,0.005055,0.044028,0.024541,0,0,0
75794,cic_ids2017,0,0.0,0.046419,0.02321,0,0,0
75802,cic_ids2017,1,0.988549,0.143425,0.565987,1,0,1
75811,cic_ids2017,0,0.0,0.049691,0.024846,0,0,0
75814,cic_ids2017,0,0.0,0.049735,0.024867,0,0,0
75817,cic_ids2017,0,0.0,0.046332,0.023166,0,0,0
75834,cic_ids2017,0,0.01,0.027602,0.018801,0,0,0
75842,cic_ids2017,0,0.002705,0.051812,0.027259,0,0,0
75846,cic_ids2017,0,0.0,0.254832,0.127416,0,0,0
75852,cic_ids2017,0,0.0,0.041078,0.020539,0,0,0
75858,cic_ids2017,0,0.02,0.022172,0.021086,0,0,0
75868,cic_ids2017,0,0.0,0.049735,0.024868,0,0,0
75878,cic_ids2017,0,0.0,0.096925,0.048463,0,0,0
75880,cic_ids2017,0,0.0,0.046336,0.023168,0,0,0
75882,cic_ids2017,1,1.0,0.445131,0.722565,1,0,1
75883,cic_ids2017,0,0.00155,0.051812,0.026681,0,0,0
75890,cic_ids2017,0,0.0,0.002389,0.001194,0,0,0
75904,cic_ids2017,0,1.5e-05,0.04704,0.023527,0,0,0
75910,cic_ids2017,0,0.022385,0.049647,0.036016,0,0,0
75917,cic_ids2017,0,0.0,0.050014,0.025007,0,0,0
75921,cic_ids2017,0,0.0,0.049693,0.024847,0,0,0
75923,cic_ids2017,1,0.064423,0.049647,0.057035,0,0,0
75924,cic_ids2017,0,0.034813,0.048945,0.041879,0,0,0
75935,cic_ids2017,1,1.0,0.039339,0.519669,1,0,1
75940,cic_ids2017,0,0.0,0.023943,0.011971,0,0,0
75945,cic_ids2017,0,0.01,0.047028,0.028514,0,0,0
75955,cic_ids2017,0,0.0,0.049932,0.024966,0,0,0
75988,cic_ids2017,0,0.001146,0.046291,0.023719,0,0,0
75990,cic_ids2017,0,0.001146,0.046293,0.023719,0,0,0
75992,cic_ids2017,0,0.097134,0.049799,0.073466,0,0,0
75996,cic_ids2017,0,0.0,0.038357,0.019178,0,0,0
75998,cic_ids2017,0,0.0,0.040789,0.020394,0,0,0
76018,cic_ids2017,0,0.0,0.025166,0.012583,0,0,0
76027,cic_ids2017,0,0.02997,0.049647,0.039809,0,0,0
76043,cic_ids2017,0,0.00149,0.057373,0.029432,0,0,0
76044,cic_ids2017,0,0.0,0.023621,0.01181,0,0,0
76047,cic_ids2017,0,0.0,0.041035,0.020518,0,0,0
76057,cic_ids2017,1,1.0,0.437244,0.718622,1,0,1
76059,cic_ids2017,0,0.001146,0.046293,0.023719,0,0,0
76060,cic_ids2017,0,0.001259,0.051812,0.026536,0,0,0
76061,cic_ids2017,0,0.0,0.046335,0.023167,0,0,0
76062,cic_ids2017,0,0.002048,0.051812,0.02693,0,0,0
76063,cic_ids2017,0,0.001146,0.04629,0.023718,0,0,0
76066,cic_ids2017,0,0.0,0.049694,0.024847,0,0,0
76068,cic_ids2017,0,0.016687,0.063521,0.040104,0,0,0
76083,cic_ids2017,1,1.0,0.241691,0.620845,1,0,1
76093,cic_ids2017,0,0.000881,0.051868,0.026375,0,0,0
76101,cic_ids2017,1,1.0,0.041978,0.520989,1,0,1
76104,cic_ids2017,0,0.001146,0.046294,0.02372,0,0,0
76106,cic_ids2017,0,0.001259,0.051812,0.026536,0,0,0
76108,cic_ids2017,0,0.030093,0.049647,0.03987,0,0,0
76109,cic_ids2017,0,0.05,0.415154,0.232577,0,0,0
76111,cic_ids2017,1,1.0,0.495544,0.747772,1,0,1
76114,cic_ids2017,0,0.0,0.046295,0.023147,0,0,0
76115,cic_ids2017,0,0.0,0.049718,0.024859,0,0,0
76117,cic_ids2017,0,0.446919,0.070634,0.258777,0,0,0
76122,cic_ids2017,1,0.849249,0.049647,0.449448,1,0,0
76123,cic_ids2017,0,0.064423,0.049647,0.057035,0,0,0
76124,cic_ids2017,0,0.001146,0.046293,0.02372,0,0,0
76127,cic_ids2017,0,0.000899,0.051142,0.02602,0,0,0
76128,cic_ids2017,0,0.001146,0.046298,0.023722,0,0,0
76134,cic_ids2017,0,0.0,0.049777,0.024888,0,0,0
76139,cic_ids2017,0,0.001521,0.04708,0.0243,0,0,0
76143,cic_ids2017,0,0.0,0.032434,0.016217,0,0,0
76145,cic_ids2017,0,0.001146,0.046293,0.023719,0,0,0
76152,cic_ids2017,0,0.001146,0.046293,0.02372,0,0,0
76164,cic_ids2017,1,0.849249,0.049647,0.449448,1,0,0
76165,cic_ids2017,0,0.0,0.046397,0.023198,0,0,0
76172,cic_ids2017,0,0.001146,0.04629,0.023718,0,0,0
76173,cic_ids2017,0,0.0,0.042424,0.021212,0,0,0
76174,cic_ids2017,0,0.0,0.003598,0.001799,0,0,0
76176,cic_ids2017,1,1.0,0.03703,0.518515,1,0,1
76177,cic_ids2017,0,0.0,0.049695,0.024847,0,0,0
76183,cic_ids2017,0,0.001143,0.049648,0.025396,0,0,0
76195,cic_ids2017,1,0.849249,0.049647,0.449448,1,0,0
76198,cic_ids2017,0,0.0,0.046334,0.023167,0,0,0
76216,cic_ids2017,0,0.031313,0.051812,0.041563,0,0,0
76220,cic_ids2017,1,0.854015,0.049647,0.451831,1,0,0
76225,cic_ids2017,0,0.0,0.005915,0.002957,0,0,0
76229,cic_ids2017,1,1.0,0.313686,0.656843,1,0,1
76232,cic_ids2017,1,0.990881,0.052607,0.521744,1,0,1
76240,cic_ids2017,0,0.0,0.04634,0.02317,0,0,0
76244,cic_ids2017,0,0.0,0.049824,0.024912,0,0,0
76256,cic_ids2017,0,0.0,0.05142,0.02571,0,0,0
76262,cic_ids2017,0,0.0,0.049716,0.024858,0,0,0
76274,cic_ids2017,1,1.0,0.039731,0.519866,1,0,1
76277,cic_ids2017,1,0.988549,0.135402,0.561976,1,0,1
76290,cic_ids2017,0,0.0,0.045224,0.022612,0,0,0
76291,cic_ids2017,0,0.0,0.045075,0.022537,0,0,0
76293,cic_ids2017,0,0.006211,0.047187,0.026699,0,0,0
76296,cic_ids2017,0,0.001146,0.046291,0.023719,0,0,0
76297,cic_ids2017,0,0.0,0.020106,0.010053,0,0,0
76304,cic_ids2017,0,0.001778,0.051812,0.026795,0,0,0
76315,cic_ids2017,0,0.030093,0.049647,0.03987,0,0,0
76317,cic_ids2017,0,0.0,0.044218,0.022109,0,0,0
76326,cic_ids2017,0,0.001282,0.048303,0.024793,0,0,0
76334,cic_ids2017,0,0.0,0.046334,0.023167,0,0,0
76335,cic_ids2017,0,0.019711,0.051812,0.035761,0,0,0
76342,cic_ids2017,0,0.001146,0.046294,0.02372,0,0,0
76345,cic_ids2017,0,0.015085,0.049698,0.032392,0,0,0
76347,cic_ids2017,0,0.005055,0.044138,0.024597,0,0,0
76355,cic_ids2017,0,0.001146,0.046292,0.023719,0,0,0
76356,cic_ids2017,0,0.001146,0.046292,0.023719,0,0,0
76359,cic_ids2017,0,0.064423,0.049647,0.057035,0,0,0
76363,cic_ids2017,0,0.001778,0.051812,0.026795,0,0,0
76364,cic_ids2017,0,0.001146,0.046292,0.023719,0,0,0
76373,cic_ids2017,0,0.001146,0.04629,0.023718,0,0,0
76383,cic_ids2017,0,0.0,0.046334,0.023167,0,0,0
76405,cic_ids2017,0,0.001146,0.046292,0.023719,0,0,0
76409,cic_ids2017,0,0.001146,0.046293,0.023719,0,0,0
76410,cic_ids2017,0,0.001285,0.048945,0.025115,0,0,0
76411,cic_ids2017,0,0.001781,0.051812,0.026797,0,0,0
76413,cic_ids2017,1,1.0,0.14871,0.574355,1,0,1
76419,cic_ids2017,0,0.0,0.037829,0.018915,0,0,0
76424,cic_ids2017,1,1.0,0.505018,0.752509,1,1,1
76440,cic_ids2017,0,0.0,0.049697,0.024849,0,0,0
76445,cic_ids2017,0,0.0,0.046355,0.023177,0,0,0
76451,cic_ids2017,1,1.0,0.037165,0.518582,1,0,1
76459,cic_ids2017,0,0.001146,0.04629,0.023718,0,0,0
76462,cic_ids2017,0,2.4e-05,0.038188,0.019106,0,0,0
76463,cic_ids2017,0,0.000881,0.055793,0.028337,0,0,0
76476,cic_ids2017,0,0.0,0.046358,0.023179,0,0,0
76487,cic_ids2017,0,0.01,0.032246,0.021123,0,0,0
76488,cic_ids2017,0,0.0,0.343552,0.171776,0,0,0
76492,cic_ids2017,0,0.0,0.046294,0.023147,0,0,0
76505,cic_ids2017,1,0.849249,0.049647,0.449448,1,0,0
76507,cic_ids2017,1,1.0,0.357063,0.678531,1,0,1
76512,cic_ids2017,0,0.0,0.036512,0.018256,0,0,0
76528,cic_ids2017,0,0.030093,0.049647,0.03987,0,0,0
76535,cic_ids2017,0,0.0,0.032243,0.016121,0,0,0
76538,cic_ids2017,0,0.001146,0.046293,0.023719,0,0,0
76539,cic_ids2017,0,0.001146,0.046291,0.023719,0,0,0
76540,cic_ids2017,0,0.0,0.049706,0.024853,0,0,0
76543,cic_ids2017,0,0.0,0.046329,0.023165,0,0,0
76544,cic_ids2017,0,0.0,0.046376,0.023188,0,0,0
76558,cic_ids2017,0,0.0,0.0403,0.02015,0,0,0
76561,cic_ids2017,1,0.849249,0.049647,0.449448,1,0,0
76564,cic_ids2017,0,0.0,0.059689,0.029844,0,0,0
76572,cic_ids2017,0,0.001705,0.051812,0.026758,0,0,0
76578,cic_ids2017,0,0.030024,0.068414,0.049219,0,0,0
76580,cic_ids2017,1,0.986582,0.055991,0.521286,1,0,1
76584,cic_ids2017,0,0.0,0.046359,0.02318,0,0,0
76590,cic_ids2017,0,0.0,0.046356,0.023178,0,0,0
76594,cic_ids2017,0,0.0,0.046323,0.023161,0,0,0
76606,cic_ids2017,0,0.0,0.049699,0.02485,0,0,0
76607,cic_ids2017,0,0.016479,0.048635,0.032557,0,0,0
76614,cic_ids2017,0,0.0,0.049737,0.024868,0,0,0
76620,cic_ids2017,0,0.0,0.046374,0.023187,0,0,0
76628,cic_ids2017,0,0.0,0.050035,0.025017,0,0,0
76629,cic_ids2017,0,0.0,0.046484,0.023242,0,0,0
76631,cic_ids2017,1,1.0,0.42931,0.714655,1,0,1
76649,cic_ids2017,1,0.064423,0.049647,0.057035,0,0,0
76660,cic_ids2017,0,0.003545,0.052183,0.027864,0,0,0
76663,cic_ids2017,1,1.0,0.438116,0.719058,1,0,1
76664,cic_ids2017,1,1.0,0.474813,0.737407,1,0,1
76670,cic_ids2017,0,0.0,0.049695,0.024847,0,0,0
76679,cic_ids2017,0,0.001158,0.048304,0.024731,0,0,0
76689,cic_ids2017,0,0.0,0.032558,0.016279,0,0,0
76691,cic_ids2017,1,1.0,0.03605,0.518025,1,0,1
76700,cic_ids2017,0,0.02997,0.049647,0.039809,0,0,0
76702,cic_ids2017,1,1.0,0.29882,0.64941,1,0,1
76704,cic_ids2017,0,0.001146,0.046292,0.023719,0,0,0
76708,cic_ids2017,0,0.001146,0.046296,0.023721,0,0,0
76714,cic_ids2017,0,0.0,0.026805,0.013403,0,0,0
76719,cic_ids2017,0,0.0,0.014031,0.007016,0,0,0
76724,cic_ids2017,0,0.0,0.049845,0.024922,0,0,0
76726,cic_ids2017,0,0.001025,0.051815,0.02642,0,0,0
76730,cic_ids2017,0,0.064423,0.049647,0.057035,0,0,0
76739,cic_ids2017,0,0.064423,0.049647,0.057035,0,0,0
76742,cic_ids2017,0,0.001146,0.046294,0.02372,0,0,0
76751,cic_ids2017,0,0.0,0.047317,0.023659,0,0,0
76755,cic_ids2017,0,0.001146,0.046294,0.02372,0,0,0
76757,cic_ids2017,0,0.001146,0.046292,0.023719,0,0,0
76758,cic_ids2017,1,0.849249,0.049647,0.449448,1,0,0
76763,cic_ids2017,0,0.001146,0.046294,0.02372,0,0,0
76766,cic_ids2017,0,0.064423,0.049647,0.057035,0,0,0
76774,cic_ids2017,0,0.0,0.046379,0.023189,0,0,0
76784,cic_ids2017,0,0.019924,0.051812,0.035868,0,0,0
76788,cic_ids2017,0,0.001146,0.046296,0.023721,0,0,0
76789,cic_ids2017,0,0.0,0.005004,0.002502,0,0,0
76796,cic_ids2017,0,0.0,0.016557,0.008278,0,0,0
76798,cic_ids2017,0,0.02,0.041117,0.030558,0,0,0
76804,cic_ids2017,0,0.0,0.046335,0.023168,0,0,0
76808,cic_ids2017,0,0.0,0.049691,0.024845,0,0,0
76813,cic_ids2017,0,0.001146,0.046294,0.02372,0,0,0
76825,cic_ids2017,1,0.849249,0.049647,0.449448,1,0,0
76830,cic_ids2017,0,0.0,0.007381,0.00369,0,0,0
76832,cic_ids2017,0,0.0,0.033681,0.01684,0,0,0
76840,cic_ids2017,1,0.849249,0.049647,0.449448,1,0,0
76842,cic_ids2017,0,0.001146,0.046293,0.02372,0,0,0
76859,cic_ids2017,0,0.0,0.049815,0.024908,0,0,0
76875,cic_ids2017,0,0.0,0.049718,0.024859,0,0,0
76881,cic_ids2017,1,0.986582,0.063229,0.524905,1,0,1
76892,cic_ids2017,0,0.000915,0.051142,0.026028,0,0,0
76898,cic_ids2017,0,0.064423,0.049647,0.057035,0,0,0
76921,cic_ids2017,0,0.0,0.049904,0.024952,0,0,0
76923,cic_ids2017,0,0.0,0.014196,0.007098,0,0,0
76925,cic_ids2017,0,0.0,0.046292,0.023146,0,0,0
76934,cic_ids2017,0,2.4e-05,0.038267,0.019146,0,0,0
76945,cic_ids2017,0,0.001781,0.051812,0.026797,0,0,0
76947,cic_ids2017,0,0.0,0.046333,0.023167,0,0,0
76950,cic_ids2017,1,0.990881,0.125773,0.558327,1,0,1
76951,cic_ids2017,0,0.00182,0.048303,0.025062,0,0,0
76960,cic_ids2017,1,0.016687,0.065063,0.040875,0,0,0
76961,cic_ids2017,0,0.001146,0.046293,0.023719,0,0,0
76963,cic_ids2017,0,0.0,0.160448,0.080224,0,0,0
76965,cic_ids2017,0,0.0,0.038969,0.019485,0,0,0
76966,cic_ids2017,0,0.08,0.360511,0.220256,0,0,0
76978,cic_ids2017,0,0.000881,0.106309,0.053595,0,0,0
76983,cic_ids2017,0,0.0,0.015799,0.0079,0,0,0
76991,cic_ids2017,0,0.0,0.02462,0.01231,0,0,0
76996,cic_ids2017,1,0.58,0.09534,0.33767,1,0,0
77010,cic_ids2017,0,0.001521,0.04708,0.0243,0,0,0
77014,cic_ids2017,0,0.0,0.027327,0.013663,0,0,0
77016,cic_ids2017,0,0.0,0.049713,0.024857,0,0,0
77025,cic_ids2017,1,1.0,0.42348,0.71174,1,0,1
77030,cic_ids2017,0,0.030093,0.049647,0.03987,0,0,0
77034,cic_ids2017,0,0.0,0.046397,0.023198,0,0,0
77038,cic_ids2017,1,0.854015,0.049647,0.451831,1,0,0
77040,cic_ids2017,1,1.0,0.530335,0.765168,1,1,1
77048,cic_ids2017,1,1.0,0.319683,0.659842,1,0,1
77052,cic_ids2017,0,0.0,0.046293,0.023147,0,0,0
77053,cic_ids2017,1,0.849249,0.049647,0.449448,1,0,0
77062,cic_ids2017,0,0.0,0.045203,0.022602,0,0,0
77066,cic_ids2017,0,0.001774,0.051812,0.026793,0,0,0
77071,cic_ids2017,0,0.0,0.04377,0.021885,0,0,0
77076,cic_ids2017,0,0.001146,0.04629,0.023718,0,0,0
77081,cic_ids2017,1,0.849249,0.049647,0.449448,1,0,0
77087,cic_ids2017,0,0.001146,0.046294,0.02372,0,0,0
77088,cic_ids2017,1,1.0,0.51822,0.75911,1,1,1
77089,cic_ids2017,0,0.064423,0.049647,0.057035,0,0,0
77097,cic_ids2017,0,0.000881,0.148542,0.074711,0,0,0
77103,cic_ids2017,0,0.0,0.046374,0.023187,0,0,0
77111,cic_ids2017,1,1.0,0.041843,0.520921,1,0,1
77126,cic_ids2017,0,0.0,0.046338,0.023169,0,0,0
77138,cic_ids2017,0,0.064423,0.049647,0.057035,0,0,0
77139,cic_ids2017,0,0.030093,0.049647,0.03987,0,0,0
77142,cic_ids2017,0,0.001146,0.046293,0.02372,0,0,0
77156,cic_ids2017,0,0.0,0.051199,0.025599,0,0,0
77157,cic_ids2017,0,0.001146,0.046293,0.02372,0,0,0
77159,cic_ids2017,0,0.0,0.049691,0.024846,0,0,0
77164,cic_ids2017,0,0.001146,0.046298,0.023722,0,0,0
77167,cic_ids2017,0,0.001146,0.04629,0.023718,0,0,0
77169,cic_ids2017,0,0.015085,0.049692,0.032389,0,0,0
77171,cic_ids2017,0,0.0,0.046322,0.023161,0,0,0
77172,cic_ids2017,0,0.0,0.049653,0.024826,0,0,0
77176,cic_ids2017,0,0.001146,0.046291,0.023719,0,0,0
77190,cic_ids2017,0,0.0,0.045235,0.022617,0,0,0
77210,cic_ids2017,1,1.0,0.234692,0.617346,1,0,1
77230,cic_ids2017,0,0.001146,0.046294,0.02372,0,0,0
77240,cic_ids2017,0,0.0,0.082697,0.041348,0,0,0
77243,cic_ids2017,1,0.78226,0.051813,0.417037,1,0,0
77245,cic_ids2017,0,0.0,0.049941,0.024971,0,0,0
77252,cic_ids2017,0,0.0,0.049798,0.024899,0,0,0
77253,cic_ids2017,0,0.0,0.050129,0.025065,0,0,0
77254,cic_ids2017,0,0.000915,0.051142,0.026028,0,0,0
77264,cic_ids2017,0,0.0,0.045089,0.022544,0,0,0
77266,cic_ids2017,1,0.849249,0.049647,0.449448,1,0,0
77268,cic_ids2017,1,0.849249,0.049647,0.449448,1,0,0
77270,cic_ids2017,0,0.064423,0.049647,0.057035,0,0,0
77288,cic_ids2017,0,0.0,0.049791,0.024895,0,0,0
77290,cic_ids2017,0,0.0,0.007528,0.003764,0,0,0
77293,cic_ids2017,0,0.001146,0.046291,0.023719,0,0,0
77297,cic_ids2017,0,0.0,0.049682,0.024841,0,0,0
77298,cic_ids2017,0,0.030093,0.049647,0.03987,0,0,0
77311,cic_ids2017,0,0.001146,0.046292,0.023719,0,0,0
77315,cic_ids2017,1,0.988549,0.112065,0.550307,1,0,1
77316,cic_ids2017,0,0.0,0.049716,0.024858,0,0,0
77323,cic_ids2017,0,0.001146,0.046293,0.02372,0,0,0
77324,cic_ids2017,0,0.001146,0.046293,0.02372,0,0,0
77325,cic_ids2017,0,0.064423,0.049647,0.057035,0,0,0
77328,cic_ids2017,0,0.0,0.092441,0.04622,0,0,0
77331,cic_ids2017,0,0.0,0.049651,0.024825,0,0,0
77336,cic_ids2017,0,0.001146,0.046293,0.02372,0,0,0
77350,cic_ids2017,0,0.0,0.482412,0.241206,0,0,0
77351,cic_ids2017,1,1.0,0.299307,0.649653,1,0,1
77376,cic_ids2017,0,0.0,0.009192,0.004596,0,0,0
77378,cic_ids2017,0,0.0,0.143393,0.071697,0,0,0
77390,cic_ids2017,0,0.030093,0.049647,0.03987,0,0,0
77393,cic_ids2017,0,0.001146,0.046291,0.023719,0,0,0
77394,cic_ids2017,0,0.13098,0.051812,0.091396,0,0,0
77395,cic_ids2017,0,0.064423,0.049647,0.057035,0,0,0
77396,cic_ids2017,0,0.001146,0.046293,0.02372,0,0,0
77400,cic_ids2017,0,0.0,0.00072,0.00036,0,0,0
77404,cic_ids2017,0,0.130846,0.051812,0.091329,0,0,0
77405,cic_ids2017,0,0.0,0.033649,0.016824,0,0,0
77407,cic_ids2017,0,0.0,0.046326,0.023163,0,0,0
77422,cic_ids2017,0,0.0,0.027374,0.013687,0,0,0
77427,cic_ids2017,1,0.854015,0.049647,0.451831,1,0,0
77435,cic_ids2017,0,0.001146,0.04629,0.023718,0,0,0
77437,cic_ids2017,0,0.002439,0.0641,0.03327,0,0,0
77442,cic_ids2017,0,0.001146,0.046292,0.023719,0,0,0
77446,cic_ids2017,0,0.0,0.046322,0.023161,0,0,0
77451,cic_ids2017,0,0.013547,0.04708,0.030313,0,0,0
77458,cic_ids2017,1,0.854015,0.049647,0.451831,1,0,0
77460,cic_ids2017,0,0.0,0.038942,0.019471,0,0,0
77462,cic_ids2017,0,0.001158,0.048303,0.024731,0,0,0
77467,cic_ids2017,1,0.849249,0.049647,0.449448,1,0,0
77475,cic_ids2017,0,0.001259,0.051812,0.026536,0,0,0
77487,cic_ids2017,0,0.011265,0.04629,0.028777,0,0,0
77493,cic_ids2017,0,0.0,0.010794,0.005397,0,0,0
77501,cic_ids2017,0,0.030093,0.049647,0.03987,0,0,0
77506,cic_ids2017,0,0.001146,0.046294,0.02372,0,0,0
77511,cic_ids2017,0,0.001146,0.046292,0.023719,0,0,0
77513,cic_ids2017,0,0.031313,0.051812,0.041563,0,0,0
77514,cic_ids2017,0,0.0,0.049693,0.024847,0,0,0
77545,cic_ids2017,0,0.0,0.042612,0.021306,0,0,0
77546,cic_ids2017,0,0.0,0.036033,0.018016,0,0,0
77549,cic_ids2017,0,0.002705,0.051812,0.027259,0,0,0
77561,cic_ids2017,0,0.001146,0.046293,0.023719,0,0,0
77567,cic_ids2017,1,0.461203,0.125773,0.293488,0,0,0
77568,cic_ids2017,0,0.0,0.050118,0.025059,0,0,0
77573,cic_ids2017,0,0.0,0.046324,0.023162,0,0,0
77587,cic_ids2017,1,0.986582,0.107469,0.547025,1,0,1
77591,cic_ids2017,0,0.0,0.014632,0.007316,0,0,0
77592,cic_ids2017,0,0.131703,0.111397,0.12155,0,0,0
77597,cic_ids2017,0,0.0,0.002675,0.001337,0,0,0
77600,cic_ids2017,0,0.015085,0.049679,0.032382,0,0,0
77601,cic_ids2017,0,0.031313,0.051812,0.041563,0,0,0
77603,cic_ids2017,0,0.0,0.045804,0.022902,0,0,0
77611,cic_ids2017,0,0.001146,0.046292,0.023719,0,0,0
77614,cic_ids2017,0,0.0,0.049981,0.024991,0,0,0
77620,cic_ids2017,1,0.250699,0.051141,0.15092,0,0,0
77622,cic_ids2017,0,0.064423,0.049647,0.057035,0,0,0
77629,cic_ids2017,0,0.001146,0.046294,0.02372,0,0,0
77630,cic_ids2017,0,0.030093,0.049647,0.03987,0,0,0
77643,cic_ids2017,0,0.001146,0.046293,0.02372,0,0,0
77647,cic_ids2017,0,0.001132,0.051142,0.026137,0,0,0
77657,cic_ids2017,1,1.0,0.389267,0.694633,1,0,1
77659,cic_ids2017,0,0.0,0.230999,0.115499,0,0,0
77660,cic_ids2017,0,0.001146,0.046293,0.023719,0,0,0
77664,cic_ids2017,0,0.001143,0.04965,0.025397,0,0,0
77672,cic_ids2017,0,0.001146,0.046292,0.023719,0,0,0
77676,cic_ids2017,0,0.064423,0.049647,0.057035,0,0,0
77678,cic_ids2017,0,0.13098,0.051812,0.091396,0,0,0
77680,cic_ids2017,0,0.000881,0.056087,0.028484,0,0,0
77692,cic_ids2017,1,0.773108,0.051813,0.412461,1,0,0
77696,cic_ids2017,0,0.003545,0.051812,0.027679,0,0,0
77697,cic_ids2017,0,0.030093,0.049647,0.03987,0,0,0
77698,cic_ids2017,0,0.0,0.049045,0.024523,0,0,0
77701,cic_ids2017,0,0.000881,0.051819,0.02635,0,0,0
77702,cic_ids2017,0,0.003545,0.051813,0.027679,0,0,0
77713,cic_ids2017,0,0.001146,0.046294,0.02372,0,0,0
77717,cic_ids2017,0,0.0,0.049681,0.024841,0,0,0
77724,cic_ids2017,0,0.001778,0.051812,0.026795,0,0,0
77731,cic_ids2017,1,0.97,0.057243,0.513622,1,0,1
77733,cic_ids2017,0,0.0,0.046378,0.023189,0,0,0
77759,cic_ids2017,1,1.0,0.482194,0.741097,1,0,1
77771,cic_ids2017,0,0.0,0.045117,0.022559,0,0,0
77787,cic_ids2017,0,0.0,0.049107,0.024554,0,0,0
77789,cic_ids2017,0,0.0,0.009458,0.004729,0,0,0
77791,cic_ids2017,0,0.01,0.039084,0.024542,0,0,0
77792,cic_ids2017,0,0.0,0.03604,0.01802,0,0,0
77796,cic_ids2017,0,0.0,0.012851,0.006425,0,0,0
77816,cic_ids2017,1,0.94,0.049179,0.494589,1,0,0
77817,cic_ids2017,0,0.001146,0.046294,0.02372,0,0,0
77818,cic_ids2017,0,0.0,0.105484,0.052742,0,0,0
77819,cic_ids2017,0,0.001146,0.046292,0.023719,0,0,0
77823,cic_ids2017,0,0.0,0.049716,0.024858,0,0,0
77828,cic_ids2017,0,0.0,0.014604,0.007302,0,0,0
77829,cic_ids2017,0,0.0,0.049682,0.024841,0,0,0
77834,cic_ids2017,1,1.0,0.038403,0.519201,1,0,1
77838,cic_ids2017,0,0.001764,0.049042,0.025403,0,0,0
77841,cic_ids2017,0,0.0,0.046358,0.023179,0,0,0
77846,cic_ids2017,0,0.0,0.042514,0.021257,0,0,0
77851,cic_ids2017,0,0.001143,0.04965,0.025396,0,0,0
77853,cic_ids2017,0,0.016687,0.050714,0.033701,0,0,0
77863,cic_ids2017,1,0.849249,0.049647,0.449448,1,0,0
77866,cic_ids2017,1,0.920085,0.051813,0.485949,1,0,0
77876,cic_ids2017,0,0.0,0.475474,0.237737,0,0,0
77877,cic_ids2017,0,0.0,0.046878,0.023439,0,0,0
77879,cic_ids2017,0,0.001146,0.046292,0.023719,0,0,0
77881,cic_ids2017,1,0.854015,0.049647,0.451831,1,0,0
77886,cic_ids2017,1,1.0,0.457615,0.728808,1,0,1
77888,cic_ids2017,0,0.0,0.050312,0.025156,0,0,0
77892,cic_ids2017,1,1.0,0.453952,0.726976,1,0,1
77901,cic_ids2017,0,0.0,0.045333,0.022666,0,0,0
77903,cic_ids2017,0,0.0,0.010646,0.005323,0,0,0
77908,cic_ids2017,0,0.0,0.049726,0.024863,0,0,0
77931,cic_ids2017,1,0.97,0.081169,0.525585,1,0,1
77958,cic_ids2017,0,0.0,0.046358,0.023179,0,0,0
77959,cic_ids2017,0,0.025085,0.049649,0.037367,0,0,0
77965,cic_ids2017,0,0.064423,0.049647,0.057035,0,0,0
77967,cic_ids2017,0,0.0,0.006719,0.00336,0,0,0
77983,cic_ids2017,0,0.0,0.034805,0.017402,0,0,0
77985,cic_ids2017,0,0.0,0.046326,0.023163,0,0,0
77989,cic_ids2017,0,0.001705,0.051812,0.026758,0,0,0
77991,cic_ids2017,0,0.0,0.052884,0.026442,0,0,0
77994,cic_ids2017,1,0.990881,0.092629,0.541755,1,0,1
78015,cic_ids2017,0,0.001146,0.046296,0.023721,0,0,0
78018,cic_ids2017,0,0.010881,0.051173,0.031027,0,0,0
78022,cic_ids2017,0,0.0,0.01474,0.00737,0,0,0
78030,cic_ids2017,0,0.0,0.049691,0.024846,0,0,0
78031,cic_ids2017,1,0.986582,0.099714,0.543148,1,0,1
78037,cic_ids2017,1,0.990881,0.075395,0.533138,1,0,1
78039,cic_ids2017,0,0.064423,0.049647,0.057035,0,0,0
78040,cic_ids2017,0,0.031313,0.051812,0.041563,0,0,0
78041,cic_ids2017,0,0.002048,0.051812,0.02693,0,0,0
78045,cic_ids2017,0,0.0,0.049736,0.024868,0,0,0
78059,cic_ids2017,1,0.854015,0.049647,0.451831,1,0,0
78066,cic_ids2017,0,0.0,0.049692,0.024846,0,0,0
78067,cic_ids2017,0,0.0,0.046298,0.023149,0,0,0
78069,cic_ids2017,1,0.849249,0.049647,0.449448,1,0,0
78071,cic_ids2017,0,0.0,0.021514,0.010757,0,0,0
78073,cic_ids2017,0,0.0,0.005813,0.002906,0,0,0
78084,cic_ids2017,0,0.001146,0.046294,0.02372,0,0,0
78086,cic_ids2017,1,0.854015,0.049647,0.451831,1,0,0
78095,cic_ids2017,0,0.001146,0.046294,0.02372,0,0,0
78101,cic_ids2017,0,0.0,0.050076,0.025038,0,0,0
78105,cic_ids2017,0,0.0,0.004869,0.002434,0,0,0
78108,cic_ids2017,0,0.001146,0.046292,0.023719,0,0,0
78109,cic_ids2017,0,0.001146,0.046293,0.023719,0,0,0
78112,cic_ids2017,0,0.0,0.049714,0.024857,0,0,0
78115,cic_ids2017,0,0.0,0.052416,0.026208,0,0,0
78117,cic_ids2017,1,0.854015,0.049647,0.451831,1,0,0
78118,cic_ids2017,0,0.0,0.046337,0.023168,0,0,0
78123,cic_ids2017,0,0.0,0.004987,0.002494,0,0,0
78125,cic_ids2017,0,0.1,0.231876,0.165938,0,0,0
78127,cic_ids2017,0,0.001521,0.04708,0.0243,0,0,0
78129,cic_ids2017,0,0.030093,0.049647,0.03987,0,0,0
78130,cic_ids2017,1,0.481203,0.135831,0.308517,0,0,0
78131,cic_ids2017,1,1.0,0.316914,0.658457,1,0,1
78133,cic_ids2017,0,0.001705,0.051812,0.026758,0,0,0
78144,cic_ids2017,0,0.0,0.009001,0.0045,0,0,0
78147,cic_ids2017,0,0.0,0.049692,0.024846,0,0,0
78150,cic_ids2017,0,0.0,0.04507,0.022535,0,0,0
78164,cic_ids2017,0,0.0,0.046378,0.023189,0,0,0
78165,cic_ids2017,0,0.0,0.046324,0.023162,0,0,0
78171,cic_ids2017,0,0.0,0.046335,0.023168,0,0,0
78192,cic_ids2017,0,0.001143,0.049651,0.025397,0,0,0
78196,cic_ids2017,1,1.0,0.489987,0.744994,1,0,1
78198,cic_ids2017,1,0.849249,0.049647,0.449448,1,0,0
78210,cic_ids2017,1,0.94,0.07852,0.50926,1,0,1
78220,cic_ids2017,1,0.849249,0.049647,0.449448,1,0,0
78223,cic_ids2017,0,0.0,0.049956,0.024978,0,0,0
78227,cic_ids2017,1,1.0,0.261442,0.630721,1,0,1
78241,cic_ids2017,0,0.0,0.049691,0.024846,0,0,0
78243,cic_ids2017,0,0.064423,0.049647,0.057035,0,0,0
78246,cic_ids2017,0,0.064423,0.049647,0.057035,0,0,0
78250,cic_ids2017,0,0.0,0.030989,0.015495,0,0,0
78253,cic_ids2017,1,1.0,0.040956,0.520478,1,0,1
78257,cic_ids2017,0,0.10183,0.048303,0.075067,0,0,0
78261,cic_ids2017,0,0.0,0.046418,0.023209,0,0,0
78300,cic_ids2017,0,0.002705,0.051812,0.027259,0,0,0
78302,cic_ids2017,0,0.015966,0.048946,0.032456,0,0,0
78304,cic_ids2017,0,0.0,0.049692,0.024846,0,0,0
78311,cic_ids2017,0,0.064423,0.049647,0.057035,0,0,0
78312,cic_ids2017,0,0.064423,0.049647,0.057035,0,0,0
78313,cic_ids2017,0,0.0,0.030909,0.015455,0,0,0
78318,cic_ids2017,1,0.715948,0.051813,0.38388,1,0,0
78319,cic_ids2017,0,0.064423,0.049647,0.057035,0,0,0
78323,cic_ids2017,0,0.0,0.010886,0.005443,0,0,0
78325,cic_ids2017,0,0.0,0.071368,0.035684,0,0,0
78328,cic_ids2017,0,2.4e-05,0.036672,0.018348,0,0,0
78331,cic_ids2017,0,0.0,0.045075,0.022537,0,0,0
78349,cic_ids2017,0,0.003333,0.040375,0.021854,0,0,0
78357,cic_ids2017,1,1.0,0.464848,0.732424,1,0,1
78363,cic_ids2017,0,0.0,0.05972,0.02986,0,0,0
78379,cic_ids2017,0,0.0,0.050164,0.025082,0,0,0
78381,cic_ids2017,0,0.016071,0.049018,0.032545,0,0,0
78382,cic_ids2017,0,0.000881,0.055933,0.028407,0,0,0
78384,cic_ids2017,0,0.0,0.049693,0.024846,0,0,0
78386,cic_ids2017,0,0.020015,0.048978,0.034497,0,0,0
78387,cic_ids2017,0,0.013068,0.051812,0.03244,0,0,0
78392,cic_ids2017,0,0.001143,0.046296,0.023719,0,0,0
78398,cic_ids2017,0,0.001146,0.046291,0.023719,0,0,0
78409,cic_ids2017,0,0.0,0.049734,0.024867,0,0,0
78410,cic_ids2017,0,0.013545,0.051143,0.032344,0,0,0
78411,cic_ids2017,0,0.0,0.081983,0.040992,0,0,0
78413,cic_ids2017,0,0.0,0.049693,0.024847,0,0,0
78414,cic_ids2017,1,0.990881,0.053135,0.522008,1,0,1
78416,cic_ids2017,0,0.0,0.046772,0.023386,0,0,0
78418,cic_ids2017,0,0.002439,0.066199,0.034319,0,0,0
78424,cic_ids2017,0,0.01,0.045732,0.027866,0,0,0
78428,cic_ids2017,0,0.0,0.049735,0.024868,0,0,0
78432,cic_ids2017,0,0.01,0.084851,0.047426,0,0,0
78442,cic_ids2017,0,0.0,0.046423,0.023211,0,0,0
78449,cic_ids2017,0,0.015085,0.049678,0.032382,0,0,0
78454,cic_ids2017,1,1.0,0.030846,0.515423,1,0,1
78455,cic_ids2017,0,0.0,0.025877,0.012938,0,0,0
78465,cic_ids2017,1,0.854015,0.049647,0.451831,1,0,0
78466,cic_ids2017,0,0.064423,0.049647,0.057035,0,0,0
78468,cic_ids2017,0,0.0,0.002976,0.001488,0,0,0
78471,cic_ids2017,0,0.001463,0.051142,0.026302,0,0,0
78472,cic_ids2017,0,0.0,0.046377,0.023188,0,0,0
78476,cic_ids2017,0,0.031313,0.051812,0.041563,0,0,0
78477,cic_ids2017,0,0.001146,0.04629,0.023718,0,0,0
78484,cic_ids2017,0,0.0,0.046372,0.023186,0,0,0
78485,cic_ids2017,0,0.01,0.007172,0.008586,0,0,0
78493,cic_ids2017,0,0.015085,0.04965,0.032367,0,0,0
78495,cic_ids2017,0,0.01,0.044922,0.027461,0,0,0
78505,cic_ids2017,0,0.001146,0.046293,0.023719,0,0,0
78507,cic_ids2017,0,0.0,0.014635,0.007317,0,0,0
78509,cic_ids2017,0,0.0,0.049717,0.024858,0,0,0
78512,cic_ids2017,0,0.0,0.049682,0.024841,0,0,0
78530,cic_ids2017,0,0.0,0.046324,0.023162,0,0,0
78539,cic_ids2017,1,0.97,0.117091,0.543545,1,0,1
78540,cic_ids2017,0,0.0,0.045093,0.022546,0,0,0
78546,cic_ids2017,0,0.001705,0.051812,0.026758,0,0,0
78550,cic_ids2017,0,0.0,0.049694,0.024847,0,0,0
78553,cic_ids2017,0,0.0,0.049692,0.024846,0,0,0
78555,cic_ids2017,0,0.001146,0.046294,0.02372,0,0,0
78556,cic_ids2017,0,0.001705,0.051812,0.026758,0,0,0
78577,cic_ids2017,0,0.030093,0.049647,0.03987,0,0,0
78588,cic_ids2017,0,0.0,0.003453,0.001726,0,0,0
78589,cic_ids2017,0,0.0,0.046294,0.023147,0,0,0
78591,cic_ids2017,1,1.0,0.028084,0.514042,1,0,1
78594,cic_ids2017,0,0.001146,0.046294,0.02372,0,0,0
78609,cic_ids2017,0,0.0,0.046333,0.023167,0,0,0
78610,cic_ids2017,0,0.0,0.04633,0.023165,0,0,0
78612,cic_ids2017,0,0.001146,0.046291,0.023719,0,0,0
78620,cic_ids2017,0,0.002439,0.061832,0.032136,0,0,0
78621,cic_ids2017,0,0.0,0.012797,0.006399,0,0,0
78630,cic_ids2017,0,0.001705,0.051812,0.026758,0,0,0
78633,cic_ids2017,0,0.0,0.049692,0.024846,0,0,0
78635,cic_ids2017,0,0.0,0.242438,0.121219,0,0,0
78638,cic_ids2017,0,0.0,0.007802,0.003901,0,0,0
78651,cic_ids2017,0,0.016071,0.049017,0.032544,0,0,0
78658,cic_ids2017,0,0.000881,0.051814,0.026347,0,0,0
78660,cic_ids2017,0,0.0,0.046373,0.023187,0,0,0
78662,cic_ids2017,1,0.849249,0.049647,0.449448,1,0,0
78680,cic_ids2017,0,0.017716,0.048945,0.033331,0,0,0
78684,cic_ids2017,0,0.064423,0.049647,0.057035,0,0,0
78685,cic_ids2017,0,0.0,0.04633,0.023165,0,0,0
78686,cic_ids2017,0,0.0,0.010928,0.005464,0,0,0
78687,cic_ids2017,0,0.0,0.049698,0.024849,0,0,0
78690,cic_ids2017,0,0.010881,0.051234,0.031057,0,0,0
78691,cic_ids2017,0,0.0,0.046358,0.023179,0,0,0
78694,cic_ids2017,0,0.0,0.018537,0.009269,0,0,0
78696,cic_ids2017,0,0.002439,0.065852,0.034145,0,0,0
78698,cic_ids2017,0,0.002048,0.051812,0.02693,0,0,0
78699,cic_ids2017,0,0.0,0.045089,0.022544,0,0,0
78701,cic_ids2017,1,0.986582,0.098113,0.542347,1,0,1
78709,cic_ids2017,1,0.854325,0.049647,0.451986,1,0,0
78713,cic_ids2017,1,1.0,0.456411,0.728206,1,0,1
78728,cic_ids2017,0,0.0,0.014736,0.007368,0,0,0
78729,cic_ids2017,0,0.001146,0.046296,0.023721,0,0,0
78732,cic_ids2017,0,0.030093,0.049647,0.03987,0,0,0
78742,cic_ids2017,0,0.015085,0.04978,0.032433,0,0,0
78748,cic_ids2017,0,0.0,0.050342,0.025171,0,0,0
78753,cic_ids2017,1,1.0,0.502839,0.751419,1,1,1
78758,cic_ids2017,1,0.854325,0.049647,0.451986,1,0,0
78761,cic_ids2017,0,0.0,0.03175,0.015875,0,0,0
78764,cic_ids2017,1,0.98,0.314073,0.647036,1,0,1
78772,cic_ids2017,0,0.0,0.046334,0.023167,0,0,0
78774,cic_ids2017,1,0.443716,0.048947,0.246331,0,0,0
78786,cic_ids2017,0,0.003545,0.051901,0.027723,0,0,0
78790,cic_ids2017,0,0.001146,0.046292,0.023719,0,0,0
78801,cic_ids2017,0,0.005055,0.044047,0.024551,0,0,0
78805,cic_ids2017,0,0.015085,0.04979,0.032437,0,0,0
78807,cic_ids2017,0,0.0,0.049716,0.024858,0,0,0
78810,cic_ids2017,0,0.001146,0.046294,0.02372,0,0,0
78813,cic_ids2017,0,0.001146,0.046293,0.023719,0,0,0
78816,cic_ids2017,0,0.0,0.092625,0.046313,0,0,0
78824,cic_ids2017,0,0.002048,0.051812,0.02693,0,0,0
78840,cic_ids2017,0,0.016919,0.068735,0.042827,0,0,0
78850,cic_ids2017,0,0.001146,0.046292,0.023719,0,0,0
78860,cic_ids2017,1,0.587302,0.048946,0.318124,1,0,0
78865,cic_ids2017,0,0.0,0.049693,0.024846,0,0,0
78869,cic_ids2017,0,0.0,0.018069,0.009035,0,0,0
78874,cic_ids2017,1,0.963545,0.049764,0.506655,1,0,1
78877,cic_ids2017,1,0.854015,0.049647,0.451831,1,0,0
78878,cic_ids2017,0,0.0,0.046373,0.023187,0,0,0
78882,cic_ids2017,0,0.0,0.046372,0.023186,0,0,0
78886,cic_ids2017,0,0.001146,0.046293,0.02372,0,0,0
78897,cic_ids2017,1,1.0,0.318545,0.659273,1,0,1
78915,cic_ids2017,0,0.0,0.036443,0.018221,0,0,0
78918,cic_ids2017,0,0.003545,0.051882,0.027713,0,0,0
78924,cic_ids2017,0,0.0,0.049691,0.024845,0,0,0
78925,cic_ids2017,0,0.0,0.049829,0.024915,0,0,0
78932,cic_ids2017,0,0.001146,0.046291,0.023719,0,0,0
78934,cic_ids2017,1,0.990881,0.099147,0.545014,1,0,1
78947,cic_ids2017,0,0.0,0.046446,0.023223,0,0,0
78948,cic_ids2017,0,0.064423,0.049647,0.057035,0,0,0
78950,cic_ids2017,0,0.000899,0.051142,0.02602,0,0,0
78957,cic_ids2017,0,0.001146,0.046292,0.023719,0,0,0
78959,cic_ids2017,0,0.0,0.068993,0.034496,0,0,0
78965,cic_ids2017,0,0.001143,0.04965,0.025397,0,0,0
78966,cic_ids2017,0,0.001146,0.046292,0.023719,0,0,0
78981,cic_ids2017,0,0.0,0.049692,0.024846,0,0,0
78983,cic_ids2017,0,0.0,0.046295,0.023148,0,0,0
78993,cic_ids2017,0,0.0,0.031326,0.015663,0,0,0
78998,cic_ids2017,0,0.0,0.046332,0.023166,0,0,0
79005,cic_ids2017,0,0.0,0.000489,0.000245,0,0,0
79006,cic_ids2017,0,0.0,0.046336,0.023168,0,0,0
79015,cic_ids2017,0,0.0,0.049897,0.024948,0,0,0
79016,cic_ids2017,0,0.0,0.049691,0.024846,0,0,0
79035,cic_ids2017,0,0.07,0.056577,0.063289,0,0,0
79036,cic_ids2017,0,0.001705,0.051812,0.026758,0,0,0
79041,cic_ids2017,1,0.983014,0.215925,0.599469,1,0,1
79044,cic_ids2017,0,0.0,0.049693,0.024846,0,0,0
79047,cic_ids2017,0,0.001146,0.046292,0.023719,0,0,0
79057,cic_ids2017,1,0.854015,0.049647,0.451831,1,0,0
79061,cic_ids2017,0,0.0,0.049733,0.024867,0,0,0
79069,cic_ids2017,0,0.029271,0.049647,0.039459,0,0,0
79079,cic_ids2017,0,0.064423,0.049647,0.057035,0,0,0
79084,cic_ids2017,0,0.030093,0.049647,0.03987,0,0,0
79092,cic_ids2017,0,0.0,0.046374,0.023187,0,0,0
79097,cic_ids2017,0,0.0,0.125999,0.063,0,0,0
79098,cic_ids2017,0,0.001146,0.046298,0.023722,0,0,0
79101,cic_ids2017,0,0.001778,0.051812,0.026795,0,0,0
79104,cic_ids2017,0,0.0,0.046375,0.023188,0,0,0
79109,cic_ids2017,1,1.0,0.474171,0.737086,1,0,1
79114,cic_ids2017,0,0.064423,0.049647,0.057035,0,0,0
79115,cic_ids2017,0,0.0,0.029389,0.014694,0,0,0
79128,cic_ids2017,1,1.0,0.181496,0.590748,1,0,1
79130,cic_ids2017,1,0.973545,0.049001,0.511273,1,0,1
79132,cic_ids2017,1,1.0,0.234482,0.617241,1,0,1
79133,cic_ids2017,0,0.0,0.080385,0.040193,0,0,0
79134,cic_ids2017,0,0.001705,0.051812,0.026758,0,0,0
79153,cic_ids2017,0,0.0,0.006159,0.00308,0,0,0
79157,cic_ids2017,1,1.0,0.037028,0.518514,1,0,1
79162,cic_ids2017,0,0.000881,0.051819,0.02635,0,0,0
79173,cic_ids2017,1,1.0,0.252234,0.626117,1,0,1
79179,cic_ids2017,0,0.0,0.049834,0.024917,0,0,0
79180,cic_ids2017,0,0.0,0.054393,0.027197,0,0,0
79183,cic_ids2017,0,0.01,0.009744,0.009872,0,0,0
79190,cic_ids2017,0,0.0,0.04641,0.023205,0,0,0
79191,cic_ids2017,1,1.0,0.34018,0.67009,1,0,1
79193,cic_ids2017,0,0.0,0.046814,0.023407,0,0,0
79197,cic_ids2017,0,0.064423,0.049647,0.057035,0,0,0
79199,cic_ids2017,0,0.001146,0.046292,0.023719,0,0,0
79204,cic_ids2017,0,0.001285,0.048945,0.025115,0,0,0
79207,cic_ids2017,0,0.0,0.037385,0.018692,0,0,0
79209,cic_ids2017,0,0.0,0.045076,0.022538,0,0,0
79214,cic_ids2017,0,0.002439,0.065142,0.03379,0,0,0
79215,cic_ids2017,0,0.0,0.046389,0.023195,0,0,0
79225,cic_ids2017,0,0.000881,0.053298,0.027089,0,0,0
79231,cic_ids2017,1,0.849249,0.049647,0.449448,1,0,0
79233,cic_ids2017,0,0.0,0.049692,0.024846,0,0,0
79235,cic_ids2017,0,0.064423,0.049647,0.057035,0,0,0
79236,cic_ids2017,0,0.007197,0.046352,0.026774,0,0,0
79238,cic_ids2017,0,0.000881,0.041015,0.020948,0,0,0
79242,cic_ids2017,1,1.0,0.040185,0.520093,1,0,1
79252,cic_ids2017,0,0.0,0.557119,0.278559,0,1,0
79256,cic_ids2017,1,1.0,0.488006,0.744003,1,0,1
79259,cic_ids2017,0,0.020322,0.100009,0.060166,0,0,0
79273,cic_ids2017,1,1.0,0.468383,0.734192,1,0,1
79276,cic_ids2017,0,0.015085,0.04968,0.032382,0,0,0
79278,cic_ids2017,0,0.0,0.045268,0.022634,0,0,0
79283,cic_ids2017,0,0.031313,0.051812,0.041563,0,0,0
79284,cic_ids2017,0,0.0,0.005609,0.002805,0,0,0
79295,cic_ids2017,0,0.001146,0.046292,0.023719,0,0,0
79296,cic_ids2017,0,0.0,0.046356,0.023178,0,0,0
79299,cic_ids2017,0,0.001146,0.046292,0.023719,0,0,0
79306,cic_ids2017,1,1.0,0.48966,0.74483,1,0,1
79312,cic_ids2017,0,0.000881,0.051816,0.026349,0,0,0
79316,cic_ids2017,0,0.0,0.049693,0.024846,0,0,0
79317,cic_ids2017,1,1.0,0.273592,0.636796,1,0,1
79329,cic_ids2017,0,0.000881,0.051812,0.026347,0,0,0
79331,cic_ids2017,0,0.030093,0.049647,0.03987,0,0,0
79339,cic_ids2017,0,0.064423,0.049647,0.057035,0,0,0
79340,cic_ids2017,1,0.990881,0.143323,0.567102,1,0,1
79347,cic_ids2017,0,0.0,0.010014,0.005007,0,0,0
79348,cic_ids2017,0,0.0,0.046337,0.023168,0,0,0
79356,cic_ids2017,0,0.03,0.07183,0.050915,0,0,0
79357,cic_ids2017,1,0.63,0.059655,0.344828,1,0,0
79358,cic_ids2017,0,0.0,0.04972,0.02486,0,0,0
79360,cic_ids2017,0,1.5e-05,0.048952,0.024484,0,0,0
79364,cic_ids2017,0,0.001705,0.051812,0.026758,0,0,0
79367,cic_ids2017,1,1.0,0.041542,0.520771,1,0,1
79370,cic_ids2017,0,0.001146,0.046293,0.02372,0,0,0
79375,cic_ids2017,1,1.0,0.48857,0.744285,1,0,1
79376,cic_ids2017,0,0.001146,0.046296,0.023721,0,0,0
79379,cic_ids2017,0,0.0,0.046332,0.023166,0,0,0
79386,cic_ids2017,0,0.0,0.048294,0.024147,0,0,0
79387,cic_ids2017,1,1.0,0.036145,0.518072,1,0,1
79400,cic_ids2017,0,0.001146,0.046292,0.023719,0,0,0
79407,cic_ids2017,0,0.064423,0.049647,0.057035,0,0,0
79418,cic_ids2017,0,0.030093,0.049647,0.03987,0,0,0
79424,cic_ids2017,0,0.001146,0.046293,0.023719,0,0,0
79427,cic_ids2017,0,0.001146,0.046295,0.02372,0,0,0
79435,cic_ids2017,0,0.0,0.021537,0.010768,0,0,0
79436,cic_ids2017,1,0.849249,0.049647,0.449448,1,0,0
79441,cic_ids2017,0,0.0,0.046338,0.023169,0,0,0
79446,cic_ids2017,0,0.0,0.010549,0.005274,0,0,0
79455,cic_ids2017,0,0.001979,0.048303,0.025141,0,0,0
79456,cic_ids2017,1,1.0,0.318267,0.659133,1,0,1
79461,cic_ids2017,0,0.001025,0.051815,0.02642,0,0,0
79465,cic_ids2017,0,0.0,0.046376,0.023188,0,0,0
79471,cic_ids2017,0,0.0,0.046331,0.023166,0,0,0
79475,cic_ids2017,0,0.002687,0.051812,0.02725,0,0,0
79478,cic_ids2017,0,0.0,0.046332,0.023166,0,0,0
79482,cic_ids2017,1,0.98,0.133812,0.556906,1,0,1
79487,cic_ids2017,0,0.001146,0.046292,0.023719,0,0,0
79491,cic_ids2017,0,0.001146,0.046292,0.023719,0,0,0
79494,cic_ids2017,1,0.990881,0.101825,0.546353,1,0,1
79495,cic_ids2017,1,1.0,0.299354,0.649677,1,0,1
79499,cic_ids2017,0,0.0,0.004414,0.002207,0,0,0
79507,cic_ids2017,1,1.0,0.465303,0.732651,1,0,1
79509,cic_ids2017,0,1.5e-05,0.049147,0.024581,0,0,0
79512,cic_ids2017,0,0.001146,0.046294,0.02372,0,0,0
79516,cic_ids2017,0,0.0,0.046374,0.023187,0,0,0
79522,cic_ids2017,0,0.02,0.441913,0.230956,0,0,0
79525,cic_ids2017,0,0.01,0.040195,0.025097,0,0,0
79529,cic_ids2017,0,0.0,0.045052,0.022526,0,0,0
79531,cic_ids2017,0,0.0,0.04633,0.023165,0,0,0
79533,cic_ids2017,0,0.0,0.008407,0.004203,0,0,0
79539,cic_ids2017,0,0.0,0.046365,0.023183,0,0,0
79547,cic_ids2017,0,0.064423,0.049647,0.057035,0,0,0
79550,cic_ids2017,0,0.0,0.049692,0.024846,0,0,0
79557,cic_ids2017,0,0.030881,0.051816,0.041348,0,0,0
79566,cic_ids2017,0,0.0,0.025445,0.012723,0,0,0
79567,cic_ids2017,0,0.001143,0.04965,0.025396,0,0,0
79576,cic_ids2017,0,0.064423,0.049647,0.057035,0,0,0
79583,cic_ids2017,1,1.0,0.467836,0.733918,1,0,1
79586,cic_ids2017,0,0.001146,0.046293,0.02372,0,0,0
79589,cic_ids2017,0,0.0,0.045087,0.022544,0,0,0
79598,cic_ids2017,0,0.0,0.046326,0.023163,0,0,0
79599,cic_ids2017,1,0.849249,0.049647,0.449448,1,0,0
79608,cic_ids2017,0,0.0,0.049717,0.024859,0,0,0
79609,cic_ids2017,0,0.0,0.000755,0.000378,0,0,0
79610,cic_ids2017,1,1.0,0.035109,0.517554,1,0,1
79612,cic_ids2017,0,0.0,0.039083,0.019541,0,0,0
79620,cic_ids2017,0,0.030093,0.049647,0.03987,0,0,0
79636,cic_ids2017,0,0.06,0.081175,0.070588,0,0,0
79645,cic_ids2017,1,0.99,0.104808,0.547404,1,0,1
79646,cic_ids2017,0,0.0,0.049719,0.02486,0,0,0
79651,cic_ids2017,0,0.0,0.027281,0.01364,0,0,0
79656,cic_ids2017,0,0.0,0.043219,0.021609,0,0,0
79660,cic_ids2017,0,1.5e-05,0.048328,0.024171,0,0,0
79681,cic_ids2017,0,0.006211,0.047123,0.026667,0,0,0
79685,cic_ids2017,0,0.0,0.049671,0.024836,0,0,0
79687,cic_ids2017,0,0.031313,0.051812,0.041563,0,0,0
79692,cic_ids2017,0,0.064423,0.049647,0.057035,0,0,0
79702,cic_ids2017,0,0.030093,0.049647,0.03987,0,0,0
79705,cic_ids2017,0,0.001146,0.046294,0.02372,0,0,0
79718,cic_ids2017,1,0.990881,0.061665,0.526273,1,0,1
79719,cic_ids2017,0,0.001146,0.046297,0.023721,0,0,0
79724,cic_ids2017,0,0.0,0.046328,0.023164,0,0,0
79726,cic_ids2017,0,0.001146,0.046294,0.02372,0,0,0
79728,cic_ids2017,0,0.271731,0.048422,0.160077,0,0,0
79730,cic_ids2017,0,0.0,0.049736,0.024868,0,0,0
79732,cic_ids2017,0,0.001146,0.046292,0.023719,0,0,0
79739,cic_ids2017,0,0.0,0.046323,0.023161,0,0,0
79742,cic_ids2017,0,0.001146,0.046292,0.023719,0,0,0
79747,cic_ids2017,0,0.021203,0.046283,0.033743,0,0,0
79751,cic_ids2017,1,0.854015,0.049647,0.451831,1,0,0
79755,cic_ids2017,0,0.0,0.022297,0.011149,0,0,0
79756,cic_ids2017,0,0.0,0.010743,0.005371,0,0,0
79772,cic_ids2017,0,0.0,0.046369,0.023184,0,0,0
79773,cic_ids2017,0,0.000881,0.041025,0.020953,0,0,0
79775,cic_ids2017,0,0.0,0.046355,0.023178,0,0,0
79778,cic_ids2017,1,1.0,0.042867,0.521433,1,0,1
79791,cic_ids2017,0,0.0,0.010612,0.005306,0,0,0
79794,cic_ids2017,0,0.0,0.046322,0.023161,0,0,0
79796,cic_ids2017,0,0.0,0.046325,0.023163,0,0,0
79798,cic_ids2017,0,0.0,0.042191,0.021095,0,0,0
79810,cic_ids2017,1,0.643014,0.216103,0.429558,1,0,0
79824,cic_ids2017,0,0.001146,0.046292,0.023719,0,0,0
79826,cic_ids2017,0,0.0,0.045071,0.022535,0,0,0
79830,cic_ids2017,0,0.0,0.049739,0.024869,0,0,0
79832,cic_ids2017,0,0.001146,0.04629,0.023718,0,0,0
79839,cic_ids2017,0,0.002687,0.051812,0.02725,0,0,0
79847,cic_ids2017,1,0.849249,0.049647,0.449448,1,0,0
79849,cic_ids2017,0,0.0,0.018643,0.009322,0,0,0
79853,cic_ids2017,1,0.854015,0.049647,0.451831,1,0,0
79871,cic_ids2017,0,0.0,0.007219,0.00361,0,0,0
79879,cic_ids2017,0,0.0,0.049691,0.024846,0,0,0
79890,cic_ids2017,0,0.0,0.049735,0.024868,0,0,0
79893,cic_ids2017,0,0.003545,0.051819,0.027682,0,0,0
79895,cic_ids2017,0,0.0,0.049716,0.024858,0,0,0
79904,cic_ids2017,0,0.0,0.046388,0.023194,0,0,0
79916,cic_ids2017,1,0.990881,0.051664,0.521273,1,0,1
79918,cic_ids2017,0,0.0,0.043084,0.021542,0,0,0
79919,cic_ids2017,0,0.001146,0.046295,0.023721,0,0,0
79926,cic_ids2017,0,0.0,0.046326,0.023163,0,0,0
79928,cic_ids2017,1,1.0,0.03919,0.519595,1,0,1
79930,cic_ids2017,0,0.001259,0.051812,0.026536,0,0,0
79931,cic_ids2017,0,0.0,0.006011,0.003005,0,0,0
79933,cic_ids2017,0,0.0,0.045133,0.022566,0,0,0
79936,cic_ids2017,1,1.0,0.28456,0.64228,1,0,1
79941,cic_ids2017,0,0.0,0.046375,0.023187,0,0,0
79950,cic_ids2017,0,0.001146,0.046296,0.023721,0,0,0
79955,cic_ids2017,0,0.001146,0.046291,0.023719,0,0,0
79957,cic_ids2017,0,0.001146,0.046296,0.023721,0,0,0
79963,cic_ids2017,0,0.064423,0.049647,0.057035,0,0,0
79964,cic_ids2017,0,0.023014,0.018347,0.02068,0,0,0
79966,cic_ids2017,0,0.0,0.046325,0.023163,0,0,0
79968,cic_ids2017,1,0.420322,0.338224,0.379273,0,0,0
79971,cic_ids2017,0,0.0,0.049671,0.024836,0,0,0
79975,cic_ids2017,1,0.99,0.44048,0.71524,1,0,1
79976,cic_ids2017,0,0.0,0.045097,0.022549,0,0,0
79978,cic_ids2017,0,0.0,0.049779,0.024889,0,0,0
79984,cic_ids2017,0,0.001705,0.051812,0.026758,0,0,0
79987,cic_ids2017,0,0.001143,0.04965,0.025397,0,0,0
79995,cic_ids2017,1,0.849249,0.049647,0.449448,1,0,0
80007,cic_ids2017,0,0.001146,0.046295,0.023721,0,0,0
80013,cic_ids2017,0,0.030093,0.049647,0.03987,0,0,0
80021,cic_ids2017,0,0.064423,0.049647,0.057035,0,0,0
80030,cic_ids2017,1,0.986582,0.052833,0.519707,1,0,1
80035,cic_ids2017,0,0.0,0.04076,0.02038,0,0,0
80037,cic_ids2017,0,0.0,0.046323,0.023161,0,0,0
80039,cic_ids2017,1,0.963545,0.055796,0.509671,1,0,1
80042,cic_ids2017,0,0.0,0.046324,0.023162,0,0,0
80055,cic_ids2017,0,0.0,0.049717,0.024859,0,0,0
80061,cic_ids2017,0,0.0,0.049745,0.024872,0,0,0
80063,cic_ids2017,0,0.001259,0.051812,0.026536,0,0,0
80067,cic_ids2017,0,0.031313,0.051812,0.041563,0,0,0
80071,cic_ids2017,1,0.821203,0.124273,0.472738,1,0,0
80077,cic_ids2017,1,1.0,0.038708,0.519354,1,0,1
80078,cic_ids2017,0,0.001146,0.046292,0.023719,0,0,0
80080,cic_ids2017,0,0.0,0.046374,0.023187,0,0,0
80084,cic_ids2017,0,0.0,0.010588,0.005294,0,0,0
80094,cic_ids2017,0,0.001146,0.046292,0.023719,0,0,0
80096,cic_ids2017,0,0.0,0.04978,0.02489,0,0,0
80097,cic_ids2017,1,1.0,0.384706,0.692353,1,0,1
80102,cic_ids2017,0,0.001146,0.046293,0.02372,0,0,0
80105,cic_ids2017,0,0.031313,0.051812,0.041563,0,0,0
80113,cic_ids2017,0,0.001146,0.046294,0.02372,0,0,0
80121,cic_ids2017,0,0.0,0.019398,0.009699,0,0,0
80126,cic_ids2017,0,0.0,0.006478,0.003239,0,0,0
80133,cic_ids2017,0,0.0,0.030101,0.01505,0,0,0
80135,cic_ids2017,0,0.0,0.04998,0.02499,0,0,0
80151,cic_ids2017,0,0.0,0.050892,0.025446,0,0,0
80157,cic_ids2017,0,0.0,0.045106,0.022553,0,0,0
80173,cic_ids2017,1,0.963545,0.049764,0.506654,1,0,1
80184,cic_ids2017,1,1.0,0.039587,0.519794,1,0,1
80199,cic_ids2017,0,0.001146,0.046293,0.02372,0,0,0
80201,cic_ids2017,0,0.0,0.046388,0.023194,0,0,0
80206,cic_ids2017,0,0.0,0.046325,0.023162,0,0,0
80212,cic_ids2017,0,0.0,0.044058,0.022029,0,0,0
80216,cic_ids2017,0,0.031313,0.051812,0.041563,0,0,0
80220,cic_ids2017,0,0.030093,0.049647,0.03987,0,0,0
80226,cic_ids2017,0,0.001146,0.046294,0.02372,0,0,0
80240,cic_ids2017,0,0.07,0.03656,0.05328,0,0,0
80243,cic_ids2017,0,0.001146,0.046293,0.023719,0,0,0
80246,cic_ids2017,0,0.0,0.012029,0.006015,0,0,0
80253,cic_ids2017,0,0.0,0.12476,0.06238,0,0,0
80260,cic_ids2017,0,0.001146,0.046289,0.023718,0,0,0
80270,cic_ids2017,0,0.0,0.536744,0.268372,0,1,0
80278,cic_ids2017,0,0.0,0.046333,0.023167,0,0,0
80280,cic_ids2017,0,0.000407,0.048305,0.024356,0,0,0
80286,cic_ids2017,0,0.0,0.014705,0.007353,0,0,0
80289,cic_ids2017,0,0.0,0.0499,0.02495,0,0,0
80293,cic_ids2017,1,0.849249,0.049647,0.449448,1,0,0
80300,cic_ids2017,0,0.001781,0.051812,0.026797,0,0,0
80310,cic_ids2017,0,0.0,0.003124,0.001562,0,0,0
80313,cic_ids2017,0,0.001146,0.046294,0.02372,0,0,0
80319,cic_ids2017,0,0.0,0.038969,0.019485,0,0,0
80327,cic_ids2017,0,0.001259,0.051812,0.026536,0,0,0
80335,cic_ids2017,1,0.98,0.041157,0.510578,1,0,1
80338,cic_ids2017,0,0.0,0.037014,0.018507,0,0,0
80342,cic_ids2017,0,0.0,0.049679,0.02484,0,0,0
80349,cic_ids2017,0,0.0,0.053043,0.026521,0,0,0
80351,cic_ids2017,0,0.000881,0.051812,0.026347,0,0,0
80370,cic_ids2017,0,0.001146,0.046293,0.023719,0,0,0
80372,cic_ids2017,0,0.0,0.046335,0.023168,0,0,0
80378,cic_ids2017,0,0.001146,0.046302,0.023724,0,0,0
80379,cic_ids2017,0,0.0,0.049718,0.024859,0,0,0
80386,cic_ids2017,0,0.0,0.049789,0.024895,0,0,0
80418,cic_ids2017,0,0.0,0.045435,0.022717,0,0,0
80421,cic_ids2017,0,0.0,0.046424,0.023212,0,0,0
80429,cic_ids2017,0,0.002048,0.051812,0.02693,0,0,0
80434,cic_ids2017,0,0.0,0.039763,0.019881,0,0,0
80442,cic_ids2017,0,0.030093,0.049647,0.03987,0,0,0
80459,cic_ids2017,0,0.0,0.037071,0.018536,0,0,0
80469,cic_ids2017,0,0.001146,0.046292,0.023719,0,0,0
80470,cic_ids2017,0,0.001146,0.04629,0.023718,0,0,0
80471,cic_ids2017,0,0.0,0.029764,0.014882,0,0,0
80472,cic_ids2017,0,0.0,0.045128,0.022564,0,0,0
80476,cic_ids2017,0,0.001781,0.051812,0.026797,0,0,0
80478,cic_ids2017,1,1.0,0.348053,0.674027,1,0,1
80482,cic_ids2017,0,0.064423,0.049647,0.057035,0,0,0
80485,cic_ids2017,0,0.0,0.008236,0.004118,0,0,0
80486,cic_ids2017,1,1.0,0.291532,0.645766,1,0,1
80487,cic_ids2017,0,0.0,0.031802,0.015901,0,0,0
80503,cic_ids2017,0,0.0,0.046336,0.023168,0,0,0
80505,cic_ids2017,0,0.006646,0.048946,0.027796,0,0,0
80513,cic_ids2017,0,0.000881,0.051819,0.02635,0,0,0
80521,cic_ids2017,0,0.001705,0.051812,0.026758,0,0,0
80535,cic_ids2017,0,0.0,0.049693,0.024847,0,0,0
80539,cic_ids2017,0,0.0,0.037586,0.018793,0,0,0
80547,cic_ids2017,1,0.990881,0.056724,0.523803,1,0,1
80554,cic_ids2017,0,0.0,0.049805,0.024902,0,0,0
80563,cic_ids2017,0,0.001146,0.04629,0.023718,0,0,0
80564,cic_ids2017,0,0.064423,0.049647,0.057035,0,0,0
80569,cic_ids2017,0,0.0,0.049837,0.024918,0,0,0
80587,cic_ids2017,0,0.001143,0.046294,0.023718,0,0,0
80591,cic_ids2017,0,0.019924,0.051812,0.035868,0,0,0
80594,cic_ids2017,0,0.001265,0.044213,0.022739,0,0,0
80597,cic_ids2017,0,0.001143,0.04965,0.025396,0,0,0
80598,cic_ids2017,0,0.0,0.045051,0.022525,0,0,0
80599,cic_ids2017,1,1.0,0.475214,0.737607,1,0,1
80600,cic_ids2017,1,0.854015,0.049647,0.451831,1,0,0
80605,cic_ids2017,0,0.0,0.046516,0.023258,0,0,0
80606,cic_ids2017,0,0.001146,0.046293,0.023719,0,0,0
80613,cic_ids2017,0,0.0,0.049686,0.024843,0,0,0
80624,cic_ids2017,1,1.0,0.433598,0.716799,1,0,1
80629,cic_ids2017,0,0.0,0.04642,0.02321,0,0,0
80636,cic_ids2017,0,0.064423,0.049647,0.057035,0,0,0
80639,cic_ids2017,0,0.001781,0.051812,0.026797,0,0,0
80640,cic_ids2017,0,0.0,0.046372,0.023186,0,0,0
80660,cic_ids2017,1,1.0,0.470939,0.735469,1,0,1
80674,cic_ids2017,0,0.0,0.032353,0.016176,0,0,0
80676,cic_ids2017,0,0.854015,0.049647,0.451831,1,0,0
80678,cic_ids2017,0,0.001637,0.048303,0.02497,0,0,0
80686,cic_ids2017,1,1.0,0.288455,0.644228,1,0,1
80692,cic_ids2017,0,0.0,0.049687,0.024844,0,0,0
80697,cic_ids2017,0,0.0,0.01157,0.005785,0,0,0
80698,cic_ids2017,0,0.0,0.049693,0.024847,0,0,0
80700,cic_ids2017,0,0.064423,0.049647,0.057035,0,0,0
80714,cic_ids2017,1,0.854325,0.049647,0.451986,1,0,0
80718,cic_ids2017,0,0.0,0.046336,0.023168,0,0,0
80719,cic_ids2017,0,0.0,0.049395,0.024697,0,0,0
80720,cic_ids2017,0,0.0,0.046334,0.023167,0,0,0
80728,cic_ids2017,0,0.0,0.046357,0.023179,0,0,0
80731,cic_ids2017,0,0.0,0.009098,0.004549,0,0,0
80733,cic_ids2017,1,1.0,0.450835,0.725418,1,0,1
80734,cic_ids2017,0,0.0,0.004613,0.002307,0,0,0
80737,cic_ids2017,1,0.849249,0.049647,0.449448,1,0,0
80739,cic_ids2017,1,0.854015,0.049647,0.451831,1,0,0
80740,cic_ids2017,0,0.0,0.049733,0.024866,0,0,0
80747,cic_ids2017,0,0.064423,0.049647,0.057035,0,0,0
80757,cic_ids2017,0,0.0,0.045058,0.022529,0,0,0
80758,cic_ids2017,0,0.0,0.029032,0.014516,0,0,0
80759,cic_ids2017,1,0.990881,0.049762,0.520321,1,0,1
80767,cic_ids2017,0,0.0,0.004709,0.002355,0,0,0
80773,cic_ids2017,0,0.0,0.049433,0.024716,0,0,0
80776,cic_ids2017,0,0.0,0.282273,0.141137,0,0,0
80778,cic_ids2017,1,0.99,0.046312,0.518156,1,0,1
80782,cic_ids2017,1,1.0,0.339116,0.669558,1,0,1
80785,cic_ids2017,0,0.02,0.06386,0.04193,0,0,0
80787,cic_ids2017,0,0.0,0.034361,0.017181,0,0,0
80792,cic_ids2017,0,0.001781,0.051812,0.026797,0,0,0
80794,cic_ids2017,0,0.0,0.052805,0.026403,0,0,0
80797,cic_ids2017,0,0.001146,0.046292,0.023719,0,0,0
80798,cic_ids2017,1,0.849249,0.049647,0.449448,1,0,0
80799,cic_ids2017,0,0.0,0.045196,0.022598,0,0,0
80811,cic_ids2017,0,0.0,0.024638,0.012319,0,0,0
80815,cic_ids2017,0,0.0,0.024071,0.012035,0,0,0
80842,cic_ids2017,0,0.0,0.011883,0.005941,0,0,0
80844,cic_ids2017,0,0.0,0.010563,0.005282,0,0,0
80857,cic_ids2017,0,0.0,0.005363,0.002681,0,0,0
80859,cic_ids2017,0,0.0,0.043924,0.021962,0,0,0
80860,cic_ids2017,0,0.0,0.063902,0.031951,0,0,0
80861,cic_ids2017,0,0.0,0.049691,0.024846,0,0,0
80869,cic_ids2017,0,0.001146,0.046298,0.023722,0,0,0
80878,cic_ids2017,0,0.030093,0.049647,0.03987,0,0,0
80883,cic_ids2017,1,0.854015,0.049647,0.451831,1,0,0
80886,cic_ids2017,1,1.0,0.039121,0.519561,1,0,1
80889,cic_ids2017,0,0.0,0.064536,0.032268,0,0,0
80901,cic_ids2017,0,0.0,0.008609,0.004304,0,0,0
80907,cic_ids2017,0,0.002917,0.134944,0.06893,0,0,0
80909,cic_ids2017,0,0.039973,0.04239,0.041181,0,0,0
80923,cic_ids2017,1,0.99,0.258547,0.624274,1,0,1
80924,cic_ids2017,0,0.001146,0.046293,0.023719,0,0,0
80946,cic_ids2017,0,0.0,0.040398,0.020199,0,0,0
80950,cic_ids2017,0,0.001143,0.04965,0.025396,0,0,0
80967,cic_ids2017,0,0.004067,0.051812,0.02794,0,0,0
80973,cic_ids2017,0,0.0,0.045052,0.022526,0,0,0
80983,cic_ids2017,0,0.0,0.049734,0.024867,0,0,0
80996,cic_ids2017,0,0.0,0.027512,0.013756,0,0,0
81009,cic_ids2017,0,0.005055,0.04405,0.024552,0,0,0
81015,cic_ids2017,0,0.0,0.046389,0.023195,0,0,0
81017,cic_ids2017,1,0.762917,0.042661,0.402789,1,0,0
81022,cic_ids2017,0,0.0,0.046356,0.023178,0,0,0
81025,cic_ids2017,0,0.0,0.035203,0.017602,0,0,0
81026,cic_ids2017,1,0.788453,0.051813,0.420133,1,0,0
81036,cic_ids2017,0,0.0,0.049683,0.024842,0,0,0
81038,cic_ids2017,0,0.0,0.049781,0.02489,0,0,0
81039,cic_ids2017,1,1.0,0.474104,0.737052,1,0,1
81040,cic_ids2017,0,0.064423,0.049647,0.057035,0,0,0
81042,cic_ids2017,0,0.001781,0.051812,0.026797,0,0,0
81043,cic_ids2017,0,0.000881,0.051816,0.026349,0,0,0
81049,cic_ids2017,0,0.0,0.046396,0.023198,0,0,0
81051,cic_ids2017,1,0.854015,0.049647,0.451831,1,0,0
81053,cic_ids2017,0,0.0,0.046356,0.023178,0,0,0
81054,cic_ids2017,0,0.0,0.046373,0.023186,0,0,0
81061,cic_ids2017,0,0.0,0.049734,0.024867,0,0,0
81065,cic_ids2017,0,0.0,0.045466,0.022733,0,0,0
81069,cic_ids2017,0,0.001146,0.046294,0.02372,0,0,0
81079,cic_ids2017,0,0.0,0.046293,0.023147,0,0,0
81081,cic_ids2017,0,0.001146,0.046292,0.023719,0,0,0
81087,cic_ids2017,0,0.0,0.040307,0.020154,0,0,0
81091,cic_ids2017,0,0.0,0.064401,0.032201,0,0,0
81101,cic_ids2017,0,0.064052,0.049647,0.056849,0,0,0
81103,cic_ids2017,1,0.849249,0.049647,0.449448,1,0,0
81105,cic_ids2017,0,0.0,0.170893,0.085446,0,0,0
81106,cic_ids2017,0,0.001146,0.046296,0.023721,0,0,0
81108,cic_ids2017,1,0.854015,0.049647,0.451831,1,0,0
81116,cic_ids2017,1,0.854015,0.049647,0.451831,1,0,0
81118,cic_ids2017,1,1.0,0.166403,0.583201,1,0,1
81120,cic_ids2017,0,0.0,0.036446,0.018223,0,0,0
81122,cic_ids2017,0,0.0,0.042173,0.021086,0,0,0
81123,cic_ids2017,1,0.849249,0.049647,0.449448,1,0,0
81124,cic_ids2017,0,0.0,0.046337,0.023168,0,0,0
81125,cic_ids2017,0,0.473545,0.051816,0.26268,0,0,0
81127,cic_ids2017,0,0.0,0.049735,0.024867,0,0,0
81128,cic_ids2017,0,0.013547,0.04708,0.030313,0,0,0
81136,cic_ids2017,0,0.0,0.050932,0.025466,0,0,0
81140,cic_ids2017,0,0.0,0.041664,0.020832,0,0,0
81148,cic_ids2017,0,0.0,0.046329,0.023165,0,0,0
81156,cic_ids2017,0,0.001146,0.046293,0.02372,0,0,0
81159,cic_ids2017,1,1.0,0.433992,0.716996,1,0,1
81177,cic_ids2017,0,0.001143,0.04965,0.025396,0,0,0
81183,cic_ids2017,0,0.001161,0.048946,0.025053,0,0,0
81184,cic_ids2017,0,0.001705,0.051812,0.026758,0,0,0
81194,cic_ids2017,1,1.0,0.285608,0.642804,1,0,1
81195,cic_ids2017,0,0.0,0.049719,0.024859,0,0,0
81201,cic_ids2017,0,0.001781,0.051812,0.026797,0,0,0
81204,cic_ids2017,0,0.0,0.046375,0.023188,0,0,0
81206,cic_ids2017,0,0.0,0.03678,0.01839,0,0,0
81221,cic_ids2017,0,0.001146,0.04629,0.023718,0,0,0
81223,cic_ids2017,1,1.0,0.472325,0.736162,1,0,1
81228,cic_ids2017,0,0.0,0.025011,0.012505,0,0,0
81233,cic_ids2017,0,0.016919,0.06832,0.04262,0,0,0
81234,cic_ids2017,0,0.0,0.023672,0.011836,0,0,0
81237,cic_ids2017,0,0.0,0.051497,0.025749,0,0,0
81243,cic_ids2017,0,0.0,0.046415,0.023207,0,0,0
81244,cic_ids2017,0,0.0,0.024881,0.012441,0,0,0
81248,cic_ids2017,0,0.064423,0.049647,0.057035,0,0,0
81250,cic_ids2017,0,0.001146,0.046296,0.023721,0,0,0
81254,cic_ids2017,0,0.064423,0.049647,0.057035,0,0,0
81256,cic_ids2017,1,0.011203,0.045733,0.028468,0,0,0
81259,cic_ids2017,0,0.0,0.046373,0.023187,0,0,0
81261,cic_ids2017,1,1.0,0.323426,0.661713,1,0,1
81264,cic_ids2017,0,0.0,0.051074,0.025537,0,0,0
81265,cic_ids2017,1,1.0,0.470591,0.735295,1,0,1
81267,cic_ids2017,0,0.0,0.045074,0.022537,0,0,0
81274,cic_ids2017,0,0.0,0.045122,0.022561,0,0,0
81284,cic_ids2017,0,0.0,0.049717,0.024858,0,0,0
81291,cic_ids2017,0,0.001146,0.046295,0.023721,0,0,0
81293,cic_ids2017,0,0.031313,0.051812,0.041563,0,0,0
81305,cic_ids2017,0,0.001146,0.046292,0.023719,0,0,0
81310,cic_ids2017,0,0.0,0.046615,0.023307,0,0,0
81318,cic_ids2017,0,0.001146,0.046294,0.02372,0,0,0
81322,cic_ids2017,0,0.001146,0.046293,0.02372,0,0,0
81324,cic_ids2017,0,0.001146,0.046292,0.023719,0,0,0
81325,cic_ids2017,0,0.0,0.046435,0.023218,0,0,0
81332,cic_ids2017,0,0.01,0.100331,0.055165,0,0,0
81340,cic_ids2017,0,0.001705,0.051812,0.026758,0,0,0
81350,cic_ids2017,0,0.015085,0.049993,0.032539,0,0,0
81368,cic_ids2017,0,0.0,0.046357,0.023178,0,0,0
81376,cic_ids2017,1,0.95,0.027049,0.488525,1,0,0
81378,cic_ids2017,0,1.5e-05,0.048309,0.024162,0,0,0
81382,cic_ids2017,0,0.0,0.049713,0.024856,0,0,0
81395,cic_ids2017,0,0.001158,0.048304,0.024731,0,0,0
81398,cic_ids2017,0,0.0,0.04653,0.023265,0,0,0
81402,cic_ids2017,0,0.001146,0.046292,0.023719,0,0,0
81403,cic_ids2017,0,0.0,0.04642,0.02321,0,0,0
81408,cic_ids2017,0,0.001146,0.04629,0.023718,0,0,0
81417,cic_ids2017,1,1.0,0.037677,0.518838,1,0,1
81425,cic_ids2017,1,1.0,0.285952,0.642976,1,0,1
81429,cic_ids2017,0,0.001146,0.046292,0.023719,0,0,0
81433,cic_ids2017,0,0.020015,0.048947,0.034481,0,0,0
81439,cic_ids2017,0,0.0,0.04517,0.022585,0,0,0
81442,cic_ids2017,0,0.001705,0.051812,0.026758,0,0,0
81445,cic_ids2017,0,0.001553,0.048946,0.025249,0,0,0
81453,cic_ids2017,0,0.00746,0.047667,0.027564,0,0,0
81459,cic_ids2017,0,0.001232,0.048303,0.024768,0,0,0
81460,cic_ids2017,0,0.0,0.046382,0.023191,0,0,0
81465,cic_ids2017,0,0.0,0.049692,0.024846,0,0,0
81466,cic_ids2017,0,0.0,0.015696,0.007848,0,0,0
81467,cic_ids2017,0,0.0,0.049734,0.024867,0,0,0
81470,cic_ids2017,1,1.0,0.497208,0.748604,1,0,1
81472,cic_ids2017,0,0.000881,0.051813,0.026347,0,0,0
81480,cic_ids2017,0,0.00155,0.051812,0.026681,0,0,0
81488,cic_ids2017,0,0.0,0.046344,0.023172,0,0,0
81490,cic_ids2017,0,0.0,0.045636,0.022818,0,0,0
81499,cic_ids2017,0,0.016687,0.064252,0.04047,0,0,0
81502,cic_ids2017,0,0.031313,0.051812,0.041563,0,0,0
81503,cic_ids2017,1,0.854015,0.049647,0.451831,1,0,0
81505,cic_ids2017,1,0.849249,0.049647,0.449448,1,0,0
81506,cic_ids2017,1,0.854015,0.049647,0.451831,1,0,0
81508,cic_ids2017,0,0.0,0.053995,0.026997,0,0,0
81510,cic_ids2017,1,0.678364,0.049984,0.364174,1,0,0
81518,cic_ids2017,0,0.064423,0.049647,0.057035,0,0,0
81524,cic_ids2017,0,0.064423,0.049647,0.057035,0,0,0
81527,cic_ids2017,0,0.0,0.046415,0.023207,0,0,0
81530,cic_ids2017,0,0.050384,0.044678,0.047531,0,0,0
81536,cic_ids2017,0,0.0,0.055311,0.027655,0,0,0
81544,cic_ids2017,0,0.0,0.114696,0.057348,0,0,0
81546,cic_ids2017,0,0.0,0.049695,0.024848,0,0,0
81548,cic_ids2017,0,0.001146,0.046292,0.023719,0,0,0
81556,cic_ids2017,0,0.001146,0.04629,0.023718,0,0,0
81559,cic_ids2017,0,0.001146,0.04629,0.023718,0,0,0
81566,cic_ids2017,0,0.01,0.043546,0.026773,0,0,0
81567,cic_ids2017,0,0.01,0.014418,0.012209,0,0,0
81580,cic_ids2017,1,1.0,0.427094,0.713547,1,0,1
81582,cic_ids2017,0,0.010881,0.075856,0.043368,0,0,0
81586,cic_ids2017,0,0.0,0.04636,0.02318,0,0,0
81587,cic_ids2017,0,0.064423,0.049647,0.057035,0,0,0
81592,cic_ids2017,0,0.04623,0.048307,0.047268,0,0,0
81594,cic_ids2017,1,0.849249,0.049647,0.449448,1,0,0
81598,cic_ids2017,0,0.001778,0.051812,0.026795,0,0,0
81610,cic_ids2017,0,0.064423,0.049647,0.057035,0,0,0
81615,cic_ids2017,0,0.0,0.046473,0.023236,0,0,0
81616,cic_ids2017,0,0.00155,0.051812,0.026681,0,0,0
81618,cic_ids2017,1,1.0,0.454892,0.727446,1,0,1
81621,cic_ids2017,1,1.0,0.489891,0.744946,1,0,1
81622,cic_ids2017,0,1.5e-05,0.048991,0.024503,0,0,0
81627,cic_ids2017,1,0.97,0.036285,0.503142,1,0,1
81629,cic_ids2017,0,0.064423,0.049647,0.057035,0,0,0
81636,cic_ids2017,0,0.0,0.005396,0.002698,0,0,0
81638,cic_ids2017,1,1.0,0.475174,0.737587,1,0,1
81643,cic_ids2017,0,0.001146,0.046293,0.023719,0,0,0
81645,cic_ids2017,0,1.5e-05,0.047721,0.023868,0,0,0
81651,cic_ids2017,0,0.0,0.046333,0.023166,0,0,0
81658,cic_ids2017,0,0.0,0.046335,0.023167,0,0,0
81673,cic_ids2017,0,0.0,0.046357,0.023178,0,0,0
81683,cic_ids2017,0,0.0,0.000439,0.00022,0,0,0
81690,cic_ids2017,0,0.064423,0.049647,0.057035,0,0,0
81699,cic_ids2017,0,0.0,0.049719,0.02486,0,0,0
81702,cic_ids2017,0,0.0,0.053374,0.026687,0,0,0
81714,cic_ids2017,0,0.001146,0.046291,0.023719,0,0,0
81723,cic_ids2017,0,0.0,0.04514,0.02257,0,0,0
81725,cic_ids2017,0,0.0,0.046335,0.023167,0,0,0
81727,cic_ids2017,0,0.001146,0.046292,0.023719,0,0,0
81742,cic_ids2017,0,0.09,0.008994,0.049497,0,0,0
81746,cic_ids2017,0,0.0,0.025273,0.012637,0,0,0
81748,cic_ids2017,0,0.015085,0.049692,0.032388,0,0,0
81757,cic_ids2017,0,0.001146,0.046292,0.023719,0,0,0
81764,cic_ids2017,0,0.001158,0.048304,0.024731,0,0,0
81768,cic_ids2017,0,0.0,0.012777,0.006389,0,0,0
81787,cic_ids2017,0,0.000898,0.051143,0.02602,0,0,0
81790,cic_ids2017,0,0.0,0.046348,0.023174,0,0,0
81799,cic_ids2017,0,0.031313,0.051812,0.041563,0,0,0
81800,cic_ids2017,1,0.849249,0.049647,0.449448,1,0,0
81801,cic_ids2017,0,0.001146,0.046293,0.02372,0,0,0
81802,cic_ids2017,1,0.854015,0.049647,0.451831,1,0,0
81807,cic_ids2017,0,0.000881,0.051142,0.026011,0,0,0
81811,cic_ids2017,0,0.001146,0.046297,0.023721,0,0,0
81813,cic_ids2017,0,0.0,0.045075,0.022537,0,0,0
81814,cic_ids2017,0,0.030093,0.049647,0.03987,0,0,0
81836,cic_ids2017,0,0.0,0.036254,0.018127,0,0,0
81837,cic_ids2017,0,0.001521,0.04708,0.0243,0,0,0
81847,cic_ids2017,0,0.0,0.301748,0.150874,0,0,0
81850,cic_ids2017,0,0.0,0.049828,0.024914,0,0,0
81859,cic_ids2017,0,0.001146,0.046294,0.02372,0,0,0
81860,cic_ids2017,0,0.001705,0.051812,0.026758,0,0,0
81866,cic_ids2017,0,0.0,0.002552,0.001276,0,0,0
81870,cic_ids2017,0,0.0,0.052882,0.026441,0,0,0
81872,cic_ids2017,0,0.001146,0.046292,0.023719,0,0,0
81877,cic_ids2017,0,0.000881,0.051224,0.026052,0,0,0
81879,cic_ids2017,0,0.001146,0.046293,0.023719,0,0,0
81881,cic_ids2017,0,0.0,0.049702,0.024851,0,0,0
81883,cic_ids2017,0,0.0,0.004833,0.002416,0,0,0
81885,cic_ids2017,0,0.0,0.045054,0.022527,0,0,0
81894,cic_ids2017,0,0.030093,0.049647,0.03987,0,0,0
81895,cic_ids2017,0,0.0,0.049719,0.02486,0,0,0
81896,cic_ids2017,1,0.849249,0.049647,0.449448,1,0,0
81907,cic_ids2017,1,0.99,0.046313,0.518156,1,0,1
81910,cic_ids2017,1,0.461203,0.126539,0.293871,0,0,0
81919,cic_ids2017,1,0.854015,0.049647,0.451831,1,0,0
81927,cic_ids2017,0,0.0,0.039081,0.019541,0,0,0
81932,cic_ids2017,0,0.031313,0.051812,0.041563,0,0,0
81938,cic_ids2017,0,0.001146,0.046292,0.023719,0,0,0
81945,cic_ids2017,0,0.01,0.038252,0.024126,0,0,0
81946,cic_ids2017,1,0.849249,0.049647,0.449448,1,0,0
81954,cic_ids2017,0,0.0,0.018946,0.009473,0,0,0
81959,cic_ids2017,0,0.001146,0.046298,0.023722,0,0,0
81962,cic_ids2017,0,0.01,0.009841,0.00992,0,0,0
81964,cic_ids2017,0,0.001146,0.046294,0.02372,0,0,0
81965,cic_ids2017,0,0.0,0.04978,0.02489,0,0,0
81989,cic_ids2017,0,0.003014,0.12087,0.061942,0,0,0
81990,cic_ids2017,0,0.030093,0.049647,0.03987,0,0,0
82000,cic_ids2017,0,0.0,0.04991,0.024955,0,0,0
82006,cic_ids2017,0,0.0,0.045073,0.022537,0,0,0
82017,cic_ids2017,0,0.0,0.046377,0.023189,0,0,0
82018,cic_ids2017,0,0.001146,0.046294,0.02372,0,0,0
82021,cic_ids2017,0,0.0,0.040012,0.020006,0,0,0
82028,cic_ids2017,0,0.0,0.035252,0.017626,0,0,0
82032,cic_ids2017,0,0.0,0.049737,0.024869,0,0,0
82038,cic_ids2017,0,0.0,0.032271,0.016135,0,0,0
82039,cic_ids2017,0,0.000899,0.051142,0.02602,0,0,0
82042,cic_ids2017,0,0.000881,0.051142,0.026011,0,0,0
82057,cic_ids2017,1,0.854015,0.049647,0.451831,1,0,0
82058,cic_ids2017,0,1.5e-05,0.04976,0.024888,0,0,0
82059,cic_ids2017,0,0.0,0.014719,0.00736,0,0,0
82063,cic_ids2017,0,0.0,0.046363,0.023182,0,0,0
82067,cic_ids2017,1,0.854015,0.049647,0.451831,1,0,0
82068,cic_ids2017,0,0.001146,0.046293,0.02372,0,0,0
82070,cic_ids2017,0,0.001146,0.04629,0.023718,0,0,0
82081,cic_ids2017,0,0.0,0.049719,0.024859,0,0,0
82083,cic_ids2017,0,0.001146,0.046294,0.02372,0,0,0
82086,cic_ids2017,0,0.001146,0.046293,0.023719,0,0,0
82091,cic_ids2017,0,0.001143,0.04965,0.025397,0,0,0
82095,cic_ids2017,0,0.0,0.124523,0.062261,0,0,0
82096,cic_ids2017,0,0.064423,0.049647,0.057035,0,0,0
82101,cic_ids2017,0,0.001146,0.04629,0.023718,0,0,0
82104,cic_ids2017,0,0.003545,0.05182,0.027683,0,0,0
82106,cic_ids2017,0,0.0,0.046333,0.023167,0,0,0
82117,cic_ids2017,0,0.0,0.004333,0.002166,0,0,0
82123,cic_ids2017,0,0.0,0.00916,0.00458,0,0,0
82125,cic_ids2017,0,0.0,0.059666,0.029833,0,0,0
82133,cic_ids2017,0,0.0,0.046375,0.023187,0,0,0
82134,cic_ids2017,0,0.0,0.064037,0.032019,0,0,0
82145,cic_ids2017,0,0.0,0.047797,0.023899,0,0,0
82148,cic_ids2017,0,0.0,0.049721,0.02486,0,0,0
82152,cic_ids2017,0,0.0,0.068572,0.034286,0,0,0
82156,cic_ids2017,0,0.001146,0.046294,0.02372,0,0,0
82160,cic_ids2017,0,0.0,0.041151,0.020575,0,0,0
82168,cic_ids2017,0,0.0,0.040585,0.020292,0,0,0
82175,cic_ids2017,0,0.0,0.046333,0.023167,0,0,0
82181,cic_ids2017,1,1.0,0.441257,0.720629,1,0,1
82193,cic_ids2017,1,1.0,0.498674,0.749337,1,0,1
82203,cic_ids2017,1,0.854325,0.049647,0.451986,1,0,0
82208,cic_ids2017,0,0.030093,0.049647,0.03987,0,0,0
82209,cic_ids2017,0,0.001146,0.046291,0.023719,0,0,0
82218,cic_ids2017,0,0.064423,0.049647,0.057035,0,0,0
82220,cic_ids2017,0,0.001146,0.046293,0.023719,0,0,0
82225,cic_ids2017,1,1.0,0.035162,0.517581,1,0,1
82234,cic_ids2017,0,0.0,0.010642,0.005321,0,0,0
82236,cic_ids2017,0,0.0,0.011355,0.005677,0,0,0
82243,cic_ids2017,0,0.0,0.046325,0.023163,0,0,0
82250,cic_ids2017,0,0.0,0.049671,0.024835,0,0,0
82257,cic_ids2017,0,0.001146,0.046293,0.02372,0,0,0
82262,cic_ids2017,0,0.001146,0.046292,0.023719,0,0,0
82274,cic_ids2017,0,0.001146,0.046294,0.02372,0,0,0
82278,cic_ids2017,0,0.0,0.034896,0.017448,0,0,0
82281,cic_ids2017,0,0.0,0.041035,0.020518,0,0,0
82301,cic_ids2017,0,0.000881,0.051153,0.026017,0,0,0
82305,cic_ids2017,1,1.0,0.265709,0.632854,1,0,1
82309,cic_ids2017,1,1.0,0.45972,0.72986,1,0,1
82312,cic_ids2017,0,0.02,0.068834,0.044417,0,0,0
82313,cic_ids2017,0,0.130846,0.051812,0.091329,0,0,0
82314,cic_ids2017,0,0.556687,0.061105,0.308896,1,0,0
82320,cic_ids2017,0,0.030093,0.049647,0.03987,0,0,0
82323,cic_ids2017,1,1.0,0.034988,0.517494,1,0,1
82325,cic_ids2017,0,0.0,0.049751,0.024876,0,0,0
82334,cic_ids2017,0,0.0,0.045111,0.022556,0,0,0
82337,cic_ids2017,0,0.0,0.033103,0.016552,0,0,0
82347,cic_ids2017,1,0.854015,0.049647,0.451831,1,0,0
82348,cic_ids2017,1,0.854015,0.049647,0.451831,1,0,0
82350,cic_ids2017,0,0.0,0.274545,0.137272,0,0,0
82359,cic_ids2017,0,0.003545,0.051814,0.02768,0,0,0
82363,cic_ids2017,0,0.0,0.009754,0.004877,0,0,0
82366,cic_ids2017,1,1.0,0.256976,0.628488,1,0,1
82382,cic_ids2017,1,1.0,0.429221,0.71461,1,0,1
82389,cic_ids2017,0,0.064423,0.049647,0.057035,0,0,0
82390,cic_ids2017,0,0.001146,0.046292,0.023719,0,0,0
82391,cic_ids2017,0,0.001146,0.046293,0.023719,0,0,0
82395,cic_ids2017,0,0.0,0.022554,0.011277,0,0,0
82398,cic_ids2017,1,0.854015,0.049647,0.451831,1,0,0
82416,cic_ids2017,1,1.0,0.03721,0.518605,1,0,1
82417,cic_ids2017,0,0.0,0.046377,0.023188,0,0,0
82422,cic_ids2017,0,0.007138,0.044033,0.025586,0,0,0
82424,cic_ids2017,0,0.0,0.049789,0.024895,0,0,0
82434,cic_ids2017,0,0.001265,0.049457,0.025361,0,0,0
82439,cic_ids2017,0,0.001087,0.051813,0.02645,0,0,0
82455,cic_ids2017,0,0.001146,0.046291,0.023719,0,0,0
82459,cic_ids2017,0,0.0,0.049682,0.024841,0,0,0
82463,cic_ids2017,0,0.070384,0.044677,0.05753,0,0,0
82464,cic_ids2017,0,0.001146,0.046293,0.02372,0,0,0
82470,cic_ids2017,1,1.0,0.479028,0.739514,1,0,1
82479,cic_ids2017,0,0.0,0.046335,0.023168,0,0,0
82491,cic_ids2017,0,0.001146,0.046293,0.023719,0,0,0
82501,cic_ids2017,0,0.0,0.046361,0.02318,0,0,0
82502,cic_ids2017,0,0.004284,0.051812,0.028048,0,0,0
82513,cic_ids2017,0,0.015085,0.049649,0.032367,0,0,0
82521,cic_ids2017,0,0.0,0.049753,0.024876,0,0,0
82525,cic_ids2017,0,0.001146,0.046295,0.02372,0,0,0
82541,cic_ids2017,0,0.760792,0.050264,0.405528,1,0,0
82542,cic_ids2017,0,0.030093,0.049647,0.03987,0,0,0
82543,cic_ids2017,0,0.0,0.046326,0.023163,0,0,0
82554,cic_ids2017,0,0.0,0.045134,0.022567,0,0,0
82556,cic_ids2017,0,0.002048,0.051812,0.02693,0,0,0
82558,cic_ids2017,0,0.0,0.0,0.0,0,0,0
82560,cic_ids2017,1,1.0,0.436423,0.718211,1,0,1
82564,cic_ids2017,0,0.064423,0.049647,0.057035,0,0,0
82566,cic_ids2017,0,0.0,0.049682,0.024841,0,0,0
82567,cic_ids2017,0,0.0,0.071465,0.035732,0,0,0
82571,cic_ids2017,0,0.001705,0.051812,0.026758,0,0,0
82579,cic_ids2017,0,0.001146,0.046294,0.02372,0,0,0
82580,cic_ids2017,0,0.0,0.049682,0.024841,0,0,0
82581,cic_ids2017,0,0.0,0.04636,0.02318,0,0,0
82582,cic_ids2017,0,0.0,0.046387,0.023193,0,0,0
82584,cic_ids2017,0,0.0,0.049735,0.024867,0,0,0
82589,cic_ids2017,1,1.0,0.310402,0.655201,1,0,1
82594,cic_ids2017,1,0.849249,0.049647,0.449448,1,0,0
82602,cic_ids2017,0,0.030093,0.049647,0.03987,0,0,0
82607,cic_ids2017,0,0.001259,0.051812,0.026536,0,0,0
82615,cic_ids2017,0,0.000899,0.051142,0.02602,0,0,0
82617,cic_ids2017,0,0.0,0.052981,0.02649,0,0,0
82618,cic_ids2017,0,0.0,0.049671,0.024836,0,0,0
82619,cic_ids2017,0,0.0,0.045715,0.022857,0,0,0
82621,cic_ids2017,0,0.0,0.046324,0.023162,0,0,0
82624,cic_ids2017,0,0.0,0.014621,0.00731,0,0,0
82626,cic_ids2017,0,0.015085,0.049668,0.032377,0,0,0
82627,cic_ids2017,0,0.001158,0.048303,0.024731,0,0,0
82646,cic_ids2017,1,0.849249,0.049647,0.449448,1,0,0
82651,cic_ids2017,0,0.0,0.04971,0.024855,0,0,0
82653,cic_ids2017,0,0.0,0.008025,0.004012,0,0,0
82656,cic_ids2017,0,0.0,0.046354,0.023177,0,0,0
82657,cic_ids2017,1,1.0,0.043279,0.52164,1,0,1
82662,cic_ids2017,1,1.0,0.467328,0.733664,1,0,1
82663,cic_ids2017,1,1.0,0.037513,0.518757,1,0,1
82667,cic_ids2017,1,1.0,0.297997,0.648998,1,0,1
82669,cic_ids2017,0,0.001146,0.046293,0.023719,0,0,0
82675,cic_ids2017,0,0.0,0.04982,0.02491,0,0,0
82678,cic_ids2017,0,0.0,0.033932,0.016966,0,0,0
82679,cic_ids2017,0,0.001146,0.046292,0.023719,0,0,0
82681,cic_ids2017,0,0.0,0.026795,0.013398,0,0,0
82685,cic_ids2017,0,0.022385,0.049647,0.036016,0,0,0
82688,cic_ids2017,0,0.0,0.049779,0.024889,0,0,0
82694,cic_ids2017,0,0.002687,0.051812,0.02725,0,0,0
82701,cic_ids2017,1,1.0,0.281817,0.640909,1,0,1
82706,cic_ids2017,1,0.849249,0.049647,0.449448,1,0,0
82708,cic_ids2017,0,0.019924,0.051812,0.035868,0,0,0
82714,cic_ids2017,0,0.005055,0.044138,0.024596,0,0,0
82722,cic_ids2017,1,0.990881,0.055653,0.523267,1,0,1
82727,cic_ids2017,1,0.854015,0.049647,0.451831,1,0,0
82730,cic_ids2017,0,0.0,0.046374,0.023187,0,0,0
82740,cic_ids2017,0,0.0,0.00399,0.001995,0,0,0
82742,cic_ids2017,0,0.003545,0.051295,0.02742,0,0,0
82747,cic_ids2017,1,1.0,0.285136,0.642568,1,0,1
82760,cic_ids2017,0,0.0,0.049685,0.024842,0,0,0
82764,cic_ids2017,0,0.0,0.014344,0.007172,0,0,0
82766,cic_ids2017,0,0.001146,0.046297,0.023722,0,0,0
82771,cic_ids2017,1,0.849249,0.049647,0.449448,1,0,0
82776,cic_ids2017,0,0.0,0.049683,0.024842,0,0,0
82784,cic_ids2017,0,0.001146,0.0463,0.023723,0,0,0
82790,cic_ids2017,0,0.001146,0.046292,0.023719,0,0,0
82792,cic_ids2017,0,1.5e-05,0.048306,0.024161,0,0,0
82798,cic_ids2017,0,0.0,0.046328,0.023164,0,0,0
82802,cic_ids2017,1,1.0,0.46573,0.732865,1,0,1
82819,cic_ids2017,0,0.0,0.046575,0.023287,0,0,0
82823,cic_ids2017,1,0.849249,0.049647,0.449448,1,0,0
82847,cic_ids2017,0,0.001146,0.046295,0.02372,0,0,0
82848,cic_ids2017,0,0.000881,0.051812,0.026347,0,0,0
82851,cic_ids2017,0,0.0,0.050554,0.025277,0,0,0
82859,cic_ids2017,0,0.064423,0.049647,0.057035,0,0,0
82866,cic_ids2017,0,0.001146,0.046291,0.023719,0,0,0
82872,cic_ids2017,1,0.849249,0.049647,0.449448,1,0,0
82879,cic_ids2017,0,0.0,0.046328,0.023164,0,0,0
82880,cic_ids2017,0,0.007076,0.05589,0.031483,0,0,0
82888,cic_ids2017,0,0.005055,0.044049,0.024552,0,0,0
82892,cic_ids2017,0,0.001705,0.051812,0.026758,0,0,0
82896,cic_ids2017,0,0.0,0.049682,0.024841,0,0,0
82897,cic_ids2017,0,0.0,0.049652,0.024826,0,0,0
82904,cic_ids2017,0,0.0,0.01709,0.008545,0,0,0
82929,cic_ids2017,0,0.001146,0.046292,0.023719,0,0,0
82931,cic_ids2017,0,0.01,0.016625,0.013313,0,0,0
82941,cic_ids2017,0,0.0,0.045051,0.022526,0,0,0
82951,cic_ids2017,0,0.0,0.046375,0.023188,0,0,0
82956,cic_ids2017,0,0.0,0.034273,0.017136,0,0,0
82966,cic_ids2017,0,0.001146,0.046293,0.02372,0,0,0
82978,cic_ids2017,0,0.000881,0.051986,0.026434,0,0,0
82980,cic_ids2017,0,0.0,0.000573,0.000287,0,0,0
82990,cic_ids2017,0,0.016071,0.048996,0.032534,0,0,0
82994,cic_ids2017,0,0.0,0.070133,0.035066,0,0,0
82995,cic_ids2017,0,0.0,0.049668,0.024834,0,0,0
82998,cic_ids2017,0,0.0,0.02392,0.01196,0,0,0
83000,cic_ids2017,0,0.064423,0.049647,0.057035,0,0,0
83003,cic_ids2017,0,0.001146,0.046294,0.02372,0,0,0
83007,cic_ids2017,0,0.0,0.04659,0.023295,0,0,0
83008,cic_ids2017,1,0.849249,0.049647,0.449448,1,0,0
83010,cic_ids2017,0,0.0,0.099383,0.049692,0,0,0
83011,cic_ids2017,0,0.0,0.046555,0.023277,0,0,0
83020,cic_ids2017,0,0.0,0.093495,0.046748,0,0,0
83026,cic_ids2017,0,0.0,0.045072,0.022536,0,0,0
83033,cic_ids2017,0,0.0,0.005079,0.00254,0,0,0
83034,cic_ids2017,0,2.4e-05,0.044545,0.022285,0,0,0
83036,cic_ids2017,0,0.0,0.027276,0.013638,0,0,0
83043,cic_ids2017,0,0.0,0.032437,0.016219,0,0,0
83045,cic_ids2017,0,0.030093,0.049647,0.03987,0,0,0
83048,cic_ids2017,0,0.001146,0.046292,0.023719,0,0,0
83049,cic_ids2017,1,1.0,0.037045,0.518522,1,0,1
83052,cic_ids2017,0,0.0,0.00292,0.00146,0,0,0
83054,cic_ids2017,0,0.001146,0.046293,0.02372,0,0,0
83077,cic_ids2017,0,0.0,0.006525,0.003263,0,0,0
83082,cic_ids2017,0,0.002439,0.06704,0.03474,0,0,0
83089,cic_ids2017,0,0.206687,0.061069,0.133878,0,0,0
83093,cic_ids2017,0,0.001146,0.046292,0.023719,0,0,0
83101,cic_ids2017,1,0.849249,0.049647,0.449448,1,0,0
83109,cic_ids2017,1,0.99,0.035105,0.512553,1,0,1
83111,cic_ids2017,0,0.015085,0.049923,0.032504,0,0,0
83112,cic_ids2017,0,0.000881,0.051142,0.026011,0,0,0
83116,cic_ids2017,0,0.001259,0.051812,0.026536,0,0,0
83126,cic_ids2017,0,0.0,0.01468,0.00734,0,0,0
83132,cic_ids2017,1,0.97,0.237621,0.603811,1,0,1
83137,cic_ids2017,0,0.030093,0.049647,0.03987,0,0,0
83139,cic_ids2017,0,0.019396,0.051812,0.035604,0,0,0
83146,cic_ids2017,1,1.0,0.039439,0.51972,1,0,1
83151,cic_ids2017,0,0.001146,0.046293,0.02372,0,0,0
83152,cic_ids2017,0,0.0,0.046631,0.023315,0,0,0
83154,cic_ids2017,0,0.001146,0.046292,0.023719,0,0,0
83156,cic_ids2017,0,0.0,0.04207,0.021035,0,0,0
83160,cic_ids2017,0,0.0,0.049691,0.024845,0,0,0
83163,cic_ids2017,0,0.0,0.022525,0.011262,0,0,0
83167,cic_ids2017,1,0.961659,0.048962,0.505311,1,0,1
83172,cic_ids2017,0,0.0,0.054229,0.027114,0,0,0
83178,cic_ids2017,1,0.986582,0.086572,0.536577,1,0,1
83182,cic_ids2017,0,0.0,0.008962,0.004481,0,0,0
83190,cic_ids2017,0,0.0,0.047815,0.023907,0,0,0
83194,cic_ids2017,0,0.0,0.046335,0.023167,0,0,0
83196,cic_ids2017,0,0.0,0.045088,0.022544,0,0,0
83201,cic_ids2017,0,0.0,0.033746,0.016873,0,0,0
83202,cic_ids2017,0,0.001146,0.046293,0.023719,0,0,0
83208,cic_ids2017,1,0.849249,0.049647,0.449448,1,0,0
83211,cic_ids2017,0,0.0,0.033624,0.016812,0,0,0
83218,cic_ids2017,0,0.000881,0.052816,0.026849,0,0,0
83222,cic_ids2017,0,0.004284,0.051812,0.028048,0,0,0
83235,cic_ids2017,0,0.0,0.016855,0.008428,0,0,0
83238,cic_ids2017,0,0.0,0.046326,0.023163,0,0,0
83239,cic_ids2017,0,0.0,0.046335,0.023168,0,0,0
83241,cic_ids2017,0,0.001146,0.046293,0.02372,0,0,0
83246,cic_ids2017,0,0.001146,0.046293,0.02372,0,0,0
83256,cic_ids2017,0,0.0,0.046325,0.023162,0,0,0
83259,cic_ids2017,0,0.000881,0.041025,0.020953,0,0,0
83273,cic_ids2017,0,0.001146,0.046298,0.023722,0,0,0
83283,cic_ids2017,1,1.0,0.474588,0.737294,1,0,1
83285,cic_ids2017,0,0.0,0.002656,0.001328,0,0,0
83302,cic_ids2017,0,0.0,0.046333,0.023167,0,0,0
83308,cic_ids2017,0,0.0,0.039265,0.019632,0,0,0
83312,cic_ids2017,0,0.001146,0.046292,0.023719,0,0,0
83316,cic_ids2017,0,2.4e-05,0.06453,0.032277,0,0,0
83320,cic_ids2017,0,0.014919,0.051812,0.033365,0,0,0
83321,cic_ids2017,0,0.002048,0.051812,0.02693,0,0,0
83330,cic_ids2017,0,0.001146,0.046294,0.02372,0,0,0
83331,cic_ids2017,0,0.002671,0.068935,0.035803,0,0,0
83332,cic_ids2017,0,0.0,0.046362,0.023181,0,0,0
83336,cic_ids2017,0,0.0,0.044832,0.022416,0,0,0
83340,cic_ids2017,0,0.001146,0.046292,0.023719,0,0,0
83342,cic_ids2017,1,0.990881,0.12784,0.559361,1,0,1
83343,cic_ids2017,0,0.0,0.010918,0.005459,0,0,0
83349,cic_ids2017,0,0.000881,0.051142,0.026011,0,0,0
83350,cic_ids2017,0,0.0,0.049651,0.024826,0,0,0
83361,cic_ids2017,0,0.0,0.007538,0.003769,0,0,0
83362,cic_ids2017,0,0.0,0.042486,0.021243,0,0,0
83370,cic_ids2017,0,0.001146,0.046292,0.023719,0,0,0
83390,cic_ids2017,0,0.0,0.046354,0.023177,0,0,0
83394,cic_ids2017,1,1.0,0.320097,0.660048,1,0,1
83398,cic_ids2017,0,0.001781,0.051812,0.026797,0,0,0
83408,cic_ids2017,0,0.0,0.049681,0.02484,0,0,0
83412,cic_ids2017,0,0.064423,0.049647,0.057035,0,0,0
83425,cic_ids2017,0,0.0,0.038111,0.019056,0,0,0
83431,cic_ids2017,0,0.02,0.013958,0.016979,0,0,0
83435,cic_ids2017,0,0.0,0.049668,0.024834,0,0,0
83446,cic_ids2017,1,0.969014,0.050983,0.509999,1,0,1
83459,cic_ids2017,0,0.002439,0.06644,0.03444,0,0,0
83460,cic_ids2017,0,0.030093,0.049647,0.03987,0,0,0
83477,cic_ids2017,0,0.031313,0.051812,0.041563,0,0,0
83482,cic_ids2017,1,0.313014,0.215578,0.264296,0,0,0
83484,cic_ids2017,0,0.0,0.049811,0.024905,0,0,0
83485,cic_ids2017,0,0.0,0.046333,0.023166,0,0,0
83513,cic_ids2017,0,0.0,0.02834,0.01417,0,0,0
83518,cic_ids2017,1,0.854015,0.049647,0.451831,1,0,0
83522,cic_ids2017,0,0.001146,0.046293,0.023719,0,0,0
83525,cic_ids2017,0,0.016687,0.064667,0.040677,0,0,0
83544,cic_ids2017,0,0.0,0.005596,0.002798,0,0,0
83549,cic_ids2017,0,0.001146,0.046293,0.023719,0,0,0
83559,cic_ids2017,0,0.0,0.040967,0.020484,0,0,0
83560,cic_ids2017,0,0.0,0.008628,0.004314,0,0,0
83567,cic_ids2017,0,0.001781,0.051812,0.026797,0,0,0
83569,cic_ids2017,0,0.0,0.049909,0.024954,0,0,0
83571,cic_ids2017,0,0.0,0.046327,0.023163,0,0,0
83574,cic_ids2017,0,0.064423,0.049647,0.057035,0,0,0
83579,cic_ids2017,0,0.019924,0.051812,0.035868,0,0,0
83580,cic_ids2017,1,1.0,0.443464,0.721732,1,0,1
83582,cic_ids2017,0,0.0,0.049723,0.024862,0,0,0
83585,cic_ids2017,0,0.0,0.053112,0.026556,0,0,0
83590,cic_ids2017,1,0.849249,0.049647,0.449448,1,0,0
83597,cic_ids2017,1,0.86,0.074664,0.467332,1,0,0
83598,cic_ids2017,0,0.010881,0.525424,0.268153,0,1,0
83599,cic_ids2017,1,1.0,0.280551,0.640275,1,0,1
83603,cic_ids2017,0,0.001146,0.046291,0.023719,0,0,0
83604,cic_ids2017,0,0.001143,0.049649,0.025396,0,0,0
83613,cic_ids2017,0,0.0,0.046698,0.023349,0,0,0
83618,cic_ids2017,0,0.0,0.049845,0.024923,0,0,0
83620,cic_ids2017,0,0.064423,0.049647,0.057035,0,0,0
83624,cic_ids2017,0,0.000881,0.051817,0.026349,0,0,0
83625,cic_ids2017,0,0.001146,0.046291,0.023719,0,0,0
83630,cic_ids2017,0,0.001146,0.046293,0.023719,0,0,0
83632,cic_ids2017,1,0.849249,0.049647,0.449448,1,0,0
83637,cic_ids2017,0,0.0,0.045073,0.022536,0,0,0
83639,cic_ids2017,0,0.001705,0.051812,0.026758,0,0,0
83644,cic_ids2017,0,0.0,0.019339,0.00967,0,0,0
83645,cic_ids2017,0,0.0,0.049801,0.024901,0,0,0
83650,cic_ids2017,0,0.0,0.081943,0.040972,0,0,0
83651,cic_ids2017,1,0.849249,0.049647,0.449448,1,0,0
83654,cic_ids2017,0,0.0,0.050178,0.025089,0,0,0
83659,cic_ids2017,0,0.000915,0.051142,0.026028,0,0,0
83660,cic_ids2017,0,0.0,0.027249,0.013625,0,0,0
83674,cic_ids2017,1,1.0,0.53028,0.76514,1,1,1
83676,cic_ids2017,0,0.01,0.033894,0.021947,0,0,0
83677,cic_ids2017,0,0.0,0.049692,0.024846,0,0,0
83679,cic_ids2017,0,0.0,0.046385,0.023193,0,0,0
83685,cic_ids2017,0,0.001146,0.046297,0.023721,0,0,0
83711,cic_ids2017,0,0.0,0.001712,0.000856,0,0,0
83713,cic_ids2017,0,0.0,0.009904,0.004952,0,0,0
83719,cic_ids2017,0,0.001259,0.051812,0.026536,0,0,0
83722,cic_ids2017,1,1.0,0.32367,0.661835,1,0,1
83725,cic_ids2017,0,0.034813,0.048945,0.041879,0,0,0
83734,cic_ids2017,0,0.001705,0.051812,0.026758,0,0,0
83735,cic_ids2017,0,0.0,0.487563,0.243781,0,0,0
83741,cic_ids2017,0,0.001146,0.046293,0.02372,0,0,0
83742,cic_ids2017,0,0.0,0.006822,0.003411,0,0,0
83750,cic_ids2017,0,0.0,0.046333,0.023166,0,0,0
83752,cic_ids2017,0,0.001146,0.046289,0.023718,0,0,0
83754,cic_ids2017,0,0.001705,0.051812,0.026758,0,0,0
83758,cic_ids2017,0,0.0,0.052238,0.026119,0,0,0
83766,cic_ids2017,0,0.001143,0.04965,0.025397,0,0,0
83770,cic_ids2017,1,0.854015,0.049647,0.451831,1,0,0
83775,cic_ids2017,0,0.0,0.049692,0.024846,0,0,0
83776,cic_ids2017,1,1.0,0.040406,0.520203,1,0,1
83778,cic_ids2017,0,0.0,0.036529,0.018264,0,0,0
83779,cic_ids2017,0,0.0,0.009978,0.004989,0,0,0
83780,cic_ids2017,0,0.0,0.046385,0.023192,0,0,0
83788,cic_ids2017,0,0.001146,0.046289,0.023718,0,0,0
83792,cic_ids2017,0,0.0,0.041689,0.020844,0,0,0
83793,cic_ids2017,0,0.001146,0.046293,0.023719,0,0,0
83795,cic_ids2017,0,0.0,0.049737,0.024869,0,0,0
83797,cic_ids2017,0,0.0,0.046362,0.023181,0,0,0
83809,cic_ids2017,0,0.030093,0.049647,0.03987,0,0,0
83811,cic_ids2017,0,0.001146,0.046294,0.02372,0,0,0
83822,cic_ids2017,0,0.000881,0.05201,0.026445,0,0,0
83836,cic_ids2017,0,0.001143,0.049649,0.025396,0,0,0
83840,cic_ids2017,0,0.000881,0.052116,0.026498,0,0,0
83842,cic_ids2017,0,0.138762,0.049647,0.094205,0,0,0
83844,cic_ids2017,1,1.0,0.290202,0.645101,1,0,1
83845,cic_ids2017,0,0.001146,0.046291,0.023719,0,0,0
83847,cic_ids2017,0,1.5e-05,0.046271,0.023143,0,0,0
83854,cic_ids2017,0,0.001146,0.046291,0.023719,0,0,0
83856,cic_ids2017,0,0.0,0.046356,0.023178,0,0,0
83857,cic_ids2017,0,0.0,0.049815,0.024908,0,0,0
83859,cic_ids2017,1,1.0,0.467802,0.733901,1,0,1
83860,cic_ids2017,0,0.001235,0.048945,0.02509,0,0,0
83864,cic_ids2017,0,0.0,0.067036,0.033518,0,0,0
83866,cic_ids2017,0,0.001143,0.046294,0.023718,0,0,0
83869,cic_ids2017,0,0.022385,0.049647,0.036016,0,0,0
83877,cic_ids2017,0,0.0,0.135246,0.067623,0,0,0
83880,cic_ids2017,1,0.854015,0.049647,0.451831,1,0,0
83885,cic_ids2017,0,0.016479,0.048449,0.032464,0,0,0
83891,cic_ids2017,0,0.001146,0.046291,0.023719,0,0,0
83895,cic_ids2017,0,0.0,0.046495,0.023248,0,0,0
83900,cic_ids2017,0,0.064423,0.049647,0.057035,0,0,0
83902,cic_ids2017,0,0.000881,0.051146,0.026013,0,0,0
83909,cic_ids2017,1,0.849249,0.049647,0.449448,1,0,0
83910,cic_ids2017,0,0.0,0.004078,0.002039,0,0,0
83924,cic_ids2017,0,0.0,0.049734,0.024867,0,0,0
83925,cic_ids2017,0,0.0,0.048854,0.024427,0,0,0
83935,cic_ids2017,0,0.001146,0.046293,0.02372,0,0,0
83936,cic_ids2017,1,0.990881,0.05488,0.52288,1,0,1
83940,cic_ids2017,0,0.0,0.012988,0.006494,0,0,0
83947,cic_ids2017,0,0.0,0.049789,0.024895,0,0,0
83950,cic_ids2017,1,0.300881,0.149921,0.225401,0,0,0
83952,cic_ids2017,0,0.0,0.046355,0.023177,0,0,0
83953,cic_ids2017,1,1.0,0.513173,0.756587,1,1,1
83960,cic_ids2017,0,0.0,0.015362,0.007681,0,0,0
83974,cic_ids2017,0,0.0,0.122841,0.06142,0,0,0
83975,cic_ids2017,0,0.016687,0.066865,0.041776,0,0,0
83980,cic_ids2017,0,0.0,0.011695,0.005848,0,0,0
83981,cic_ids2017,0,0.000881,0.05182,0.026351,0,0,0
83982,cic_ids2017,0,0.030093,0.049647,0.03987,0,0,0
83984,cic_ids2017,0,0.0,0.036352,0.018176,0,0,0
83988,cic_ids2017,0,0.001146,0.046292,0.023719,0,0,0
83989,cic_ids2017,0,0.001146,0.046296,0.023721,0,0,0
83990,cic_ids2017,0,0.003545,0.051813,0.027679,0,0,0
83991,cic_ids2017,1,1.0,0.342499,0.671249,1,0,1
83995,cic_ids2017,0,0.030093,0.049647,0.03987,0,0,0
84004,cic_ids2017,0,0.0,0.149149,0.074575,0,0,0
84005,cic_ids2017,1,0.849249,0.049647,0.449448,1,0,0
84006,cic_ids2017,0,0.0,0.128356,0.064178,0,0,0
84008,cic_ids2017,1,1.0,0.300905,0.650453,1,0,1
84011,cic_ids2017,0,0.0,0.011044,0.005522,0,0,0
84016,cic_ids2017,0,0.0,0.006378,0.003189,0,0,0
84017,cic_ids2017,0,0.0,0.046399,0.023199,0,0,0
84034,cic_ids2017,1,0.854015,0.049647,0.451831,1,0,0
84040,cic_ids2017,0,0.003545,0.051181,0.027363,0,0,0
84041,cic_ids2017,0,0.091414,0.051812,0.071613,0,0,0
84042,cic_ids2017,0,0.0,0.003239,0.00162,0,0,0
84047,cic_ids2017,0,0.001146,0.04629,0.023718,0,0,0
84050,cic_ids2017,0,0.001146,0.046294,0.02372,0,0,0
84051,cic_ids2017,0,0.002439,0.06337,0.032904,0,0,0
84054,cic_ids2017,1,0.854325,0.049647,0.451986,1,0,0
84059,cic_ids2017,0,0.001146,0.046296,0.023721,0,0,0
84061,cic_ids2017,0,0.002296,0.051812,0.027054,0,0,0
84067,cic_ids2017,0,0.0,0.033665,0.016832,0,0,0
84069,cic_ids2017,0,0.064423,0.049647,0.057035,0,0,0
84073,cic_ids2017,0,0.001143,0.04965,0.025396,0,0,0
84074,cic_ids2017,1,0.973545,0.050465,0.512005,1,0,1
84078,cic_ids2017,0,0.024143,0.04968,0.036911,0,0,0
84084,cic_ids2017,0,0.000881,0.051142,0.026011,0,0,0
84085,cic_ids2017,0,0.022718,0.049647,0.036182,0,0,0
84102,cic_ids2017,0,0.001146,0.046292,0.023719,0,0,0
84103,cic_ids2017,0,0.001521,0.04708,0.024301,0,0,0
84104,cic_ids2017,0,0.0,0.049692,0.024846,0,0,0
84105,cic_ids2017,0,0.002439,0.065927,0.034183,0,0,0
84108,cic_ids2017,0,0.000881,0.051144,0.026012,0,0,0
84120,cic_ids2017,0,0.031313,0.051812,0.041563,0,0,0
84125,cic_ids2017,0,0.030093,0.049647,0.03987,0,0,0
84126,cic_ids2017,0,0.05,0.045632,0.047816,0,0,0
84130,cic_ids2017,0,0.001146,0.046296,0.023721,0,0,0
84145,cic_ids2017,1,0.988549,0.132571,0.56056,1,0,1
84146,cic_ids2017,0,0.0,0.01464,0.00732,0,0,0
84151,cic_ids2017,0,0.0,0.049734,0.024867,0,0,0
84157,cic_ids2017,1,1.0,0.298833,0.649416,1,0,1
84158,cic_ids2017,1,0.990881,0.136078,0.563479,1,0,1
84162,cic_ids2017,1,0.849249,0.049647,0.449448,1,0,0
84164,cic_ids2017,0,0.064423,0.049647,0.057035,0,0,0
84166,cic_ids2017,0,0.0,0.049682,0.024841,0,0,0
84179,cic_ids2017,0,0.0,0.049824,0.024912,0,0,0
84180,cic_ids2017,1,0.97,0.07315,0.521575,1,0,1
84201,cic_ids2017,0,0.0,0.046359,0.02318,0,0,0
84203,cic_ids2017,0,0.0,0.089124,0.044562,0,0,0
84216,cic_ids2017,0,0.0,0.042596,0.021298,0,0,0
84217,cic_ids2017,0,0.001146,0.04629,0.023718,0,0,0
84219,cic_ids2017,0,0.002671,0.06976,0.036216,0,0,0
84221,cic_ids2017,0,0.001146,0.046293,0.023719,0,0,0
84224,cic_ids2017,0,0.0,0.046325,0.023162,0,0,0
84225,cic_ids2017,1,0.64,0.012671,0.326336,1,0,0
84228,cic_ids2017,0,0.0,0.052116,0.026058,0,0,0
84231,cic_ids2017,0,0.06,0.025438,0.042719,0,0,0
84235,cic_ids2017,0,0.0,0.053044,0.026522,0,0,0
84243,cic_ids2017,0,0.016919,0.068065,0.042492,0,0,0
84247,cic_ids2017,0,0.0,0.014606,0.007303,0,0,0
84249,cic_ids2017,0,0.001146,0.046291,0.023719,0,0,0
84251,cic_ids2017,0,0.0,0.005877,0.002939,0,0,0
84260,cic_ids2017,0,0.0,0.035505,0.017752,0,0,0
84262,cic_ids2017,0,0.001146,0.046292,0.023719,0,0,0
84268,cic_ids2017,0,0.030093,0.049647,0.03987,0,0,0
84270,cic_ids2017,0,0.0,0.033061,0.01653,0,0,0
84273,cic_ids2017,0,0.0,0.046325,0.023162,0,0,0
84276,cic_ids2017,1,1.0,0.388956,0.694478,1,0,1
84282,cic_ids2017,0,0.000881,0.051818,0.026349,0,0,0
84283,cic_ids2017,0,0.0,0.021184,0.010592,0,0,0
84291,cic_ids2017,0,0.0,0.049795,0.024898,0,0,0
84293,cic_ids2017,0,0.001146,0.046298,0.023722,0,0,0
84295,cic_ids2017,0,0.0,0.049683,0.024841,0,0,0
84304,cic_ids2017,0,1.5e-05,0.048973,0.024494,0,0,0
84306,cic_ids2017,0,0.181764,0.048971,0.115367,0,0,0
84308,cic_ids2017,0,0.001521,0.044677,0.023099,0,0,0
84312,cic_ids2017,0,0.0,0.049716,0.024858,0,0,0
84314,cic_ids2017,0,0.0,0.049753,0.024877,0,0,0
84324,cic_ids2017,0,0.0,0.033664,0.016832,0,0,0
84325,cic_ids2017,0,0.001146,0.046291,0.023719,0,0,0
84326,cic_ids2017,1,1.0,0.041612,0.520806,1,0,1
84327,cic_ids2017,0,0.0,0.049734,0.024867,0,0,0
84331,cic_ids2017,1,1.0,0.486716,0.743358,1,0,1
84332,cic_ids2017,0,0.0,0.045042,0.022521,0,0,0
84337,cic_ids2017,1,0.986582,0.065471,0.526026,1,0,1
84342,cic_ids2017,0,0.0,0.009166,0.004583,0,0,0
84343,cic_ids2017,0,0.001146,0.046294,0.02372,0,0,0
84345,cic_ids2017,0,0.0,0.046324,0.023162,0,0,0
84349,cic_ids2017,0,0.000322,0.012787,0.006554,0,0,0
84357,cic_ids2017,1,1.0,0.041215,0.520608,1,0,1
84360,cic_ids2017,0,0.001146,0.046292,0.023719,0,0,0
84362,cic_ids2017,1,0.854015,0.049647,0.451831,1,0,0
84363,cic_ids2017,0,0.034813,0.048945,0.041879,0,0,0
84376,cic_ids2017,0,0.0,0.049679,0.02484,0,0,0
84379,cic_ids2017,0,0.01,0.040528,0.025264,0,0,0
84396,cic_ids2017,0,0.001705,0.051812,0.026758,0,0,0
84397,cic_ids2017,1,1.0,0.040885,0.520443,1,0,1
84429,cic_ids2017,1,0.983014,0.215828,0.599421,1,0,1
84431,cic_ids2017,0,0.010015,0.046273,0.028144,0,0,0
84433,cic_ids2017,0,0.030093,0.049647,0.03987,0,0,0
84437,cic_ids2017,0,0.001778,0.051812,0.026795,0,0,0
84439,cic_ids2017,0,0.0,0.00914,0.00457,0,0,0
84447,cic_ids2017,0,0.01,0.045104,0.027552,0,0,0
84448,cic_ids2017,1,1.0,0.293417,0.646708,1,0,1
84456,cic_ids2017,1,1.0,0.513323,0.756661,1,1,1
84467,cic_ids2017,0,0.0,0.04505,0.022525,0,0,0
84469,cic_ids2017,1,0.849249,0.049647,0.449448,1,0,0
84472,cic_ids2017,1,0.849249,0.049647,0.449448,1,0,0
84473,cic_ids2017,0,0.0,0.018513,0.009256,0,0,0
84484,cic_ids2017,0,0.0,0.046539,0.023269,0,0,0
84491,cic_ids2017,1,1.0,0.038238,0.519119,1,0,1
84492,cic_ids2017,0,0.001146,0.046292,0.023719,0,0,0
84500,cic_ids2017,0,0.002439,0.063968,0.033203,0,0,0
84503,cic_ids2017,1,1.0,0.039507,0.519753,1,0,1
84507,cic_ids2017,0,0.0,0.049691,0.024846,0,0,0
84521,cic_ids2017,0,0.0,0.046336,0.023168,0,0,0
84531,cic_ids2017,1,1.0,0.035251,0.517625,1,0,1
84538,cic_ids2017,0,0.004067,0.051812,0.02794,0,0,0
84539,cic_ids2017,0,0.001143,0.04965,0.025397,0,0,0
84540,cic_ids2017,0,0.0,0.062902,0.031451,0,0,0
84541,cic_ids2017,1,1.0,0.372648,0.686324,1,0,1
84561,cic_ids2017,0,0.064423,0.049647,0.057035,0,0,0
84563,cic_ids2017,0,0.0,0.003595,0.001798,0,0,0
84565,cic_ids2017,0,0.0,0.002996,0.001498,0,0,0
84567,cic_ids2017,0,0.648364,0.049842,0.349103,1,0,0
84568,cic_ids2017,0,0.001146,0.046292,0.023719,0,0,0
84572,cic_ids2017,0,0.001146,0.046293,0.02372,0,0,0
84580,cic_ids2017,1,0.854015,0.049647,0.451831,1,0,0
84581,cic_ids2017,0,0.013547,0.04708,0.030313,0,0,0
84589,cic_ids2017,0,0.0,0.001588,0.000794,0,0,0
84591,cic_ids2017,0,0.030093,0.049647,0.03987,0,0,0
84595,cic_ids2017,0,0.001146,0.046293,0.023719,0,0,0
84596,cic_ids2017,0,0.0,0.046336,0.023168,0,0,0
84601,cic_ids2017,0,0.0,0.046334,0.023167,0,0,0
84605,cic_ids2017,0,0.0,0.011354,0.005677,0,0,0
84616,cic_ids2017,0,0.031313,0.051812,0.041563,0,0,0
84621,cic_ids2017,0,0.005446,0.102679,0.054063,0,0,0
84623,cic_ids2017,0,0.0,0.042211,0.021106,0,0,0
84625,cic_ids2017,1,0.980881,0.050467,0.515674,1,0,1
84630,cic_ids2017,1,0.849249,0.049647,0.449448,1,0,0
84632,cic_ids2017,0,0.0,0.046326,0.023163,0,0,0
84633,cic_ids2017,0,0.001146,0.046294,0.02372,0,0,0
84635,cic_ids2017,1,1.0,0.468689,0.734345,1,0,1
84639,cic_ids2017,1,0.99,0.037398,0.513699,1,0,1
84640,cic_ids2017,1,0.854015,0.049647,0.451831,1,0,0
84648,cic_ids2017,0,0.0,0.04505,0.022525,0,0,0
84652,cic_ids2017,0,0.0,0.027605,0.013802,0,0,0
84656,cic_ids2017,0,0.000881,0.051182,0.026031,0,0,0
84666,cic_ids2017,1,0.990881,0.053622,0.522252,1,0,1
84668,cic_ids2017,0,0.0,0.046304,0.023152,0,0,0
84674,cic_ids2017,0,0.0,0.03619,0.018095,0,0,0
84676,cic_ids2017,0,0.001259,0.051812,0.026536,0,0,0
84681,cic_ids2017,0,0.064423,0.049647,0.057035,0,0,0
84682,cic_ids2017,0,0.026265,0.041671,0.033968,0,0,0
84687,cic_ids2017,0,0.0,0.231725,0.115863,0,0,0
84688,cic_ids2017,0,0.001705,0.051812,0.026758,0,0,0
84689,cic_ids2017,0,0.021587,0.045732,0.03366,0,0,0
84702,cic_ids2017,0,0.0,0.049755,0.024878,0,0,0
84714,cic_ids2017,0,0.001146,0.046294,0.02372,0,0,0
84718,cic_ids2017,0,0.02,0.049648,0.034824,0,0,0
84719,cic_ids2017,0,0.02,0.033772,0.026886,0,0,0
84724,cic_ids2017,0,0.001146,0.046299,0.023722,0,0,0
84729,cic_ids2017,1,1.0,0.346753,0.673377,1,0,1
84734,cic_ids2017,0,0.0,0.045071,0.022536,0,0,0
84739,cic_ids2017,0,0.0,0.046404,0.023202,0,0,0
84741,cic_ids2017,0,0.0,0.049683,0.024842,0,0,0
84743,cic_ids2017,0,0.001146,0.046292,0.023719,0,0,0
84746,cic_ids2017,0,0.0,0.04642,0.02321,0,0,0
84748,cic_ids2017,0,0.01,0.442696,0.226348,0,0,0
84760,cic_ids2017,0,0.0,0.046385,0.023192,0,0,0
84763,cic_ids2017,0,0.001146,0.046292,0.023719,0,0,0
84764,cic_ids2017,0,0.0,0.046335,0.023168,0,0,0
84766,cic_ids2017,0,0.0,0.071672,0.035836,0,0,0
84769,cic_ids2017,1,1.0,0.262709,0.631355,1,0,1
84772,cic_ids2017,0,0.0,0.046361,0.02318,0,0,0
84780,cic_ids2017,1,0.854015,0.049647,0.451831,1,0,0
84792,cic_ids2017,0,0.0,0.046373,0.023187,0,0,0
84794,cic_ids2017,0,0.030093,0.049647,0.03987,0,0,0
84796,cic_ids2017,0,0.0,0.00772,0.00386,0,0,0
84801,cic_ids2017,0,0.002687,0.051812,0.02725,0,0,0
84803,cic_ids2017,1,0.854015,0.049647,0.451831,1,0,0
84804,cic_ids2017,0,0.0,0.046324,0.023162,0,0,0
84811,cic_ids2017,0,0.0,0.046358,0.023179,0,0,0
84812,cic_ids2017,0,0.0,0.049735,0.024867,0,0,0
84819,cic_ids2017,0,0.0,0.049682,0.024841,0,0,0
84829,cic_ids2017,0,0.001146,0.046291,0.023719,0,0,0
84833,cic_ids2017,0,0.02,0.040313,0.030157,0,0,0
84837,cic_ids2017,1,0.019924,0.051812,0.035868,0,0,0
84843,cic_ids2017,0,0.0,0.046453,0.023226,0,0,0
84849,cic_ids2017,0,0.001146,0.046302,0.023724,0,0,0
84850,cic_ids2017,1,1.0,0.400365,0.700182,1,0,1
84852,cic_ids2017,0,0.001705,0.051812,0.026758,0,0,0
84887,cic_ids2017,0,0.001463,0.051142,0.026302,0,0,0
84890,cic_ids2017,1,1.0,0.467945,0.733973,1,0,1
84896,cic_ids2017,0,0.015085,0.049679,0.032382,0,0,0
84901,cic_ids2017,0,0.022385,0.049647,0.036016,0,0,0
84911,cic_ids2017,0,0.0,0.049834,0.024917,0,0,0
84912,cic_ids2017,0,0.0,0.023489,0.011745,0,0,0
84918,cic_ids2017,0,0.064423,0.049647,0.057035,0,0,0
84925,cic_ids2017,0,0.030093,0.049647,0.03987,0,0,0
84940,cic_ids2017,0,1.5e-05,0.048304,0.02416,0,0,0
84944,cic_ids2017,0,0.0,0.046378,0.023189,0,0,0
84946,cic_ids2017,0,0.0,0.004925,0.002463,0,0,0
84947,cic_ids2017,0,0.0,0.029361,0.01468,0,0,0
84952,cic_ids2017,0,0.0,0.049204,0.024602,0,0,0
84953,cic_ids2017,0,0.064423,0.049647,0.057035,0,0,0
84955,cic_ids2017,0,0.015085,0.049679,0.032382,0,0,0
84960,cic_ids2017,0,0.0,0.009208,0.004604,0,0,0
84965,cic_ids2017,0,0.001781,0.051812,0.026797,0,0,0
84968,cic_ids2017,1,1.0,0.03758,0.51879,1,0,1
84971,cic_ids2017,0,0.000881,0.051892,0.026387,0,0,0
84975,cic_ids2017,0,0.0,0.040364,0.020182,0,0,0
84977,cic_ids2017,0,0.0,0.049716,0.024858,0,0,0
84981,cic_ids2017,0,0.000881,0.051826,0.026353,0,0,0
84986,cic_ids2017,0,0.0,0.01176,0.00588,0,0,0
84990,cic_ids2017,0,0.000881,0.052059,0.02647,0,0,0
84991,cic_ids2017,0,0.030093,0.049647,0.03987,0,0,0
84993,cic_ids2017,1,1.0,0.527169,0.763584,1,1,1
84995,cic_ids2017,0,0.001146,0.046292,0.023719,0,0,0
84997,cic_ids2017,0,0.0,0.036249,0.018125,0,0,0
85006,cic_ids2017,0,0.0,0.038133,0.019067,0,0,0
85012,cic_ids2017,0,0.001146,0.046292,0.023719,0,0,0
85018,cic_ids2017,0,0.001146,0.046293,0.023719,0,0,0
85020,cic_ids2017,0,0.004067,0.051812,0.02794,0,0,0
85027,cic_ids2017,0,0.000881,0.051142,0.026011,0,0,0
85029,cic_ids2017,0,0.001421,0.051812,0.026616,0,0,0
85041,cic_ids2017,1,1.0,0.039088,0.519544,1,0,1
85042,cic_ids2017,0,0.0,0.013604,0.006802,0,0,0
85043,cic_ids2017,1,0.849249,0.049647,0.449448,1,0,0
85047,cic_ids2017,1,1.0,0.037138,0.518569,1,0,1
85048,cic_ids2017,1,0.854015,0.049647,0.451831,1,0,0
85060,cic_ids2017,0,0.001146,0.046292,0.023719,0,0,0
85064,cic_ids2017,0,0.0,0.048719,0.024359,0,0,0
85071,cic_ids2017,1,1.0,0.327706,0.663853,1,0,1
85072,cic_ids2017,0,0.001146,0.046292,0.023719,0,0,0
85076,cic_ids2017,0,0.0,0.008283,0.004141,0,0,0
85086,cic_ids2017,0,0.07,0.008009,0.039004,0,0,0
85087,cic_ids2017,0,0.001781,0.051812,0.026797,0,0,0
85093,cic_ids2017,0,0.01,0.005559,0.007779,0,0,0
85105,cic_ids2017,0,0.001146,0.046296,0.023721,0,0,0
85112,cic_ids2017,1,0.849249,0.049647,0.449448,1,0,0
85116,cic_ids2017,0,0.0,0.049783,0.024891,0,0,0
85118,cic_ids2017,0,0.0,0.029157,0.014578,0,0,0
85125,cic_ids2017,0,0.0,0.04332,0.02166,0,0,0
85131,cic_ids2017,0,0.0,0.017579,0.008789,0,0,0
85133,cic_ids2017,0,0.001146,0.046292,0.023719,0,0,0
85134,cic_ids2017,1,0.854015,0.049647,0.451831,1,0,0
85135,cic_ids2017,0,0.0,0.051356,0.025678,0,0,0
85136,cic_ids2017,0,0.0,0.045042,0.022521,0,0,0
85143,cic_ids2017,0,0.001781,0.051812,0.026797,0,0,0
85151,cic_ids2017,0,0.001146,0.046294,0.02372,0,0,0
85152,cic_ids2017,1,1.0,0.475456,0.737728,1,0,1
85154,cic_ids2017,0,0.001146,0.046292,0.023719,0,0,0
85155,cic_ids2017,0,0.049973,0.04239,0.046181,0,0,0
85172,cic_ids2017,0,0.0,0.041663,0.020832,0,0,0
85175,cic_ids2017,0,0.001146,0.04629,0.023718,0,0,0
85177,cic_ids2017,0,0.064423,0.049647,0.057035,0,0,0
85189,cic_ids2017,0,0.001146,0.046294,0.02372,0,0,0
85198,cic_ids2017,0,0.0,0.049722,0.024861,0,0,0
85199,cic_ids2017,0,0.003545,0.051818,0.027681,0,0,0
85200,cic_ids2017,1,1.0,0.281505,0.640752,1,0,1
85207,cic_ids2017,0,0.001146,0.046296,0.023721,0,0,0
85209,cic_ids2017,1,1.0,0.037537,0.518768,1,0,1
85211,cic_ids2017,0,0.0,0.046389,0.023194,0,0,0
85221,cic_ids2017,0,0.003545,0.051813,0.027679,0,0,0
85225,cic_ids2017,1,0.849249,0.049647,0.449448,1,0,0
85228,cic_ids2017,0,0.0,0.046324,0.023162,0,0,0
85229,cic_ids2017,0,0.001146,0.046297,0.023721,0,0,0
85234,cic_ids2017,0,0.001146,0.046291,0.023719,0,0,0
85237,cic_ids2017,0,0.002671,0.071573,0.037122,0,0,0
85248,cic_ids2017,0,0.0,0.046335,0.023167,0,0,0
85250,cic_ids2017,0,0.003545,0.05204,0.027792,0,0,0
85259,cic_ids2017,0,0.0,0.04636,0.02318,0,0,0
85261,cic_ids2017,0,0.0,0.049907,0.024953,0,0,0
85262,cic_ids2017,0,0.0,0.138233,0.069116,0,0,0
85271,cic_ids2017,0,0.001146,0.046292,0.023719,0,0,0
85276,cic_ids2017,0,0.0,0.036032,0.018016,0,0,0
85277,cic_ids2017,0,0.000881,0.053295,0.027088,0,0,0
85278,cic_ids2017,0,0.0,0.049737,0.024869,0,0,0
85279,cic_ids2017,0,0.001146,0.046291,0.023719,0,0,0
85281,cic_ids2017,1,0.99,0.450912,0.720456,1,0,1
85290,cic_ids2017,1,0.99,0.03756,0.51378,1,0,1
85293,cic_ids2017,0,0.01,0.070321,0.040161,0,0,0
85295,cic_ids2017,1,1.0,0.039582,0.519791,1,0,1
85300,cic_ids2017,1,0.976582,0.059108,0.517845,1,0,1
85304,cic_ids2017,0,0.0,0.011393,0.005697,0,0,0
85306,cic_ids2017,0,0.0,0.049691,0.024846,0,0,0
85309,cic_ids2017,1,1.0,0.361392,0.680696,1,0,1
85311,cic_ids2017,0,0.001146,0.04629,0.023718,0,0,0
85312,cic_ids2017,0,0.016071,0.048972,0.032522,0,0,0
85317,cic_ids2017,0,0.001521,0.04708,0.0243,0,0,0
85326,cic_ids2017,0,0.0,0.049683,0.024842,0,0,0
85336,cic_ids2017,0,0.0,0.035565,0.017783,0,0,0
85339,cic_ids2017,0,0.001705,0.051812,0.026758,0,0,0
85342,cic_ids2017,0,0.0,0.047014,0.023507,0,0,0
85345,cic_ids2017,0,0.001705,0.051812,0.026758,0,0,0
85353,cic_ids2017,0,0.0,0.050002,0.025001,0,0,0
85359,cic_ids2017,0,0.001146,0.046294,0.02372,0,0,0
85374,cic_ids2017,0,0.0,0.052255,0.026128,0,0,0
85386,cic_ids2017,0,0.034813,0.048945,0.041879,0,0,0
85388,cic_ids2017,0,0.0,0.1749,0.08745,0,0,0
85394,cic_ids2017,0,0.030093,0.049647,0.03987,0,0,0
85401,cic_ids2017,1,0.849249,0.049647,0.449448,1,0,0
85423,cic_ids2017,0,0.0,0.02236,0.01118,0,0,0
85424,cic_ids2017,1,0.849249,0.049647,0.449448,1,0,0
85431,cic_ids2017,0,0.0,0.049751,0.024875,0,0,0
85433,cic_ids2017,0,0.0,0.027379,0.01369,0,0,0
85435,cic_ids2017,1,1.0,0.464794,0.732397,1,0,1
85438,cic_ids2017,0,0.015085,0.04978,0.032433,0,0,0
85440,cic_ids2017,1,0.849249,0.049647,0.449448,1,0,0
85443,cic_ids2017,0,0.000881,0.106302,0.053591,0,0,0
85451,cic_ids2017,0,0.001764,0.049045,0.025404,0,0,0
85460,cic_ids2017,0,0.0,0.046326,0.023163,0,0,0
85475,cic_ids2017,0,0.002048,0.051812,0.02693,0,0,0
85492,cic_ids2017,0,0.000881,0.106293,0.053587,0,0,0
85496,cic_ids2017,0,0.0,0.04997,0.024985,0,0,0
85499,cic_ids2017,0,0.001146,0.04629,0.023718,0,0,0
85506,cic_ids2017,0,0.0,0.049717,0.024859,0,0,0
85512,cic_ids2017,0,0.140881,0.049761,0.095321,0,0,0
85513,cic_ids2017,0,0.010881,0.018826,0.014854,0,0,0
85523,cic_ids2017,0,0.0,0.002239,0.00112,0,0,0
85524,cic_ids2017,0,0.0,0.046521,0.023261,0,0,0
85530,cic_ids2017,0,0.0,0.138704,0.069352,0,0,0
85538,cic_ids2017,0,0.0,0.049695,0.024847,0,0,0
85539,cic_ids2017,1,1.0,0.162808,0.581404,1,0,1
85543,cic_ids2017,1,0.99,0.354546,0.672273,1,0,1
85556,cic_ids2017,0,0.001146,0.046292,0.023719,0,0,0
85560,cic_ids2017,0,0.01,0.032704,0.021352,0,0,0
85561,cic_ids2017,1,1.0,0.333954,0.666977,1,0,1
85571,cic_ids2017,0,0.0,0.046379,0.02319,0,0,0
85574,cic_ids2017,0,0.001146,0.046289,0.023718,0,0,0
85590,cic_ids2017,0,0.033545,0.051156,0.04235,0,0,0
85604,cic_ids2017,0,0.001146,0.046294,0.02372,0,0,0
85613,cic_ids2017,0,0.000609,0.102812,0.051711,0,0,0
85618,cic_ids2017,0,0.001781,0.051812,0.026797,0,0,0
85621,cic_ids2017,0,0.0,0.001967,0.000983,0,0,0
85622,cic_ids2017,0,0.05,0.048974,0.049487,0,0,0
85626,cic_ids2017,0,0.034813,0.048945,0.041879,0,0,0
85627,cic_ids2017,0,0.001146,0.046292,0.023719,0,0,0
85628,cic_ids2017,0,0.001148,0.051141,0.026145,0,0,0
85631,cic_ids2017,0,0.001146,0.046292,0.023719,0,0,0
85641,cic_ids2017,0,0.001146,0.046294,0.02372,0,0,0
85642,cic_ids2017,0,0.0,0.046374,0.023187,0,0,0
85648,cic_ids2017,0,0.0,0.049651,0.024825,0,0,0
85650,cic_ids2017,0,0.0,0.006775,0.003387,0,0,0
85654,cic_ids2017,0,0.0,0.028465,0.014232,0,0,0
85661,cic_ids2017,0,0.001132,0.051142,0.026137,0,0,0
85668,cic_ids2017,0,0.002439,0.065899,0.034169,0,0,0
85693,cic_ids2017,0,0.030093,0.049647,0.03987,0,0,0
85695,cic_ids2017,0,0.001146,0.046293,0.02372,0,0,0
85703,cic_ids2017,1,0.986582,0.077065,0.531823,1,0,1
85709,cic_ids2017,0,0.0,0.046404,0.023202,0,0,0
85719,cic_ids2017,0,0.0,0.049684,0.024842,0,0,0
85720,cic_ids2017,0,0.001146,0.046292,0.023719,0,0,0
85726,cic_ids2017,0,0.0,0.007762,0.003881,0,0,0
85734,cic_ids2017,0,0.0,0.049692,0.024846,0,0,0
85751,cic_ids2017,1,0.849249,0.049647,0.449448,1,0,0
85752,cic_ids2017,0,0.040015,0.048963,0.044489,0,0,0
85764,cic_ids2017,0,0.001146,0.046289,0.023718,0,0,0
85765,cic_ids2017,1,1.0,0.471824,0.735912,1,0,1
85766,cic_ids2017,0,0.001193,0.048303,0.024748,0,0,0
85767,cic_ids2017,0,0.001183,0.04239,0.021787,0,0,0
85769,cic_ids2017,1,1.0,0.264001,0.632,1,0,1
85775,cic_ids2017,1,1.0,0.289692,0.644846,1,0,1
85779,cic_ids2017,0,0.001146,0.046291,0.023719,0,0,0
85780,cic_ids2017,0,0.0,0.049691,0.024846,0,0,0
85791,cic_ids2017,0,0.01,0.015092,0.012546,0,0,0
85799,cic_ids2017,0,0.0,0.007232,0.003616,0,0,0
85808,cic_ids2017,0,0.001146,0.046294,0.02372,0,0,0
85821,cic_ids2017,1,0.99,0.064039,0.527019,1,0,1
85829,cic_ids2017,1,1.0,0.405293,0.702647,1,0,1
85843,cic_ids2017,0,0.0,0.046361,0.02318,0,0,0
85844,cic_ids2017,0,0.0,0.041741,0.02087,0,0,0
85847,cic_ids2017,0,0.0,0.049736,0.024868,0,0,0
85864,cic_ids2017,0,0.035055,0.04446,0.039758,0,0,0
85865,cic_ids2017,0,0.0,0.049768,0.024884,0,0,0
85871,cic_ids2017,0,0.0,0.052757,0.026379,0,0,0
85872,cic_ids2017,1,0.854015,0.049647,0.451831,1,0,0
85873,cic_ids2017,0,0.04,0.038271,0.039136,0,0,0
85878,cic_ids2017,0,0.00155,0.051812,0.026681,0,0,0
85881,cic_ids2017,0,0.011161,0.048946,0.030053,0,0,0
85885,cic_ids2017,0,0.0,0.020576,0.010288,0,0,0
85890,cic_ids2017,1,1.0,0.489725,0.744863,1,0,1
85895,cic_ids2017,1,1.0,0.219247,0.609624,1,0,1
85896,cic_ids2017,0,0.0,0.04645,0.023225,0,0,0
85901,cic_ids2017,0,0.001146,0.046293,0.02372,0,0,0
85905,cic_ids2017,0,0.001705,0.051812,0.026758,0,0,0
85907,cic_ids2017,1,1.0,0.259475,0.629737,1,0,1
85914,cic_ids2017,0,0.013068,0.051812,0.03244,0,0,0
85922,cic_ids2017,0,0.001143,0.049651,0.025397,0,0,0
85924,cic_ids2017,0,0.0,0.021088,0.010544,0,0,0
85925,cic_ids2017,1,0.854015,0.049647,0.451831,1,0,0
85934,cic_ids2017,0,0.0,0.024436,0.012218,0,0,0
85935,cic_ids2017,1,0.849249,0.049647,0.449448,1,0,0
85939,cic_ids2017,0,0.001146,0.04629,0.023718,0,0,0
85940,cic_ids2017,1,1.0,0.035084,0.517542,1,0,1
85942,cic_ids2017,0,0.021203,0.047708,0.034455,0,0,0
85944,cic_ids2017,0,0.0,0.097242,0.048621,0,0,0
85945,cic_ids2017,1,0.849249,0.049647,0.449448,1,0,0
85950,cic_ids2017,0,0.064423,0.049647,0.057035,0,0,0
85953,cic_ids2017,0,0.001146,0.046292,0.023719,0,0,0
85954,cic_ids2017,0,0.0,0.010472,0.005236,0,0,0
85956,cic_ids2017,1,0.990881,0.07686,0.53387,1,0,1
85961,cic_ids2017,0,1.5e-05,0.048953,0.024484,0,0,0
85967,cic_ids2017,0,0.0,0.014611,0.007306,0,0,0
85976,cic_ids2017,0,0.0,0.007663,0.003832,0,0,0
85977,cic_ids2017,1,0.98,0.068767,0.524384,1,0,1
85981,cic_ids2017,0,0.001146,0.046295,0.02372,0,0,0
85985,cic_ids2017,1,1.0,0.37104,0.68552,1,0,1
85997,cic_ids2017,0,0.0,0.046318,0.023159,0,0,0
85998,cic_ids2017,0,0.000881,0.051815,0.026348,0,0,0
86005,cic_ids2017,1,1.0,0.299495,0.649748,1,0,1
86007,cic_ids2017,1,0.849249,0.049647,0.449448,1,0,0
86008,cic_ids2017,1,0.849249,0.049647,0.449448,1,0,0
86009,cic_ids2017,1,0.91,0.045681,0.477841,1,0,0
86014,cic_ids2017,0,0.000881,0.051822,0.026351,0,0,0
86017,cic_ids2017,0,0.0,0.036032,0.018016,0,0,0
86020,cic_ids2017,0,0.0,0.021322,0.010661,0,0,0
86021,cic_ids2017,0,0.0,0.540209,0.270105,0,1,0
86025,cic_ids2017,0,0.0,0.047118,0.023559,0,0,0
86027,cic_ids2017,0,0.01,0.08939,0.049695,0,0,0
86032,cic_ids2017,0,0.001146,0.046292,0.023719,0,0,0
86036,cic_ids2017,0,0.0,0.049736,0.024868,0,0,0
86044,cic_ids2017,0,0.019711,0.051812,0.035761,0,0,0
86054,cic_ids2017,0,0.0,0.049734,0.024867,0,0,0
86055,cic_ids2017,1,0.854015,0.049647,0.451831,1,0,0
86059,cic_ids2017,0,0.047076,0.059678,0.053377,0,0,0
86062,cic_ids2017,0,0.031313,0.051812,0.041563,0,0,0
86071,cic_ids2017,0,0.0,0.046324,0.023162,0,0,0
86078,cic_ids2017,0,0.001146,0.046292,0.023719,0,0,0
86084,cic_ids2017,0,0.001146,0.046293,0.02372,0,0,0
86091,cic_ids2017,0,0.0,0.049779,0.024889,0,0,0
86092,cic_ids2017,0,0.0,0.046334,0.023167,0,0,0
86113,cic_ids2017,1,0.849249,0.049647,0.449448,1,0,0
86116,cic_ids2017,0,0.001146,0.0463,0.023723,0,0,0
86129,cic_ids2017,0,2.4e-05,0.032704,0.016364,0,0,0
86130,cic_ids2017,0,0.001146,0.046294,0.02372,0,0,0
86136,cic_ids2017,1,0.95,0.060823,0.505412,1,0,1
86137,cic_ids2017,0,0.001146,0.046293,0.02372,0,0,0
86140,cic_ids2017,0,0.0,0.046409,0.023204,0,0,0
86145,cic_ids2017,1,1.0,0.040439,0.52022,1,0,1
86148,cic_ids2017,0,0.064423,0.049647,0.057035,0,0,0
86165,cic_ids2017,0,0.0,0.034843,0.017422,0,0,0
86174,cic_ids2017,0,0.0,0.046339,0.02317,0,0,0
86176,cic_ids2017,0,2.4e-05,0.037287,0.018656,0,0,0
86177,cic_ids2017,0,0.0,0.046338,0.023169,0,0,0
86180,cic_ids2017,0,0.064423,0.049647,0.057035,0,0,0
86182,cic_ids2017,0,0.07,0.065569,0.067784,0,0,0
86188,cic_ids2017,0,0.001146,0.04629,0.023718,0,0,0
86189,cic_ids2017,1,0.849249,0.049647,0.449448,1,0,0
86199,cic_ids2017,0,0.01,0.044676,0.027338,0,0,0
86200,cic_ids2017,0,0.001146,0.046293,0.023719,0,0,0
86210,cic_ids2017,0,0.0,0.046333,0.023167,0,0,0
86211,cic_ids2017,1,0.849249,0.049647,0.449448,1,0,0
86213,cic_ids2017,0,0.001778,0.051812,0.026795,0,0,0
86230,cic_ids2017,0,0.015085,0.04977,0.032427,0,0,0
86233,cic_ids2017,1,1.0,0.03008,0.51504,1,0,1
86238,cic_ids2017,0,0.01,0.045904,0.027952,0,0,0
86239,cic_ids2017,0,0.002048,0.051812,0.02693,0,0,0
86240,cic_ids2017,0,0.0,0.045072,0.022536,0,0,0
86242,cic_ids2017,0,0.001146,0.046292,0.023719,0,0,0
86243,cic_ids2017,0,0.064423,0.049647,0.057035,0,0,0
86244,cic_ids2017,0,0.001146,0.046293,0.023719,0,0,0
86246,cic_ids2017,1,0.96,0.075722,0.517861,1,0,1
86249,cic_ids2017,0,0.0,0.005191,0.002596,0,0,0
86257,cic_ids2017,0,0.001143,0.049651,0.025397,0,0,0
86261,cic_ids2017,1,0.854015,0.049647,0.451831,1,0,0
86262,cic_ids2017,0,0.0,0.137503,0.068751,0,0,0
86264,cic_ids2017,0,0.001146,0.04629,0.023718,0,0,0
86272,cic_ids2017,0,0.015085,0.04965,0.032367,0,0,0
86275,cic_ids2017,1,0.854015,0.049647,0.451831,1,0,0
86293,cic_ids2017,0,0.023014,0.121212,0.072113,0,0,0
86312,cic_ids2017,0,0.0,0.046333,0.023167,0,0,0
86315,cic_ids2017,0,0.0,0.017852,0.008926,0,0,0
86322,cic_ids2017,0,0.01,0.043801,0.0269,0,0,0
86327,cic_ids2017,1,1.0,0.459941,0.729971,1,0,1
86331,cic_ids2017,0,0.0,0.033974,0.016987,0,0,0
86333,cic_ids2017,0,0.001146,0.046297,0.023721,0,0,0
86337,cic_ids2017,0,0.0,0.006488,0.003244,0,0,0
86343,cic_ids2017,0,0.0,0.046365,0.023182,0,0,0
86344,cic_ids2017,1,0.988549,0.140871,0.56471,1,0,1
86349,cic_ids2017,1,0.010881,0.051831,0.031356,0,0,0
86353,cic_ids2017,0,0.001146,0.046292,0.023719,0,0,0
86357,cic_ids2017,0,0.001146,0.046292,0.023719,0,0,0
86369,cic_ids2017,0,0.0,0.046332,0.023166,0,0,0
86374,cic_ids2017,0,0.0,0.045133,0.022567,0,0,0
86378,cic_ids2017,0,0.001146,0.046292,0.023719,0,0,0
86385,cic_ids2017,1,0.849249,0.049647,0.449448,1,0,0
86392,cic_ids2017,0,0.000881,0.041015,0.020948,0,0,0
86395,cic_ids2017,0,0.0,0.046406,0.023203,0,0,0
86396,cic_ids2017,0,0.022718,0.049647,0.036182,0,0,0
86398,cic_ids2017,0,0.0,0.053058,0.026529,0,0,0
86404,cic_ids2017,0,0.015085,0.049718,0.032401,0,0,0
86408,cic_ids2017,0,0.001146,0.04629,0.023718,0,0,0
86411,cic_ids2017,1,0.030093,0.049647,0.03987,0,0,0
86412,cic_ids2017,1,1.0,0.330034,0.665017,1,0,1
86416,cic_ids2017,0,0.001146,0.046297,0.023721,0,0,0
86417,cic_ids2017,0,0.0,0.046333,0.023167,0,0,0
86419,cic_ids2017,0,0.000881,0.055526,0.028204,0,0,0
86421,cic_ids2017,1,1.0,0.297477,0.648739,1,0,1
86426,cic_ids2017,0,0.0,0.060305,0.030152,0,0,0
86442,cic_ids2017,1,1.0,0.465385,0.732693,1,0,1
86446,cic_ids2017,0,0.0,0.046358,0.023179,0,0,0
86447,cic_ids2017,0,0.0,0.049716,0.024858,0,0,0
86457,cic_ids2017,0,0.064423,0.049647,0.057035,0,0,0
86461,cic_ids2017,0,0.003545,0.051813,0.027679,0,0,0
86464,cic_ids2017,0,0.030093,0.049647,0.03987,0,0,0
86465,cic_ids2017,0,0.0,0.046337,0.023169,0,0,0
86466,cic_ids2017,1,1.0,0.489568,0.744784,1,0,1
86470,cic_ids2017,0,0.001146,0.046293,0.023719,0,0,0
86471,cic_ids2017,1,1.0,0.039798,0.519899,1,0,1
86480,cic_ids2017,0,0.0,0.03052,0.01526,0,0,0
86485,cic_ids2017,0,0.0,0.046365,0.023182,0,0,0
86487,cic_ids2017,0,0.03,0.052419,0.041209,0,0,0
86489,cic_ids2017,1,0.13098,0.051812,0.091396,0,0,0
86492,cic_ids2017,0,0.001259,0.051812,0.026536,0,0,0
86496,cic_ids2017,0,0.0,0.199998,0.099999,0,0,0
86509,cic_ids2017,0,0.001146,0.046294,0.02372,0,0,0
86515,cic_ids2017,0,0.001143,0.04965,0.025397,0,0,0
86517,cic_ids2017,0,0.000881,0.052377,0.026629,0,0,0
86528,cic_ids2017,0,0.001146,0.046293,0.023719,0,0,0
86530,cic_ids2017,0,0.001146,0.046291,0.023719,0,0,0
86537,cic_ids2017,1,1.0,0.476205,0.738102,1,0,1
86542,cic_ids2017,1,1.0,0.041911,0.520956,1,0,1
86546,cic_ids2017,0,0.000881,0.051142,0.026012,0,0,0
86548,cic_ids2017,0,0.000881,0.053294,0.027088,0,0,0
86550,cic_ids2017,0,0.0,0.046991,0.023495,0,0,0
86557,cic_ids2017,1,1.0,0.484279,0.742139,1,0,1
86567,cic_ids2017,0,0.0,0.013028,0.006514,0,0,0
86568,cic_ids2017,0,0.001285,0.048945,0.025115,0,0,0
86570,cic_ids2017,0,0.001146,0.046296,0.023721,0,0,0
86571,cic_ids2017,0,0.0,0.046325,0.023163,0,0,0
86577,cic_ids2017,1,1.0,0.034989,0.517495,1,0,1
86580,cic_ids2017,0,0.002705,0.051812,0.027259,0,0,0
86585,cic_ids2017,0,0.0,0.001649,0.000824,0,0,0
86612,cic_ids2017,0,0.001146,0.046292,0.023719,0,0,0
86625,cic_ids2017,1,1.0,0.446195,0.723097,1,0,1
86631,cic_ids2017,0,0.0,0.040297,0.020149,0,0,0
86633,cic_ids2017,0,0.0,0.046355,0.023177,0,0,0
86639,cic_ids2017,0,0.001146,0.046293,0.02372,0,0,0
86640,cic_ids2017,0,2.4e-05,0.039543,0.019784,0,0,0
86643,cic_ids2017,0,0.0,0.049681,0.02484,0,0,0
86645,cic_ids2017,1,1.0,0.28783,0.643915,1,0,1
86649,cic_ids2017,1,0.99,0.358403,0.674202,1,0,1
86655,cic_ids2017,1,0.849249,0.049647,0.449448,1,0,0
86656,cic_ids2017,0,0.0,0.049735,0.024867,0,0,0
86664,cic_ids2017,0,0.001705,0.051812,0.026758,0,0,0
86674,cic_ids2017,0,0.0,0.044035,0.022017,0,0,0
86678,cic_ids2017,0,0.000881,0.053294,0.027088,0,0,0
86696,cic_ids2017,1,1.0,0.037135,0.518567,1,0,1
86697,cic_ids2017,0,0.001143,0.046292,0.023717,0,0,0
86698,cic_ids2017,0,0.0,0.060217,0.030108,0,0,0
86700,cic_ids2017,0,0.0,0.580116,0.290058,0,1,0
86703,cic_ids2017,1,0.92,0.034704,0.477352,1,0,0
86704,cic_ids2017,0,0.500881,0.197219,0.34905,1,0,0
86705,cic_ids2017,0,0.034813,0.048945,0.041879,0,0,0
86711,cic_ids2017,0,0.015085,0.049688,0.032387,0,0,0
86714,cic_ids2017,0,0.000881,0.054822,0.027851,0,0,0
86716,cic_ids2017,1,0.849249,0.049647,0.449448,1,0,0
86729,cic_ids2017,1,0.990881,0.054209,0.522545,1,0,1
86730,cic_ids2017,0,0.001146,0.046292,0.023719,0,0,0
86731,cic_ids2017,0,0.031313,0.051812,0.041563,0,0,0
86735,cic_ids2017,0,0.015085,0.049668,0.032377,0,0,0
86744,cic_ids2017,1,0.89,0.072512,0.481256,1,0,0
86747,cic_ids2017,0,0.0,0.049788,0.024894,0,0,0
86750,cic_ids2017,0,0.011587,0.04831,0.029948,0,0,0
86756,cic_ids2017,0,0.0,0.049719,0.024859,0,0,0
86766,cic_ids2017,1,1.0,0.04125,0.520625,1,0,1
86767,cic_ids2017,0,0.064423,0.049647,0.057035,0,0,0
86772,cic_ids2017,0,0.01,0.029022,0.019511,0,0,0
86779,cic_ids2017,0,0.0,0.209185,0.104593,0,0,0
86788,cic_ids2017,1,0.986582,0.05404,0.520311,1,0,1
86793,cic_ids2017,0,0.0,0.077406,0.038703,0,0,0
86804,cic_ids2017,0,0.0,0.038215,0.019108,0,0,0
86805,cic_ids2017,0,0.001146,0.04629,0.023718,0,0,0
86807,cic_ids2017,0,0.250699,0.051141,0.15092,0,0,0
86809,cic_ids2017,0,0.0,0.049693,0.024847,0,0,0
86816,cic_ids2017,0,0.0,0.014644,0.007322,0,0,0
86822,cic_ids2017,0,0.0,0.046334,0.023167,0,0,0
86834,cic_ids2017,0,0.0,0.023484,0.011742,0,0,0
86835,cic_ids2017,1,0.95,0.257862,0.603931,1,0,1
86840,cic_ids2017,0,0.001146,0.046296,0.023721,0,0,0
86844,cic_ids2017,1,1.0,0.298399,0.6492,1,0,1
86857,cic_ids2017,0,0.0,0.049737,0.024869,0,0,0
86862,cic_ids2017,0,0.064423,0.049647,0.057035,0,0,0
86868,cic_ids2017,0,0.001146,0.046293,0.023719,0,0,0
86876,cic_ids2017,0,0.0,0.064664,0.032332,0,0,0
86886,cic_ids2017,0,0.0,0.049812,0.024906,0,0,0
86893,cic_ids2017,1,0.98,0.079457,0.529729,1,0,1
86906,cic_ids2017,0,0.0,0.049706,0.024853,0,0,0
86908,cic_ids2017,0,0.0,0.049811,0.024905,0,0,0
86909,cic_ids2017,0,0.0,0.045052,0.022526,0,0,0
86912,cic_ids2017,0,2.4e-05,0.04038,0.020202,0,0,0
86913,cic_ids2017,0,0.0,0.122904,0.061452,0,0,0
86921,cic_ids2017,0,0.003545,0.051817,0.027681,0,0,0
86922,cic_ids2017,0,0.0,0.046418,0.023209,0,0,0
86928,cic_ids2017,0,0.030093,0.049647,0.03987,0,0,0
86931,cic_ids2017,0,0.0,0.040301,0.020151,0,0,0
86932,cic_ids2017,1,0.854015,0.049647,0.451831,1,0,0
86941,cic_ids2017,0,0.001146,0.046291,0.023719,0,0,0
86943,cic_ids2017,0,0.001778,0.051812,0.026795,0,0,0
86944,cic_ids2017,0,0.001146,0.046293,0.02372,0,0,0
86950,cic_ids2017,0,0.0,0.043149,0.021574,0,0,0
86951,cic_ids2017,0,0.0,0.049684,0.024842,0,0,0
86954,cic_ids2017,0,0.0,0.049887,0.024944,0,0,0
86956,cic_ids2017,0,0.0,0.049717,0.024858,0,0,0
86958,cic_ids2017,0,0.0,0.045075,0.022538,0,0,0
86960,cic_ids2017,0,0.0,0.046292,0.023146,0,0,0
86969,cic_ids2017,0,0.060881,0.054499,0.05769,0,0,0
86983,cic_ids2017,0,0.022718,0.049647,0.036182,0,0,0
86985,cic_ids2017,0,0.030093,0.049647,0.03987,0,0,0
86987,cic_ids2017,0,0.0,0.049692,0.024846,0,0,0
86991,cic_ids2017,0,0.0,0.04976,0.02488,0,0,0
86992,cic_ids2017,1,0.854015,0.049647,0.451831,1,0,0
86998,cic_ids2017,0,0.0,0.036576,0.018288,0,0,0
86999,cic_ids2017,0,0.0,0.001455,0.000727,0,0,0
87004,cic_ids2017,0,0.002048,0.051812,0.02693,0,0,0
87005,cic_ids2017,1,0.854015,0.049647,0.451831,1,0,0
87014,cic_ids2017,1,1.0,0.267983,0.633992,1,0,1
87021,cic_ids2017,0,0.0,0.046325,0.023163,0,0,0
87031,cic_ids2017,0,0.0,0.049832,0.024916,0,0,0
87032,cic_ids2017,0,0.0,0.013202,0.006601,0,0,0
87041,cic_ids2017,0,0.001146,0.046293,0.02372,0,0,0
87043,cic_ids2017,0,0.001146,0.046292,0.023719,0,0,0
87044,cic_ids2017,0,0.064423,0.049647,0.057035,0,0,0
87045,cic_ids2017,0,0.0,0.046381,0.023191,0,0,0
87046,cic_ids2017,0,0.001146,0.046298,0.023722,0,0,0
87052,cic_ids2017,0,0.064423,0.049647,0.057035,0,0,0
87064,cic_ids2017,1,1.0,0.356535,0.678267,1,0,1
87066,cic_ids2017,1,0.870881,0.050464,0.460672,1,0,0
87075,cic_ids2017,0,0.0,0.031156,0.015578,0,0,0
87078,cic_ids2017,1,1.0,0.037047,0.518523,1,0,1
87080,cic_ids2017,0,0.0,0.028412,0.014206,0,0,0
87092,cic_ids2017,0,0.0,0.008908,0.004454,0,0,0
87097,cic_ids2017,0,0.001778,0.051812,0.026795,0,0,0
87099,cic_ids2017,0,0.030093,0.049647,0.03987,0,0,0
87118,cic_ids2017,0,0.0,0.049682,0.024841,0,0,0
87123,cic_ids2017,0,0.0,0.003075,0.001537,0,0,0
87124,cic_ids2017,0,0.0,0.046374,0.023187,0,0,0
87141,cic_ids2017,1,0.854015,0.049647,0.451831,1,0,0
87145,cic_ids2017,0,0.001146,0.04629,0.023718,0,0,0
87159,cic_ids2017,0,0.001146,0.046295,0.023721,0,0,0
87163,cic_ids2017,0,0.001778,0.051812,0.026795,0,0,0
87165,cic_ids2017,0,0.0,0.049694,0.024847,0,0,0
87170,cic_ids2017,1,1.0,0.232206,0.616103,1,0,1
87183,cic_ids2017,0,0.0,0.049719,0.02486,0,0,0
87184,cic_ids2017,0,0.0,0.04972,0.02486,0,0,0
87192,cic_ids2017,0,0.0,0.054863,0.027431,0,0,0
87193,cic_ids2017,0,0.0,0.01463,0.007315,0,0,0
87200,cic_ids2017,0,0.001705,0.051812,0.026758,0,0,0
87212,cic_ids2017,0,0.0,0.01582,0.00791,0,0,0
87213,cic_ids2017,0,0.0,0.046335,0.023167,0,0,0
87223,cic_ids2017,0,0.0,0.049671,0.024835,0,0,0
87231,cic_ids2017,0,0.001705,0.051812,0.026758,0,0,0
87236,cic_ids2017,0,0.001146,0.046291,0.023719,0,0,0
87241,cic_ids2017,0,0.0,0.042543,0.021271,0,0,0
87243,cic_ids2017,0,0.0,0.049716,0.024858,0,0,0
87245,cic_ids2017,0,0.0,0.049731,0.024865,0,0,0
87247,cic_ids2017,1,0.849249,0.049647,0.449448,1,0,0
87252,cic_ids2017,0,0.001146,0.046293,0.023719,0,0,0
87256,cic_ids2017,0,0.0,0.034722,0.017361,0,0,0
87258,cic_ids2017,1,0.019924,0.051812,0.035868,0,0,0
87263,cic_ids2017,0,0.015085,0.049648,0.032366,0,0,0
87267,cic_ids2017,0,0.064423,0.049647,0.057035,0,0,0
87274,cic_ids2017,0,0.0,0.049717,0.024858,0,0,0
87275,cic_ids2017,0,0.0,0.046333,0.023166,0,0,0
87278,cic_ids2017,0,0.030093,0.049647,0.03987,0,0,0
87282,cic_ids2017,0,0.01505,0.037753,0.026401,0,0,0
87286,cic_ids2017,0,0.001146,0.04629,0.023718,0,0,0
87291,cic_ids2017,1,1.0,0.465955,0.732978,1,0,1
87293,cic_ids2017,0,0.0,0.041045,0.020523,0,0,0
87303,cic_ids2017,0,0.0,0.049937,0.024968,0,0,0
87304,cic_ids2017,0,0.000881,0.051819,0.02635,0,0,0
87322,cic_ids2017,0,0.000881,0.051817,0.026349,0,0,0
87324,cic_ids2017,1,0.986582,0.052707,0.519644,1,0,1
87326,cic_ids2017,0,0.0,0.04211,0.021055,0,0,0
87334,cic_ids2017,0,0.02997,0.049647,0.039809,0,0,0
87336,cic_ids2017,0,0.0,0.049681,0.024841,0,0,0
87343,cic_ids2017,0,0.0,0.049818,0.024909,0,0,0
87347,cic_ids2017,0,0.000881,0.052002,0.026442,0,0,0
87348,cic_ids2017,0,0.0,0.022461,0.011231,0,0,0
87352,cic_ids2017,0,0.0,0.046323,0.023161,0,0,0
87353,cic_ids2017,0,0.130846,0.051812,0.091329,0,0,0
87355,cic_ids2017,0,0.021203,0.046283,0.033743,0,0,0
87359,cic_ids2017,1,0.81,0.565365,0.687682,1,1,1
87364,cic_ids2017,0,0.001146,0.046294,0.02372,0,0,0
87365,cic_ids2017,0,0.001447,0.051142,0.026294,0,0,0
87366,cic_ids2017,0,0.001143,0.04965,0.025396,0,0,0
87372,cic_ids2017,0,0.0,0.499913,0.249957,0,0,0
87376,cic_ids2017,0,0.001259,0.051812,0.026536,0,0,0
87384,cic_ids2017,1,0.849249,0.049647,0.449448,1,0,0
87385,cic_ids2017,0,0.0,0.046445,0.023222,0,0,0
87390,cic_ids2017,0,0.0,0.049692,0.024846,0,0,0
87392,cic_ids2017,0,0.0,0.014257,0.007128,0,0,0
87393,cic_ids2017,0,0.0,0.041034,0.020517,0,0,0
87402,cic_ids2017,0,0.031313,0.051812,0.041563,0,0,0
87412,cic_ids2017,1,1.0,0.388898,0.694449,1,0,1
87415,cic_ids2017,1,0.854015,0.049647,0.451831,1,0,0
87416,cic_ids2017,0,0.003545,0.051813,0.027679,0,0,0
87418,cic_ids2017,0,0.001146,0.046292,0.023719,0,0,0
87429,cic_ids2017,1,0.990881,0.062434,0.526658,1,0,1
87430,cic_ids2017,0,0.0,0.046357,0.023178,0,0,0
87435,cic_ids2017,1,0.854015,0.049647,0.451831,1,0,0
87442,cic_ids2017,0,0.0,0.004875,0.002438,0,0,0
87458,cic_ids2017,0,0.0,0.052958,0.026479,0,0,0
87459,cic_ids2017,1,0.979014,0.050632,0.514823,1,0,1
87461,cic_ids2017,0,0.001705,0.051812,0.026758,0,0,0
87463,cic_ids2017,0,0.0,0.049684,0.024842,0,0,0
87464,cic_ids2017,0,0.0,0.011198,0.005599,0,0,0
87477,cic_ids2017,0,0.0,0.002493,0.001246,0,0,0
87478,cic_ids2017,0,0.0,0.041185,0.020593,0,0,0
87480,cic_ids2017,0,0.0,0.003832,0.001916,0,0,0
87481,cic_ids2017,0,0.0,0.046338,0.023169,0,0,0
87483,cic_ids2017,0,0.001146,0.04629,0.023718,0,0,0
87487,cic_ids2017,0,0.0,0.049757,0.024878,0,0,0
87498,cic_ids2017,0,0.0,0.049693,0.024846,0,0,0
87504,cic_ids2017,0,0.001705,0.051812,0.026758,0,0,0
87509,cic_ids2017,0,0.0,0.009925,0.004963,0,0,0
87523,cic_ids2017,0,0.001781,0.051812,0.026797,0,0,0
87528,cic_ids2017,1,0.849249,0.049647,0.449448,1,0,0
87532,cic_ids2017,0,0.0,0.009729,0.004864,0,0,0
87536,cic_ids2017,0,0.030015,0.048965,0.03949,0,0,0
87542,cic_ids2017,0,0.000899,0.051142,0.02602,0,0,0
87543,cic_ids2017,1,1.0,0.31134,0.65567,1,0,1
87544,cic_ids2017,0,0.064423,0.049647,0.057035,0,0,0
87550,cic_ids2017,0,0.001146,0.046294,0.02372,0,0,0
87551,cic_ids2017,0,0.030093,0.049647,0.03987,0,0,0
87552,cic_ids2017,0,0.0,0.038437,0.019219,0,0,0
87559,cic_ids2017,0,0.0,0.049744,0.024872,0,0,0
87560,cic_ids2017,0,0.01,0.038647,0.024324,0,0,0
87561,cic_ids2017,0,0.013547,0.044676,0.029112,0,0,0
87564,cic_ids2017,0,0.0,0.046327,0.023164,0,0,0
87566,cic_ids2017,0,0.001778,0.051812,0.026795,0,0,0
87577,cic_ids2017,0,0.001146,0.046292,0.023719,0,0,0
87578,cic_ids2017,0,0.064423,0.049647,0.057035,0,0,0
87587,cic_ids2017,0,0.0,0.02639,0.013195,0,0,0
87589,cic_ids2017,0,0.0,0.08868,0.04434,0,0,0
87591,cic_ids2017,0,0.0,0.021269,0.010634,0,0,0
87593,cic_ids2017,0,0.000881,0.052167,0.026524,0,0,0
87598,cic_ids2017,0,0.0,0.051209,0.025604,0,0,0
87601,cic_ids2017,0,0.0,0.049787,0.024894,0,0,0
87607,cic_ids2017,0,0.0,0.040778,0.020389,0,0,0
87608,cic_ids2017,0,0.0,0.040327,0.020163,0,0,0
87612,cic_ids2017,0,0.003014,0.120727,0.06187,0,0,0
87613,cic_ids2017,0,0.0,0.010329,0.005164,0,0,0
87616,cic_ids2017,0,0.0,0.102857,0.051429,0,0,0
87630,cic_ids2017,0,0.030093,0.049647,0.03987,0,0,0
87632,cic_ids2017,0,0.001146,0.046292,0.023719,0,0,0
87648,cic_ids2017,1,0.97,0.092707,0.531354,1,0,1
87649,cic_ids2017,0,0.0,0.020979,0.010489,0,0,0
87651,cic_ids2017,0,0.064423,0.049647,0.057035,0,0,0
87658,cic_ids2017,0,0.0,0.004436,0.002218,0,0,0
87660,cic_ids2017,1,0.523545,0.049779,0.286662,1,0,0
87671,cic_ids2017,0,0.000881,0.051142,0.026011,0,0,0
87684,cic_ids2017,0,0.001146,0.046294,0.02372,0,0,0
87689,cic_ids2017,0,0.000881,0.051994,0.026437,0,0,0
87695,cic_ids2017,0,0.002671,0.07136,0.037016,0,0,0
87707,cic_ids2017,0,0.0,0.049693,0.024847,0,0,0
87711,cic_ids2017,0,0.0,0.126118,0.063059,0,0,0
87713,cic_ids2017,1,0.701333,0.041925,0.371629,1,0,0
87715,cic_ids2017,1,0.990881,0.101685,0.546283,1,0,1
87732,cic_ids2017,0,0.000881,0.051142,0.026011,0,0,0
87734,cic_ids2017,0,0.0,0.002069,0.001034,0,0,0
87736,cic_ids2017,0,0.133082,0.051812,0.092447,0,0,0
87743,cic_ids2017,0,0.0,0.046399,0.023199,0,0,0
87757,cic_ids2017,0,0.031313,0.051812,0.041563,0,0,0
87760,cic_ids2017,1,1.0,0.306089,0.653044,1,0,1
87765,cic_ids2017,1,0.94,0.390644,0.665322,1,0,1
87767,cic_ids2017,0,0.0,0.010663,0.005332,0,0,0
87768,cic_ids2017,0,0.001778,0.051812,0.026795,0,0,0
87769,cic_ids2017,0,0.0,0.046383,0.023191,0,0,0
87770,cic_ids2017,0,0.0,0.054268,0.027134,0,0,0
87771,cic_ids2017,0,0.0,0.04993,0.024965,0,0,0
87775,cic_ids2017,0,0.0,0.013291,0.006646,0,0,0
87778,cic_ids2017,0,0.001146,0.046293,0.023719,0,0,0
87779,cic_ids2017,0,0.0,0.049692,0.024846,0,0,0
87780,cic_ids2017,1,0.849249,0.049647,0.449448,1,0,0
87787,cic_ids2017,0,0.001146,0.046292,0.023719,0,0,0
87791,cic_ids2017,0,1.5e-05,0.04899,0.024503,0,0,0
87811,cic_ids2017,0,0.004474,0.051812,0.028143,0,0,0
87821,cic_ids2017,0,0.0,0.049682,0.024841,0,0,0
87827,cic_ids2017,1,1.0,0.219568,0.609784,1,0,1
87833,cic_ids2017,0,0.001146,0.046291,0.023719,0,0,0
87834,cic_ids2017,0,0.0,0.011112,0.005556,0,0,0
87840,cic_ids2017,1,1.0,0.036987,0.518493,1,0,1
87851,cic_ids2017,1,0.986582,0.068008,0.527295,1,0,1
87856,cic_ids2017,1,1.0,0.040037,0.520018,1,0,1
87865,cic_ids2017,1,1.0,0.506952,0.753476,1,1,1
87873,cic_ids2017,0,0.001146,0.04629,0.023718,0,0,0
87874,cic_ids2017,1,0.96,0.025644,0.492822,1,0,0
87881,cic_ids2017,1,1.0,0.037539,0.518769,1,0,1
87887,cic_ids2017,0,0.0,0.002391,0.001196,0,0,0
87889,cic_ids2017,1,1.0,0.302078,0.651039,1,0,1
87891,cic_ids2017,0,0.0,0.049819,0.02491,0,0,0
87892,cic_ids2017,0,0.030093,0.049647,0.03987,0,0,0
87897,cic_ids2017,0,0.001146,0.046294,0.02372,0,0,0
87901,cic_ids2017,0,0.0,0.00069,0.000345,0,0,0
87904,cic_ids2017,0,0.001146,0.046294,0.02372,0,0,0
87909,cic_ids2017,0,0.015085,0.049653,0.032369,0,0,0
87917,cic_ids2017,1,1.0,0.040188,0.520094,1,0,1
87920,cic_ids2017,0,0.0,0.049682,0.024841,0,0,0
87921,cic_ids2017,0,0.003545,0.051814,0.027679,0,0,0
87922,cic_ids2017,0,0.0,0.046373,0.023186,0,0,0
87927,cic_ids2017,0,0.001146,0.046292,0.023719,0,0,0
87930,cic_ids2017,0,0.001146,0.046292,0.023719,0,0,0
87932,cic_ids2017,0,0.0,0.046333,0.023167,0,0,0
87955,cic_ids2017,0,0.0,0.045171,0.022585,0,0,0
87957,cic_ids2017,0,0.0,0.049749,0.024875,0,0,0
87958,cic_ids2017,0,0.0,0.052782,0.026391,0,0,0
87969,cic_ids2017,0,0.001146,0.046295,0.02372,0,0,0
87970,cic_ids2017,0,0.0,0.080563,0.040281,0,0,0
87977,cic_ids2017,0,0.0,0.049683,0.024842,0,0,0
87983,cic_ids2017,0,0.0,0.046354,0.023177,0,0,0
87989,cic_ids2017,0,0.001158,0.048304,0.024731,0,0,0
87996,cic_ids2017,0,0.064423,0.049647,0.057035,0,0,0
88000,cic_ids2017,0,0.001161,0.048946,0.025053,0,0,0
88001,cic_ids2017,0,0.003545,0.051827,0.027686,0,0,0
88029,cic_ids2017,1,0.016687,0.063584,0.040136,0,0,0
88039,cic_ids2017,0,0.0,0.049749,0.024874,0,0,0
88040,cic_ids2017,0,0.001778,0.051812,0.026795,0,0,0
88043,cic_ids2017,0,0.000881,0.051863,0.026372,0,0,0
88044,cic_ids2017,0,0.064423,0.049647,0.057035,0,0,0
88059,cic_ids2017,0,0.0,0.041079,0.020539,0,0,0
88066,cic_ids2017,0,0.0,0.033653,0.016826,0,0,0
88067,cic_ids2017,0,0.0,0.013961,0.00698,0,0,0
88072,cic_ids2017,0,0.0,0.046371,0.023186,0,0,0
88075,cic_ids2017,0,0.43,0.029427,0.229714,0,0,0
88084,cic_ids2017,0,0.001705,0.051812,0.026758,0,0,0
88090,cic_ids2017,1,0.910881,0.050468,0.480674,1,0,0
88091,cic_ids2017,0,0.0,0.046324,0.023162,0,0,0
88093,cic_ids2017,0,0.0,0.011353,0.005676,0,0,0
88094,cic_ids2017,0,1.5e-05,0.04718,0.023597,0,0,0
88100,cic_ids2017,0,0.030093,0.049647,0.03987,0,0,0
88105,cic_ids2017,0,0.002439,0.065999,0.034219,0,0,0
88109,cic_ids2017,0,0.0,0.049682,0.024841,0,0,0
88116,cic_ids2017,1,0.854015,0.049647,0.451831,1,0,0
88117,cic_ids2017,0,0.001146,0.046293,0.023719,0,0,0
88124,cic_ids2017,1,0.854015,0.049647,0.451831,1,0,0
88130,cic_ids2017,0,0.0,0.011498,0.005749,0,0,0
88134,cic_ids2017,1,1.0,0.429059,0.71453,1,0,1
88139,cic_ids2017,1,0.99,0.412224,0.701112,1,0,1
88145,cic_ids2017,0,0.000881,0.051824,0.026352,0,0,0
88154,cic_ids2017,0,0.0,0.046351,0.023176,0,0,0
88160,cic_ids2017,0,0.0,0.052264,0.026132,0,0,0
88184,cic_ids2017,0,0.0,0.030805,0.015402,0,0,0
88186,cic_ids2017,0,0.01,0.112523,0.061262,0,0,0
88191,cic_ids2017,0,0.064052,0.049647,0.056849,0,0,0
88192,cic_ids2017,0,0.001463,0.051142,0.026302,0,0,0
88196,cic_ids2017,1,1.0,0.391512,0.695756,1,0,1
88197,cic_ids2017,0,0.001781,0.051812,0.026797,0,0,0
88199,cic_ids2017,0,0.120881,0.051151,0.086016,0,0,0
88201,cic_ids2017,0,0.0,0.046386,0.023193,0,0,0
88206,cic_ids2017,0,0.0,0.04965,0.024825,0,0,0
88210,cic_ids2017,0,0.001146,0.046292,0.023719,0,0,0
88220,cic_ids2017,0,0.003545,0.051577,0.027561,0,0,0
88231,cic_ids2017,0,0.0,0.12783,0.063915,0,0,0
88235,cic_ids2017,1,0.849249,0.049647,0.449448,1,0,0
88236,cic_ids2017,0,0.001781,0.051812,0.026797,0,0,0
88240,cic_ids2017,0,0.004067,0.051812,0.02794,0,0,0
88242,cic_ids2017,1,1.0,0.472215,0.736107,1,0,1
88246,cic_ids2017,0,3e-06,0.046298,0.02315,0,0,0
88248,cic_ids2017,1,0.990881,0.053464,0.522173,1,0,1
88249,cic_ids2017,0,0.031313,0.051812,0.041563,0,0,0
88252,cic_ids2017,0,0.02,0.071381,0.045691,0,0,0
88253,cic_ids2017,1,1.0,0.034972,0.517486,1,0,1
88255,cic_ids2017,0,0.0,0.049727,0.024863,0,0,0
88261,cic_ids2017,0,0.0,0.036042,0.018021,0,0,0
88274,cic_ids2017,1,0.853895,0.049647,0.451771,1,0,0
88276,cic_ids2017,1,0.849249,0.049647,0.449448,1,0,0
88279,cic_ids2017,0,0.0,0.200757,0.100378,0,0,0
88281,cic_ids2017,1,0.854015,0.049647,0.451831,1,0,0
88283,cic_ids2017,0,0.003545,0.051815,0.02768,0,0,0
88288,cic_ids2017,1,0.854015,0.049647,0.451831,1,0,0
88292,cic_ids2017,1,1.0,0.450842,0.725421,1,0,1
88297,cic_ids2017,0,0.004284,0.051812,0.028048,0,0,0
88301,cic_ids2017,0,0.0,0.007106,0.003553,0,0,0
88307,cic_ids2017,0,0.0,0.124623,0.062312,0,0,0
88319,cic_ids2017,0,0.030093,0.049647,0.03987,0,0,0
88326,cic_ids2017,0,0.0,0.00084,0.00042,0,0,0
88327,cic_ids2017,1,1.0,0.440028,0.720014,1,0,1
88331,cic_ids2017,1,0.849249,0.049647,0.449448,1,0,0
88334,cic_ids2017,0,0.031313,0.051812,0.041563,0,0,0
88338,cic_ids2017,1,0.854015,0.049647,0.451831,1,0,0
88344,cic_ids2017,0,0.0,0.0464,0.0232,0,0,0
88347,cic_ids2017,1,0.854015,0.049647,0.451831,1,0,0
88350,cic_ids2017,0,0.0,0.0464,0.0232,0,0,0
88352,cic_ids2017,0,0.0,0.046371,0.023186,0,0,0
88356,cic_ids2017,0,0.0,0.049684,0.024842,0,0,0
88359,cic_ids2017,0,0.029271,0.049647,0.039459,0,0,0
88361,cic_ids2017,0,0.0,0.049736,0.024868,0,0,0
88363,cic_ids2017,0,0.0,0.124175,0.062087,0,0,0
88368,cic_ids2017,0,0.064423,0.049647,0.057035,0,0,0
88373,cic_ids2017,0,0.001979,0.048303,0.025141,0,0,0
88385,cic_ids2017,0,0.0,0.04997,0.024985,0,0,0
88392,cic_ids2017,0,0.001203,0.122769,0.061986,0,0,0
88395,cic_ids2017,0,0.0,0.041082,0.020541,0,0,0
88397,cic_ids2017,0,0.0,0.001854,0.000927,0,0,0
88403,cic_ids2017,0,0.0,0.046298,0.023149,0,0,0
88408,cic_ids2017,0,0.0,0.046326,0.023163,0,0,0
88411,cic_ids2017,0,0.019924,0.051812,0.035868,0,0,0
88418,cic_ids2017,0,0.0,0.049783,0.024891,0,0,0
88427,cic_ids2017,0,0.001146,0.0463,0.023723,0,0,0
88448,cic_ids2017,0,0.0,0.046433,0.023216,0,0,0
88456,cic_ids2017,0,0.000881,0.051812,0.026347,0,0,0
88461,cic_ids2017,0,0.0,0.0356,0.0178,0,0,0
88464,cic_ids2017,0,0.0,0.018344,0.009172,0,0,0
88469,cic_ids2017,1,0.650041,0.049647,0.349844,1,0,0
88479,cic_ids2017,0,0.001146,0.046298,0.023722,0,0,0
88483,cic_ids2017,0,0.0,0.335731,0.167865,0,0,0
88484,cic_ids2017,0,0.0,0.046332,0.023166,0,0,0
88489,cic_ids2017,0,0.0,0.00847,0.004235,0,0,0
88491,cic_ids2017,0,0.001146,0.046292,0.023719,0,0,0
88501,cic_ids2017,0,0.001705,0.051812,0.026758,0,0,0
88506,cic_ids2017,0,0.0,0.001743,0.000872,0,0,0
88511,cic_ids2017,0,0.001146,0.046292,0.023719,0,0,0
88514,cic_ids2017,0,0.001146,0.046294,0.02372,0,0,0
88516,cic_ids2017,0,0.0,0.575065,0.287532,0,1,0
88517,cic_ids2017,0,0.0,0.048807,0.024404,0,0,0
88522,cic_ids2017,0,0.0,0.049929,0.024964,0,0,0
88524,cic_ids2017,1,0.95,0.072367,0.511184,1,0,1
88525,cic_ids2017,0,0.001146,0.046296,0.023721,0,0,0
88527,cic_ids2017,0,0.0,0.161084,0.080542,0,0,0
88533,cic_ids2017,0,0.001146,0.046294,0.02372,0,0,0
88546,cic_ids2017,0,0.0,0.015829,0.007914,0,0,0
88547,cic_ids2017,1,1.0,0.041888,0.520944,1,0,1
88559,cic_ids2017,0,0.001146,0.046292,0.023719,0,0,0
88563,cic_ids2017,0,0.001146,0.046297,0.023721,0,0,0
88565,cic_ids2017,1,1.0,0.290398,0.645199,1,0,1
88568,cic_ids2017,0,0.003545,0.051839,0.027692,0,0,0
88569,cic_ids2017,0,0.006198,0.044676,0.025437,0,0,0
88575,cic_ids2017,0,0.001781,0.051812,0.026797,0,0,0
88579,cic_ids2017,0,0.001705,0.051812,0.026758,0,0,0
88581,cic_ids2017,1,0.849249,0.049647,0.449448,1,0,0
88583,cic_ids2017,0,0.0,0.049732,0.024866,0,0,0
88585,cic_ids2017,0,0.064423,0.049647,0.057035,0,0,0
88589,cic_ids2017,1,0.79,0.40888,0.59944,1,0,1
88590,cic_ids2017,0,0.001146,0.046295,0.02372,0,0,0
88594,cic_ids2017,0,0.001553,0.048946,0.025249,0,0,0
88605,cic_ids2017,0,0.030093,0.049647,0.03987,0,0,0
88610,cic_ids2017,0,0.0,0.049747,0.024873,0,0,0
88612,cic_ids2017,0,0.0,0.049685,0.024843,0,0,0
88614,cic_ids2017,1,0.854015,0.049647,0.451831,1,0,0
88615,cic_ids2017,0,0.0,0.046347,0.023174,0,0,0
88617,cic_ids2017,0,0.001146,0.046292,0.023719,0,0,0
88621,cic_ids2017,0,0.0,0.009415,0.004708,0,0,0
88626,cic_ids2017,0,0.001778,0.051812,0.026795,0,0,0
88627,cic_ids2017,0,0.0,0.045087,0.022544,0,0,0
88634,cic_ids2017,1,0.849249,0.049647,0.449448,1,0,0
88637,cic_ids2017,0,0.04,0.041193,0.040596,0,0,0
88639,cic_ids2017,0,0.017716,0.048945,0.033331,0,0,0
88642,cic_ids2017,0,0.0,0.046331,0.023166,0,0,0
88654,cic_ids2017,0,0.0,0.049692,0.024846,0,0,0
88657,cic_ids2017,1,0.870024,0.104102,0.487063,1,0,0
88658,cic_ids2017,0,0.0,0.04396,0.02198,0,0,0
88660,cic_ids2017,0,0.003545,0.051814,0.027679,0,0,0
88663,cic_ids2017,0,0.0,0.049693,0.024847,0,0,0
88668,cic_ids2017,0,0.0,0.046334,0.023167,0,0,0
88673,cic_ids2017,0,0.001146,0.046294,0.02372,0,0,0
88676,cic_ids2017,0,0.0,0.057602,0.028801,0,0,0
88678,cic_ids2017,0,0.0,0.049742,0.024871,0,0,0
88691,cic_ids2017,0,0.0,0.123813,0.061906,0,0,0
88694,cic_ids2017,0,2.4e-05,0.037591,0.018808,0,0,0
88697,cic_ids2017,0,0.001146,0.046296,0.023721,0,0,0
88700,cic_ids2017,0,0.0,0.049971,0.024986,0,0,0
88710,cic_ids2017,0,0.052439,0.065717,0.059078,0,0,0
88712,cic_ids2017,0,0.039973,0.044676,0.042325,0,0,0
88716,cic_ids2017,0,0.0,0.0497,0.02485,0,0,0
88718,cic_ids2017,1,1.0,0.445429,0.722714,1,0,1
88733,cic_ids2017,1,0.838874,0.050464,0.444669,1,0,0
88735,cic_ids2017,0,0.0,0.049692,0.024846,0,0,0
88737,cic_ids2017,1,1.0,0.042545,0.521273,1,0,1
88738,cic_ids2017,0,0.064423,0.049647,0.057035,0,0,0
88740,cic_ids2017,0,0.0,0.01363,0.006815,0,0,0
88752,cic_ids2017,0,0.001146,0.046291,0.023719,0,0,0
88769,cic_ids2017,1,1.0,0.489837,0.744919,1,0,1
88770,cic_ids2017,0,0.0,0.045073,0.022536,0,0,0
88775,cic_ids2017,1,0.849249,0.049647,0.449448,1,0,0
88778,cic_ids2017,0,0.001146,0.046292,0.023719,0,0,0
88788,cic_ids2017,0,0.012812,0.048946,0.030879,0,0,0
88794,cic_ids2017,0,0.031313,0.051812,0.041563,0,0,0
88797,cic_ids2017,0,0.0,0.049755,0.024878,0,0,0
88799,cic_ids2017,0,0.034813,0.048945,0.041879,0,0,0
88800,cic_ids2017,1,0.854015,0.049647,0.451831,1,0,0
88804,cic_ids2017,0,0.030093,0.049647,0.03987,0,0,0
88818,cic_ids2017,0,0.015085,0.049679,0.032382,0,0,0
88821,cic_ids2017,0,0.0,0.045085,0.022543,0,0,0
88836,cic_ids2017,0,0.0,0.007844,0.003922,0,0,0
88844,cic_ids2017,1,0.990881,0.123112,0.556997,1,0,1
88856,cic_ids2017,0,0.001146,0.046292,0.023719,0,0,0
88858,cic_ids2017,0,0.010024,0.049273,0.029649,0,0,0
88859,cic_ids2017,0,0.0,0.065529,0.032765,0,0,0
88864,cic_ids2017,0,0.0,0.028456,0.014228,0,0,0
88867,cic_ids2017,0,0.0,0.04972,0.02486,0,0,0
88883,cic_ids2017,1,0.849249,0.049647,0.449448,1,0,0
88884,cic_ids2017,0,0.0,0.049735,0.024867,0,0,0
88887,cic_ids2017,1,0.849249,0.049647,0.449448,1,0,0
88892,cic_ids2017,0,0.0,0.049692,0.024846,0,0,0
88899,cic_ids2017,0,0.030093,0.049647,0.03987,0,0,0
88901,cic_ids2017,0,0.001158,0.048304,0.024731,0,0,0
88903,cic_ids2017,0,0.001146,0.046291,0.023719,0,0,0
88917,cic_ids2017,0,0.0,0.049651,0.024826,0,0,0
88922,cic_ids2017,0,0.0,0.034037,0.017019,0,0,0
88923,cic_ids2017,0,0.0,0.053023,0.026512,0,0,0
88929,cic_ids2017,0,0.0,0.494308,0.247154,0,0,0
88932,cic_ids2017,0,0.0,0.046329,0.023164,0,0,0
88939,cic_ids2017,0,0.0,0.045088,0.022544,0,0,0
88940,cic_ids2017,0,0.002054,0.051812,0.026933,0,0,0
88955,cic_ids2017,0,0.016071,0.048978,0.032524,0,0,0
88956,cic_ids2017,0,0.0,0.044229,0.022114,0,0,0
88963,cic_ids2017,1,1.0,0.417227,0.708613,1,0,1
88971,cic_ids2017,0,0.030093,0.049647,0.03987,0,0,0
88978,cic_ids2017,0,0.030093,0.049647,0.03987,0,0,0
88991,cic_ids2017,0,0.0,0.046333,0.023166,0,0,0
88996,cic_ids2017,1,1.0,0.303768,0.651884,1,0,1
89000,cic_ids2017,0,0.001146,0.046297,0.023721,0,0,0
89001,cic_ids2017,1,1.0,0.454823,0.727412,1,0,1
89005,cic_ids2017,0,0.002048,0.051812,0.02693,0,0,0
89008,cic_ids2017,0,0.001146,0.046292,0.023719,0,0,0
89011,cic_ids2017,0,0.01,0.076636,0.043318,0,0,0
89023,cic_ids2017,0,0.04,0.281633,0.160816,0,0,0
89033,cic_ids2017,0,0.0,0.046359,0.023179,0,0,0
89036,cic_ids2017,0,0.01,0.006617,0.008309,0,0,0
89040,cic_ids2017,0,0.0,0.035892,0.017946,0,0,0
89041,cic_ids2017,0,0.0,0.008714,0.004357,0,0,0
89055,cic_ids2017,0,0.0,0.04636,0.02318,0,0,0
89061,cic_ids2017,1,0.91,0.011194,0.460597,1,0,0
89063,cic_ids2017,0,0.0,0.015894,0.007947,0,0,0
89064,cic_ids2017,0,0.001146,0.046291,0.023719,0,0,0
89065,cic_ids2017,0,0.001146,0.046292,0.023719,0,0,0
89076,cic_ids2017,0,0.016687,0.066239,0.041463,0,0,0
89078,cic_ids2017,1,1.0,0.039222,0.519611,1,0,1
89080,cic_ids2017,0,0.0,0.049697,0.024849,0,0,0
89082,cic_ids2017,0,0.0,0.372911,0.186455,0,0,0
89085,cic_ids2017,0,0.001778,0.051812,0.026795,0,0,0
89090,cic_ids2017,0,0.0,0.046324,0.023162,0,0,0
89092,cic_ids2017,0,0.0,0.016515,0.008257,0,0,0
89112,cic_ids2017,1,1.0,0.037036,0.518518,1,0,1
89115,cic_ids2017,0,0.001778,0.051812,0.026795,0,0,0
89116,cic_ids2017,0,0.001146,0.046295,0.02372,0,0,0
89118,cic_ids2017,0,0.0,0.046338,0.023169,0,0,0
89121,cic_ids2017,0,0.0,0.014609,0.007304,0,0,0
89128,cic_ids2017,1,0.98,0.039472,0.509736,1,0,1
89136,cic_ids2017,0,0.0,0.049733,0.024867,0,0,0
89138,cic_ids2017,0,0.0,0.031356,0.015678,0,0,0
89142,cic_ids2017,1,1.0,0.477731,0.738865,1,0,1
89151,cic_ids2017,0,0.001146,0.046292,0.023719,0,0,0
89155,cic_ids2017,1,0.849249,0.049647,0.449448,1,0,0
89162,cic_ids2017,0,0.0,0.046337,0.023168,0,0,0
89168,cic_ids2017,1,0.849249,0.049647,0.449448,1,0,0
89179,cic_ids2017,0,0.04,0.128839,0.08442,0,0,0
89181,cic_ids2017,0,0.0,0.125762,0.062881,0,0,0
89182,cic_ids2017,0,0.0,0.049681,0.024841,0,0,0
89194,cic_ids2017,0,0.001146,0.046291,0.023719,0,0,0
89195,cic_ids2017,0,0.0,0.045639,0.022819,0,0,0
89203,cic_ids2017,0,0.0,0.046339,0.023169,0,0,0
89204,cic_ids2017,0,0.0,0.030583,0.015291,0,0,0
89206,cic_ids2017,0,0.001146,0.046291,0.023719,0,0,0
89207,cic_ids2017,1,0.854015,0.049647,0.451831,1,0,0
89212,cic_ids2017,0,0.0,0.049683,0.024842,0,0,0
89219,cic_ids2017,0,0.020322,0.102789,0.061556,0,0,0
89222,cic_ids2017,0,0.001146,0.046292,0.023719,0,0,0
89223,cic_ids2017,0,0.006211,0.047123,0.026667,0,0,0
89228,cic_ids2017,0,0.001259,0.051812,0.026536,0,0,0
89232,cic_ids2017,0,0.001087,0.051813,0.02645,0,0,0
89237,cic_ids2017,0,0.001146,0.046294,0.02372,0,0,0
89241,cic_ids2017,0,0.064423,0.049647,0.057035,0,0,0
89247,cic_ids2017,0,0.0,0.035153,0.017576,0,0,0
89252,cic_ids2017,0,0.001143,0.04239,0.021767,0,0,0
89257,cic_ids2017,0,0.031313,0.051812,0.041563,0,0,0
89262,cic_ids2017,0,0.0,0.040423,0.020212,0,0,0
89267,cic_ids2017,0,0.001259,0.051812,0.026536,0,0,0
89275,cic_ids2017,1,0.849249,0.049647,0.449448,1,0,0
89281,cic_ids2017,1,0.849249,0.049647,0.449448,1,0,0
89289,cic_ids2017,0,0.0,0.019799,0.009899,0,0,0
89290,cic_ids2017,1,0.97,0.115933,0.542967,1,0,1
89293,cic_ids2017,0,0.0,0.049873,0.024937,0,0,0
89308,cic_ids2017,1,0.99,0.037819,0.513909,1,0,1
89318,cic_ids2017,1,0.97,0.098021,0.534011,1,0,1
89322,cic_ids2017,0,0.0,0.047217,0.023609,0,0,0
89323,cic_ids2017,1,1.0,0.038339,0.51917,1,0,1
89325,cic_ids2017,0,0.001259,0.051812,0.026536,0,0,0
89331,cic_ids2017,0,0.0,0.012235,0.006118,0,0,0
89332,cic_ids2017,1,1.0,0.483557,0.741779,1,0,1
89335,cic_ids2017,0,0.0,0.049055,0.024528,0,0,0
89340,cic_ids2017,0,0.001146,0.046289,0.023718,0,0,0
89342,cic_ids2017,0,0.003545,0.051842,0.027693,0,0,0
89345,cic_ids2017,0,0.0,0.040441,0.02022,0,0,0
89347,cic_ids2017,0,0.04,0.044806,0.042403,0,0,0
89348,cic_ids2017,0,0.000881,0.051142,0.026011,0,0,0
89349,cic_ids2017,0,0.001781,0.051812,0.026797,0,0,0
89350,cic_ids2017,1,0.854015,0.049647,0.451831,1,0,0
89362,cic_ids2017,1,1.0,0.331436,0.665718,1,0,1
89363,cic_ids2017,1,1.0,0.494464,0.747232,1,0,1
89376,cic_ids2017,0,0.013547,0.04708,0.030313,0,0,0
89377,cic_ids2017,0,0.0,0.049862,0.024931,0,0,0
89387,cic_ids2017,0,0.0,0.046359,0.02318,0,0,0
89397,cic_ids2017,0,0.001146,0.046294,0.02372,0,0,0
89402,cic_ids2017,0,0.002705,0.051812,0.027259,0,0,0
89404,cic_ids2017,0,0.001087,0.051813,0.02645,0,0,0
89405,cic_ids2017,0,0.001146,0.046293,0.023719,0,0,0
89414,cic_ids2017,0,0.0,0.045079,0.02254,0,0,0
89415,cic_ids2017,1,1.0,0.433242,0.716621,1,0,1
89426,cic_ids2017,0,0.001146,0.046293,0.02372,0,0,0
89432,cic_ids2017,0,0.0,0.046332,0.023166,0,0,0
89436,cic_ids2017,0,0.001146,0.046293,0.023719,0,0,0
89450,cic_ids2017,0,0.0,0.035542,0.017771,0,0,0
89456,cic_ids2017,0,0.0,0.049716,0.024858,0,0,0
89457,cic_ids2017,1,0.854015,0.049647,0.451831,1,0,0
89461,cic_ids2017,0,0.0,0.049693,0.024846,0,0,0
89465,cic_ids2017,0,0.001146,0.046293,0.023719,0,0,0
89469,cic_ids2017,0,1.8e-05,0.048947,0.024483,0,0,0
89475,cic_ids2017,0,0.0,0.046295,0.023148,0,0,0
89481,cic_ids2017,0,0.0,0.014594,0.007297,0,0,0
89483,cic_ids2017,0,0.0,0.013524,0.006762,0,0,0
89491,cic_ids2017,0,0.0,0.046344,0.023172,0,0,0
89493,cic_ids2017,0,0.020881,0.050759,0.03582,0,0,0
89497,cic_ids2017,0,0.0,0.046337,0.023169,0,0,0
89498,cic_ids2017,0,0.0,0.00895,0.004475,0,0,0
89503,cic_ids2017,0,0.019924,0.051812,0.035868,0,0,0
89504,cic_ids2017,0,0.728315,0.050464,0.38939,1,0,0
89511,cic_ids2017,1,1.0,0.411047,0.705524,1,0,1
89516,cic_ids2017,0,0.001705,0.051812,0.026758,0,0,0
89517,cic_ids2017,0,0.006265,0.044676,0.02547,0,0,0
89523,cic_ids2017,0,0.0,0.045105,0.022553,0,0,0
89532,cic_ids2017,0,0.001285,0.048945,0.025115,0,0,0
89539,cic_ids2017,1,1.0,0.191783,0.595891,1,0,1
89541,cic_ids2017,0,0.0,0.046439,0.02322,0,0,0
89546,cic_ids2017,0,0.0,0.049888,0.024944,0,0,0
89554,cic_ids2017,0,0.001146,0.046293,0.023719,0,0,0
89572,cic_ids2017,0,0.0,0.100681,0.05034,0,0,0
89590,cic_ids2017,0,0.000915,0.051142,0.026028,0,0,0
89592,cic_ids2017,0,0.0,0.008688,0.004344,0,0,0
89597,cic_ids2017,0,0.0,0.046294,0.023147,0,0,0
89605,cic_ids2017,0,0.0,0.036055,0.018027,0,0,0
89619,cic_ids2017,0,0.01,0.033863,0.021931,0,0,0
89620,cic_ids2017,1,0.849249,0.049647,0.449448,1,0,0
89624,cic_ids2017,1,1.0,0.513075,0.756537,1,1,1
89628,cic_ids2017,1,0.849249,0.049647,0.449448,1,0,0
89631,cic_ids2017,0,0.064423,0.049647,0.057035,0,0,0
89637,cic_ids2017,0,0.0,0.041035,0.020517,0,0,0
89644,cic_ids2017,0,0.064423,0.049647,0.057035,0,0,0
89652,cic_ids2017,0,0.0,0.049717,0.024858,0,0,0
89655,cic_ids2017,1,1.0,0.458324,0.729162,1,0,1
89661,cic_ids2017,0,0.050881,0.051815,0.051348,0,0,0
89662,cic_ids2017,0,0.0,0.051013,0.025507,0,0,0
89665,cic_ids2017,0,0.030093,0.049647,0.03987,0,0,0
89674,cic_ids2017,0,2.4e-05,0.036511,0.018268,0,0,0
89676,cic_ids2017,0,0.0,0.045051,0.022525,0,0,0
89677,cic_ids2017,0,0.0,0.002318,0.001159,0,0,0
89680,cic_ids2017,0,0.001521,0.04708,0.0243,0,0,0
89691,cic_ids2017,0,0.015085,0.04968,0.032382,0,0,0
89698,cic_ids2017,0,0.030093,0.049647,0.03987,0,0,0
89704,cic_ids2017,0,0.064423,0.049647,0.057035,0,0,0
89709,cic_ids2017,0,0.0,0.046374,0.023187,0,0,0
89713,cic_ids2017,0,0.002048,0.051812,0.02693,0,0,0
89719,cic_ids2017,0,0.0,0.006819,0.003409,0,0,0
89722,cic_ids2017,0,0.0,0.356316,0.178158,0,0,0
89726,cic_ids2017,1,1.0,0.037035,0.518518,1,0,1
89730,cic_ids2017,0,0.001146,0.046293,0.023719,0,0,0
89734,cic_ids2017,0,0.0,0.193287,0.096643,0,0,0
89740,cic_ids2017,0,0.0,0.518448,0.259224,0,1,0
89741,cic_ids2017,0,0.001259,0.051812,0.026536,0,0,0
89744,cic_ids2017,0,0.0,0.046333,0.023167,0,0,0
89755,cic_ids2017,0,0.0,0.049847,0.024924,0,0,0
89762,cic_ids2017,0,0.0,0.049694,0.024847,0,0,0
89765,cic_ids2017,0,0.0,0.004996,0.002498,0,0,0
89769,cic_ids2017,0,0.0,0.006861,0.003431,0,0,0
89770,cic_ids2017,0,0.0,0.038181,0.01909,0,0,0
89771,cic_ids2017,0,0.0,0.008627,0.004313,0,0,0
89772,cic_ids2017,0,0.0,0.046366,0.023183,0,0,0
89779,cic_ids2017,0,0.0,0.027344,0.013672,0,0,0
89782,cic_ids2017,1,0.97,0.29391,0.631955,1,0,1
89786,cic_ids2017,0,0.0,0.036486,0.018243,0,0,0
89787,cic_ids2017,0,0.001146,0.0463,0.023723,0,0,0
89793,cic_ids2017,0,0.064423,0.049647,0.057035,0,0,0
89804,cic_ids2017,0,0.0,0.049681,0.024841,0,0,0
89805,cic_ids2017,0,0.1,0.590113,0.345057,0,1,0
89808,cic_ids2017,0,0.01,0.045166,0.027583,0,0,0
89813,cic_ids2017,1,0.028293,0.051812,0.040052,0,0,0
89814,cic_ids2017,0,0.039973,0.04239,0.041181,0,0,0
89815,cic_ids2017,0,0.03,0.105827,0.067913,0,0,0
89820,cic_ids2017,0,0.0,0.046404,0.023202,0,0,0
89825,cic_ids2017,0,0.003014,0.015592,0.009303,0,0,0
89833,cic_ids2017,0,0.0,0.049692,0.024846,0,0,0
89837,cic_ids2017,1,0.990881,0.103372,0.547127,1,0,1
89846,cic_ids2017,0,0.001705,0.051812,0.026758,0,0,0
89847,cic_ids2017,0,0.0,0.046341,0.02317,0,0,0
89848,cic_ids2017,1,0.99,0.32662,0.65831,1,0,1
89852,cic_ids2017,0,0.0,0.049692,0.024846,0,0,0
89858,cic_ids2017,0,0.0,0.049682,0.024841,0,0,0
89863,cic_ids2017,1,0.971447,0.046307,0.508877,1,0,1
89870,cic_ids2017,0,0.0,0.046342,0.023171,0,0,0
89878,cic_ids2017,0,0.064423,0.049647,0.057035,0,0,0
89882,cic_ids2017,0,0.001146,0.0463,0.023723,0,0,0
89883,cic_ids2017,0,0.001146,0.046292,0.023719,0,0,0
89886,cic_ids2017,0,0.0,0.046335,0.023168,0,0,0
89895,cic_ids2017,0,0.001146,0.046295,0.02372,0,0,0
89902,cic_ids2017,0,0.0,0.046357,0.023178,0,0,0
89908,cic_ids2017,0,0.000915,0.051142,0.026028,0,0,0
89911,cic_ids2017,0,0.030093,0.049647,0.03987,0,0,0
89918,cic_ids2017,0,0.0,0.045089,0.022544,0,0,0
89930,cic_ids2017,0,0.001146,0.046293,0.023719,0,0,0
89931,cic_ids2017,0,0.0,0.021593,0.010796,0,0,0
89935,cic_ids2017,0,0.0,0.046422,0.023211,0,0,0
89945,cic_ids2017,0,1.5e-05,0.047345,0.02368,0,0,0
89948,cic_ids2017,0,0.001863,0.048945,0.025404,0,0,0
89951,cic_ids2017,0,0.0,0.033707,0.016853,0,0,0
89952,cic_ids2017,1,0.92,0.050321,0.485161,1,0,0
89966,cic_ids2017,0,0.0,0.049716,0.024858,0,0,0
89968,cic_ids2017,0,0.01,0.041001,0.0255,0,0,0
89973,cic_ids2017,0,0.0,0.044176,0.022088,0,0,0
89974,cic_ids2017,1,0.913545,0.049763,0.481654,1,0,0
89985,cic_ids2017,0,0.000881,0.051142,0.026012,0,0,0
89987,cic_ids2017,0,0.001146,0.046292,0.023719,0,0,0
89992,cic_ids2017,0,0.064423,0.049647,0.057035,0,0,0
89998,cic_ids2017,0,0.0,0.049683,0.024841,0,0,0
